Genes,LB-Log2FC,LB-Padj,M_Log2FC,S_Log2FC,GB_log2FC,H-Control-1 Counts,H-Control-2 Counts,H-Control-3 Counts,H-Lung_Brain-1 Counts,H-Lung_Brain-2 Counts,H-Lung_Brain-3 Counts,H-Lung_Brain-4 Counts,H-Lung_Brain-5 Counts,H1,H2,H3,H4,M1,M2,M3,M4,S-SHAM-1,S-SHAM-2,S-SHAM-3,STROKE-1,STROKE-2,STROKE-3,GB-SHAM-1,GB-SHAM-2,GB-SHAM-3,GB-1,GB-2,GB-3,rMSG,M_Control_Exp,Meningitis_Exp,M_UP,M_DOWN,S_Control_Exp,Stroke_Exp,S_UP,S_DOWN,GB_Control_Exp,Glioblastoma_Exp,GB_UP,GB_DOWN,Control-H.Brain,H-Lung-Brain,H-LB-Regulated,HLB-UP,HLB-DOWN,MusGeneID,Homo_ID
Tfe3,0.766072021,0.751599372,0.909428376,0.34869781,0.618059188,596.7509252,446.671847,66.46919252,637.256006,682.1859144,602.2202395,480.4971207,744.2832374,707.2826734,917.1671241,687.0927356,825.6148465,1424.471012,1389.352946,1453.105686,1623.153945,697.471319,818.1070904,787.6999041,981.7510794,1036.534725,915.7857123,213.3417333,262.051797,243.522208,355.2644197,415.21729,332.2102629,1,1,1,1,0,1,1,1,0,1,1,1,0,1,1,0,0,0,ENSMUSG00000000134,ENSG00000068323
Axin2,-1.976880526,0.326711381,-2.279812408,-1.158731589,-0.916939821,590.8131051,795.3279282,40.69542399,57.80724028,97.34815464,44.06489557,321.4809284,82.51835893,1300.163341,1224.343934,1914.717771,1528.071677,343.4727792,315.222269,267.3814419,302.4910207,2179.975291,1987.083386,1605.776533,812.8852354,607.1951569,1165.207024,1020.626852,1141.116462,957.6187309,521.7536497,650.0606174,479.6408529,1,1,1,0,1,1,1,0,1,1,1,0,1,1,1,0,0,0,ENSMUSG00000000142,ENSG00000168646
Slfn4,#N/A,#N/A,12.92505927,4.04731456,5.766341558,#N/A,#N/A,#N/A,#N/A,#N/A,#N/A,#N/A,#N/A,0,0,0,0,1295.080582,911.1219009,1028.29405,1444.233724,1.00645212,2.644742749,3.14241983,34.93776083,45.89821658,31.64300225,3.413467732,3.176385418,2.352871575,230.725232,89.29404085,176.9167081,1,0,1,1,0,0,1,1,0,0,1,1,0,0,0,0,0,0,ENSMUSG00000000204,#N/A
Mid2,0.112046185,0.976257553,-0.539852094,-0.60887088,-0.899934802,240.4817161,497.0799551,74.60827732,232.605324,462.7781505,418.616508,257.1081084,92.22640115,488.5274859,564.6119213,753.8430331,676.912946,338.7676726,450.1633088,433.5577585,486.5600248,578.7099688,444.3167819,494.4073866,302.7939272,317.4626647,373.2012913,632.3448974,661.4822634,558.806999,338.2222151,298.2420964,357.7648985,1,1,1,0,1,1,1,0,1,1,1,0,1,1,1,0,0,0,ENSMUSG00000000266,ENSG00000080561
Dgke,-1.014001128,0.567009573,-1.412137811,-0.639762014,-0.549189005,540.3416338,805.8296174,364.9023018,253.2507669,274.8213289,110.1622389,471.3010035,302.5673161,579.7398962,525.3421586,569.5541684,536.4215798,202.3195823,198.6332106,232.3969541,198.2281583,681.368085,538.6459399,552.0184168,376.163225,358.5798171,402.0522639,681.8401795,762.3325004,735.2723671,460.1395252,528.6207218,499.298265,1,1,1,0,1,1,1,0,1,1,1,0,1,1,1,0,0,0,ENSMUSG00000000276,ENSG00000153933
Itgb2,3.116786735,0.19960884,1.975654295,2.220023198,3.333826144,17.81346045,2.100337839,0,6.881814319,88.36217113,11.75063882,26.05566523,150.4746545,102.0342217,188.4948609,127.6962212,132.2808318,457.5716134,669.3075575,488.5333821,545.7710331,103.6645683,196.5925444,174.9280372,917.6985179,574.6839202,724.9970222,54.61548371,97.67385161,65.88040409,658.0912868,744.7123007,806.9367628,1,1,1,1,0,1,1,1,0,1,1,1,0,0,0,0,0,0,ENSMUSG00000000290,ENSG00000160255
Mcts1,-0.032342013,0.992317092,-0.320095253,0.563306965,0.990202233,1045.056347,1853.898199,4416.810017,3011.481946,2170.115016,2720.272887,1933.483629,2087.229079,479.2516475,405.7875478,388.8930373,448.8425464,348.1778858,329.2561372,339.8493093,362.9892249,259.6646469,309.4349017,249.2986399,335.402504,480.0188485,393.6761751,179.2070559,192.1713178,150.5837808,443.0973206,291.9915136,306.6556273,1,1,1,0,1,1,1,1,0,1,1,1,0,1,1,0,0,0,ENSMUSG00000000355,ENSG00000232119
Tbrg4,0.572634156,0.841261126,1.009130511,0.781734764,1.43978701,809.0279956,577.5929056,941.4208084,623.4923773,956.2584113,795.3713651,472.8336897,2923.738717,258.1775005,228.637285,268.4522832,228.0703996,465.8055499,472.8334035,502.277288,541.9094456,265.7033596,282.9874742,261.8683192,570.6500936,423.6022906,402.0522639,104.1107658,86.55650265,69.40971145,259.565886,215.1986384,234.9060735,1,1,1,1,0,1,1,1,0,1,1,1,0,1,1,0,0,0,ENSMUSG00000000384,ENSG00000136270
Lck,8.269915458,0.00023902,4.184390912,1.461499401,4.624621189,0,0,0,13.76362864,126.552601,107.9589942,8.429774047,61.48426744,13.14077098,13.96258229,12.33429409,14.59650557,204.6721356,163.0087761,374.833797,238.1312291,9.058069077,15.8684565,7.332312937,31.44398475,31.5550239,26.98961957,5.120201598,3.970481773,0,65.54694091,65.18464982,110.0815072,1,1,1,1,0,0,1,1,0,0,1,1,0,0,0,1,1,0,ENSMUSG00000000409,ENSG00000182866
Itga5,1.854030886,0.49971613,1.509301874,1.510769298,1.20704226,2902.109599,1037.566892,184.4859221,6340.903714,6198.082122,8254.823771,4030.581509,22.65209853,1058.991544,1139.695779,1155.070364,1301.825841,3008.915648,2847.795704,3668.373427,3727.719132,1157.419938,1231.56854,1470.652481,3761.63225,4391.885599,2844.147497,586.263083,690.0697321,438.8105487,1388.284209,1323.337685,1256.108627,1,1,1,1,0,1,1,1,0,1,1,1,0,1,1,0,0,0,ENSMUSG00000000555,ENSG00000161638
Wdr77,-0.642792573,0.775075272,0.497973334,0.700961643,0.731630569,817.9347259,408.8657659,1032.307255,323.445273,485.9919412,770.4012576,569.3929197,260.4991331,253.5395813,308.9221331,343.1835945,395.9302137,448.1614003,384.3120814,497.279504,508.442354,247.5872214,247.7242375,262.9157925,391.3029213,443.6827603,396.4682047,162.9930842,190.5831251,169.4067534,321.1800105,245.5586123,303.7070155,1,1,1,1,0,1,1,1,0,1,1,1,0,1,1,0,0,0,ENSMUSG00000000561,ENSG00000116455
Cd52,-0.057739836,0.988994907,2.130610247,2.17090069,4.675852285,46.01810617,224.0360361,223.824832,312.4343701,305.5234392,97.67718519,22.60712131,53.39423225,72.66073366,123.9179178,38.4539757,88.49131504,248.1943713,403.7435912,359.8404451,400.317904,39.25163267,82.86860614,93.22512163,401.7842496,265.8271711,303.400551,1.706733866,3.970481773,8.235050511,108.8079219,108.9387298,116.9616014,1,1,1,1,0,1,1,1,0,0,1,1,0,1,1,0,0,0,ENSMUSG00000000682,ENSG00000169442
Polr3d,0.589192127,0.786447863,1.648559777,0.859345352,0.735576741,262.7485417,137.9221847,109.8776448,217.4653325,371.4206515,223.9965525,266.6873971,199.0148656,158.4622383,175.40494,216.21292,198.8773884,571.6704476,489.0263283,600.9835212,688.6497706,172.1033125,215.1057436,174.9280372,393.6321054,346.1490501,282.9256672,151.8993141,171.5248126,185.8768544,300.2049894,266.0962417,281.1009917,1,1,1,1,0,1,1,1,0,1,1,1,0,1,1,0,0,0,ENSMUSG00000000776,ENSG00000168495
Tcf7,0.912081096,0.769519826,-2.554024744,-0.49508036,-0.602002966,75.70720693,242.9390767,5.426056532,211.959881,69.64137216,218.855648,240.2485603,278.2972105,1872.946358,2229.649859,2136.735065,2634.669256,431.6935273,431.8113274,308.6131595,337.2453082,1618.375008,1264.187034,1411.993977,903.7234135,1102.513411,1038.635015,571.7558451,631.3066019,530.5725401,300.2049894,463.436072,376.4394399,1,1,1,0,1,1,1,0,1,1,1,0,1,0,1,0,0,0,ENSMUSG00000000782,ENSG00000081059
Usp32,0.315399261,0.898176239,-0.36801886,-0.464439757,-0.659085245,102.4273976,147.7237613,118.0167296,122.4962949,177.4731742,182.1349017,118.7831797,163.4187108,977.8279583,814.1930797,1028.09969,943.2991727,755.1696036,629.3650097,738.4225801,795.4870247,1041.677944,992.6601119,1001.384453,751.1618579,665.5241405,783.629644,1687.959793,1647.749936,1843.474879,1042.196361,1074.207311,1161.75305,1,1,1,0,1,1,1,0,1,1,1,0,1,1,1,0,0,0,ENSMUSG00000000804,ENSG00000170832
Car4,#N/A,#N/A,-1.239818366,-0.588799817,-1.214224425,#N/A,#N/A,#N/A,#N/A,#N/A,#N/A,#N/A,#N/A,10737.55586,15730.59427,6894.870398,15528.85737,5205.024137,5417.073103,4846.600995,5232.45106,5865.602954,5888.960522,4663.351028,3723.200713,3305.627807,3888.366571,3526.112167,3336.792882,3872.826612,1542.974989,1770.70083,1312.132251,1,1,1,0,1,1,1,0,1,1,1,0,1,0,0,0,0,0,ENSMUSG00000000805,#N/A
Dlg3,6.61449401,0.002315021,0.562455743,-0.51095344,-0.701011359,8.906730227,0,1.356514133,572.5669514,73.38553196,23.50127764,12.26148952,936.8260749,342.433032,279.2516458,436.7791202,340.2810362,498.7412958,494.4239699,595.9857372,478.8368498,377.4195449,439.0272964,398.0398452,294.641783,238.0969985,320.1527287,645.9987683,628.1302165,839.9751521,532.2411602,340.2102956,429.5144523,1,1,1,1,0,1,1,0,1,1,1,0,1,0,1,1,1,0,ENSMUSG00000000881,ENSG00000082458
Mmp14,4.61780635,5.49056E-06,1.071286412,0.64106355,2.121615462,19.29791549,13.30213964,5.426056532,265.6380327,408.1134175,293.0315556,183.5391713,404.5017594,320.0164227,371.7537534,290.9442312,288.2809851,674.0065154,519.2531212,610.9790891,867.5699913,425.7292466,583.6065667,711.2343549,894.4066773,926.5702473,861.8064731,512.0201598,628.1302165,529.3961043,2439.657141,2344.861513,2486.662619,1,1,1,1,0,1,1,1,0,1,1,1,0,0,1,1,1,0,ENSMUSG00000000957,ENSG00000157227
Ilf2,-0.043126401,0.988122124,0.519230801,0.541956957,0.576160549,3337.054925,2483.99955,5915.758134,2774.747533,3539.728669,3564.115637,2835.469452,6271.395278,1096.094897,1343.898545,1149.265991,1346.527639,1791.469324,1729.404366,1737.979372,1812.371733,939.0198277,1102.857726,1088.324735,1615.289143,1484.042336,1460.231486,339.6400393,380.3721538,342.3428141,610.8974893,477.7231185,498.3153944,1,1,1,1,0,1,1,1,0,1,1,1,0,1,1,0,0,0,ENSMUSG00000001016,ENSG00000143621
S100a6,2.737660912,0.201262151,0.730117042,1.034144437,1.460139092,2790.775471,4334.397186,10537.40179,17256.83759,14257.01166,8210.758875,2871.104406,153749.5008,717.3314983,821.1743709,784.3159949,900.4219375,1039.828551,1283.559171,1944.13796,1078.670108,732.6971432,722.8963515,1172.122597,1847.042956,1673.37248,1858.561044,121.1781045,138.966862,119.9964503,410.3238501,342.8891169,295.8440507,1,1,1,1,0,1,1,1,0,1,1,1,0,1,1,0,0,0,ENSMUSG00000001025,ENSG00000197956
Icam2,-1.770607156,0.410307708,-0.523855581,0.732961021,-0.584729663,7208.513664,5852.241331,20732.96201,4100.184971,4317.765074,4057.642467,3945.134254,85.754373,5803.582854,7306.793844,4717.504717,7024.568307,4409.861128,4617.142619,3875.781461,4380.327419,2716.414271,2583.913666,2695.148741,4333.446935,4966.56952,3987.94896,552.1284057,750.4210551,543.5133337,340.8440927,473.2584165,415.7542639,1,1,1,0,1,1,1,1,0,1,1,0,1,1,1,0,0,0,ENSMUSG00000001029,ENSG00000108622
Lgals9,0.220778887,0.938963423,2.95267623,0.557451588,0.736809426,727.3829686,674.2084462,321.4938495,565.685137,868.6450721,879.8290816,482.4129784,550.1223928,4849.717479,6040.562163,4750.879866,5776.567081,44289.16809,35725.91018,39261.34134,46524.40618,2095.433313,1929.780626,2252.067545,2722.816161,3968.283309,2545.400328,532.5009662,616.2187711,449.3984708,911.1024787,937.5874289,818.7312101,1,1,1,1,0,1,1,1,0,1,1,1,0,1,1,0,0,0,ENSMUSG00000001123,ENSG00000168961
Timp1,4.092924093,1.02575E-05,3.71331771,3.411594447,3.909089554,1891.195718,1880.502478,1840.789679,40043.90116,18340.39233,53789.28361,20306.55934,27143.68607,21.64362279,17.45322786,96.49771261,16.42106877,566.965341,474.9924602,468.5422462,490.4216123,58.37422294,113.7239382,155.026045,1009.701288,1542.37132,926.9538307,12.800504,19.05831251,17.64653681,403.769156,114.2963723,227.0431087,1,1,1,1,0,1,1,1,0,1,1,1,0,1,1,1,1,0,ENSMUSG00000001131,ENSG00000102265
Ramp2,-0.584648758,0.891533856,-2.733237164,0.372974946,-1.092112864,11323.42303,20840.25215,14369.55421,11878.01151,10888.76551,11772.67127,17119.3384,55.01223928,12658.42739,15196.5255,16386.47248,17742.96481,2161.996466,3373.525996,1840.433943,1943.665708,8231.771887,6402.922196,7144.815221,8749.579905,9845.167457,9607.37389,3406.640797,4110.242731,2890.502729,1352.88886,1914.464236,1612.890655,1,1,1,0,1,1,1,1,0,1,1,0,1,1,1,0,0,0,ENSMUSG00000001240,ENSG00000131477
Lsr,-0.894503903,0.729900327,-1.018924122,-0.285293744,-0.671705211,1448.828117,15277.15732,7140.690396,4496.577476,2832.082468,2425.038086,9056.642698,2587.193253,2989.138905,3778.623832,4728.387918,4451.9342,1832.639007,2554.164002,1707.992668,1773.755858,3295.12424,3029.112029,3458.75676,2799.679235,2596.117876,2631.953246,673.3065101,824.272016,575.2771,323.8018881,558.9806957,416.7371345,1,1,1,0,1,1,1,0,1,1,1,0,1,1,1,0,0,0,ENSMUSG00000001247,ENSG00000105699
Snd1,0.565451156,0.849468977,0.666662847,0.761719518,0.773176422,2189.571181,1428.22973,256.3811712,1904.886204,1442.999184,1585.601826,1158.71076,3464.153068,1599.309127,1786.337872,1460.52553,1549.966436,2506.645522,2407.34815,2566.362063,2672.218549,1284.232905,1532.187633,1445.513122,2569.090013,2378.101347,2282.018868,1007.826348,1195.115014,1010.558341,2115.855253,1571.575119,1809.464775,1,1,1,1,0,1,1,1,0,1,1,1,0,1,1,0,0,0,ENSMUSG00000001424,ENSG00000197157
Tubb6,0.985923223,0.762093647,4.410593183,2.892379206,2.72081222,3286.583454,1160.086599,2514.977203,2816.038419,9846.391425,6389.409858,3838.995735,87.37238004,100.4882487,119.5546108,236.5282279,251.7897211,3852.306,2721.490891,2547.620374,5942.98316,226.4517269,181.6056688,842.1685145,3671.958664,3968.283309,1640.782734,56.32221758,43.6752995,49.41030307,327.7347046,433.0760981,223.1116263,1,1,1,1,0,1,1,1,0,1,1,1,0,1,1,0,0,0,ENSMUSG00000001473,ENSG00000176014
Fkbp10,2.685606387,0.030849498,-0.611238801,1.026232036,1.302147562,285.0153673,66.51069822,63.75616425,732.2250436,963.7467309,998.0698848,741.4369446,1009.636392,346.2979647,484.3270731,568.103075,345.7547258,249.3706479,290.3931177,321.1076194,281.8958874,459.9486187,609.1724132,504.8821194,1078.412218,1051.83413,1078.654106,207.3681647,218.3764975,165.877446,620.074061,420.5749324,424.6000993,1,1,1,0,1,1,1,1,0,1,1,1,0,1,1,1,1,0,ENSMUSG00000001555,ENSG00000141756
Ifrd1,0.678161405,0.857784781,3.199068966,0.682117763,0.695926033,328.0645634,554.4891894,176.3468373,145.8944636,251.6075381,149.08623,194.2679746,2085.611072,599.837546,484.3270731,700.1525764,838.3867889,5727.290966,4463.849597,5612.511387,8281.817988,962.1682264,871.0019454,1593.206854,2025.225536,2015.696678,1455.578104,481.2989502,454.2231148,383.5180667,669.8897361,853.6510305,614.2941252,1,1,1,1,0,1,1,1,0,1,1,1,0,1,1,0,0,0,ENSMUSG00000001627,ENSG00000006652
Eef1e1,-0.846952295,0.672011924,1.78531874,1.702229361,1.03145397,353.300299,525.7845722,1459.609207,312.4343701,635.009501,349.5815049,471.3010035,398.0297313,154.5973057,157.9517121,159.6202765,185.1931645,568.1416177,439.3680257,617.226319,641.0235247,81.5226217,108.4344527,91.13017508,333.0733199,321.2875161,263.3814599,67.41598771,73.85096097,45.8809957,142.8923312,138.4057633,104.1842836,1,1,1,1,0,1,1,1,0,1,1,1,0,1,1,0,0,0,ENSMUSG00000001707,ENSG00000124802
Rin2,0.190342861,0.964393394,0.367495383,-0.694995479,-0.73037739,4382.111272,2645.725564,549.3882239,3355.572662,3670.774262,2458.086758,4667.029449,257.263119,2247.071838,2343.968502,1921.247692,2276.142588,2514.879459,2643.764852,3343.517469,2835.69242,2064.233298,2033.807174,2268.827117,1234.467549,1234.470784,1462.092839,2206.806889,2649.105439,2202.287794,1190.332447,1518.891635,1543.106842,1,1,1,1,0,1,1,0,1,1,1,0,1,1,1,0,0,0,ENSMUSG00000001768,ENSG00000132669
Rtcb,-0.820081346,0.590846406,0.338015255,0.267137607,0.530822793,2867.967133,3454.355632,3490.310864,1420.406475,1471.454799,2469.102982,2151.125068,1750.683615,2725.550499,3358.873702,2484.27194,3184.77506,3579.409819,3664.998642,3843.295865,3766.335007,1890.117081,1977.385996,2058.284989,2425.845194,2381.926198,2323.899313,811.5519533,929.8868312,845.8573311,1347.645105,1267.08244,1125.386837,1,1,1,1,0,1,1,1,0,1,1,1,0,1,1,0,0,0,ENSMUSG00000001783,ENSG00000100220
Pwp1,-0.873550392,0.623413471,0.358766153,0.701509489,0.62734577,2011.436576,1771.28491,4077.681484,1169.908434,1768.741087,1712.655608,1754.925688,742.6652303,486.9815128,613.4809593,465.8009887,507.2285687,675.182792,591.5815186,717.1819982,674.4906164,371.3808322,403.7640597,415.8468909,727.8700173,633.0129037,577.9501294,173.2334874,181.0539688,176.4653681,293.6502953,249.130374,278.1523799,1,1,1,1,0,1,1,1,0,1,1,1,0,1,1,0,0,0,ENSMUSG00000001785,ENSG00000136045
Uba1,1.351874578,0.545897247,0.838942176,0.429779918,-0.432137509,4922.452906,2576.414415,713.526434,4206.164912,3276.139819,4089.222309,2904.057159,20461.317,5673.721118,7229.999641,6026.390984,6481.760756,10786.4568,10444.43648,11643.58718,12579.76487,4458.58289,4693.536799,4939.883973,6426.218809,6573.963313,5982.388779,2058.321042,2603.841947,2058.762628,1679.312626,1667.119743,1636.47955,1,1,1,1,0,1,1,1,0,1,1,0,1,1,1,0,0,0,ENSMUSG00000001924,ENSG00000130985
Ssr4,0.683982017,0.811056355,0.303995253,1.016424138,0.836114346,2363.25242,3534.16847,17473.25855,13693.43413,7289.879118,9542.987552,9415.291267,22635.91846,1242.962338,1438.145976,1139.108337,1364.773271,1646.787298,1612.815308,1560.558041,1578.102091,784.0262013,963.5679416,897.6845982,1746.888042,1864.615049,1741.2958,148.4858463,138.1727657,127.055065,291.0284177,245.5586123,204.4370849,1,1,1,1,0,1,1,1,0,1,1,1,0,1,1,0,0,0,ENSMUSG00000002014,ENSG00000180879
Fam98a,0.324892485,0.900395616,0.536711585,0.416385455,0.712164471,546.2794539,691.0111489,286.2244821,608.3523858,731.6088237,580.9222067,818.0712541,441.7159213,385.7202776,431.0947282,444.0345873,544.6321142,669.3014088,585.1043487,704.6875383,659.0442664,390.5034224,415.2246116,394.8974253,607.9170385,528.7857036,468.130298,157.8728826,181.0539688,168.2303176,331.667521,286.6338711,214.2657909,1,1,1,1,0,1,1,1,0,1,1,1,0,1,1,0,0,0,ENSMUSG00000002017,ENSG00000119812
Spi1,4.562537135,NA,1.699303879,1.357357008,2.586984114,0,0,0,0,14.97663917,3.672074631,2.299029285,3.236014076,129.8617368,143.9891299,121.1663008,93.05272303,376.4085252,401.5845345,366.0876751,442.7953665,79.50971746,178.0793451,201.1148691,458.8492589,299.2946206,417.8737651,24.74764106,17.4701198,31.76376626,102.2532278,154.4786907,180.8481905,1,1,1,1,0,1,1,1,0,1,1,1,0,0,0,0,0,0,ENSMUSG00000002111,ENSG00000066336
Napsa,6.77502638,0.039292311,1.787720485,1.03320656,2.769010593,0,0,0,12.38726577,78.62735567,16.8915433,0,4.854021113,71.1147606,90.75678488,334.4770339,77.54393586,486.9785294,603.4563301,443.5533264,449.2313457,93.60004713,115.4871,119.4119535,250.387286,191.2425691,231.7384577,5.973568531,5.558674482,4.705743149,27.52971518,39.28937797,44.22917701,1,1,1,1,0,1,1,1,0,0,1,1,0,0,0,1,1,0,ENSMUSG00000002204,ENSG00000131400
Rmnd5a,-0.882045571,0.640518523,-0.689685808,-0.641155269,-0.819222568,1928.307094,2322.273537,1583.051993,1160.273894,1105.275971,1271.272237,1431.912073,305.8033301,2851.547303,3184.341423,2899.284658,3657.336928,1858.517093,1939.912388,2234.00943,1773.755858,3029.42088,2570.689952,2860.649519,1674.683336,1659.9855,2088.438149,2399.667816,2739.632423,2029.351733,1199.509019,1497.461065,1365.207264,1,1,1,0,1,1,1,0,1,1,1,0,1,1,1,0,0,0,ENSMUSG00000002222,ENSG00000153561
Ppm1j,-1.324288848,0.720466395,1.646721501,2.336909551,1.85044398,90.55175731,8.401351354,92.24296105,12.38726577,28.45561443,49.20580006,0,37.21416187,28.60050155,43.63306965,28.29632174,38.31582713,121.156494,91.75990708,86.21177331,133.8683666,28.18065935,28.21058933,42.94640435,229.4246295,186.4615049,85.62224139,8.53366933,13.49963803,11.76435787,22.28595991,64.29170941,34.40047101,1,1,1,1,0,1,1,1,0,0,1,1,0,0,0,0,0,0,ENSMUSG00000002228,ENSG00000155367
Ipo4,1.435139012,NA,0.858586023,1.42476478,0.941588718,2.968910076,0,0,2.752725728,0.748831959,0,0,9.708042227,333.9301802,340.3379433,359.1456221,345.7547258,686.9455584,603.4563301,569.7473714,641.0235247,287.8453062,269.7637604,328.9066089,924.68607,829.9927499,625.4146328,86.19006023,104.0266224,69.40971145,214.9939662,163.4080948,123.8416956,1,1,1,1,0,1,1,1,0,1,1,1,0,0,0,0,0,0,ENSMUSG00000002319,ENSG00000196497
Snrpd1,-0.020345334,0.994659531,0.615867914,1.126035566,1.116448295,872.8595623,534.8860362,3072.504511,1300.662906,1393.576275,1828.693166,1437.276475,1401.194095,679.4551584,811.5750955,749.4897528,874.8780528,1124.520469,1135.663791,1185.724244,1327.098904,400.5679436,423.1588399,427.3690969,959.6238309,983.943018,788.2830267,194.5676607,206.4650522,175.2889323,496.8458121,448.2560851,307.6384979,1,1,1,1,0,1,1,1,0,1,1,1,0,1,1,0,0,0,ENSMUSG00000002477,ENSG00000167088
Lcp2,0.87820458,0.777487934,3.100916787,1.538787718,3.246941928,130.6320433,375.9604731,174.9903232,485.8560909,664.9627794,436.2424662,487.011037,14.56206334,68.79580102,74.17621841,75.45685798,65.68427508,541.0872549,473.9129319,633.4691169,792.912633,62.40003142,96.97390081,101.6049078,289.9834149,235.22836,234.5304873,43.52171358,35.73433596,57.64535358,429.9879324,420.5749324,432.4630641,1,1,1,1,0,1,1,1,0,1,1,1,0,1,1,0,0,0,ENSMUSG00000002699,ENSG00000043462
Ggct,1.151126294,0.553633289,1.911203759,0.689265299,2.547241072,249.3884464,86.11385138,626.7095295,663.4069004,673.9487629,563.2962484,436.4323927,1223.213321,95.07734298,103.8467058,142.2071554,104.9123838,392.8763981,417.7774593,432.3083125,438.933779,85.54843018,99.61864355,90.0827018,139.7510433,174.9869507,129.3640386,60.58905224,46.85168492,70.58614724,470.6270358,230.3786254,336.1417453,1,1,1,1,0,1,1,1,0,1,1,1,0,1,1,0,0,0,ENSMUSG00000002797,ENSG00000006625
Epdr1,-0.136310617,0.976774557,-0.56034672,-0.560763728,-1.695396357,65.31602167,125.3201577,97.66901758,1.376362864,209.6729484,74.17590755,80.46602499,71.19230966,313.059544,308.9221331,311.2595392,292.8423931,216.434902,209.4284938,212.4058183,193.0793749,217.3936579,256.5400467,208.4471821,160.7136998,157.7751195,145.1855398,197.1277615,159.6133673,195.2883407,58.99224682,41.07525879,70.76668322,1,1,1,0,1,1,1,0,1,1,1,0,1,1,0,0,0,0,ENSMUSG00000002808,ENSG00000086289
Mcm2,0.739227226,0.853768955,-1.320376592,0.665898927,1.744318358,89.06730227,76.3122748,0,93.59267474,73.38553196,112.3654837,53.64401666,127.822556,439.0563481,513.9975605,333.7514872,375.8600185,149.3871334,216.985192,151.1829648,146.7403249,324.0775825,339.4086528,271.2955787,476.3181394,523.0484265,484.8824757,161.2863503,196.9358959,148.2309092,625.3178163,550.944232,526.8186418,1,1,1,0,1,1,1,1,0,1,1,1,0,0,1,0,0,0,ENSMUSG00000002870,ENSG00000073111
Il17ra,0.529433965,0.890291993,2.650568579,0.953066644,1.40637679,843.1704615,455.773311,16.2781696,875.3667814,674.6975948,557.420929,796.9968189,258.881126,299.1457865,333.3566521,625.4212652,312.9125882,2578.398397,2535.81202,2181.532698,2576.966057,530.4002671,990.0153691,867.3078731,1441.76493,2011.871827,1169.860407,157.8728826,150.084211,155.2895239,423.4332383,382.1784948,422.6343581,1,1,1,1,0,1,1,1,0,1,1,1,0,1,1,0,0,0,ENSMUSG00000002897,ENSG00000177663
Lamb1,5.404272149,6.44776E-07,-0.420082874,0.916668093,1.297912376,102.4273976,27.3043919,29.84331093,1964.069807,4003.255651,2563.842507,1913.94188,776.6433781,426.6885636,584.6831333,465.8009887,490.8074999,431.6935273,304.4269858,347.3459852,387.4459457,480.0776611,939.7652569,785.6049575,1455.740035,1300.44947,1409.044277,674.1598771,870.3296046,670.5683988,2547.154124,1351.911778,1553.918419,1,1,1,0,1,1,1,1,0,1,1,1,0,1,1,1,1,0,ENSMUSG00000002900,ENSG00000091136
Relb,0.407643381,0.862686999,3.23589526,0.835355672,0.940053578,473.5411571,212.8342343,409.6672682,494.1142681,563.121633,375.2860273,449.0770538,540.4143506,450.651146,569.8478897,194.4465186,323.8599674,3497.070454,3026.997405,3742.09074,4224.576723,432.7744115,457.5404956,649.4334316,1083.070586,951.4317813,712.8982272,87.8967941,123.8790313,104.7027851,114.0516772,266.9891821,224.0944969,1,1,1,1,0,1,1,1,0,1,1,1,0,1,1,0,0,0,ENSMUSG00000002983,ENSG00000104856
Hmgn2,-0.12287562,0.967471365,-1.673216413,0.537070213,0.644347251,1735.327939,1691.472073,2999.252748,1588.322745,1045.369414,2627.736606,2176.031219,2397.88643,892.0264537,1011.414555,871.3816003,967.0184942,221.1400085,329.2561372,259.8847659,362.9892249,502.2196077,573.0275957,526.8790582,726.7054253,842.4235169,755.7093479,135.6853423,119.1144532,136.4665513,216.304905,206.2692344,188.7111553,1,1,1,0,1,1,1,1,0,1,1,1,0,1,1,0,0,0,ENSMUSG00000003038,ENSG00000198830
Hck,1.639388654,0.71886012,3.59899366,1.712919852,3.307098768,17.81346045,7.001126128,0,35.78543446,71.13903608,2.203244779,0,19.41608445,35.5573803,47.99637662,41.35616255,38.31582713,384.6424616,494.4239699,486.0344901,611.4180206,25.16130299,72.28963515,56.56355694,197.9806447,142.475714,166.5911001,5.120201598,21.44060157,11.76435787,95.69853373,161.6222139,124.8245662,1,1,1,1,0,1,1,1,0,0,1,1,0,0,0,0,0,0,ENSMUSG00000003283,ENSG00000101336
Fkbp11,2.727174959,0.028132183,0.909083889,1.773221062,2.260873658,185.5568797,62.31002254,92.24296105,429.4252135,885.1193752,641.1442306,421.8718739,1370.451961,30.1464746,21.81653483,18.13866778,16.42106877,42.34595908,44.26066106,37.4833797,38.61587498,10.0645212,23.80268474,36.66156469,79.19225789,81.27809187,80.03818217,11.94713706,16.67602345,2.352871575,76.03445146,39.28937797,38.33195341,1,1,1,1,0,1,1,1,0,0,1,1,0,1,1,1,1,0,ENSMUSG00000003355,ENSG00000134285
Dusp3,0.11206657,0.971742651,-1.16995378,-0.426405773,-1.115776419,1876.351168,901.7450453,838.3257342,1527.762779,1843.624282,1394.653945,1136.869982,609.9886532,4965.665458,5127.758346,5324.787314,6178.883265,2369.021155,2587.62938,2308.976189,2331.111653,4161.679515,3659.442384,4339.681785,2998.824471,2933.66101,3114.974369,3392.986926,3770.369491,3437.545371,1303.073185,2051.977059,1533.278136,1,1,1,0,1,1,1,0,1,1,1,0,1,1,1,0,0,0,ENSMUSG00000003518,ENSG00000108861
Ier3,1.425696821,0.448739878,3.016935643,0.546938004,1.304442664,295.4065525,740.7191444,568.3794218,690.9341576,715.8833525,793.9025353,931.8732037,4054.725637,812.4088412,988.7253583,905.4822957,1086.527384,8549.178628,5139.634325,7682.843392,9327.021005,1953.523564,2300.044611,2616.588245,3664.971111,3235.824269,3137.310606,40.10824585,59.55722659,42.35168834,97.00947255,193.7680686,59.95510662,1,1,1,1,0,1,1,1,0,1,1,1,0,1,1,0,0,0,ENSMUSG00000003541,ENSG00000137331
Has1,3.544711865,0.236784498,2.741322657,2.604798236,1.281937522,5.937820151,1.400225226,1.356514133,0,3.744159794,17.62595823,1.53268619,144.0026264,3.091946113,0,0,3.649126393,5.881383206,12.95433982,8.74612193,16.73354583,7.045164838,0.881580916,4.189893107,27.95020867,27.73017252,16.75217766,46.08181438,34.14614325,48.23386728,108.8079219,129.4763592,72.73242442,1,0,0,1,0,0,1,1,0,1,1,1,0,0,0,0,0,0,ENSMUSG00000003665,ENSG00000105509
Farsa,-0.142055594,0.958775761,0.79357586,0.722087369,1.340567956,1621.024901,1358.218469,1162.532612,1179.542974,1609.988711,1434.312351,1041.077095,990.2203071,374.8984662,461.6378769,432.4258399,470.7373047,744.5831138,723.2839735,705.9369843,840.5388788,414.6582733,416.9877735,470.3155012,711.565729,764.0140636,671.0177831,207.3681647,201.7004741,208.2291344,605.653734,476.8301781,482.5894647,1,1,1,1,0,1,1,1,0,1,1,1,0,1,1,0,0,0,ENSMUSG00000003808,ENSG00000179115
Nfat5,0.524611408,0.824365091,-0.553687278,-0.592311247,-0.450119662,519.5592633,820.5319822,339.1285333,1092.832114,554.8844814,584.5942813,631.4667104,1164.965067,1968.023701,2243.612442,2244.115978,2510.598959,1553.861443,1321.342662,1461.851808,1772.468662,3214.60807,2313.268325,2705.623474,1779.496618,1832.103812,1848.323602,6136.561615,6567.176852,6090.408071,4238.265199,4661.148932,4856.363636,1,1,1,0,1,1,1,0,1,1,1,0,1,1,1,0,0,0,ENSMUSG00000003847,ENSG00000102908
Nob1,-0.033297965,0.992421144,0.597108454,0.691296225,0.908343337,584.8752849,454.3730857,250.9551146,578.0724028,469.5176381,530.9819917,386.23692,135.9125912,285.2320289,380.4803674,289.4931378,351.2284154,494.0361893,458.7995354,529.7650997,491.7088081,325.0840347,352.6323666,324.7167158,623.0567349,518.2673623,480.229093,121.1781045,93.70336984,110.584964,229.4142932,178.5880817,203.4542143,1,1,1,1,0,1,1,1,0,1,1,1,0,1,1,0,0,0,ENSMUSG00000003848,ENSG00000141101
Il7r,2.347920278,0.463002138,1.364031259,2.281478911,4.161530406,31.1735558,0,0,136.2599235,63.65071649,18.36037316,30.27055226,12.9440563,11.59479792,9.599275323,5.804373691,10.94737918,12.93904305,15.11339646,34.98448772,34.75428749,7.045164838,3.526323666,2.094946553,20.9626565,22.94910829,17.6828542,8.53366933,7.940963546,7.058614724,99.63135019,159.8363331,163.1565197,1,0,1,1,0,0,1,1,0,0,1,1,0,0,1,0,0,0,ENSMUSG00000003882,ENSG00000168685
Efnb3,7.787986053,0.00103286,-0.757401326,-1.065393841,-1.715534693,0,0,0,52.30178883,8.237151546,7.344149262,127.2129538,32.36014076,429.0075232,275.7610002,423.7192794,329.333657,214.0823487,259.0867965,206.1585883,182.7818083,290.8646626,435.5009727,326.8116623,132.7634912,149.1692039,220.5703392,256.0100799,181.8480652,224.6992354,58.99224682,49.11172247,93.37270703,1,1,1,0,1,1,1,0,1,1,1,0,1,0,0,1,1,0,ENSMUSG00000003934,ENSG00000108947
Mmd,-1.377376447,0.547097712,-0.87176196,-0.41769012,-0.940393648,2487.946643,1183.890428,7454.045161,1454.815547,1016.164968,2444.132875,2090.200792,131.0585701,1446.257794,1756.667384,1777.589443,2479.581384,989.2486552,1034.188129,1044.536848,1007.874337,1301.342591,1174.265781,1318.768855,953.8008707,884.4968821,1001.407954,821.7923565,949.7392401,789.3884133,415.5676054,525.9419006,392.1653695,1,1,1,0,1,1,1,0,1,1,1,0,1,1,1,0,0,0,ENSMUSG00000003948,ENSG00000108960
Hlf,-2.22255639,NA,-0.985267159,-0.903126287,-1.877685476,7993.790379,5431.47365,5419.273962,1336.448341,581.8424319,580.1877917,4216.802881,12.9440563,1923.963469,2233.140505,1845.065287,2973.125729,1044.533657,1111.914168,1265.688788,1110.850004,1786.452512,1712.03014,1334.480955,808.2268673,524.9608522,1250.829266,1041.107658,1117.293571,1237.610448,300.2049894,290.2056328,333.1931335,1,1,1,0,1,1,1,0,1,1,1,0,1,1,1,0,0,0,ENSMUSG00000003949,ENSG00000108924
Brinp2,6.231454402,0.143607557,0.594563978,-1.127433389,-2.182140726,0,0,0,0,0.748831959,30.11101198,0,46.9222041,121.3588849,70.68557284,137.8538752,87.57903344,151.7396867,157.6111345,162.4279787,160.8994791,122.7871586,111.0791955,109.9846941,64.05256153,37.29230098,56.77126875,258.5701807,205.6709558,316.4612268,64.23600209,47.32584165,60.93797722,1,1,1,1,0,1,1,0,1,1,1,0,1,0,0,0,0,0,ENSMUSG00000004031,ENSG00000198797
Gstm7,#N/A,#N/A,-2.983667313,-1.037839631,-1.037409637,#N/A,#N/A,#N/A,#N/A,#N/A,#N/A,#N/A,#N/A,1633.320534,2070.825486,1691.249384,2315.370697,222.3162852,328.1766088,201.1608044,221.3976832,1709.962151,1509.266529,1457.035328,894.4066773,451.3324631,932.5378899,286.7312895,322.40312,247.0515153,140.2704536,154.4786907,122.858825,1,1,1,0,1,1,1,0,1,1,1,0,1,0,0,0,0,0,ENSMUSG00000004035,#N/A
Ppan,0.54617026,0.845307228,1.14004927,1.160800694,2.153800933,10.39118527,26.60427929,14.92165546,24.77453155,32.94860618,31.57984183,23.3734644,14.56206334,180.8788476,157.0790507,140.0305153,198.8773884,408.1679945,305.5065142,399.8227168,377.148379,209.3420409,207.1715154,238.8239071,549.6874371,529.7419164,386.2307628,90.4568949,87.350599,118.8200145,483.7364239,418.7890516,410.8399109,1,1,1,1,0,1,1,1,0,1,1,1,0,1,1,0,0,0,ENSMUSG00000004100,ENSG00000130810
Ptpn6,1.190540206,0.625787886,1.455389463,1.443640967,3.167524215,138.0543185,337.4542794,93.59947518,441.8124793,205.9287887,124.1161225,149.4369036,1247.483426,98.16928909,130.0265476,89.9677922,88.49131504,268.1910742,269.8820796,274.8781178,301.2038249,75.48390898,143.6976894,97.41501474,302.7939272,246.7029141,314.5686695,52.05538291,50.82216669,44.70455992,449.6520147,413.4314091,468.8292763,1,1,1,1,0,1,1,1,0,1,1,1,0,1,1,0,0,0,ENSMUSG00000004266,ENSG00000111679
Emg1,-0.725023564,0.768750139,0.344234158,0.637762541,0.674802922,221.1838006,334.6538289,1448.757094,433.5543021,342.2162051,349.5815049,408.8440413,487.0201184,1171.847577,1406.730166,1086.143427,1356.562737,1451.525375,1553.44125,1732.981588,1634.738708,799.1229831,1027.923349,1031.761178,1565.211685,1508.90387,1375.539921,308.0654628,262.8458934,247.0515153,443.0973206,455.3996083,408.8741697,1,1,1,1,0,1,1,1,0,1,1,1,0,1,1,0,0,0,ENSMUSG00000004268,ENSG00000126749
Utp20,0.546489447,0.846684094,0.901798837,0.891912557,0.571273632,109.8496728,446.671847,104.4515882,180.3035352,483.7454453,400.9905497,278.9488866,266.9711612,241.9447834,355.173187,327.9471135,312.9125882,555.2025746,554.8775558,593.4868452,608.8436289,364.3356673,338.5270719,300.6248304,676.6279681,627.2756267,560.2672752,571.7558451,602.7191331,582.3357147,1069.726076,672.3841276,871.8062225,1,1,1,1,0,1,1,1,0,1,1,1,0,1,1,0,0,0,ENSMUSG00000004356,ENSG00000120800
Il11,4.13356048,NA,3.869370388,7.507588796,4.195683434,0,0.700112613,0,0,5.241823711,13.21946867,0,16.18007038,6.183892226,5.235968358,5.078826979,6.385971188,78.81053495,15.11339646,83.71288133,157.0378916,8.051616958,29.97375116,6.28483966,3060.547849,3164.108306,1913.47096,0,1.588192709,2.352871575,13.10938818,46.43290124,8.845835403,1,0,1,1,0,0,1,1,0,0,0,1,0,0,0,0,0,0,ENSMUSG00000004371,ENSG00000095752
Bid,1.356817844,0.481701752,3.331445201,1.04800318,1.22399095,567.0618245,98.0157658,1140.828386,2381.107754,2023.343952,1118.513933,1433.827931,749.1372585,99.71526215,95.99275323,56.59264348,64.77199348,730.4677941,620.7287832,927.0889246,912.6218455,62.40003142,93.44757714,57.61103022,161.8782919,140.5632883,141.4628336,33.28131039,35.73433596,25.88158732,79.96726791,69.64935186,73.71529502,1,1,1,1,0,1,1,1,0,1,1,1,0,1,1,0,0,0,ENSMUSG00000004446,ENSG00000015475
Ndrg2,-2.705669002,0.02554229,0.594401392,-0.611222514,-1.16648207,3301.428004,2182.951127,1866.563447,279.4016614,245.6168825,188.744636,792.7819319,370.5236116,6669.327766,4519.513355,5742.70222,3945.617913,8619.755226,7529.710022,7183.064996,8191.71428,4604.518448,4832.826584,5682.542526,3471.648835,2654.446859,3772.032004,1433.656447,1494.489339,1508.190679,494.2239345,738.4617178,740.101562,1,1,1,1,0,1,1,0,1,1,1,0,1,1,1,1,0,1,ENSMUSG00000004558,ENSG00000165795
Cd244a,#N/A,#N/A,2.03004374,2.691033135,5.03243454,#N/A,#N/A,#N/A,#N/A,#N/A,#N/A,#N/A,#N/A,3.091946113,0.872661393,2.176640134,4.561407992,4.705106564,9.715754867,12.4944599,16.73354583,5.032260599,8.815809164,17.8070457,86.17981005,34.42366244,82.83021178,4.266834665,3.176385418,0,66.85787973,104.4740278,91.40696583,1,0,0,1,0,0,1,1,0,0,1,1,0,0,0,0,0,0,ENSMUSG00000004709,#N/A
Ulk2,0.846496538,0.711015745,-0.697151355,-0.514624137,-0.921367069,108.3652178,131.6211712,275.372369,126.6253835,362.434668,645.5507202,233.734644,174.7447601,1726.851904,1822.116989,1829.828806,1888.422909,1165.690151,1168.049641,1117.004715,1029.756666,1783.433156,1666.187932,1460.177748,1086.564362,1029.841235,1319.699329,1423.416044,1739.865113,1532.895831,765.5882699,870.6168983,842.3201045,1,1,1,0,1,1,1,0,1,1,1,0,1,1,1,0,0,0,ENSMUSG00000004798,ENSG00000083290
Plod3,1.009653949,0.616215141,1.547635954,0.772707748,0.608696287,2237.073742,1232.198199,287.5809962,3103.698258,2051.799567,2442.664045,1700.132157,3308.824392,1619.406777,2113.585894,1825.475526,1856.493053,5410.872549,4942.080642,5064.004597,6258.346139,1532.826578,1837.21463,1844.60044,3010.470392,3344.832534,2554.707094,401.0824585,482.8105836,365.8715299,713.1507171,606.3065374,590.7052308,1,1,1,1,0,1,1,1,0,1,1,1,0,1,1,0,0,0,ENSMUSG00000004846,ENSG00000106397
Hspb1,0.110326816,0.970634195,2.424582898,0.635737968,-1.247148907,3956.072676,7494.70552,3735.839922,4497.953839,5722.573829,4341.126629,4029.048823,8734.00199,4912.329387,6891.407021,4097.162279,6217.199093,34323.75239,23797.12225,28186.25209,32430.89901,2568.46581,2456.966014,3198.983387,4957.668262,4524.799185,3296.456294,251.7432452,424.0474533,184.7004186,77.34539028,165.1939756,118.9273426,1,1,1,1,0,1,1,1,0,1,1,0,1,1,1,0,0,0,ENSMUSG00000004951,ENSG00000106211
Hnrnpa2b1,0.835673531,0.667198578,0.731276254,0.41300907,0.922442762,6893.809196,8616.285926,1813.659396,9706.110916,12658.25543,10380.95498,8431.689904,10353.62703,8669.043915,10403.86913,9724.502572,11741.97645,16507.86638,15152.25948,17184.88015,18453.23946,5402.634979,5609.499371,6042.873333,6812.863362,8895.648102,6997.756881,5033.158171,5231.506784,5152.788748,11200.66126,8440.965682,9582.988353,1,1,1,1,0,1,1,1,0,1,1,1,0,1,1,0,0,0,ENSMUSG00000004980,ENSG00000122566
Mri1,-0.763392119,0.680594888,-1.178886532,0.967068032,1.414943722,197.43252,305.9492118,141.0774698,74.32359465,161.7477031,118.9752181,116.4841505,161.8007038,187.0627398,266.1617249,133.5005949,133.1931134,78.81053495,109.0323602,73.71731341,55.34942081,127.8194192,167.5003741,152.9310984,306.2877033,291.6449179,280.1336376,59.73568531,61.93951566,62.35109673,204.5064556,119.6540147,168.0708727,1,1,1,0,1,1,1,1,0,1,1,1,0,1,1,0,0,0,ENSMUSG00000004996,ENSG00000037757
Prkacb,-2.450303421,0.09891773,-0.620600298,-0.305053611,-0.946340287,3348.930565,3079.095271,8130.945714,817.5595411,777.2875732,729.2740218,1921.605311,192.5428375,3321.523112,3469.701699,4431.639313,5491.02294,2567.811908,2621.094758,2898.714697,2782.917391,2764.723973,2531.018811,2778.946603,2149.836883,2057.770044,2326.691342,3892.206581,4279.385255,3844.592153,1727.817362,2287.713327,2217.356074,1,1,1,0,1,1,1,0,1,1,1,0,1,1,1,0,0,0,ENSMUSG00000005034,ENSG00000142875
Cstb,0.160520214,0.953267818,-0.401045923,0.603742234,1.361880811,5018.942483,9256.188854,10074.83047,10373.6469,8889.384182,8894.499172,9765.893233,7436.360346,1140.928116,1394.512906,1139.833883,1359.299582,870.4447144,985.6093549,978.3162101,976.9816371,706.529388,854.251908,1099.846941,1326.47032,1427.625778,1288.056327,58.88231838,69.8804792,65.88040409,176.9767405,173.2304392,150.3792018,1,1,1,0,1,1,1,1,0,1,1,1,0,1,1,0,0,0,ENSMUSG00000005054,ENSG00000160213
Sh2b2,7.23585876,9.80859E-07,1.914472255,1.256543317,1.863151816,2.968910076,0.700112613,0,239.4871383,101.0923144,179.9316569,235.2673302,95.46241523,39.42231294,32.28847154,46.43498952,12.77194238,138.8006437,101.4756619,126.194045,131.2939749,37.23872843,68.76331148,54.46861039,135.0926752,129.0887341,120.9879498,11.94713706,3.176385418,19.99940838,36.70628691,37.50349716,50.12640062,1,1,1,1,0,1,1,1,0,0,1,1,0,0,1,1,1,0,ENSMUSG00000005057,ENSG00000160999
Cd44,2.897695253,0.072335137,2.703690038,2.68232794,3.540475625,80.16057204,273.043919,52.90405119,1465.82645,1038.629927,1498.20645,106.1385187,944.9161101,34.01140725,41.88774687,45.70944281,45.61407992,223.4925618,192.1560407,343.5976472,330.809329,50.32260599,77.57912064,126.7442665,706.9073608,417.8650135,508.1493891,93.0169957,114.3498751,59.99822515,1206.063713,834.8992819,1101.797943,1,1,1,1,0,1,1,1,0,1,1,1,0,1,1,0,0,0,ENSMUSG00000005087,ENSG00000026508
Mcm5,-0.422416541,0.871975051,-1.001445912,1.080156599,2.701756864,1015.367246,516.6831083,568.3794218,514.7597111,371.4206515,948.1296698,432.2175057,344.635499,204.0684435,245.2178514,155.2669962,223.5089916,95.27840793,119.8276434,116.1984771,81.09333747,111.7161853,111.9607764,104.7473277,197.9806447,255.3088298,240.1145465,89.60352797,88.93879171,105.8792209,736.7476159,528.6207218,580.8765248,1,1,1,0,1,1,1,1,0,1,1,1,0,1,1,0,0,0,ENSMUSG00000005410,ENSG00000100297
Hmox1,1.194538759,0.544997837,1.758118622,3.899685002,1.798147523,96.48957746,118.3190316,212.9727189,152.7762779,124.3061051,612.5020485,560.9631456,179.5987812,233.4419315,309.7947945,200.2508923,348.4915706,835.1564152,820.4415221,918.3428026,1114.711591,237.5227003,391.4219269,407.4671046,6197.958772,7255.743072,2015.845379,86.19006023,61.1454193,94.11486298,321.1800105,281.2762287,233.9232029,1,1,1,1,0,1,1,1,0,1,1,1,0,1,1,0,0,0,ENSMUSG00000005413,ENSG00000100292
Ddx39a,0.294067144,0.91444184,0.825769534,1.475259417,0.761392553,1352.338539,1862.29955,3849.78711,3555.145277,3169.805681,2856.874063,1793.242843,3061.269315,602.9294921,685.0391935,675.4839882,663.228722,1186.863131,1055.778696,1133.247513,1280.759854,538.451884,581.8434048,506.9770659,1530.273924,1675.284905,1321.560682,292.704858,312.0798673,264.6980521,470.6270358,537.5501259,466.8635351,1,1,1,1,0,1,1,1,0,1,1,1,0,1,1,0,0,0,ENSMUSG00000005481,ENSG00000123136
Igf1r,-1.818478861,0.210091245,-1.917942985,-0.927189808,-0.792248729,3055.008468,2560.311825,686.3961513,584.9542171,261.3423536,516.2936931,916.1631702,698.9790403,5243.940608,5260.402877,7225.719698,7477.05998,1796.174431,2004.684088,1350.651115,1517.603887,9514.99834,7191.937116,8182.861238,4387.018169,4166.219368,4535.186764,7763.932356,8786.676163,8287.990122,4718.068807,5360.321272,4263.692664,1,1,1,0,1,1,1,0,1,1,1,0,1,1,1,0,0,0,ENSMUSG00000005533,ENSG00000140443
Mthfd2,4.442341229,0.014235658,3.857978627,1.823750392,2.258098187,34.14246587,51.80833335,0,261.5089441,995.9465051,396.5840602,195.0343177,1278.22556,71.88774713,78.53952537,42.80725597,35.57898233,790.4579028,680.1028407,758.4137159,1090.25487,76.4903611,114.6055191,135.1240527,449.5325227,405.4342465,300.6085214,39.25487892,62.73361201,32.94020204,247.7674366,211.6268768,193.6255083,1,1,1,1,0,1,1,1,0,1,1,1,0,0,1,1,1,0,ENSMUSG00000005667,ENSG00000065911
Kit,0.867700053,0.817039591,3.317133589,2.181219914,2.536748371,163.2900542,99.41599102,1608.825762,421.1670363,228.3937474,1916.088543,2716.303101,407.7377735,72.66073366,88.1388007,81.98677838,102.175539,843.3903517,808.5667106,875.861639,898.4626913,156.0000786,178.0793451,230.4441209,1044.639049,1203.871973,311.7766398,193.7142938,200.9063777,177.6418039,1304.384124,1126.890796,896.3779875,1,1,1,1,0,1,1,1,0,1,1,1,0,1,1,0,0,0,ENSMUSG00000005672,ENSG00000157404
Ranbp1,0.519501779,0.83839465,0.739647865,1.018057932,0.965390203,797.1523553,718.3155408,2084.962223,2098.953367,1853.359098,2435.319895,1235.728241,977.2762508,401.9529947,498.2896554,568.8286217,582.9479413,775.1663065,758.908408,913.3450187,979.5560288,253.6259342,256.5400467,317.3844028,598.6003023,594.7643899,482.0904461,116.0579029,167.5543308,142.3487303,394.5925843,195.5539495,244.7347795,1,1,1,1,0,1,1,1,0,1,1,1,0,1,1,0,0,0,ENSMUSG00000005732,ENSG00000099901
Mmp8,4.371161465,NA,5.764608129,2.940712335,5.1103021,0,0,0,0,16.47430309,0,0,4.854021113,1.545973057,4.363306965,11.60874738,5.47368959,203.4958589,467.4357619,298.6175916,299.916629,9.058069077,46.72378857,46.08882418,303.9585192,308.8567491,171.2444828,0,0.794096355,0,5.243755273,15.17998694,13.7601884,1,0,1,1,0,0,1,1,0,0,0,1,0,0,0,0,0,0,ENSMUSG00000005800,ENSG00000118113
Rsl1d1,0.914429203,0.637796183,0.803678505,0.619013895,0.834574496,1095.527818,1932.310811,340.4850474,2721.069382,2579.726098,1790.50359,1790.17747,1702.143404,738.2021345,842.9909057,800.2780226,913.1938799,1415.060799,1204.753604,1463.101254,1668.205799,806.1681479,839.2650324,872.5452395,1395.181249,1350.172538,1123.32658,450.5777406,486.7810653,582.3357147,1092.012036,881.3321832,736.1700796,1,1,1,1,0,1,1,1,0,1,1,1,0,1,1,0,0,0,ENSMUSG00000005846,ENSG00000171490
Ncoa2,0.749503694,0.759806715,-0.502650972,-0.431730236,-0.710287372,240.4817161,286.3460586,120.7297578,476.2215509,201.4357969,150.5550599,236.4168449,752.3732726,842.5553158,808.08445,830.7509845,832.0008177,581.0806607,538.684631,585.9901693,634.5875456,982.2972688,890.3967256,842.1685145,654.5007196,655.962012,701.7301088,1411.468907,1372.992597,1338.783926,810.1601897,845.6145669,863.9432577,1,1,1,0,1,1,1,0,1,1,1,0,1,1,1,0,0,0,ENSMUSG00000005886,ENSG00000140396
Htra1,2.863647615,0.155410117,-1.122635646,-0.400456926,-1.606663921,572.9996446,1834.295046,2727.949922,15237.71327,17432.808,16173.28551,13349.69672,101.9344434,3953.826092,4436.610522,2609.065974,3140.073261,1650.316127,1663.553139,1670.509289,1508.593516,1638.504051,1779.91187,1885.451898,1207.681933,1285.150064,1523.517491,1315.891811,1641.397165,1379.959179,380.1722573,444.6843234,597.585325,1,1,1,0,1,1,1,0,1,1,1,0,1,1,1,0,0,0,ENSMUSG00000006205,ENSG00000166033
Pgrmc1,-1.246275192,0.372574255,-0.330852061,-0.403642225,-0.834931462,5553.346297,4172.671172,6751.37084,2952.298343,1495.417422,3240.238655,2683.733519,1203.797236,4545.933773,5331.961112,4895.263661,5501.970319,3826.427914,3906.812985,4031.96221,4354.583502,3983.53749,4291.535901,4241.219297,3112.95449,3079.005363,3269.466674,4455.428757,5444.324607,4304.578546,2429.16963,3090.466754,2442.433442,1,1,1,0,1,1,1,0,1,1,1,0,1,1,1,0,0,0,ENSMUSG00000006373,ENSG00000101856
Adamts4,5.915316848,0.00065809,6.42060747,2.796000493,2.440165349,2.968910076,18.90304055,151.9295829,6606.541746,4991.713837,4869.905376,720.3625094,273.4431894,251.9936082,61.08629751,147.2859824,50.17548791,8397.438941,6490.124251,8922.293814,19954.1098,160.025887,126.066071,737.4211868,2569.090013,3338.139044,1199.642056,118.6180037,103.2325261,151.7602166,814.0930061,625.9512264,578.9107836,1,1,1,1,0,1,1,1,0,1,1,1,0,0,1,1,1,0,ENSMUSG00000006403,ENSG00000158859
Srm,2.39906242,0.050791423,0.819093319,1.705819016,1.199260992,347.3624789,1114.57928,383.8934997,3328.045405,3305.344266,4734.773029,3014.027393,1852.618058,414.3207792,461.6378769,401.9528781,447.0179832,819.8648189,676.8642558,778.4048517,767.1687164,323.0711304,322.6586154,293.2925175,1184.390092,962.9063354,919.5084184,30.72120959,38.91072137,30.58733047,89.14383964,81.25757717,60.93797722,1,1,1,1,0,1,1,1,0,1,1,1,0,1,1,0,0,0,ENSMUSG00000006442,ENSG00000116649
Cdk4,-0.539692105,0.846464049,-0.455107204,0.680625769,0.992697613,948.5667692,1085.874663,3708.70964,1072.186671,1634.700166,1675.934862,1635.759337,564.6844562,1771.685123,2195.616065,1544.688948,1864.703587,1320.958668,1405.545871,1326.911641,1325.811708,1332.542607,1548.056089,1222.401314,2253.485574,2220.326227,2106.121003,249.1831444,301.7566147,175.2889323,563.7036918,433.0760981,455.0690879,1,1,1,0,1,1,1,1,0,1,1,1,0,1,1,0,0,0,ENSMUSG00000006728,ENSG00000135446
Mettl1,1.892193974,0.223645737,1.618705388,2.156149654,1.381468846,92.03621235,129.5208334,32.55633919,136.2599235,661.9674515,199.026445,358.265397,218.4309501,74.20670672,95.99275323,68.92693758,75.71937266,231.7264983,225.6214186,276.1275638,231.6952499,49.31615387,78.46070156,53.42113711,276.0083106,287.8200665,248.4906353,20.48080639,26.99927606,28.2344589,87.83290082,40.18231838,69.78381262,1,1,1,1,0,1,1,1,0,1,1,1,0,1,1,0,0,0,ENSMUSG00000006732,ENSG00000037897
Sod2,-0.200074374,0.944342096,3.807640654,0.887961748,-0.72054069,2817.495662,1941.412275,4464.288012,2385.236843,3327.060393,2924.440236,3142.773033,1600.20896,1196.583146,1387.531615,1277.687759,1311.860938,17166.5813,13602.05681,20267.2634,21406.0667,870.5810836,972.3837508,1025.476338,1898.285005,1827.322748,1584.011466,845.6866306,820.3015343,882.3268405,545.3505484,474.1513569,527.8015124,1,1,1,1,0,1,1,1,0,1,1,0,1,1,1,0,0,0,ENSMUSG00000006818,ENSG00000291237
Ezh1,-1.206087176,0.537122345,-0.937585237,-0.522847278,-0.564354209,1249.911142,546.087838,161.4251818,250.4980412,297.2862876,117.5063882,444.0958236,304.1853231,2027.543664,2395.455524,2119.321944,2469.546287,1209.212387,1273.843416,1131.998067,1087.680479,2166.891414,1963.280701,1957.727554,1394.016657,1295.668406,1546.784404,1472.057959,1587.398613,1376.429871,842.9336601,1047.419099,1107.695167,1,1,1,0,1,1,1,0,1,1,1,0,1,1,1,0,0,0,ENSMUSG00000006920,ENSG00000108799
Hap1,5.783487152,0.164575532,2.495904178,-1.004210887,0.788707094,0,0,0,0,6.739487629,13.21946867,0,37.21416187,276.7291771,109.9553355,213.3107331,169.6843773,1108.052596,926.2352973,1059.530199,1255.015937,228.4646312,261.8295322,282.8177847,164.2074759,141.5195011,80.96885871,275.6375194,171.5248126,235.2871575,422.1222995,416.1102304,340.0732277,1,1,1,1,0,1,1,0,1,1,1,1,0,0,0,0,0,0,ENSMUSG00000006930,ENSG00000173805
Vars1,1.670605981,0.222489692,1.51865771,0.715491187,1.960052699,301.3443727,623.800338,223.824832,1099.713928,933.7934525,1589.2739,633.7657397,1844.528023,768.3486091,815.9384025,1017.216489,790.9481457,2627.802016,2495.869473,2071.581451,2528.052616,1286.245809,1502.213882,1378.474832,2424.680602,2306.385383,2114.497092,250.0365114,281.1101095,301.1675616,1115.608934,1045.633218,1073.294696,1,1,1,1,0,1,1,1,0,1,1,1,0,1,1,0,0,0,ENSMUSG00000007029,ENSG00000204394
Clic1,-0.381723089,0.890997367,1.204778484,1.040334875,0.770129822,11700.47461,11242.40834,39897.79368,18528.59687,17812.4658,18118.75065,12486.02805,13439.16646,3499.310014,4231.535095,4615.202631,4454.671045,10186.55571,8723.668342,7928.984252,11887.25352,2952.930519,2736.427165,3907.075322,6766.279681,7992.983176,4976.327443,420.709898,497.104318,431.7519339,850.799293,803.6463677,649.6774668,1,1,1,1,0,1,1,1,0,1,1,1,0,1,1,0,0,0,ENSMUSG00000007041,ENSG00000213719
Ppp2r1a,0.193768647,0.944875895,0.385738675,0.314557982,-0.537930415,5158.481257,3627.98356,2220.613636,5231.555245,3934.363111,4838.325534,3911.415158,3066.123337,5323.55822,6012.636998,5473.52439,5501.970319,7238.806449,7157.272752,7143.082725,7611.188959,3885.911634,4136.37766,4447.571533,5365.275472,5185.542261,4957.713912,1111.083747,1198.291399,1070.556566,743.3023099,757.2134664,827.5770455,1,1,1,1,0,1,1,1,0,1,1,0,1,1,1,0,0,0,ENSMUSG00000007564,ENSG00000105568
Prpf31,0.646302333,0.773336408,0.540293496,0.679502347,0.67413935,993.1004203,417.2671172,276.7288831,776.2686552,979.472202,1219.128778,843.3605762,580.8645266,695.6878755,712.0916967,624.6957184,691.5094515,1044.533657,952.143977,963.3228583,1000.151162,459.9486187,502.5011224,499.644753,795.416355,818.5181958,728.7197284,322.5727007,350.1964924,344.6956857,530.9302214,617.9147627,473.7436293,1,1,1,1,0,1,1,1,0,1,1,1,0,1,1,0,0,0,ENSMUSG00000008373,ENSG00000105618
Rpl10,0.340171064,0.898436903,0.703156115,0.712008805,0.469124718,16763.95074,19545.04381,34660.29261,49957.84287,21937.78106,25133.14761,21256.4416,31449.20279,5744.062892,6945.512027,5160.813758,6114.111272,9333.755147,10444.43648,9614.486893,9619.214459,4616.595873,5018.840157,5385.060116,8074.116528,8647.032762,7882.830267,1375.627496,1597.721865,1234.081141,2052.930189,2091.266437,1683.657338,1,1,1,1,0,1,1,1,0,1,1,1,0,1,1,0,0,0,ENSMUSG00000008682,ENSG00000147403
Gprc5b,-0.373213059,0.911401979,0.343305067,-0.428325305,-1.347575051,1591.335801,2712.236262,1359.227161,2061.79157,1659.411621,1664.918638,1722.356106,177.9807742,1574.573558,1334.29927,1349.516883,1189.615204,1844.401773,1740.19965,1501.83408,1826.530887,1192.645762,1169.857876,1535.595824,1014.359656,991.5927208,890.6574458,1097.429876,870.3296046,1251.727678,348.7097257,456.2925487,457.0348291,1,1,1,1,0,1,1,0,1,1,1,0,1,1,1,0,0,0,ENSMUSG00000008734,ENSG00000167191
Hdac5,-0.364387136,0.92906754,-0.400334405,-0.52897205,-0.769482179,1405.778921,559.3899777,39.33890986,715.7086892,670.2046031,403.1937945,609.6259322,195.7788516,2352.970992,2191.252758,2167.208027,2130.177532,1647.963574,1624.690119,1571.803055,1856.136391,2407.43347,2111.386295,2255.209965,1565.211685,1355.909815,1772.938803,1292.850903,1405.550548,1292.90293,694.7975737,875.0816003,769.58768,1,1,1,0,1,1,1,0,1,1,1,0,1,1,1,0,0,0,ENSMUSG00000008855,ENSG00000108840
Ccl8,-1.62843239,NA,2.93745795,1.577936757,2.653139116,4.453365114,0,504.6232575,0,253.854034,0,20.30809202,0,17.00570362,30.54314876,74.73131127,29.19301115,272.8961807,224.5418903,391.0765949,278.0342999,9.058069077,17.63161833,21.99693881,16.30428839,65.97868634,62.35532797,19.62743946,17.4701198,19.99940838,153.3798417,101.7952066,104.1842836,1,1,1,1,0,0,1,1,0,1,1,1,0,0,0,0,0,0,ENSMUSG00000009185,ENSG00000108700
Met,2.40086042,0.145831398,2.186376776,2.469966535,3.367444917,142.5076836,212.8342343,82.74736212,770.7632037,787.0223886,462.6814035,89.27897058,1750.683615,10.04882487,16.58056647,6.529920402,9.122815983,36.46457587,34.54490619,56.22506955,64.35979164,4.025808479,11.46055191,10.47473277,53.57123328,43.98579089,47.46450338,46.93518132,20.64650522,43.52812413,585.9896518,225.9139234,329.2616511,1,0,1,1,0,0,1,1,0,1,1,1,0,1,1,0,0,0,ENSMUSG00000009376,ENSG00000105976
G0s2,4.016682391,0.259107155,0.703381748,0.760701588,-1.520844036,0,0,27.13028266,0,253.854034,367.941878,2.682200833,103.5524504,138.3645886,169.2963103,165.4246502,188.8422909,216.434902,215.9056637,299.8670376,346.255679,165.0581476,303.2638352,175.9755105,376.163225,395.872118,322.0140818,41.81497972,55.58674482,116.4671429,17.04220464,25.00233144,31.45185921,1,1,1,1,0,1,1,1,0,1,1,0,1,0,0,0,0,0,ENSMUSG00000009633,ENSG00000123689
Ifrd2,-0.185730795,0.949431747,0.497983624,0.922397238,1.044560382,1294.444793,945.8521399,1621.034389,1518.128239,980.221034,1625.994647,734.1566851,799.2954767,153.8243191,229.5099464,198.0742522,249.9651579,264.6622442,321.6994389,304.8648216,280.6086916,186.1936421,178.0793451,156.0735182,381.9861851,301.2070463,305.2619041,44.37508052,42.08710679,39.99881677,78.65632909,106.2599086,75.68103622,1,1,1,1,0,1,1,1,0,1,1,1,0,1,1,0,0,0,ENSMUSG00000010048,ENSG00000214706
Hyal1,-2.2725488,0.122465068,-2.22025691,-0.648974448,-1.184852503,4199.523302,1311.310924,912.9340116,561.5560484,263.5888495,362.0665586,203.0809202,826.8015963,184.7437803,205.9480888,214.0362798,193.4036988,47.05106564,46.4197177,41.23171767,36.04148332,190.2194506,178.0793451,172.8330907,94.33195425,108.0520515,141.4628336,87.04342717,112.7616823,97.64417035,38.01722573,36.61055675,56.02362422,1,1,1,0,1,1,1,0,1,1,1,0,1,1,1,0,0,0,ENSMUSG00000010051,ENSG00000114378
Ifi35,-2.419589567,0.035329607,2.482153856,0.508378013,0.991883335,4272.261599,3323.434573,9231.078676,834.0758955,1130.736258,1338.838411,1304.315948,632.6407518,1317.169044,1553.33728,1243.587063,1704.142026,8704.447144,7354.826435,7464.190344,8974.329346,752.8261855,832.2123851,856.8331404,1191.377644,1316.705088,966.0422453,215.0484671,204.8768595,205.8762628,397.2144619,453.6137275,393.1482401,1,1,1,1,0,1,1,1,0,1,1,1,0,1,1,1,0,1,ENSMUSG00000010358,ENSG00000068079
Cars1,-0.053396747,0.984966556,1.791001004,0.691525563,0.945221134,947.0823142,465.5748875,495.1276586,649.6432717,635.758333,767.4635979,424.9372463,585.7185477,397.3150755,371.7537534,367.8521826,409.6144376,1312.724731,1148.618131,1273.185464,1618.005162,466.9937835,481.3431804,536.3063177,915.3693338,868.2412637,615.1771909,343.906874,304.9330002,408.2232182,637.1162657,749.1770027,643.7802432,1,1,1,1,0,1,1,1,0,1,1,1,0,1,1,0,0,0,ENSMUSG00000010755,ENSG00000110619
Mcoln2,6.949496071,0.02497538,3.905630925,2.062927462,1.357742131,0,0,0,96.34540047,2.995327835,24.97010749,0.383171548,3.236014076,37.10335336,53.23234498,46.43498952,17.33335037,551.6737447,522.4917062,609.7296431,637.1619372,6.038712718,13.22371375,7.332312937,36.10235286,39.20472667,37.22706147,17.92070559,22.23469793,14.11722945,47.19379746,41.07525879,52.09214182,1,1,1,1,0,0,1,1,0,1,1,1,0,0,0,1,1,0,ENSMUSG00000011008,ENSG00000153898
Odc1,1.226890838,0.492678944,1.384941101,2.056360454,1.851311032,293.9220975,768.7236489,1854.35482,1814.046255,1676.634756,2453.680269,1587.862893,3847.620736,803.1330029,1041.957703,807.5334897,898.5973743,1836.167837,1650.598799,2270.243364,3517.906211,662.2454948,981.19956,2155.700004,6393.610232,6322.479335,3085.19272,276.4908863,380.3721538,245.8750795,1114.297996,1301.907116,848.2173281,1,1,1,1,0,1,1,1,0,1,1,1,0,1,1,0,0,0,ENSMUSG00000011179,ENSG00000115758
Evi5,0.234334798,0.928440993,-0.916588647,-0.355210188,-0.485102079,387.4427649,481.6774776,510.049314,408.7797706,443.3085196,576.5157171,533.3747942,742.6652303,1515.053595,1615.296239,1430.778115,1634.808624,743.4068372,838.7935035,922.0911406,777.466283,1447.278148,1211.292179,1207.736688,1035.322313,989.6802951,997.6852475,2520.84592,2785.690012,2419.928414,1717.329852,2026.974727,1775.064304,1,1,1,0,1,1,1,0,1,1,1,0,1,1,1,0,0,0,ENSMUSG00000011831,ENSG00000067208
Mlkl,0.776193927,0.79607598,4.09575749,1.820724703,2.356334964,875.8284723,115.5185811,157.3556394,412.9088591,1431.766705,699.1630098,497.7398403,234.6110205,174.6949554,207.6934115,149.4626225,144.1404925,2978.332455,2394.393811,2557.615941,3624.743465,111.7161853,101.3818054,103.6998544,397.1258815,453.2448888,268.9655192,161.2863503,169.1425235,159.9952671,1022.532278,719.7099693,773.5191624,1,1,1,1,0,1,1,1,0,1,1,1,0,1,1,0,0,0,ENSMUSG00000012519,ENSG00000168404
Zfp715,#N/A,#N/A,-0.578615379,-0.443175227,-0.656201994,#N/A,#N/A,#N/A,#N/A,#N/A,#N/A,#N/A,#N/A,585.1508019,685.9118549,647.9132132,853.895576,491.683636,413.459346,517.2706398,433.7849957,656.2067821,553.6328155,586.585035,425.0760901,443.6827603,451.3781204,567.4890104,602.7191331,550.5719485,370.9956856,424.146694,296.8269213,1,1,1,0,1,1,1,0,1,1,1,0,1,0,0,0,0,0,ENSMUSG00000012640,#N/A
Zbtb47,1.057277206,0.512270195,-0.48251174,-0.519715348,-1.34399373,71.25384182,71.41148651,78.67781972,216.0889696,193.9474773,171.1186778,122.9980668,63.10227447,963.9142008,817.6837253,796.650289,656.8427508,637.5419395,554.8775558,595.9857372,527.7502915,928.9553065,948.5810661,844.263461,659.1590877,597.6330284,643.097487,1015.50665,954.5038182,1044.674979,268.7424577,488.4384035,426.5658405,1,1,1,0,1,1,1,0,1,1,1,0,1,1,1,0,0,0,ENSMUSG00000013419,ENSG00000114853
Cad,0.992665294,0.728642442,-0.384952482,0.727831823,0.690021301,329.5490184,324.8522524,8.139084798,534.0287912,317.5047505,475.9008722,233.734644,637.4947729,561.9612061,704.2377442,660.973054,611.2286709,550.497468,495.5034982,436.0566505,460.8161081,597.8325591,637.3830026,555.1608367,1074.918442,925.6140345,967.9035983,337.9333055,304.9330002,316.4612268,579.4349577,417.8961112,552.3732774,1,1,1,0,1,1,1,1,0,1,1,1,0,0,1,0,0,0,ENSMUSG00000013629,ENSG00000084774
Mcemp1,3.5147195,NA,4.471429629,3.739435552,3.822763933,0,0,0,0,0.748831959,0,0,11.32604926,1.545973057,10.47193672,5.804373691,0.912281598,72.92915175,124.1457566,101.2051252,117.1348208,5.032260599,12.34213283,6.28483966,147.9031875,77.45324049,96.79035983,3.413467732,3.176385418,2.352871575,36.70628691,27.68115266,63.88658902,1,0,1,1,0,0,1,1,0,0,1,1,0,0,0,0,0,0,ENSMUSG00000013974,ENSG00000183019
Mertk,-1.955692514,0.231838732,0.650172165,-0.428623769,-0.953119994,1022.789521,383.6617118,249.5986005,220.2180582,93.60399484,71.23824785,275.5003427,50.15821817,1600.8551,1638.858096,2128.754051,2169.405641,3015.973308,2756.035797,3051.147107,3006.889465,2512.104491,2203.952291,2986.346312,1963.502159,1749.869507,2008.399967,2580.581605,2921.480488,2134.054518,1034.330728,1417.096428,1491.014701,1,1,1,1,0,1,1,0,1,1,1,0,1,1,1,0,0,0,ENSMUSG00000014361,ENSG00000153208
Srp19,-0.333587024,0.906649883,0.553810735,0.49865211,0.681793843,387.4427649,168.0270271,693.178722,253.2507669,419.3458969,226.9342122,357.8822254,393.1757102,520.9929201,558.5032915,550.6899539,686.0357619,853.9768414,734.0792566,879.6099769,931.929783,405.6002042,437.2641345,481.8377073,637.0318392,684.6483974,550.0298333,291.8514911,264.4340861,225.8756712,500.7786286,456.2925487,300.7584037,1,1,1,1,0,1,1,1,0,1,1,1,0,1,1,0,0,0,ENSMUSG00000014504,ENSG00000153037
Camta1,-0.928020573,0.631480926,0.840448355,-0.673107975,-2.165240348,1670.011918,2006.522748,6153.148108,1504.36461,1559.068138,1519.504482,2895.244213,1130.986919,711.9205926,382.2256902,757.4707666,551.930367,1213.917494,988.8479398,959.5745203,1144.317095,694.4519626,533.3564544,567.730516,395.9612894,376.7478611,353.657084,1406.348706,928.2986385,1978.764994,355.2644197,239.3080295,367.5936045,1,1,1,1,0,1,1,0,1,1,1,0,1,1,1,0,0,0,ENSMUSG00000014592,ENSG00000171735
Tppp3,0.851080372,0.795085044,-0.55088997,-0.673010919,-1.029230006,53.44038136,105.0168919,143.7904981,89.46358615,104.0876423,200.4952749,13.02783262,503.2001887,613.7513035,580.3198264,514.4126183,605.7549813,457.5716134,409.1412327,357.3415531,353.978854,551.5357616,439.9088773,648.3859583,448.3679307,303.119472,278.2722845,202.2479631,212.0237267,188.229726,70.79069619,109.8316702,113.030119,1,1,1,0,1,1,1,0,1,1,1,0,1,1,1,0,0,0,ENSMUSG00000014846,ENSG00000159713
E2f4,0.580759595,0.828223815,0.379104299,0.417611221,0.787940887,525.4970834,1335.814865,333.7024767,513.3833482,1896.04252,1257.318354,1024.600718,781.4973992,567.3721118,623.0802346,665.3263343,655.9304692,798.6918393,876.5769947,800.8948796,789.0510455,585.7551337,635.6198407,652.5758514,857.1397324,883.5406693,763.1547602,201.3945962,272.3750496,323.5198415,485.0473628,445.5772638,443.2746407,1,1,1,1,0,1,1,1,0,1,1,1,0,1,1,0,0,0,ENSMUSG00000014859,ENSG00000205250
Ptgds,0.311191702,0.933154304,1.16905438,-0.728064332,-2.020552111,28.20464572,53.20855858,14.92165546,71.57086892,22.46495876,67.56617321,19.54174893,19.41608445,26297.77468,34667.3465,32582.85171,24394.40994,66133.80159,55944.39605,73927.22033,69207.37115,27008.14263,43343.80734,34984.55997,21950.23054,13277.97157,28365.15949,4399.10654,6248.744214,4881.032082,980.582236,1268.86832,1575.541572,1,1,1,1,0,1,1,0,1,1,1,0,1,1,1,0,0,0,ENSMUSG00000015090,ENSG00000107317
Actn1,0.368677149,0.923638754,0.907787532,0.566806709,-0.54837608,7585.565243,2183.651239,359.4762453,4660.364657,6461.670972,5574.943705,2493.29726,2604.991331,2792.800327,3165.142873,3468.11328,2608.21309,4887.429444,5197.928854,6379.671225,6116.754598,2329.936657,2655.32172,2494.033872,3641.679271,3667.076263,3771.101327,2375.773541,3330.440111,2691.685081,1503.646825,2333.253287,1902.837482,1,1,1,1,0,1,1,1,0,1,1,0,1,1,1,0,0,0,ENSMUSG00000015143,ENSG00000072110
Nolc1,0.685334302,0.852431219,0.789918635,0.579164031,0.831087449,1224.675406,845.0359237,14.92165546,1220.83386,1517.133548,666.1143381,712.6990785,1470.768397,708.8286465,750.488798,798.1013825,810.1060593,1402.121756,1222.026057,1231.953746,1448.095312,778.9939407,778.4359492,916.5391171,1359.078896,1206.740611,1130.771992,283.3178218,310.4916746,435.2812413,732.8147994,609.878299,485.5380765,1,1,1,1,0,1,1,1,0,1,1,1,0,1,1,0,0,0,ENSMUSG00000015176,ENSG00000166197
Cybb,1.873132651,0.59484756,2.57685457,0.952552272,2.447262633,14.84455038,2.100337839,0,33.03270873,41.93458969,2.203244779,0.766343095,24.27010557,177.7869015,343.8285889,224.9194805,197.9651068,904.556737,1455.204173,1489.33962,1784.053424,172.1033125,298.8559307,204.257289,468.1659952,320.3313032,520.2481841,277.3442532,415.3123934,291.7560753,1558.706255,1534.964562,2282.225534,1,1,1,1,0,1,1,1,0,1,1,1,0,0,0,0,0,0,ENSMUSG00000015340,ENSG00000165168
Cd83,0.102562496,0.97995596,-1.388379085,-1.054935137,0.708532849,218.2148906,76.3122748,276.7288831,130.7544721,110.8271299,71.97266277,114.1851212,595.4265899,1163.344725,1337.789916,449.1134143,717.0533363,214.0823487,254.7686832,452.2994484,480.1240456,355.2775983,309.4349017,482.8851806,187.4993165,156.8189067,207.5408677,187.7407253,187.4067397,137.6429871,207.1283333,290.2056328,341.0560983,1,1,1,0,1,1,1,0,1,1,1,1,0,1,1,0,0,0,ENSMUSG00000015396,ENSG00000112149
Itga2,1.443923016,0.337209814,2.573276544,2.756979413,2.71860574,540.3416338,798.8284912,206.1901482,721.2141406,2071.269198,1819.880187,1041.077095,1355.889898,13.91375751,1.745322786,3.627733557,6.385971188,29.40691603,44.26066106,31.23614975,48.91344165,3.019356359,6.171066415,2.094946553,19.79806447,39.20472667,18.61353074,26.45437492,38.11662502,29.41089468,205.8173945,166.9798564,248.6662619,1,0,1,1,0,0,1,1,0,1,1,1,0,1,1,0,0,0,ENSMUSG00000015533,ENSG00000164171
Steap2,8.167296135,0.001223046,1.069630466,-1.067119402,-0.525384181,1.484455038,0,0,104.6035777,65.89721237,58.7531941,0.383171548,365.6695905,99.71526215,61.08629751,93.59552576,62.03514869,171.7363896,218.0647204,127.443491,148.0275208,107.6903768,332.3560055,271.2955787,96.6611383,96.5774974,146.1162163,617.8376595,651.1590107,674.0977061,485.0473628,483.9737014,381.3537929,1,1,1,1,0,1,1,0,1,1,1,0,1,0,0,1,1,0,ENSMUSG00000015653,ENSG00000157214
Arnt2,-1.533075611,0.46053221,0.791494626,-0.728163134,-1.98818771,1531.957599,3109.900226,325.5633919,418.4143106,329.4860618,812.2629084,1184.766425,114.8784997,555.7773138,277.506323,494.8228571,329.333657,796.339286,700.6138788,782.1531897,592.1100831,442.8389327,528.0669689,427.3690969,272.5145345,256.2650426,315.499346,632.3448974,528.0740758,830.5636658,149.4470253,154.4786907,196.5741201,1,1,1,1,0,1,1,0,1,1,1,0,1,1,1,0,0,0,ENSMUSG00000015709,ENSG00000172379
Fcgr1,#N/A,#N/A,3.064678252,1.5702533,2.799437907,#N/A,#N/A,#N/A,#N/A,#N/A,#N/A,#N/A,#N/A,81.936572,154.4610666,81.98677838,121.3334526,881.0312042,661.7508593,1125.750837,1001.438358,46.29679751,118.1318428,115.2220604,286.4896388,266.7833839,278.2722845,20.48080639,37.32252866,28.2344589,187.464251,212.5198172,200.5056025,1,1,1,1,0,1,1,1,0,1,1,1,0,0,0,0,0,0,ENSMUSG00000015947,#N/A
Ncf1,2.671477654,0.43020809,2.347449202,0.863802202,2.41093438,5.937820151,1.400225226,0,0,3.744159794,8.078564189,5.364401666,59.8662604,64.15788185,115.1913039,127.6962212,108.5615102,495.2124659,548.4003858,469.7916922,601.1204539,76.4903611,138.4082039,166.548251,235.2475896,212.2792517,246.6292823,93.0169957,128.6436094,67.05683988,422.1222995,561.6595169,562.2019834,1,1,1,1,0,1,1,1,0,1,1,1,0,0,0,0,0,0,ENSMUSG00000015950,ENSG00000158517
Hsd11b1,4.822817158,NA,0.775581933,0.945693337,-1.17333552,0,0,0,0,0,0,11.49514643,17.79807742,190.9276725,163.1876805,137.1283284,198.8773884,331.7100128,222.3828336,336.1009713,290.9062582,115.7419938,203.6451917,163.4058312,314.4398475,226.6224444,389.9534689,99.84393116,100.0561407,97.64417035,40.63910337,29.46703348,61.92084782,1,1,1,1,0,1,1,1,0,1,1,0,1,0,0,0,0,0,ENSMUSG00000016194,ENSG00000117594
H2-M3,#N/A,#N/A,1.935872365,0.354455877,1.142137006,#N/A,#N/A,#N/A,#N/A,#N/A,#N/A,#N/A,#N/A,553.4583543,616.0989435,380.9120234,462.5267703,1998.494013,1578.270402,1765.467184,2358.142766,350.2453377,344.6981383,337.2863951,412.2655778,448.4638245,457.8928561,84.48332637,95.29156255,114.1142714,217.6158438,202.6974727,226.0602381,1,1,1,1,0,1,1,1,0,1,1,1,0,0,0,0,0,0,ENSMUSG00000016206,#N/A
Lonrf3,0.162244164,0.974039868,1.215385231,-1.228423426,-1.626565607,81.64502708,275.1442568,214.329233,50.92542596,83.12034742,9.547394041,240.2485603,682.7989699,28.60050155,38.39710129,39.17952241,31.92985594,96.45468457,50.73783097,63.72174549,110.6988416,94.60649925,65.23698781,81.70291558,36.10235286,31.5550239,35.3657084,196.2743946,196.9358959,175.2889323,34.08440927,70.54229227,77.64677742,1,1,1,1,0,1,1,0,1,1,1,0,1,1,0,0,0,0,ENSMUSG00000016239,ENSG00000175556
Lnx2,-0.723846401,0.697356704,-2.056327053,-0.645182218,-0.5640994,332.5179285,448.0720722,336.415505,323.445273,271.826001,118.2408031,232.9683009,181.2167882,1603.947046,1884.948609,1819.671152,2578.107797,509.3277856,535.446046,457.2972323,392.594729,1575.097567,1243.910673,1493.696893,866.4564687,873.022328,1016.298778,1000.146045,1187.17405,934.0900151,551.9052425,894.7262893,662.4547846,1,1,1,0,1,1,1,0,1,1,1,0,1,1,1,0,0,0,ENSMUSG00000016520,ENSG00000139517
Scube1,1.739655769,0.70241735,-0.726883641,-0.74317088,-1.765489193,81.64502708,86.11385138,20.347712,187.1853495,7.488319587,5.87531941,0,847.8356878,146.8674404,137.0078387,102.3020863,153.2633085,79.9868116,73.40792566,86.21177331,86.2421208,175.1226688,251.2505612,209.4946553,135.0926752,87.01536894,158.2150113,195.4210277,165.1720417,231.7578501,36.70628691,57.14818614,78.62964802,1,1,1,0,1,1,1,0,1,1,1,0,1,1,0,0,0,0,ENSMUSG00000016763,ENSG00000159307
Srsf6,-0.943679048,0.640518523,0.515829184,0.475871496,0.822878159,6530.117712,1235.698762,1678.007983,1467.202813,1871.331065,1476.908417,1162.159304,2205.343592,1271.562839,1533.266068,1216.016288,1399.439972,1922.036032,1553.44125,2480.15029,1794.350991,1282.220001,1228.923797,1221.353841,1623.441287,1910.513265,1655.673559,855.9270338,908.4462296,930.5607078,1601.967236,1567.110417,1597.164725,1,1,1,1,0,1,1,1,0,1,1,1,0,1,1,0,0,0,ENSMUSG00000016921,ENSG00000124193
Psmd11,-0.120810695,0.966575247,0.783293616,0.809164108,0.543684158,2970.394531,2274.665879,1808.233339,1999.855241,2248.742372,2928.846726,2373.747737,1258.809475,1035.028961,1164.130298,1179.013406,1303.650404,1957.324331,1765.028801,1949.135744,2386.461074,985.3166252,969.7390081,1038.046017,1858.688876,1972.6671,1413.697659,606.7438894,737.7155134,611.7466094,946.4978268,965.2685816,941.5900351,1,1,1,1,0,1,1,1,0,1,1,1,0,1,1,0,0,0,ENSMUSG00000017428,ENSG00000108671
Abr,-0.891505777,0.694686686,-0.430722544,-0.524471889,-1.034125506,1851.115432,1292.407883,176.3468373,498.2433567,568.3634567,618.3773679,510.0013298,787.9694274,3663.183158,3512.462107,4749.428772,3996.705682,2999.505435,3102.564388,2927.451954,2782.917391,4178.789201,3283.007333,4352.251465,2569.090013,2726.162823,2915.80959,2628.370154,2784.101819,2595.217347,976.6494196,1492.996363,1436.956818,1,1,1,0,1,1,1,0,1,1,1,0,1,1,1,0,0,0,ENSMUSG00000017631,ENSG00000159842
Pgs1,-0.632047446,0.808912555,1.629493185,1.020761331,1.392577168,1628.447177,1003.961487,602.2922751,1029.519422,1010.923144,625.7215172,630.7003673,181.2167882,511.7170817,579.447165,610.1847842,504.4917239,1772.648898,1549.123137,1639.273139,1867.721153,587.7680379,613.5803178,635.816279,1313.659807,1446.750035,967.9035983,141.6589109,113.5557787,131.7608082,352.6425421,349.1396997,313.5357215,1,1,1,1,0,1,1,1,0,1,1,1,0,1,1,0,0,0,ENSMUSG00000017715,ENSG00000087157
Pltp,-0.841881511,0.786733949,-2.074031924,-0.713203175,-1.807149878,1359.760815,1559.150789,693.178722,35.78543446,1390.580947,963.5523832,489.3100662,478.9300832,54922.23881,73454.52744,35641.0311,66968.76757,10591.19488,17751.76367,15835.47848,10678.57663,14623.7493,11977.15833,16248.40547,6430.877177,9118.445695,10584.58425,10070.58318,12631.69071,8145.641391,1997.870759,3474.431129,3339.7943,1,1,1,0,1,1,1,0,1,1,1,0,1,1,1,0,0,0,ENSMUSG00000017754,ENSG00000100979
Vmp1,0.270744246,0.938963423,1.363179442,0.902624166,0.907551347,1910.493634,1637.563401,5000.111095,1906.262566,3097.168981,1828.693166,2222.778147,8133.721379,980.1469179,1196.41877,951.1917385,1102.948452,2940.691603,2401.950509,2531.377576,3006.889465,717.6003614,807.5281194,866.2603999,1496.500756,1839.753515,1134.494698,568.3423774,649.570818,645.8632472,1400.082658,1166.180174,931.7613291,1,1,1,1,0,1,1,1,0,1,1,1,0,1,1,0,0,0,ENSMUSG00000018171,ENSG00000062716
Ro60,-1.2657366,0.347969164,-0.626149875,-0.486797798,-0.619307908,6733.488052,5268.347412,2231.465749,1902.133478,2157.384873,2303.125209,2012.416968,1490.184482,1145.566035,1268.849665,1403.932886,1460.562839,738.7017306,802.0895407,940.8328304,939.652958,1260.078054,991.778531,1016.049078,748.8326738,802.2625774,779.9069379,2548.153662,2985.802293,2444.633566,1642.606339,1701.944419,1849.76247,1,1,1,0,1,1,1,0,1,1,1,0,1,1,1,0,0,0,ENSMUSG00000018199,ENSG00000116747
Pfn1,1.634394529,0.152317738,0.400107728,1.03736724,0.949470825,3357.837296,6179.193921,5154.753706,16725.56152,16277.36029,18792.94355,13406.02293,10819.61306,3146.05517,3926.976269,3768.489619,4162.740933,5200.31903,4524.303183,4750.393654,5323.841965,2213.188211,2393.492188,2489.843979,4964.655814,5075.577784,4525.879999,313.1856644,420.0769716,279.9917174,609.5865505,670.5982468,680.1464554,1,1,1,1,0,1,1,1,0,1,1,1,0,1,1,0,0,0,ENSMUSG00000018293,ENSG00000108518
Srsf1,-0.457077518,0.84719006,0.547322188,0.571546311,0.641015819,771.9166197,455.0731983,1147.610957,414.285222,641.7489886,778.4798218,513.4498737,533.9423225,2135.761778,2234.013166,2700.48486,3309.757639,3418.259919,3106.882501,4278.10307,4366.168265,1604.284679,1403.476819,1510.456465,2222.041589,2352.2836,2138.694682,1866.313482,2003.505103,1711.714071,3249.81733,2668.105941,2791.352505,1,1,1,1,0,1,1,1,0,1,1,1,0,1,1,0,0,0,ENSMUSG00000018379,ENSG00000136450
Shroom1,-0.528530786,0.832561909,-1.906946758,-0.580654884,-0.796979645,838.7170964,1428.22973,580.588049,272.519847,566.8657928,758.6506188,997.7787099,694.1250192,756.7538112,746.9981524,1016.490943,1128.492337,272.8961807,355.1648168,136.1896129,207.2385291,1108.103784,930.9494477,1064.232849,667.3112319,692.2981002,713.8289038,372.9213497,421.6651643,289.4032037,191.3970675,253.595076,178.8824493,1,1,1,0,1,1,1,0,1,1,1,0,1,1,1,0,0,0,ENSMUSG00000018387,ENSG00000164403
6330403K07Rik,#N/A,#N/A,2.396563262,-0.882378981,-1.304990699,#N/A,#N/A,#N/A,#N/A,#N/A,#N/A,#N/A,#N/A,305.3296787,151.8430824,395.4229577,363.0880761,2062.012952,1163.731527,1729.23325,1449.382508,167.0710519,211.5794199,196.924976,136.2572672,100.4023488,77.24615256,124.5915722,102.4384297,109.4085282,53.74849155,21.4305698,61.92084782,1,1,1,1,0,1,1,0,1,1,1,0,1,0,0,0,0,0,ENSMUSG00000018451,#N/A
Chd3,1.313482547,0.523146417,-0.637892897,-0.535967924,-1.053042938,479.4789772,508.9818695,29.84331093,1091.455751,613.2933742,862.9375383,589.3178402,1063.030624,2675.306374,1641.47608,2675.816271,1981.475632,1700.896023,1480.033325,1298.174384,1288.483029,3108.930598,3293.586304,3424.190142,2240.675061,2164.865882,2371.363816,4117.495452,3821.985755,5233.962818,1561.328133,2681.500047,2101.377343,1,1,1,0,1,1,1,0,1,1,1,0,1,1,1,0,0,0,ENSMUSG00000018474,ENSG00000170004
Ikzf1,7.310542566,0.047640867,1.477368805,1.302712461,2.583382123,0,0,0,0,43.43225361,31.57984183,0,88.99038708,65.70385491,98.61073741,70.378031,78.45621746,194.0856458,214.8261354,252.38809,208.5257249,47.30324963,93.44757714,83.79786214,215.4495251,161.5999709,178.6898951,70.82945544,64.32180472,52.93961043,272.6752742,306.2785601,551.3904068,1,1,1,1,0,1,1,1,0,1,1,1,0,0,0,1,1,0,ENSMUSG00000018654,ENSG00000185811
Aatf,0.153787071,0.963567884,0.53336405,0.824403803,1.726264076,1045.056347,515.282883,160.0686677,514.7597111,595.3214072,621.3150276,594.2990703,864.0157582,268.9993118,304.5588262,286.590951,232.6318076,423.4595908,400.5050062,388.5777029,369.425204,223.4323706,260.0663703,203.2098157,455.3554829,407.3466722,356.4491136,80.2164917,130.2318021,116.4671429,360.508175,392.0008393,328.2787805,1,1,1,1,0,1,1,1,0,1,1,1,0,1,1,0,0,0,ENSMUSG00000018697,ENSG00000275700
Zbtb4,-0.337247279,0.915381935,-0.671870979,-0.512285387,-1.001448402,904.0331181,886.3425678,193.981521,580.8251285,592.3260794,589.0007708,659.4382334,195.7788516,3054.069773,3134.599724,3559.532166,3483.091142,2092.596145,2083.489655,2007.859706,2121.298732,3917.11165,3685.889812,3501.703164,2530.658476,2358.97709,2895.334706,1989.198321,2263.968707,2054.056885,740.6804323,1395.665858,1010.390977,1,1,1,0,1,1,1,0,1,1,1,0,1,1,1,0,0,0,ENSMUSG00000018750,ENSG00000174282
Cd68,3.943185351,NA,0.642833182,0.83769971,0.960558563,0,0,0,0,0,0,0,16.18007038,253.5395813,444.1846491,381.6375702,405.9653113,624.6028964,432.8908558,638.4669009,623.0027831,234.5033439,378.1982131,406.4196314,538.0415168,502.9679567,779.9069379,59.73568531,76.23325004,63.52753251,135.0266983,109.8316702,144.4819782,1,1,1,1,0,1,1,1,0,1,1,1,0,0,0,0,0,0,ENSMUSG00000018774,ENSG00000129226
Lsp1,2.072103721,0.646487533,1.463958615,1.676305099,3.77203568,19.29791549,0,0,22.02180582,53.16706907,32.31425675,0,25.8881126,84.25553158,93.37476906,68.92693758,93.96500463,188.2042626,278.5183062,261.1342119,208.5257249,89.57423865,146.3424321,181.2128769,524.0664125,341.3679858,468.130298,38.40151199,69.8804792,43.52812413,507.3333227,772.3934534,806.9367628,1,1,1,1,0,1,1,1,0,1,1,1,0,0,0,0,0,0,ENSMUSG00000018819,ENSG00000130592
Rars1,-0.002601133,0.999682704,1.299826555,1.036745481,1.357604523,1251.395597,592.2952705,1958.806408,988.2285362,1457.975824,1625.994647,1400.875178,851.0717019,1014.931312,1185.946833,1115.165295,1307.29953,2524.289672,2455.926925,3099.875501,3301.657311,806.1681479,818.1070904,847.4058809,1877.322349,1753.694359,1441.617956,333.6664708,424.8415497,405.8703466,1283.409103,830.4345799,872.7890931,1,1,1,1,0,1,1,1,0,1,1,1,0,1,1,0,0,0,ENSMUSG00000018848,ENSG00000113643
Ccl6,#N/A,#N/A,2.982730629,2.399590147,4.013058425,#N/A,#N/A,#N/A,#N/A,#N/A,#N/A,#N/A,#N/A,96.62331604,143.9891299,146.5604357,89.40359664,665.7725789,837.7139752,1371.891697,895.8882996,140.9032968,177.1977642,270.2481054,1138.971003,960.0376969,1002.33863,11.09377013,32.55795054,25.88158732,329.0456434,508.0830924,283.0667329,1,1,1,1,0,1,1,1,0,1,1,1,0,0,0,0,0,0,ENSMUSG00000018927,#N/A
Ccl9,#N/A,#N/A,4.425744094,2.133628987,2.352581636,#N/A,#N/A,#N/A,#N/A,#N/A,#N/A,#N/A,#N/A,49.47113781,70.68557284,87.06560536,46.52636151,978.6621654,1137.822848,1697.9971,1655.333841,116.7484459,144.5792703,469.268028,1223.986221,917.0081189,1063.763282,39.25487892,64.32180472,58.82178937,230.725232,365.2126271,230.9745911,1,1,1,1,0,1,1,1,0,1,1,1,0,0,0,0,0,0,ENSMUSG00000019122,#N/A
Scrn1,-0.601718577,0.789865296,-0.854421514,-0.718474652,-1.636349133,1178.6573,660.9063065,310.6417365,628.9978288,441.8108557,381.1613467,459.8058571,449.8059565,698.0068351,397.0609338,462.1732551,302.8774906,336.4151194,290.3931177,208.6574803,193.0793749,357.2905025,340.2902337,374.9954331,189.8285005,225.6662315,234.5304873,621.2511272,487.5751617,930.5607078,225.4814767,233.950387,195.5912495,1,1,1,0,1,1,1,0,1,1,1,0,1,1,1,0,0,0,ENSMUSG00000019124,ENSG00000136193
Atp6v0a1,0.170940452,0.958312312,-0.633317332,-0.360850011,-0.916488601,1172.71948,722.5162164,297.0765951,953.8194646,533.9171866,594.8760903,858.3042666,1173.055102,2325.916464,2271.537606,2310.866276,2335.440892,1520.925697,1754.233518,1350.651115,1330.960491,2226.272089,2047.030888,2283.491743,1654.885271,1669.547628,1779.453538,3237.674144,3185.120478,3542.248156,1388.284209,2151.093444,1735.74948,1,1,1,0,1,1,1,0,1,1,1,0,1,1,1,0,0,0,ENSMUSG00000019302,ENSG00000033627
Akt3,-0.313208344,0.939778559,1.413763093,-0.445717617,-0.607636632,665.035857,2276.066104,794.917282,1402.513758,965.9932268,903.3303593,1679.824065,59.8662604,2396.258238,2642.418698,2093.202262,2568.984981,5917.847781,5263.780081,7464.190344,7199.286293,2071.278462,1643.266828,1778.609624,1283.380415,1320.52994,1427.657808,3915.247489,4504.908619,4312.813596,2691.357394,3051.177376,2612.470056,1,1,1,1,0,1,1,0,1,1,1,0,1,1,1,0,0,0,ENSMUSG00000019699,ENSG00000117020
Mrpl24,0.518032583,0.84719006,0.387185939,0.382575813,0.842177736,455.7276966,1100.577027,2063.257996,1898.004389,1425.027217,1607.634274,989.3489358,2719.86983,544.1825159,666.7133043,527.4724591,629.4743028,786.9290729,726.5225584,824.6343534,756.8711497,440.8260284,455.7773338,425.2741504,579.9668298,576.5963458,567.7126875,110.9377013,132.6140912,102.3499135,242.5236814,192.8751282,187.7282847,1,1,1,1,0,1,1,1,0,1,1,1,0,1,1,0,0,0,ENSMUSG00000019710,ENSG00000143314
Aig1,-0.963352988,0.598219845,1.190737744,0.917194685,1.610328638,1615.087081,851.3369372,3099.634794,821.6886297,1122.499106,1049.47893,1285.157371,477.3120761,750.569919,915.4218013,788.6692752,858.456984,1853.811986,1894.572199,2020.354166,1790.489403,559.5873786,610.9355751,666.193004,1119.172939,1427.625778,921.3697715,335.3732047,412.136008,302.3439973,1515.445274,758.9993472,938.6414233,1,1,1,1,0,1,1,1,0,1,1,1,0,1,1,0,0,0,ENSMUSG00000019806,ENSG00000146416
Ltv1,0.81800973,0.680297913,1.364700203,1.364220708,0.683117743,250.8729014,158.9255631,82.74736212,433.5543021,342.2162051,176.2595823,178.5579412,317.1293794,332.3842072,449.4206174,390.3441307,473.4741495,992.7774851,903.5652027,1080.770781,1258.877524,243.561413,310.3164826,299.5773571,826.8603397,711.4223571,661.7110177,156.1661487,209.6414376,218.8170564,343.4659704,353.6044018,240.8032971,1,1,1,1,0,1,1,1,0,1,1,1,0,1,1,0,0,0,ENSMUSG00000019814,ENSG00000135521
Utrn,-0.923405389,0.68802523,-0.709117744,-0.855264361,-0.939451881,4024.357608,5978.961714,1070.289651,2343.945957,2337.104543,2002.749504,2568.015712,478.9300832,13062.69934,11136.03204,13188.98812,11241.13385,7188.226554,7087.103412,6959.414164,8513.513238,16340.75662,12809.37072,14770.42068,7847.021083,7735.76192,8693.449531,33433.2097,40485.41444,37649.4745,14963.05567,22826.23566,20381.78764,1,1,1,0,1,1,1,0,1,1,1,0,1,1,1,0,0,0,ENSMUSG00000019820,ENSG00000152818
Rab32,-0.279524403,0.951228646,1.314219066,1.168327066,2.510135405,476.5100672,1015.163289,4602.652454,3168.387313,1296.976953,1996.874184,1821.214366,84.13636596,162.3271709,196.3488134,112.4597403,92.14044143,276.4250107,277.4387779,444.8027724,402.8922957,72.46455262,95.21073897,107.8897475,207.2973809,193.1549948,218.7089862,15.36060479,35.73433596,11.76435787,112.7407384,85.72227922,166.1051315,1,1,1,1,0,1,1,1,0,1,1,1,0,1,1,0,0,0,ENSMUSG00000019832,ENSG00000118508
Tnfaip3,0.835369756,0.794141729,4.760763251,0.824360373,1.838254499,1321.164984,754.021284,301.1461375,312.4343701,3629.588504,486.9170961,442.1799659,2195.63555,357.8927626,389.2069813,194.4465186,220.7721468,7103.534636,4783.38998,8627.424561,10991.36522,331.1227474,311.1980635,409.5620512,737.1867536,682.7359717,443.0020315,193.7142938,206.4650522,178.8182397,610.8974893,674.1700084,787.2793508,1,1,1,1,0,1,1,1,0,1,1,1,0,1,1,0,0,0,ENSMUSG00000019850,ENSG00000118503
Perp,-1.744800849,0.217566804,0.516279354,-0.777631164,-1.267765441,8828.05411,6150.489304,16210.34389,3999.710482,1019.909128,3297.523019,2690.630607,4502.913586,1486.453094,2091.769359,1881.342622,1864.703587,2269.037641,2620.015229,2999.919822,2585.976428,2048.130064,2164.28115,2085.519294,1163.427436,795.5690875,1714.306181,1124.737618,1459.5491,1041.145672,377.5503797,640.2382729,485.5380765,1,1,1,1,0,1,1,0,1,1,1,0,1,1,1,0,0,0,ENSMUSG00000019851,ENSG00000112378
Smpdl3a,-0.137409442,0.971765452,-2.287860897,-0.473598827,-0.840149689,363.6914843,200.9323199,404.2412117,403.2743191,495.7267567,284.2185765,249.827849,33.97814779,5283.362921,6361.701555,3743.095484,4982.88209,776.3425831,1353.728512,1228.205408,812.2205705,2512.104491,2455.202852,2437.470315,1637.416391,1658.073074,2035.389586,792.7778808,976.7385161,677.6270135,346.087848,526.834841,492.4181708,1,1,1,0,1,1,1,0,1,1,1,0,1,1,1,0,0,0,ENSMUSG00000019872,ENSG00000172594
Ppp1r12a,0.444013741,0.880257679,0.582377695,-0.411493428,-0.534029335,1405.778921,1340.015541,240.1030016,1874.606221,1629.458342,1144.218455,1306.614977,815.475547,1882.995183,1836.952232,2564.082078,2017.054614,2992.447775,2648.082965,2998.670376,3793.366119,2936.827285,2590.966313,2811.418275,2053.175745,1895.21386,2320.176606,7590.698869,9052.698442,7645.656182,4242.198016,6748.843607,5780.262,1,1,1,1,0,1,1,0,1,1,1,0,1,1,1,0,0,0,ENSMUSG00000019907,ENSG00000058272
Rhobtb1,-1.854371439,0.128980246,-0.934681664,-0.829366701,-0.566402923,2608.187502,2867.661262,1741.764147,820.3122668,483.7454453,687.412371,994.7133375,339.7814779,1320.26099,1345.643868,1342.986963,1262.597732,706.9422613,874.4179381,704.6875383,469.826479,1697.884726,1458.134836,1527.216037,871.1148368,918.9205445,845.0542955,754.3763688,799.655029,791.7412849,436.5426265,618.8077031,525.8357712,1,1,1,0,1,1,1,0,1,1,1,0,1,1,1,0,0,0,ENSMUSG00000019944,ENSG00000072422
Kitl,#N/A,#N/A,-1.271159536,-0.615142414,-0.874942801,#N/A,#N/A,#N/A,#N/A,#N/A,#N/A,#N/A,#N/A,9403.381117,11338.48948,10501.5631,13246.32881,3872.302703,3792.382983,5585.023575,5184.824815,8161.320239,4726.155293,7633.985241,3957.28371,5406.427429,4032.621434,8377.503181,9691.151911,7275.078909,3643.098976,5844.294974,4329.544994,1,1,1,0,1,1,1,0,1,1,1,0,1,0,0,0,0,0,ENSMUSG00000019966,#N/A
Pde7b,0.283591012,0.94427825,-0.710358536,-0.614297314,-0.705467536,130.6320433,594.3956083,644.3442132,407.4034077,850.6731051,735.1493412,734.1566851,50.15821817,516.3550009,620.4622505,363.4989024,652.2813428,356.4118223,302.2679292,357.3415531,298.6294332,581.7293252,722.8963515,687.1424695,457.6846669,441.7703346,402.9829405,835.4462274,950.5333364,1049.380722,469.3160969,581.3042059,685.0608084,1,1,1,0,1,1,1,0,1,1,1,0,1,1,1,0,0,0,ENSMUSG00000019990,ENSG00000171408
Nuak1,1.186139652,0.595286808,-0.9453168,-0.686040268,-0.920649694,570.0307345,532.0855858,267.2332842,1259.37202,1615.230535,869.5472727,1361.025337,87.37238004,2029.862623,1808.154406,1806.611311,1403.089098,856.3293947,751.3517097,1159.485879,894.6011038,1402.994255,1438.740056,1034.903597,664.9820478,650.224735,1093.544931,1326.132214,1779.569931,1211.728861,579.4349577,805.4322485,894.4122463,1,1,1,0,1,1,1,0,1,1,1,0,1,1,1,0,0,0,ENSMUSG00000020032,ENSG00000074590
Tcp11l2,-1.759669553,0.251921301,-0.394291419,-0.624181803,-0.943690493,154.3833239,550.9886263,435.4410367,206.4544296,36.69276598,88.86420607,118.7831797,111.6424856,1418.430279,1758.412707,1165.953565,1234.317003,1042.181104,1193.95832,969.5700882,1036.192645,1083.948933,1494.279653,1458.082801,802.4039071,868.2412637,947.4287145,442.0440713,503.4570888,383.5180667,220.2377215,252.7021356,218.1972733,1,1,1,0,1,1,1,0,1,1,1,0,1,1,1,0,0,0,ENSMUSG00000020034,ENSG00000166046
Timp3,-0.030876097,0.994522818,0.698410048,-0.834496035,-1.213118209,28121.51624,26345.23762,7627.67897,43632.07915,18747.00809,13323.75559,25427.2639,168.2727319,15069.37237,17965.4801,26512.20238,24137.14653,28025.96725,36893.95982,32320.66887,38555.37678,25401.84505,18300.73824,32499.95336,13357.87056,12806.55864,16566.97303,27073.91932,30421.83134,20260.57713,8605.002403,13521.79661,11410.1448,1,1,1,1,0,1,1,0,1,1,1,0,1,1,1,0,0,0,ENSMUSG00000020044,ENSG00000100234
Igf1,3.739310929,NA,-1.283127677,-0.81884422,-1.030469136,0,0,0,0,0,0,5.747573214,8.090035189,149.9593865,195.476152,131.3239547,158.7369981,36.46457587,70.16934071,79.96454336,74.6573583,87.56133442,126.066071,94.27259491,41.925313,63.1100478,68.87006373,332.8131039,420.8710679,262.3451806,128.4720042,190.196307,177.8995787,1,1,1,0,1,1,1,0,1,1,1,0,1,0,0,0,0,0,ENSMUSG00000020053,ENSG00000017427
Ddx21,1.786444926,0.182181868,1.376214659,1.035282945,0.798378077,682.8493174,892.6435814,306.5721941,2544.894935,2635.139663,1368.949423,1157.561245,3117.899562,1120.830466,1285.430232,1401.0307,1738.808726,3448.843112,3052.906085,3553.424395,4340.424348,1184.594145,1202.47637,1394.186931,3045.408153,2511.014932,2194.535274,715.1214899,871.123701,767.0361333,1440.721761,1454.599925,1199.102132,1,1,1,1,0,1,1,1,0,1,1,1,0,1,1,0,0,0,ENSMUSG00000020075,ENSG00000165732
Ppa1,-1.319318974,0.360329658,3.799598897,1.593034048,1.274063651,10204.14393,9399.011827,23786.47532,9509.291026,5857.363581,5068.197406,5162.087089,3381.634709,210.2523357,333.3566521,282.2376707,250.8774395,3587.643755,2961.146178,4071.944481,4368.742657,170.0904082,193.9478016,180.1654036,611.4108146,539.3040449,494.1892411,232.9691727,219.9646902,244.6986438,684.3100631,543.8007088,459.9834409,1,1,1,1,0,1,1,1,0,1,1,1,0,1,1,0,0,0,ENSMUSG00000020089,ENSG00000180817
Eif4ebp2,-0.705002013,0.755589204,-0.424694806,-0.344877116,-0.657974008,1978.778565,6711.279507,6044.626977,2507.733138,2443.438681,3919.572461,4643.272813,1550.050742,3368.67529,4363.306965,3463.034453,3519.582406,2796.009576,2694.502683,2756.277854,2714.696011,3455.150127,3611.837015,3334.10744,2686.713808,2462.248077,3040.520246,1332.959149,1704.924873,1285.844316,827.2023943,893.8333489,1019.236813,1,1,1,0,1,1,1,0,1,1,1,0,1,1,1,0,0,0,ENSMUSG00000020091,ENSG00000148730
Sgpl1,-1.66015998,0.222793093,0.693000695,0.516539968,0.727855249,2345.43896,1094.276014,1006.533487,211.959881,358.6905082,685.9435411,511.534016,576.0105054,713.4665656,959.054871,687.8182823,855.7201392,1202.154727,1114.073225,1405.626739,1476.41362,637.0841918,726.4226751,826.4564153,1127.325083,1066.177323,939.9833022,530.7942323,644.0121436,521.1610538,977.9603584,895.6192297,938.6414233,1,1,1,1,0,1,1,1,0,1,1,1,0,1,1,0,0,0,ENSMUSG00000020097,ENSG00000166224
Unc5b,-0.12921374,NA,-2.757814985,-0.567421137,-0.673471873,540.3416338,6422.132998,116.6602154,2799.522065,3121.131604,2242.903185,2424.326381,200.6328727,2960.538403,3514.20743,1956.79948,2582.669205,471.6869331,454.4814221,306.1142675,395.1691207,2122.60752,1869.833124,1903.258944,1395.181249,1419.976076,1164.276348,790.21778,872.7118937,769.3890049,389.348829,577.7324443,555.3218892,1,1,1,0,1,1,1,0,1,1,1,0,1,1,1,0,0,0,ENSMUSG00000020099,ENSG00000107731
Pno1,-0.183199638,0.959491189,1.298460096,1.609427906,0.884789913,423.0696858,173.627928,1326.670822,495.490631,689.674234,478.8385319,722.6615387,435.2438932,298.3727999,378.7350446,352.6157017,413.263564,789.2816262,748.1131248,1012.051252,998.8639663,210.348493,251.2505612,251.3935864,770.9599224,827.1241114,578.8808059,108.3776005,131.8199949,102.3499135,235.9689873,251.8091952,146.4477194,1,1,1,1,0,1,1,1,0,1,1,1,0,1,1,0,0,0,ENSMUSG00000020116,ENSG00000115946
Plek,-0.562099601,NA,2.67743259,1.073871416,1.786499011,23.75128061,42.00675677,28.48679679,0,85.3668433,0.734414926,11.87831797,8.090035189,238.8528372,408.4055319,221.291747,166.9475325,1116.286532,1298.672567,1661.763167,2547.360553,185.18719,275.0532459,580.3001953,770.9599224,555.5596632,862.7371497,211.6349994,353.3728778,225.8756712,749.857004,924.1933228,1058.551637,1,1,1,1,0,1,1,1,0,1,1,1,0,1,0,0,0,0,ENSMUSG00000020120,ENSG00000115956
Ptprr,-0.869763591,0.711345719,-2.479451098,-0.809676561,-1.382523296,282.0464572,142.822973,191.2684928,116.9908434,50.17174124,71.23824785,51.72815892,273.4431894,3612.939033,4199.246623,3507.292803,3322.529581,601.0773636,837.7139752,471.0411382,714.3936872,1561.007238,1464.305902,1803.748983,749.9972659,781.2258948,1221.978293,588.8231838,755.9797295,571.7477926,180.9095569,286.6338711,265.3750621,1,1,1,0,1,1,1,0,1,1,1,0,1,1,1,0,0,0,ENSMUSG00000020151,ENSG00000153233
Ptprb,-1.126256849,0.660781526,-3.761484395,-0.578212263,-1.036847998,6184.239688,8036.592683,2753.72369,3673.512484,2944.407262,2028.454026,4186.9155,126.2045489,32469.29912,31348.61522,33773.47387,30766.6969,2122.003061,3363.810241,1859.175633,2117.437145,39107.71002,32607.91494,35520.86629,21840.75889,22801.85151,27181.33894,54018.12686,70963.62663,51522.00531,20227.78597,33236.13494,32559.55438,1,1,1,0,1,1,1,0,1,1,1,0,1,1,1,0,0,0,ENSMUSG00000020154,ENSG00000127329
Phlda1,1.842682805,0.275136917,1.948290488,0.595785468,1.733482771,285.0153673,91.01463967,189.9119786,134.8835607,710.6415288,785.8239711,337.1909619,1412.520144,209.4793492,212.0567185,207.5063594,239.9300604,883.3837575,443.6861389,773.4070678,1253.728741,224.4388227,300.6190925,400.1347917,485.6348756,421.6898649,490.4665349,145.0723786,147.7019219,110.584964,724.9491665,224.1280425,398.0625931,1,1,1,1,0,1,1,1,0,1,1,1,0,1,1,0,0,0,ENSMUSG00000020205,ENSG00000139289
Vps13d,0.954600888,0.524985179,-0.804710814,-0.475738671,-0.567474496,336.9712936,246.4396397,176.3468373,447.3179307,366.9276598,416.4132632,523.0291624,700.5970474,1671.969861,1811.645052,1672.38517,1484.28216,1001.011422,1002.881808,859.6188411,937.0785663,2325.910849,1734.069663,2073.997088,1374.218593,1564.364215,1470.468928,4118.348819,4160.270802,4452.809455,2349.202362,3275.305418,2962.371989,1,1,1,0,1,1,1,0,1,1,1,0,1,1,1,0,0,0,ENSMUSG00000020220,ENSG00000048707
Ncln,0.995995188,0.494489513,0.294533826,0.672935324,0.848873389,853.5616468,872.3403156,400.1716693,1369.48105,1366.618325,1887.44636,1258.335362,1185.999159,844.8742754,998.3246336,933.0530708,842.0359153,1118.639086,1133.504735,1123.251945,1061.936562,844.4133284,841.9097752,775.1302248,1412.65013,1397.026967,1116.811844,262.8370154,293.0215548,252.9336943,557.1489978,430.3972769,472.7607587,1,1,1,1,0,1,1,1,0,1,1,1,0,1,1,0,0,0,ENSMUSG00000020238,ENSG00000125912
Txnrd1,0.23549338,0.929811634,2.104266971,0.933583473,1.042956237,1303.351523,1260.902816,2021.206058,1640.624534,2674.078925,1288.898196,1671.777462,1721.559488,1041.212854,1248.778453,1081.790147,995.2992238,4406.332298,3837.723173,4706.663044,5828.422731,1157.419938,1265.068615,1331.338535,2662.257375,2642.972305,1866.006456,529.9408654,640.0416618,725.8608808,1449.898333,1280.476546,1173.547497,1,1,1,1,0,1,1,1,0,1,1,1,0,1,1,0,0,0,ENSMUSG00000020250,ENSG00000198431
Cpeb4,0.150768936,0.961683335,0.863047812,-0.50348077,-0.817959311,823.872546,422.1679055,434.0845226,461.0815594,898.5983505,306.9854392,596.9812711,844.5996737,714.2395522,643.1514467,770.5306074,690.5971699,1111.581426,972.655015,1490.589066,1554.932566,767.9229673,659.4225255,682.9525764,485.6348756,478.1064228,523.9708903,2077.948482,2271.115574,2143.466004,1120.85269,1207.255432,1353.412817,1,1,1,1,0,1,1,0,1,1,1,0,1,1,1,0,0,0,ENSMUSG00000020300,ENSG00000113742
Sptbn1,-0.522138816,0.86555732,-0.708050777,-0.559157198,-1.001323815,17479.45807,25771.14528,5573.916573,14571.55364,13755.29425,9918.273579,15947.59981,2470.696747,43957.4249,36638.68859,44181.44144,40252.60096,27440.18148,24046.4933,22215.1497,27322.01875,56839.38346,48605.96383,48414.21485,34711.82998,34976.35346,34735.64039,80845.42313,86558.09084,95328.94472,38444.59178,52010.20703,40787.16417,1,1,1,0,1,1,1,0,1,1,1,0,1,1,1,0,0,0,ENSMUSG00000020315,ENSG00000115306
Nudcd2,-0.578713362,0.818520912,-0.591423904,0.550154697,1.306016954,884.7352026,1126.481194,2888.018589,1142.381177,1007.927816,1501.144109,1329.222099,485.4021113,380.3093719,475.6004592,351.890155,398.6670585,255.2520311,273.1206646,296.1186996,240.7056207,285.832402,318.2507108,265.010739,433.2282343,448.4638245,392.7454986,149.3392133,184.2303543,170.5831892,542.7286708,371.4632099,335.1588747,1,1,1,0,1,1,1,1,0,1,1,1,0,1,1,0,0,0,ENSMUSG00000020328,ENSG00000170584
Hcn2,2.747517386,NA,-1.191987528,-1.093711075,-1.6089411,0,0,0,0,2.246495876,0,0,4.854021113,1358.13733,1130.096504,1036.80625,848.4218864,554.026298,557.0366124,418.5644066,383.5843582,705.5229359,625.0408697,662.0031109,265.5269823,332.7620702,333.1822002,365.2410473,354.1669741,550.5719485,117.9844936,140.1916441,156.2764254,1,1,1,0,1,1,1,0,1,1,1,0,1,0,0,0,0,0,ENSMUSG00000020331,ENSG00000099822
Cyfip2,0.375227026,0.911401979,0.640729579,-1.006697238,-1.352533822,237.5128061,56.70912164,44.76496639,180.3035352,226.8960835,121.1784628,54.7935313,148.8566475,748.2509594,396.1882724,864.8516799,457.0530808,1125.696746,944.5872788,943.3317224,834.1028997,542.4776925,637.3830026,545.7335772,295.8063751,282.0827894,281.9949907,2147.071203,1678.719694,3590.482023,1153.62616,825.9698779,924.8812349,1,1,1,1,0,1,1,0,1,1,1,0,1,1,1,0,0,0,ENSMUSG00000020340,ENSG00000055163
Hnrnpab,2.046732351,0.156026624,0.812434168,0.621210039,0.855112551,84.61393716,164.526464,453.0757204,1322.684712,903.8401742,1205.174894,981.6855049,420.6818298,2509.887257,3160.779566,2861.556229,3457.547258,5337.943397,4780.151395,5067.752935,5868.325802,2175.949483,2164.28115,2434.327895,3526.38466,3679.50703,3213.626082,955.770965,1230.84935,1172.90648,2309.874198,2048.405297,1720.023551,1,1,1,1,0,1,1,1,0,1,1,1,0,1,1,0,0,0,ENSMUSG00000020358,ENSG00000197451
Havcr2,0.237027038,0.979254075,0.894589568,1.404549615,3.013141009,0,46.20743245,0,0,44.18108557,38.92399109,0,8.090035189,13.91375751,16.58056647,22.49194805,15.50878717,39.9934058,25.90867965,36.23393371,25.74391666,19.12259027,35.26323666,40.85145779,100.1549144,66.93489919,85.62224139,25.60100799,17.4701198,23.52871575,167.8001687,161.6222139,205.4199555,1,1,1,1,0,1,1,1,0,1,1,1,0,0,0,0,0,0,ENSMUSG00000020399,ENSG00000135077
Upp1,2.145606095,0.113693777,8.101408178,3.859169444,3.889008524,675.4270422,755.4215092,1847.572249,4492.448388,8747.854942,5262.817361,3734.773074,1936.754424,30.91946113,29.67048736,128.4217679,27.36844795,14221.18459,11495.89706,15558.10147,18305.21194,66.4258399,52.01327407,133.0291061,1084.235178,1858.877772,701.7301088,23.89427412,36.52843231,21.17584417,393.2816455,450.0419659,383.3195341,1,1,1,1,0,1,1,1,0,1,1,1,0,1,1,0,0,0,ENSMUSG00000020407,ENSG00000183696
Myo1g,7.249634286,0.059396492,2.474103603,2.40712708,3.756025287,0,0,0,0,0,28.64218212,4.214887023,124.5865419,20.87063626,29.67048736,18.13866778,10.03509758,88.22074808,168.4064177,76.21620539,104.2628625,17.10968604,38.78956032,27.23430519,196.8160527,99.44613593,147.9775694,11.94713706,23.82289064,15.29366523,156.0017194,205.376294,333.1931335,1,1,1,1,0,1,1,1,0,1,1,1,0,0,0,0,0,0,ENSMUSG00000020437,ENSG00000136286
Pnpt1,-0.458753488,0.86318279,1.902694345,0.653944741,1.001302199,972.3180498,570.5917795,420.5193813,591.8360314,710.6415288,218.855648,309.985782,550.1223928,299.918773,356.9185098,301.1018852,376.7723001,1023.360678,879.8155796,1581.798623,1504.731929,303.9485402,264.4742749,274.4379985,455.3554829,477.1502099,393.6761751,451.4311076,485.986969,544.6897695,1202.130896,826.8628183,938.6414233,1,1,1,1,0,1,1,1,0,1,1,1,0,1,1,0,0,0,ENSMUSG00000020464,ENSG00000138035
Shmt1,-0.086954439,0.98001409,1.56309894,1.368221712,2.161832761,378.5360347,203.0326577,176.3468373,198.1962524,102.5899783,242.3569257,137.5585856,509.6722169,15.45973057,20.94387343,19.58976121,29.19301115,58.81383206,41.02207611,59.97340752,91.39090413,19.12259027,37.90797941,28.28177847,80.35684992,67.89111203,73.52344641,34.13467732,41.29301044,28.2344589,196.6408227,138.4057633,133.6704016,1,1,1,1,0,1,1,1,0,1,1,1,0,1,1,0,0,0,ENSMUSG00000020534,ENSG00000176974
Tspan13,3.61388511,0.009944543,-2.39304889,-0.673942847,-0.585532958,46.01810617,165.9266892,580.588049,2528.378581,1851.861434,2546.216549,2628.556816,6614.41277,13382.71576,17457.59117,9000.406954,16314.33182,2373.726262,3594.829301,2665.068297,2055.651745,5925.990081,5078.787659,5482.47513,3246.882573,3177.495286,3907.910778,4244.647125,4935.308844,4376.341129,2982.385812,3259.232491,2792.335375,1,1,1,0,1,1,1,0,1,1,1,0,1,1,1,1,1,0,ENSMUSG00000020577,ENSG00000106537
Snx13,0.118383511,0.967471365,-0.33144871,-0.526129274,-0.750880643,567.0618245,615.3989867,382.5369855,747.3650351,414.1040732,379.6925169,653.6906602,637.4947729,1413.019374,1492.250982,1505.509426,1771.650864,1085.70334,1315.94502,1263.189896,1247.292762,1801.549294,1526.898147,1679.099663,1140.135595,1225.864868,1110.297108,2306.65082,2705.48628,2274.050377,1415.813924,1593.005689,1320.978087,1,1,1,0,1,1,1,0,1,1,1,0,1,1,1,0,0,0,ENSMUSG00000020590,ENSG00000071189
Ntsr2,0.688532535,NA,0.84648748,-1.329364505,-1.930369012,0,0,0,0,0,0,0.383171548,1.618007038,864.9719252,480.8364276,632.6767323,411.4390008,1182.158024,1055.778696,1023.296266,1038.767037,636.0777397,535.1196163,802.36453,248.0581019,293.5573436,242.9065761,292.704858,139.7609584,287.0503321,70.79069619,43.75408002,74.69816562,1,1,1,1,0,1,1,0,1,1,1,0,1,0,0,0,0,0,ENSMUSG00000020591,ENSG00000169006
Lpin1,-0.07730896,0.98183364,0.701832409,-0.909643899,-0.760582149,403.7717703,429.8691443,210.2596906,192.6908009,315.2582546,113.0998986,377.0408028,652.0568362,404.2719543,457.27457,410.6594386,614.8777973,841.0377984,962.9392602,575.9946014,686.0753789,566.6325434,588.0144712,942.7259491,376.163225,344.2366244,395.5375282,727.9219939,676.5700941,652.921862,321.1800105,486.6525226,403.9598167,1,1,1,1,0,1,1,0,1,1,1,0,1,1,1,0,0,0,ENSMUSG00000020593,ENSG00000134324
Mboat2,-1.036874305,0.50119183,0.502443756,-0.988119946,-1.333484592,1077.714357,565.6909912,709.4568916,345.4670788,194.6963093,406.8658691,404.6291542,559.8304351,406.5909139,346.446573,362.7733557,332.0705018,666.9488555,470.6743469,424.8116366,489.1344165,289.8582105,352.6323666,340.4288149,146.7385955,167.337248,180.5512482,741.5758648,549.5146774,691.7442429,291.0284177,217.8774597,279.1352505,1,1,1,1,0,1,1,0,1,1,1,0,1,1,1,0,0,0,ENSMUSG00000020646,ENSG00000143797
Ncoa1,-0.377936229,0.926454779,-0.801140224,-0.571950405,-0.774900844,1551.255515,1624.961374,147.8600405,1145.133903,846.1801134,688.1467859,1471.761914,111.6424856,893.5724267,795.8671905,895.3246418,883.0885872,555.2025746,485.7877434,502.277288,446.656954,1097.03281,1042.028643,825.4089421,652.1715355,597.6330284,744.5412295,1669.185721,1559.60524,1925.825384,856.0430483,1111.710809,1040.859966,1,1,1,0,1,1,1,0,1,1,1,0,1,1,1,0,0,0,ENSMUSG00000020647,ENSG00000084676
Klf11,-0.7142799,0.720904289,-0.898683408,-0.407983551,-0.921723812,1135.608104,728.81723,416.4498389,456.9524708,520.4382113,600.0169947,494.2912964,244.3190627,1278.519718,1515.81284,1103.556548,1987.861603,789.2816262,759.9879363,797.1465416,809.6461788,1002.426311,833.9755469,886.1623921,677.7925602,646.3998836,726.8583753,472.7652809,566.1907008,424.6933192,192.7080063,331.2808916,246.7005207,1,1,1,0,1,1,1,0,1,1,1,0,1,1,1,0,0,0,ENSMUSG00000020653,ENSG00000172059
Efr3b,-3.209163612,0.097136795,-2.712108329,-0.932969665,-1.242244538,10930.04244,1984.119145,606.3618175,52.30178883,1000.439497,646.2851351,626.4854803,110.0244786,5750.246784,6949.002673,4079.749158,5205.4788,830.4513086,1023.392846,764.6609459,734.9888205,4496.828071,3513.099952,3180.128868,1764.356922,1937.287225,2158.238889,3718.119727,3737.017445,3624.598661,1084.146403,1804.632566,1790.790234,1,1,1,0,1,1,1,0,1,1,1,0,1,1,1,0,0,0,ENSMUSG00000020658,ENSG00000084710
Ccl11,1.031880449,NA,5.918112827,4.272731949,4.426305166,0,0,0,0,0,0,0,3.236014076,14.68674404,17.45322786,21.04085463,17.33335037,629.308003,559.195669,1378.138927,1704.247283,27.17420723,39.67114124,59.70597677,828.0249317,1291.843554,324.8061114,5.120201598,11.91144532,4.705743149,275.2971518,87.50816003,118.9273426,1,1,1,1,0,1,1,1,0,0,1,1,0,0,0,0,0,0,ENSMUSG00000020676,ENSG00000172156
Itgb3,5.080181081,0.002448261,2.054042658,1.237434513,1.669083327,2.968910076,30.80495496,2.713028266,360.6070703,1014.667304,395.8496452,300.4064933,27.50611964,197.1115647,203.3301046,198.0742522,142.3159293,636.3656628,669.3075575,797.1465416,978.2688329,222.4259185,234.5005238,231.4915942,464.6722191,696.1229515,461.6155623,248.3297775,282.6983022,221.169928,909.7915399,634.8806304,854.1145517,1,1,1,1,0,1,1,1,0,1,1,1,0,0,1,1,1,0,ENSMUSG00000020689,ENSG00000259207
Mettl2,#N/A,#N/A,0.808878664,0.548311397,1.127669968,#N/A,#N/A,#N/A,#N/A,#N/A,#N/A,#N/A,#N/A,136.045629,160.5696963,123.3429409,156.0001533,234.0790516,243.9734,292.3703617,236.8440332,146.9420095,144.5792703,122.5543734,207.2973809,207.4981875,191.7193666,77.6563909,66.70409378,52.93961043,158.623597,116.9751935,158.2421666,1,1,1,1,0,1,1,1,0,1,1,1,0,0,0,0,0,0,ENSMUSG00000020691,#N/A
Nle1,0.878678703,0.723173469,0.975245826,1.292946316,1.82871059,44.53365114,49.70799551,313.3547647,130.7544721,342.2162051,251.1699048,262.8556816,260.4991331,86.57449117,95.99275323,78.35904482,76.63165426,179.9703261,158.6906628,159.9290867,164.7610666,90.58069077,89.92125347,96.36754146,255.0456541,235.22836,188.927337,25.60100799,41.29301044,29.41089468,144.20327,97.33050453,103.201413,1,1,1,1,0,1,1,1,0,1,1,1,0,1,1,0,0,0,ENSMUSG00000020692,ENSG00000073536
Ftsj3,0.081557424,0.986555428,1.31286373,1.144270363,1.70987055,1211.315311,603.4970723,5.426056532,865.7322414,538.4101783,787.2928009,752.932091,265.3531542,388.0392372,493.0536871,499.9016841,649.544498,1329.192604,1100.039357,1245.697652,1367.001974,428.748603,506.9090269,527.9265315,1205.352749,1079.564303,952.0820972,238.0893743,242.1993881,242.3457722,845.5555378,937.5874289,580.8765248,1,1,1,1,0,1,1,1,0,1,1,1,0,0,1,0,0,0,ENSMUSG00000020706,ENSG00000108592
Adap2,2.197106226,0.398325774,0.674709054,-0.648852086,-0.569014143,34.14246587,5.600900903,0,31.65634587,168.4871907,8.812979115,38.7003263,53.39423225,142.2295212,152.7157438,237.2537746,195.228262,316.4184165,260.1663248,248.639752,337.2453082,603.8712718,655.0146209,632.6738591,393.6321054,280.1703637,532.3469791,500.0730227,521.7213049,551.7483842,310.6924999,338.4244148,409.8570403,1,1,1,1,0,1,1,0,1,1,1,0,1,0,0,0,0,0,ENSMUSG00000020709,ENSG00000184060
Jpt1,0.643625504,0.762660096,1.06479118,1.169991025,1.388784331,838.7170964,1012.362838,1789.242142,2491.216784,1696.853218,2832.63837,1263.316592,1194.089194,450.651146,599.518377,460.7221617,450.6671096,1058.648977,852.8273717,1025.795158,1166.199425,261.6775511,373.7903086,377.0903796,789.5933948,867.2850509,622.6226032,139.952177,169.9366199,122.3493219,395.9035231,375.927912,364.6449927,1,1,1,1,0,1,1,1,0,1,1,1,0,1,1,0,0,0,ENSMUSG00000020737,ENSG00000189159
Nup85,-0.18376641,0.946487877,-0.42224743,0.322847182,0.838526411,727.3829686,546.087838,948.203379,600.0942086,700.1578814,749.1032248,430.6848195,779.8793922,703.4177408,791.5038835,688.543829,752.6323186,541.0872549,565.6728389,587.2396153,495.5703956,668.2842075,677.0541438,589.7274548,817.5436035,795.5690875,808.7579105,290.1447572,299.3743257,265.8744879,603.0318564,412.5384687,517.9728064,1,1,1,0,1,1,1,1,0,1,1,1,0,1,1,0,0,0,ENSMUSG00000020739,ENSG00000125450
Atp2a3,1.100005347,0.758386358,-1.117567658,-0.764796105,-1.571189835,253.8418115,410.9661037,21.70422613,357.8543446,144.524568,105.7557494,67.43819237,1779.807742,6873.39621,8406.347199,6418.186208,7477.972261,2434.892647,3937.039778,3905.768165,3167.788945,4601.499091,4360.299213,4924.171874,2537.646028,2102.712047,3530.986781,3098.575334,4040.362252,2677.567852,690.8647572,1244.758929,1365.207264,1,1,1,0,1,1,1,0,1,1,1,0,1,1,1,0,0,0,ENSMUSG00000020788,ENSG00000074370
Kif1c,0.568178799,0.81992681,-0.94808772,-0.316938662,-0.851584506,684.3337725,833.8341219,172.2772949,1112.101194,775.0410773,923.1595623,716.1476224,652.0568362,11150.33067,10698.82868,10614.74839,9287.938953,5867.267886,5553.093671,5127.726343,5092.146715,10462.06978,8717.953682,9870.340687,7508.124803,7777.835285,8032.66919,4684.984462,5342.680274,5502.190177,2119.788069,3717.310921,2764.814999,1,1,1,0,1,1,1,0,1,1,1,0,1,1,1,0,0,0,ENSMUSG00000020821,ENSG00000129250
Doc2b,0.877371521,0.666777779,2.40093536,-0.842585617,-0.950574339,182.5879697,35.00563064,111.2341589,125.2490206,190.2033175,200.4952749,259.7903093,228.1389923,99.71526215,66.32226587,638.481106,376.7723001,1627.966871,1953.946257,1112.006931,1545.922195,874.606892,543.9354254,1429.801023,472.8243633,612.932434,501.6346534,277.3442532,227.9056538,228.2285427,106.1860443,136.6198825,135.6361428,1,1,1,1,0,1,1,0,1,1,1,0,1,1,1,0,0,0,ENSMUSG00000020848,ENSG00000272636
Lrrc59,0.935568882,0.50708725,1.098962341,0.802170446,0.635599715,529.9504485,647.6041669,476.1364607,962.0776418,1043.122919,1269.803407,716.530794,1281.461574,1610.130938,1865.750058,1614.341433,1860.142179,3569.999606,3143.586464,3748.33797,4425.379273,1289.265165,1295.042366,1597.396747,2598.204814,2563.606639,2129.387916,793.6312477,920.3576749,784.6826701,1371.242004,1313.515341,1200.085003,1,1,1,1,0,1,1,1,0,1,1,1,0,1,1,0,0,0,ENSMUSG00000020869,ENSG00000108829
Fbxl20,0.218046673,0.95325663,-0.512589711,-0.646525882,-0.568716168,901.064208,528.5850227,71.89524905,707.450512,456.0386629,708.7104038,419.189673,619.6966955,752.8888786,888.3692981,673.3073481,555.5794934,496.3887425,558.1161407,454.7983403,502.0063748,897.7552908,878.9361737,841.1210412,492.6224277,542.1726834,635.6520747,775.7105421,858.4181593,745.8602892,502.0895674,530.4066027,572.0306894,1,1,1,0,1,1,1,0,1,1,1,0,1,1,1,0,0,0,ENSMUSG00000020883,ENSG00000108306
Kat2a,2.252083854,0.209016502,-0.496913809,0.751152276,0.573276556,210.7926154,44.80720722,42.05193813,210.5835182,391.6391144,287.8906511,155.1844768,1315.439722,728.9262962,885.7513139,1111.537562,920.4921327,657.5386424,769.7036912,644.7141308,511.0167456,537.4454319,566.8565293,506.9770659,929.3444382,936.1323758,848.7770016,194.5676607,193.7595105,201.1705196,312.0034387,311.6362026,253.5806149,1,1,1,0,1,1,1,1,0,1,1,1,0,1,1,0,0,0,ENSMUSG00000020918,ENSG00000108773
Lsm12,0.61357489,0.743493588,0.456420747,0.728826045,0.517677435,133.6009534,178.5287163,138.3644416,240.8635012,169.2360227,241.6225107,197.7165185,300.949309,281.3670963,336.8472977,368.5777294,446.1057016,445.808847,442.6066106,556.0034655,521.3143123,278.7872372,243.3163329,316.3369296,500.7745719,499.1431054,389.0227924,413.8829625,481.2223909,362.3422225,624.0068775,582.1971463,597.585325,1,1,1,1,0,1,1,1,0,1,1,1,0,1,1,0,0,0,ENSMUSG00000020922,ENSG00000161654
Strn3,-0.578255392,0.832027981,-0.487819099,-0.418337578,-0.498969274,1407.263376,593.6954957,246.8855722,370.2416104,771.2969175,572.8436425,523.412334,270.2071753,1980.391486,2262.810992,2015.568764,2721.336008,1484.461121,1516.737288,1705.493776,1696.524108,2061.213941,1710.266978,1912.686203,1302.013887,1483.086123,1465.815546,2519.992553,2768.219892,2606.981705,1777.633038,2046.619416,1761.304116,1,1,1,0,1,1,1,0,1,1,1,0,1,1,1,0,0,0,ENSMUSG00000020954,ENSG00000196792
Pole2,0.837374981,0.851663836,-1.004535469,0.944320551,2.428874568,50.47147129,0,89.52993278,97.72176333,14.22780722,164.5089435,52.11133047,87.37238004,61.06593574,61.08629751,38.4539757,31.01757434,22.34925618,22.67009469,27.48781178,23.16952499,38.24518055,57.30275957,40.85145779,80.35684992,89.88400748,93.06765369,11.94713706,21.44060157,22.35227996,128.4720042,69.64935186,101.2356718,1,1,1,0,1,1,1,1,0,1,1,1,0,0,1,0,0,0,ENSMUSG00000020974,ENSG00000100479
Sptb,7.625551254,0.039448277,1.251283009,-1.186464781,-2.471449923,0,0,0,110.1090291,38.93926185,0,0,55.01223928,414.3207792,138.7531615,418.6404524,114.0351998,771.6374766,718.9658602,508.5245179,586.9612998,410.6324648,349.1060429,385.4701658,186.3347244,149.1692039,168.4524532,1723.801205,1162.557063,3201.081777,360.508175,369.6773291,366.6107339,1,1,1,1,0,1,1,0,1,1,1,0,1,0,0,1,1,0,ENSMUSG00000021061,ENSG00000070182
Fut8,-0.66168297,0.777642584,-2.253383657,-0.533791889,-1.342789421,785.276715,1192.29178,898.0123561,768.010478,256.8493618,1128.061327,527.2440495,349.4895202,3193.980335,3965.37337,1995.253456,2658.388578,630.4842796,686.5800106,554.7540195,604.9820414,1641.523407,1608.885172,1263.252772,975.9281193,977.2495281,1164.276348,2035.280135,2402.935569,2192.876308,718.3944724,1112.603749,780.3992566,1,1,1,0,1,1,1,0,1,1,1,0,1,1,1,0,0,0,ENSMUSG00000021065,ENSG00000033170
Pygl,3.096093676,0.324938418,0.783006938,0.620610839,0.976630552,72.73829686,0,0,272.519847,256.1005299,457.540499,21.45760666,24.27010557,91.98539687,101.2287216,108.10646,101.2632574,143.5057502,198.6332106,161.1785327,189.2177874,138.8903925,143.6976894,125.6967932,258.5394302,172.1183122,199.1647789,64.85588691,94.49746619,71.76258303,116.6735548,190.196307,147.43059,1,1,1,1,0,1,1,1,0,1,1,1,0,0,1,0,0,0,ENSMUSG00000021069,ENSG00000100504
Hif1a,1.309006833,0.454804423,2.474400883,0.472144702,0.559632853,855.0461018,1101.27714,355.4067029,1246.984755,3173.549841,2784.9014,1765.27132,576.0105054,1793.328746,1980.068701,2519.098182,2184.002146,9619.590371,9969.444022,12894.28262,14627.69344,2230.297897,2596.255799,2778.946603,3584.614261,3721.580395,3244.338408,1942.26314,2414.052918,1954.059843,2977.142056,3154.758463,3170.740557,1,1,1,1,0,1,1,1,0,1,1,1,0,1,1,0,0,0,ENSMUSG00000021109,ENSG00000100644
Pals1,-0.233364374,0.937075234,0.375219463,-0.471304403,-0.478627704,400.8028602,651.8048425,181.7728938,372.9943361,313.7605907,338.565281,392.3676647,333.3094498,950.7734298,1058.53827,964.9771261,835.6499441,1142.164619,1034.188129,1398.130063,1369.576366,919.8972374,911.5546676,1023.381391,625.3859189,745.8460195,685.9086077,1366.24046,1631.073912,1325.843132,972.7166031,1154.571948,975.0076355,1,1,1,1,0,1,1,0,1,1,1,0,1,1,1,0,0,0,ENSMUSG00000021112,ENSG00000072415
Pcnx1,0.071639353,0.983819111,-0.353396656,-0.463546605,-0.578880347,244.9350812,1010.2625,177.7033514,384.005239,716.6321845,553.0144395,533.7579658,323.6014076,2306.5918,2561.261189,2824.553347,2672.072801,2245.512108,2066.217202,1684.253194,2116.149949,4139.537568,3415.24447,4486.328044,2920.796806,3330.489341,2480.252971,4137.976258,4751.078489,4525.748474,2666.449556,3446.749977,2865.0678,1,1,1,0,1,1,1,0,1,1,1,0,1,1,1,0,0,0,ENSMUSG00000021140,ENSG00000100731
Zmynd11,-0.099207121,0.976910974,-0.32439337,-0.362942333,-0.539657969,1601.726986,752.6210588,226.5378602,799.6668239,872.3892319,547.873535,815.0058817,980.5122649,1450.895714,1541.992682,1551.218869,1751.580669,1230.385367,1210.151245,1328.161087,1258.877524,1541.884647,1452.84535,1471.699954,1113.349979,1142.67435,1215.463557,1890.207757,1970.947152,2079.938472,1166.735548,1643.010352,1273.800298,1,1,1,0,1,1,1,0,1,1,1,0,1,1,1,0,0,0,ENSMUSG00000021156,ENSG00000015171
Esyt2,-1.678664697,0.138179015,-0.961872455,-0.618247116,-0.989527912,5318.802401,6478.142007,2923.287957,1669.528154,1373.357812,1345.448145,1528.471303,1747.447601,11202.89375,14103.08077,8402.556464,13376.78508,5156.796795,5643.77405,7165.572752,6206.858306,8156.287978,6427.606462,7002.358855,4430.108074,4062.948381,5568.23772,8112.959432,9926.204432,7637.421131,3553.955136,5319.246013,4056.306967,1,1,1,0,1,1,1,0,1,1,1,0,1,1,1,0,0,0,ENSMUSG00000021171,ENSG00000117868
Rps6ka5,-1.810750721,0.227643046,-0.506308031,-0.516532536,-0.954775044,311.735558,883.5421174,231.9639168,155.5290036,66.64604433,76.37915233,224.5385269,155.3286756,377.9904123,420.6227914,301.1018852,359.4389497,230.5502217,265.5639664,294.8692536,235.5568374,382.4518055,339.4086528,357.1883874,237.5767737,216.1041031,299.6778449,598.21022,756.7738259,671.7448346,205.8173945,407.1808263,429.5144523,1,1,1,0,1,1,1,0,1,1,1,0,1,1,1,0,0,0,ENSMUSG00000021180,ENSG00000100784
Lgmn,0.189354217,0.952934259,0.724268711,0.815853712,1.239741625,1603.211441,1286.10687,531.7535402,1201.56478,1822.656988,1653.167999,1231.130182,592.1905758,1714.48412,2263.683654,2470.486552,1733.335037,3524.124817,3065.860425,3306.034089,3623.456269,1696.878274,2787.558858,2428.043055,4088.882609,4085.897489,3995.394373,755.2297357,852.0653884,867.0331752,2245.638196,1809.990208,1788.824493,1,1,1,1,0,1,1,1,0,1,1,1,0,1,1,0,0,0,ENSMUSG00000021190,ENSG00000100600
Fcf1,0.080543835,0.977723261,0.660388945,0.491506835,0.723319648,210.7926154,317.8511262,330.9894485,220.2180582,390.1414505,396.5840602,292.3598908,215.194936,336.2491398,376.1170604,310.5339924,372.2108921,548.1449148,495.5034982,577.2440474,583.0997123,264.6969075,294.4480261,298.5298839,390.1383293,468.5442943,347.1423482,151.8993141,147.7019219,156.4659597,247.7674366,282.1691691,222.1287557,1,1,1,1,0,1,1,1,0,1,1,1,0,1,1,0,0,0,ENSMUSG00000021243,ENSG00000119616
Degs2,-4.135711162,0.008425357,-3.289923067,-0.50010504,-0.88164094,9735.056138,18799.42388,13765.90542,470.7160994,139.2827443,198.2920301,2786.806665,414.2098017,4226.690337,5423.590558,4586.180762,4473.828958,474.0394864,820.4415221,297.3681456,319.2245665,3248.827442,2548.650429,3010.438197,2022.896352,1734.570102,2469.084852,273.9307855,355.7551668,221.169928,110.1188607,219.6633405,130.7217898,1,1,1,0,1,1,1,0,1,1,1,0,1,1,1,1,0,1,ENSMUSG00000021263,ENSG00000168350
Tnfaip2,6.197793897,0.000585765,3.301060573,1.105176557,1.51096172,38.59583098,0.700112613,1.356514133,721.2141406,2733.985481,928.3004668,421.1055308,108.4064715,166.9650901,201.5847818,191.5443318,168.7720957,1292.728029,1586.906628,1974.124664,2332.398849,191.2259027,168.381955,274.4379985,534.5477407,351.8863272,476.5063869,104.1107658,118.3203568,65.88040409,216.304905,272.3468246,337.1246159,1,1,1,1,0,1,1,1,0,1,1,1,0,0,1,1,1,0,ENSMUSG00000021281,ENSG00000185215
Kif26a,-1.282066323,0.55411389,-3.162908715,-0.434865911,-0.833492739,310.2511029,897.5443697,113.9471872,231.2289611,95.10165876,293.7659705,238.7158741,46.9222041,3594.387357,3814.402949,3095.907817,2884.634414,344.6490558,537.6051027,274.8781178,335.9581124,3374.633957,3030.875191,2935.020121,2415.363866,2318.81615,2176.85242,1608.596669,1832.774386,1683.479612,630.5615716,1224.2213,1017.271071,1,1,1,0,1,1,1,0,1,1,1,0,1,1,1,0,0,0,ENSMUSG00000021294,ENSG00000066735
Gpr132,-0.110742177,0.98678485,3.742518112,2.584299548,4.619553714,2.968910076,35.70574325,5.426056532,0,26.20911856,2.203244779,0.383171548,40.45017594,0.772986528,3.490645572,2.176640134,6.385971188,24.70180946,55.05594425,42.48116366,43.76465832,2.012904239,7.934228248,7.332312937,39.59612894,31.5550239,33.50435533,5.120201598,0,0,35.39534809,42.86113961,54.05788302,1,0,1,1,0,0,1,1,0,0,1,1,0,0,0,0,0,0,ENSMUSG00000021298,ENSG00000183484
Hivep1,0.365016544,0.921346698,0.594782081,-0.559364483,-0.872915029,164.7745092,736.5184687,39.33890986,361.9834332,292.7932959,490.5891707,487.3942085,388.3216891,1162.571739,793.2492063,1203.681994,948.7728623,1715.011343,1393.671059,1348.152223,1750.586333,1995.794553,1675.885322,2032.098157,1339.280832,1309.055386,1221.978293,3232.553942,3278.029752,3586.952715,1396.149841,2100.195841,2012.918989,1,1,1,1,0,1,1,0,1,1,1,0,1,1,1,0,0,0,ENSMUSG00000021366,ENSG00000095951
Kif13a,0.309886481,0.90075183,-0.623678081,-0.421151931,-0.627200786,115.787493,147.7237613,226.5378602,165.1635437,198.4404691,265.1237884,192.3521169,190.9248305,1079.089194,944.2196273,1197.152074,778.1762034,759.8747102,573.2295372,612.2285351,651.3210914,1359.716814,1232.450121,1255.920459,903.7234135,910.3146289,1058.179222,1279.197033,1420.638378,1235.257577,768.2101475,924.1933228,854.1145517,1,1,1,0,1,1,1,0,1,1,1,0,1,1,1,0,0,0,ENSMUSG00000021375,ENSG00000137177
Id4,0.223983735,0.967471365,-0.618934694,-1.203011789,-1.806239116,13.36009534,22.40360361,14.92165546,0,24.71145464,55.08111947,2.682200833,16.18007038,344.7519916,164.0603419,380.1864767,259.0879739,203.4958589,189.9969841,188.6663445,166.0482624,228.4646312,214.2241627,173.8805639,92.00277019,115.7017543,60.4939749,498.3662889,249.3462553,510.5731317,102.2532278,119.6540147,136.6190134,1,1,1,0,1,1,1,0,1,1,1,0,1,1,0,0,0,0,ENSMUSG00000021379,ENSG00000172201
Fam217a,4.829058652,NA,-2.741744381,-0.54068276,-1.183678882,0,0,0,0,16.47430309,0,0,12.9440563,235.7608911,224.273978,235.8026812,258.1756923,31.75946931,55.05594425,33.73504173,20.59513332,193.238807,171.9082787,173.8805639,117.6237948,109.0082644,143.3241867,69.97608851,60.35132295,70.58614724,18.35314346,37.50349716,31.45185921,1,1,1,0,1,1,1,0,1,1,1,0,1,0,0,0,0,0,ENSMUSG00000021414,ENSG00000145975
Syk,10.39754156,0.000634693,0.86895299,0.970532063,2.058848686,0,0,0,772.1395666,64.39954845,0,3.448543928,551.7403999,115.1749927,137.8805001,96.49771261,99.43869422,214.0823487,196.474154,186.1674525,222.6848791,118.7613501,178.960926,181.2128769,357.5297525,273.4768738,308.9846102,92.16362876,131.0258985,96.46773456,335.6003375,494.6889863,503.2297474,1,1,1,1,0,1,1,1,0,1,1,1,0,0,0,1,1,0,ENSMUSG00000021457,ENSG00000165025
Ptch1,0.841758612,0.721088254,-0.997532691,-0.54563155,-0.723469663,108.3652178,130.9210586,37.98239573,159.6580922,110.0782979,124.8505375,360.5644263,72.8103167,1173.39355,950.328257,996.1756346,924.1412591,459.9241667,566.7523673,526.0167618,472.4008706,1230.890942,1290.634462,989.8622465,789.5933948,687.5170359,928.8151838,1438.776649,1545.311506,1477.603349,869.1524365,892.9404085,939.6242939,1,1,1,0,1,1,1,0,1,1,1,0,1,1,1,0,0,0,ENSMUSG00000021466,ENSG00000185920
Habp4,-0.800770255,NA,-0.592274669,-0.307843792,-1.13147385,66.8004767,623.1002254,94.95598932,185.8089866,209.6729484,186.5413913,141.7734726,27.50611964,1300.163341,1338.662577,1226.899489,1247.088945,833.9801385,884.1336929,850.8727192,821.2309413,873.6004399,861.3045553,834.8362015,694.0968485,658.8306506,723.1356691,497.5129219,530.4563648,551.7483842,191.3970675,271.4538842,255.5463561,1,1,1,0,1,1,1,0,1,1,1,0,1,1,1,0,0,0,ENSMUSG00000021476,ENSG00000130956
Prxl2c,-1.150363549,0.568093874,-1.368278717,-0.563903461,-1.032970402,2634.907692,2761.944258,7705.000276,1896.628026,2309.397761,2795.917624,2463.793051,370.5236116,1507.32373,1517.558163,1409.73726,1706.87887,595.1959804,613.172085,516.0211939,653.8954831,1220.826421,1190.134237,1048.52075,730.1992014,701.8602286,907.4096234,1962.743946,2506.168095,2061.115499,929.4556221,1186.717803,1073.294696,1,1,1,0,1,1,1,0,1,1,1,0,1,1,1,0,0,0,ENSMUSG00000021482,ENSG00000158122
Ddx41,0.452914584,0.883173157,0.507352876,0.549377553,0.579129686,1365.698635,555.8894146,160.0686677,1401.137395,900.0960144,983.3815862,653.3074886,810.6215259,490.8464455,539.3047409,507.1571512,473.4741495,708.1185379,706.0115204,712.1842143,732.4144289,451.8970018,509.5537697,470.3155012,709.2365449,762.1016379,625.4146328,206.5147978,217.5824012,230.5814143,346.087848,324.1373683,307.6384979,1,1,1,1,0,1,1,1,0,1,1,1,0,1,1,0,0,0,ENSMUSG00000021494,ENSG00000183258
Nkd2,-2.974343917,0.101921947,-1.08189956,-0.613777047,-1.080241486,555.1861842,583.8939191,50.19102292,49.5490631,15.72547113,16.15712838,145.6051881,24.27010557,391.1311833,397.0609338,617.4402513,632.2111476,284.6589471,200.7922673,257.3858739,220.1104874,584.7486816,679.6988866,545.7335772,362.1881206,296.4259821,523.9708903,296.9716927,435.1648023,291.7560753,141.5813924,172.3374988,170.0366139,1,1,1,0,1,1,1,0,1,1,1,0,1,1,1,0,0,0,ENSMUSG00000021567,ENSG00000145506
Trip13,8.977798721,3.1747E-06,-1.804519659,1.541405974,3.672058221,0,0,0,116.9908434,56.16239691,197.5576152,37.93398321,111.6424856,18.55167668,27.05250318,21.76640134,20.98247676,3.528829923,4.318113274,8.74612193,9.01037083,13.08387756,6.171066415,5.237366384,27.95020867,20.08046976,23.26691342,14.50723786,14.29373438,9.411486298,225.4814767,91.07992167,178.8824493,1,1,0,0,1,0,1,1,0,0,1,1,0,0,1,1,1,0,ENSMUSG00000021569,ENSG00000071539
Glrx,-0.609635455,0.780808142,3.606791758,0.632888076,1.140054825,936.6911289,1355.418018,3026.383031,824.4413554,1191.391646,1054.619834,1314.66158,1423.846193,323.8813554,347.3192344,288.7675911,314.7371514,3179.475761,3628.294679,3628.391155,5089.572323,254.6323863,235.3821047,277.5804183,372.6694489,429.3395676,386.2307628,69.12272157,80.20373181,58.82178937,171.7329852,159.8363331,129.7389192,1,1,1,1,0,1,1,1,0,1,1,1,0,1,1,0,0,0,ENSMUSG00000021591,ENSG00000173221
Vcan,4.199486102,0.137977885,1.587627182,2.151684692,2.514329729,0,0,127.5123285,1263.501109,1424.278386,635.2689112,526.8608779,48.54021113,52.56308392,32.28847154,82.71232509,42.87723512,142.3294736,117.6685867,192.4146825,184.0690041,126.8129671,158.684565,152.9310984,703.4135848,570.8590688,676.6018423,622.9578611,544.7500992,643.5103757,5566.246222,2051.977059,2730.414528,1,1,1,1,0,1,1,1,0,1,1,1,0,0,1,0,0,0,ENSMUSG00000021614,ENSG00000038427
Ocln,-2.305510236,0.125493839,-1.185396312,-0.531796172,-0.904871911,3656.212758,1656.466442,2141.935816,660.6541746,93.60399484,259.248469,649.4757731,851.0717019,9367.05075,12029.6373,10843.2956,13307.45167,5504.97468,6014.052263,3995.728276,4510.334198,8989.630333,7676.80662,7872.809148,5524.82458,5549.859355,5897.697214,6537.644074,8188.721608,6908.030943,2926.015442,5137.979111,3487.22489,1,1,1,0,1,1,1,0,1,1,1,0,1,1,1,0,0,0,ENSMUSG00000021638,ENSG00000197822
Btf3,0.273012981,0.926356614,0.5442068,0.63063531,0.637534001,4138.660646,5444.77579,9484.746818,11178.81918,7483.826596,8558.87155,7679.140985,3499.749223,2366.111763,2877.164613,2298.531981,2938.459028,3725.268122,3571.079678,3894.523151,4089.421161,1399.974899,1448.437446,1587.969488,2208.066485,2472.766419,2186.159185,226.9956042,231.8761355,197.6412123,350.0206645,385.7502565,286.9982153,1,1,1,1,0,1,1,1,0,1,1,1,0,1,1,0,0,0,ENSMUSG00000021660,ENSG00000145741
Polk,-0.96352319,0.681518138,-2.202438091,-0.914850178,-0.861083317,580.4219198,943.7518021,173.633809,61.93632887,426.0853845,309.9230989,411.5262421,241.0830486,2371.522669,2636.310068,2099.732183,2513.335803,571.6704476,588.3429336,402.3216088,526.4630956,2633.885197,1858.372572,1937.825562,1022.5118,1126.418732,1260.136031,1926.049168,2374.3481,2328.166423,1000.246318,1427.811713,1217.776674,1,1,1,0,1,1,1,0,1,1,1,0,1,1,1,0,0,0,ENSMUSG00000021668,ENSG00000122008
Cert1,-1.184703707,0.41615117,-1.035132692,-0.785239882,-0.846766685,1129.670284,1879.802365,587.3706196,641.3850945,423.0900567,545.6702902,635.6815974,391.5577031,4847.398519,5005.585751,4716.053624,5509.268572,2219.634022,2299.395319,2792.511788,2486.862349,5728.725465,4009.430008,4450.713953,2588.888078,2693.651586,2949.313945,6934.459698,8511.124728,7559.776369,3270.792352,5259.419006,4257.795441,1,1,1,0,1,1,1,0,1,1,1,0,1,1,1,0,0,0,ENSMUSG00000021669,ENSG00000113163
Scamp1,-2.06976079,0.102833958,-0.396495944,-0.463585594,-0.871224964,4046.624433,2584.815767,4521.261606,668.9123518,1055.10423,1319.009208,1059.469329,323.6014076,3431.287199,3900.796427,3516.72491,4239.372587,2698.378615,2968.702876,3069.888797,2723.706382,2662.065857,2714.387642,2641.727604,1881.980717,1940.155864,1991.647789,2652.264428,3174.003129,2568.159324,1375.17482,1760.878486,1451.699877,1,1,1,0,1,1,1,0,1,1,1,0,1,1,1,0,0,0,ENSMUSG00000021687,ENSG00000085365
Jmy,0.450244964,0.856319406,-1.059302565,-0.804360536,-0.773841759,293.9220975,403.264865,123.4427861,480.3506395,267.3330093,376.0204422,380.8725183,365.6695905,1627.136642,1720.888267,1596.928312,1513.475172,764.5798167,752.4312381,825.8837994,756.8711497,1819.665432,1637.095762,1551.307923,909.5463737,870.1536894,1087.030195,2476.47084,2879.393382,2570.512195,1482.671803,1634.973888,1517.552207,1,1,1,0,1,1,1,0,1,1,1,0,1,1,1,0,0,0,ENSMUSG00000021690,ENSG00000152409
Serinc5,-2.040435904,0.071249953,-0.601659746,-0.384578016,-0.523837696,4983.315562,3174.310587,4522.61812,1204.317506,606.5538866,1243.36447,1357.576793,724.8671529,2592.596816,3383.308221,2125.851864,2872.774753,1516.22059,1692.700404,2020.354166,2002.876716,1957.549373,1861.017315,1653.960304,1317.153583,1432.406843,1441.617956,1599.209632,1769.246678,1342.313233,1157.558977,1015.273244,1106.712296,1,1,1,0,1,1,1,0,1,1,1,0,1,1,1,0,0,0,ENSMUSG00000021703,ENSG00000164300
Rasgrf2,-0.457754028,0.912496422,-0.563464529,-0.807888479,-1.830168313,884.7352026,1384.122636,219.7552896,527.1469768,1300.721112,558.1553439,614.2239908,19.41608445,479.2516475,413.6415003,468.7031755,508.1408503,299.9505435,334.6537788,364.8382291,265.1623416,530.4002671,358.803433,403.2772115,231.7538135,190.2863563,315.499346,722.8017923,921.9458676,710.5672155,149.4470253,216.9845193,293.8783095,1,1,1,0,1,1,1,0,1,1,1,0,1,1,1,0,0,0,ENSMUSG00000021708,ENSG00000113319
Nr1d2,-1.2938363,0.380071513,-0.621581669,-0.428031662,-0.95684421,936.6911289,2517.604956,1748.546718,338.5852645,1063.341381,567.702738,822.6693126,744.2832374,3035.518097,3583.14768,3026.255333,4615.232606,1683.251873,2351.212678,2381.444057,2852.425966,2577.523879,2267.426117,2366.242132,1704.962729,1655.204436,1998.162525,1179.353101,1433.34392,1182.317966,583.3677741,634.8806304,736.1700796,1,1,1,0,1,1,1,0,1,1,1,0,1,1,1,0,0,0,ENSMUSG00000021775,ENSG00000174738
Ogdhl,22.42114216,NA,1.024753347,-1.37217264,-1.229099745,0,0,0,0,15.72547113,0,0,529.0883014,366.3956144,161.4423577,294.5719648,184.2808829,656.3623657,450.1633088,401.0721628,543.1966414,390.5034224,344.6981383,383.3752193,153.7261477,163.5123966,115.4038906,315.7457652,223.1410756,518.8081822,175.6658016,114.2963723,161.1907784,1,1,1,1,0,1,1,0,1,1,1,0,1,0,0,0,0,0,ENSMUSG00000021913,ENSG00000197444
Gdf10,0.552118485,0.953263633,-1.224548729,-2.541584982,-3.41431091,31.1735558,0,18.99119786,0,0,0,108.8207195,12.9440563,41.74127253,21.81653483,42.80725597,27.36844795,9.410213129,25.90867965,12.4944599,9.01037083,30.19356359,31.73691299,26.18683192,5.822960139,4.781064228,4.653382684,46.93518132,13.49963803,48.23386728,1.310938818,2.678821226,5.897223602,1,1,0,0,1,1,0,0,1,1,0,0,1,0,0,0,0,0,ENSMUSG00000021943,ENSG00000266524
Hmbox1,0.379648356,0.906552278,-0.733869014,-0.516008217,-0.588478497,764.4943445,602.096847,158.7121536,784.5268324,658.2232917,815.934983,879.7618732,168.2727319,1137.83617,1270.594988,1126.774043,1193.264331,709.2948146,690.8981239,730.9259041,711.8192955,1438.220079,1233.331702,1380.569779,954.9654628,938.0448015,939.9833022,1829.618704,1750.982462,1705.831892,976.6494196,1222.435419,1314.097993,1,1,1,0,1,1,1,0,1,1,1,0,1,1,1,0,0,0,ENSMUSG00000021972,ENSG00000147421
Extl3,0.633872831,0.805418893,-0.67895409,-0.712357314,-0.84263548,314.704468,503.3809686,169.5642666,556.050597,605.0562227,649.2227948,610.0091037,134.2945841,5480.474486,6345.120989,6112.005496,6710.743437,3642.928758,4212.319499,3984.483262,3553.947694,7745.655513,6348.264179,7252.704968,4141.289251,3979.757863,4905.596026,3529.525635,4034.009481,3297.549512,1815.650263,2110.911126,2128.89772,1,1,1,0,1,1,1,0,1,1,1,0,1,1,1,0,0,0,ENSMUSG00000021978,ENSG00000012232
Cdadc1,-0.52183045,0.816168393,-0.445653297,-0.368460151,-0.555698053,234.543896,110.6177928,200.7640917,103.2272148,153.5105515,166.7121883,99.24143082,110.0244786,875.7937366,1007.923909,870.6560536,926.8781039,742.2305605,708.170577,618.475765,632.0131539,747.7939249,727.304256,740.5636066,593.9419342,544.0851091,578.8808059,422.4166318,468.5168492,479.9858012,298.8940506,324.1373683,308.6213685,1,1,1,0,1,1,1,0,1,1,1,0,1,1,1,0,0,0,ENSMUSG00000021982,ENSG00000102543
Amer2,-1.556400638,0.823209943,1.113554339,-1.103339422,-1.990469886,0,67.91092345,70.53873492,0,0,0,12.64466107,66.33828855,360.2117222,150.0977596,261.9223628,106.736947,643.4233227,385.3916097,333.6020793,541.9094456,349.2388855,241.5531711,289.1026244,122.2821629,168.2934608,118.1959202,1006.119614,844.1244249,1145.848457,182.2204957,300.0279773,268.3236739,1,1,1,1,0,1,1,0,1,1,1,0,1,0,0,0,0,0,ENSMUSG00000021986,ENSG00000165566
Epsti1,-2.450718809,0.143653525,4.347083927,1.020183733,3.84781874,1689.309833,866.0393021,325.5633919,110.1090291,263.5888495,246.7634152,237.1831879,19.41608445,55.65503004,82.03017095,56.59264348,70.24568307,1175.100364,1159.413414,1588.045853,1440.372137,28.18065935,32.61849391,31.4241983,53.57123328,74.58460195,58.63262182,52.90874985,52.4103594,28.2344589,680.3772467,650.0606174,626.0885724,1,1,1,1,0,1,1,1,0,1,1,1,0,1,1,0,0,0,ENSMUSG00000022014,ENSG00000133106
Akap11,0.503206698,0.807980604,0.470509677,-0.592759504,-1.208883427,429.0075059,296.1476352,307.9287082,663.4069004,368.4253237,519.9657678,465.9366018,422.2998369,1354.272398,1315.973381,1662.953062,1820.91407,1940.856458,1894.572199,2360.203475,2332.398849,1758.271853,1429.042665,1683.289556,1056.284969,1067.133536,1104.713049,6237.258913,6329.742042,7042.144623,2745.105885,2816.334048,2920.108553,1,1,1,1,0,1,1,0,1,1,1,0,1,1,1,0,0,0,ENSMUSG00000022016,ENSG00000023516
Dpysl2,-0.892011774,0.750200149,-0.401384733,-0.519513542,-1.402114576,9675.677937,4352.600114,2337.273851,3673.512484,3116.638612,4438.803814,3230.136146,237.8470346,2087.063626,1675.509875,2068.533674,2027.089711,1523.27825,1374.23955,1603.039205,1450.669704,1363.742622,1323.252956,1283.154764,865.2918766,1005.935913,897.1721815,5500.80325,5236.271362,6090.408071,2083.081782,1881.425441,2402.135747,1,1,1,0,1,1,1,0,1,1,1,0,1,1,1,0,0,0,ENSMUSG00000022048,ENSG00000092964
Tnfrsf10b,-0.249504262,0.942362119,2.235373114,1.444375759,0.903096436,1528.988689,371.7597974,687.7526655,355.1016189,1329.925559,802.7155144,379.7230036,760.4633078,108.9911005,125.6632406,113.9108337,116.7720446,577.5518308,415.6184027,557.2529115,641.0235247,119.7678022,153.3950795,183.3078234,435.5574184,551.7348119,255.0053711,71.68282237,81.79192452,78.82119775,127.1610654,137.5128229,169.0537433,1,1,1,1,0,1,1,1,0,1,1,1,0,1,1,0,0,0,ENSMUSG00000022074,ENSG00000120889
Ppp3cc,-1.374393341,0.477806792,-0.378827479,-0.390616817,-0.658800862,1635.869452,742.1193696,1759.398831,521.6415254,876.8822237,358.394484,831.8654298,69.57430262,877.3397096,1072.500852,1048.414998,1084.70282,752.8170503,799.9304841,785.9015277,800.635808,800.1294352,816.3439286,761.5130722,606.7524465,576.5963458,630.998692,389.9886884,401.8127554,435.2812413,239.9018037,292.884454,242.7690383,1,1,1,0,1,1,1,0,1,1,1,0,1,1,1,0,0,0,ENSMUSG00000022092,ENSG00000120910
Gfra2,5.665555868,0.158797169,0.492524146,-1.127767536,-2.198426653,0,0,0,0,16.47430309,0,18.00906274,17.79807742,382.6283315,398.8062566,487.56739,421.4740984,572.8467242,553.7980274,692.1930784,561.2173831,361.316311,483.9879231,350.9035477,168.865844,123.3514571,255.0053711,564.0755427,688.4815394,568.2184853,115.362616,121.4398956,159.2250372,1,1,1,1,0,1,1,0,1,1,1,0,1,0,0,0,0,0,ENSMUSG00000022103,ENSG00000168546
Uchl3,0.780513789,0.698690003,3.044889968,2.024468993,1.038895587,43.0491961,138.6222973,128.8688426,221.5944211,154.2593835,110.1622389,167.4459663,237.8470346,190.154686,228.637285,223.4683871,319.2985594,1844.401773,1594.463327,2115.312061,2372.30192,105.6774726,158.684565,124.6493199,606.7524465,587.1146871,392.7454986,68.26935464,68.29228649,49.41030307,140.2704536,119.6540147,124.8245662,1,1,1,1,0,1,1,1,0,1,1,1,0,1,1,0,0,0,ENSMUSG00000022111,ENSG00000118939
Acod1,1.031880449,NA,13.24113492,4.999903193,7.174750655,0,0,0,0,0,0,0,3.236014076,0,0.872661393,0,0,1809.113474,1967.980125,2570.110401,3255.318261,1.00645212,0,1.047473277,34.93776083,16.25561837,12.09879498,1.706733866,0,0,121.9173101,42.86113961,99.26993063,1,0,1,1,0,0,1,1,0,0,1,1,0,0,0,0,0,0,ENSMUSG00000022126,ENSG00000102794
Fyb1,0.980976939,0.710628032,1.204054041,1.35762105,2.61657873,46.01810617,72.11159912,18.99119786,232.605324,101.8411464,37.45516124,56.70938904,24.27010557,29.37348808,48.86903801,39.17952241,25.54388475,56.46127877,71.24886903,117.4479231,84.95492497,30.19356359,67.00014965,56.56355694,143.2448194,96.5774974,155.4229817,98.99056423,87.350599,96.46773456,433.9207488,593.8053717,702.7524792,1,1,1,1,0,1,1,1,0,1,1,1,0,1,1,0,0,0,ENSMUSG00000022148,ENSG00000082074
Psme1,-0.838814924,0.680285766,2.151820321,0.757770808,0.504903988,5159.965712,8745.106647,16790.93194,6306.494642,8851.942584,5119.606451,5978.625657,2346.110205,2702.360903,3142.453676,2371.086653,3174.739962,13758.90787,11206.58348,11416.18801,14229.94993,1354.684553,1551.582413,1485.317106,2449.137034,2696.520224,2281.088192,2497.805013,3157.327106,2561.100709,4027.20405,4003.051851,3631.706868,1,1,1,1,0,1,1,1,0,1,1,1,0,1,1,0,0,0,ENSMUSG00000022216,ENSG00000092010
Ripk3,-0.577702298,0.843605199,2.423409308,1.31527602,1.330249624,215.2459805,188.3302929,184.4859221,151.399915,82.37151546,102.0836747,31.4200669,291.2412668,79.61761242,93.37476906,93.59552576,98.52641262,489.3310827,399.4254779,477.2883682,592.1100831,89.57423865,74.93437789,103.6998544,235.2475896,241.9218499,188.927337,58.88231838,42.88120315,45.8809957,111.4297996,124.1187168,135.6361428,1,1,1,1,0,1,1,1,0,1,1,1,0,1,1,0,0,0,ENSMUSG00000022221,ENSG00000129465
Zscan26,-0.445191194,0.898107229,-0.323856764,-0.446548621,-0.617026552,360.7225742,452.9728605,44.76496639,313.810733,155.7570474,135.1323464,91.96117142,355.9615483,602.9294921,569.8478897,698.701483,676.0006644,489.3310827,517.0940646,479.7872601,549.6326206,942.0391841,729.9489988,807.6018964,538.0415168,652.1371606,627.2759858,683.5469133,601.9250368,592.9236368,334.2893987,471.4725357,416.7371345,1,1,1,0,1,1,1,0,1,1,1,0,1,1,1,0,0,0,ENSMUSG00000022228,ENSG00000197062
Sema5a,0.286471704,0.946487877,0.941289646,-0.957280628,-1.754246378,78.67611701,141.4227478,10.85211306,167.9162694,46.42758144,36.72074631,36.40129702,184.4528023,458.3810113,472.982475,555.7687809,560.1409014,1178.629194,968.3369018,827.1332454,956.3865038,931.9746629,666.4751728,677.71521,378.492409,291.6449179,501.6346534,913.1026183,1024.384297,842.3280237,225.4814767,268.775063,328.2787805,1,1,1,1,0,1,1,0,1,1,1,0,1,1,1,0,0,0,ENSMUSG00000022231,ENSG00000112902
Cmbl,1.869046309,0.344819505,-0.619018594,-1.220801727,-1.455463086,103.9118527,60.90979732,52.90405119,439.0597536,456.7874948,248.2322451,168.9786525,11.32604926,544.9555025,718.2003265,496.9994973,512.7022583,337.591396,416.697931,433.5577585,290.9062582,371.3808322,689.3962766,416.8943641,215.4495251,100.4023488,318.2913756,937.8502594,1480.989701,985.8531898,363.1300527,470.5795953,406.9084285,1,1,1,0,1,1,1,0,1,1,1,0,1,1,1,0,0,0,ENSMUSG00000022235,ENSG00000164237
Tars1,0.960999413,0.516583055,0.885430522,0.753827605,1.319920734,1091.074453,630.1013516,565.6663935,1494.73007,1467.710639,1537.864856,996.6291952,1922.192361,882.7506153,1063.774238,917.0910431,1015.369419,1779.706558,1660.314554,1826.690037,1897.326658,752.8261855,809.2912813,875.6876593,1501.159124,1375.990285,1235.007764,241.502842,321.6090236,350.5778646,1006.801012,656.3112002,618.2256076,1,1,1,1,0,1,1,1,0,1,1,1,0,1,1,0,0,0,ENSMUSG00000022241,ENSG00000113407
Brix1,0.037915683,0.989068615,0.852960925,0.639746427,0.596578425,420.1007757,578.9931308,1001.10743,838.2049841,784.7758928,636.737741,694.6900157,467.6040339,520.9929201,619.5895891,591.3205697,644.98309,1068.05919,913.2809575,1150.739757,1161.050641,434.7873157,441.6720391,429.4640435,698.7552167,719.0720598,617.9692205,277.3442532,291.4333621,227.0521069,500.7786286,354.4973422,352.8505455,1,1,1,1,0,1,1,1,0,1,1,1,0,1,1,0,0,0,ENSMUSG00000022247,ENSG00000113460
Ank,#N/A,#N/A,-0.835682044,-0.358193521,-1.002004356,#N/A,#N/A,#N/A,#N/A,#N/A,#N/A,#N/A,#N/A,1839.707937,1826.480296,1538.159028,2131.089814,1037.475997,1142.140961,1022.04682,906.1858663,1239.949011,1131.949897,1189.929642,861.7981005,951.4317813,963.2502157,849.9534653,873.50599,988.2060613,485.0473628,412.5384687,457.0348291,1,1,1,0,1,1,1,0,1,1,1,0,1,0,0,0,0,0,ENSMUSG00000022265,#N/A
Pabpc1,2.455033046,0.154146326,0.371674977,0.436437467,0.763631107,2079.721508,9006.948764,524.9709695,43995.43894,15390.74325,21635.86373,9801.145015,15301.49256,3900.490022,4355.453013,4472.269929,4956.425924,5616.720961,5264.85961,5476.321774,6523.508481,3903.02132,3866.613899,4734.579211,5817.137179,5758.313756,5344.875351,4299.262608,5654.760141,4586.923135,8519.79138,8785.640679,7384.30682,1,1,1,1,0,1,1,1,0,1,1,1,0,1,1,0,0,0,ENSMUSG00000022283,ENSG00000070756
Rrm2b,0.185556189,0.950927193,-0.526881094,-0.599721079,-0.695962681,449.7898765,347.9559686,510.049314,337.2089016,903.8401742,377.4892721,322.6304431,537.1783365,780.7163936,836.0096145,909.835576,994.3869422,555.2025746,594.8201035,672.2019426,621.7155872,730.6842389,588.0144712,541.5436841,412.2655778,381.5289254,433.6952662,625.5179619,843.3303285,650.5689904,429.9879324,393.7867201,485.5380765,1,1,1,0,1,1,1,0,1,1,1,0,1,1,1,0,0,0,ENSMUSG00000022292,ENSG00000048392
Fzd6,-1.617219642,0.327544886,-2.701105137,-0.566445443,-0.535449442,2496.853374,898.2444823,3427.911214,338.5852645,979.472202,999.5387146,1149.514643,237.8470346,5362.207547,6867.845163,4682.678475,5769.268828,830.4513086,1073.051149,740.921472,841.8260747,3889.937443,3335.902188,3453.519393,2310.550583,2314.035086,2585.419419,2510.605517,3201.002405,2704.625875,1516.756213,2384.150891,1902.837482,1,1,1,0,1,1,1,0,1,1,1,0,1,1,1,0,0,0,ENSMUSG00000022297,ENSG00000164930
Slc25a32,2.629684798,NA,-1.278965741,-0.486846038,-0.802049759,8.906730227,0,0,0,0,7.344149262,0.766343095,82.51835893,1181.123415,1291.538862,1105.007641,1413.124196,528.1482119,489.0263283,547.2573436,491.7088081,1126.219922,822.514995,1007.669292,676.6279681,701.8602286,729.6504049,981.371973,1022.002008,978.794575,519.131772,610.7712394,578.9107836,1,1,1,0,1,1,1,0,1,1,1,0,1,0,0,0,0,0,ENSMUSG00000022299,ENSG00000164933
Dcaf13,0.401959641,0.864061616,0.687925975,0.700943921,0.760711938,981.22478,740.0190318,1638.669073,1770.002643,1687.118403,1191.955425,1286.690057,1462.678362,594.4266403,764.4513803,621.7935316,759.9305714,1096.28983,1008.27945,1033.291834,1275.61107,530.4002671,509.5537697,555.1608367,864.1272846,931.3513115,796.6591156,527.3807646,522.5154013,484.6915444,903.2368458,892.9404085,805.9538922,1,1,1,1,0,1,1,1,0,1,1,1,0,1,1,0,0,0,ENSMUSG00000022300,ENSG00000164934
Oxr1,-1.596866733,0.179313966,-0.632282968,-0.571136344,-0.662483896,3142.591315,2986.680406,5830.297744,1624.108179,1329.925559,1349.854634,1414.669354,870.4877863,1733.035796,1777.611258,2008.313297,2399.300604,1290.375475,1310.547379,1313.167735,1193.230537,1532.826578,1332.068765,1565.972549,906.0525976,1016.454255,1057.248546,1582.995661,1522.282712,1790.535268,1077.591709,1001.879138,1013.339589,1,1,1,0,1,1,1,0,1,1,1,0,1,1,1,0,0,0,ENSMUSG00000022307,ENSG00000164830
Sybu,-1.123563352,0.604803274,-1.004331869,-0.99603881,-1.583056463,1362.729725,324.8522524,322.8503637,366.1125218,142.2780722,164.5089435,204.2304349,661.7648784,266.6803523,215.5473641,312.7106326,323.8599674,101.1597911,139.2591531,171.1741006,146.7403249,254.6323863,194.8293825,365.5681736,92.00277019,159.6875452,155.4229817,227.8489711,206.4650522,275.2859742,89.14383964,70.54229227,77.64677742,1,1,1,0,1,1,1,0,1,1,1,0,1,1,1,0,0,0,ENSMUSG00000022340,ENSG00000147642
Myc,1.890079131,0.282253815,4.243256276,2.201918933,4.865421853,546.2794539,138.6222973,88.17341865,1586.946382,1389.083283,1128.061327,317.6492129,351.1075272,34.01140725,35.77911711,82.71232509,48.35092471,1071.58802,582.945292,923.3405866,1240.856783,160.025887,205.4083535,266.0582123,1084.235178,1120.681455,699.8687557,2.560100799,11.11734896,7.058614724,279.2299683,182.1598433,149.3963312,1,1,1,1,0,1,1,1,0,0,1,1,0,1,1,0,0,0,ENSMUSG00000022346,ENSG00000136997
Mtss1,0.290932757,0.925893957,-2.725591117,-0.678837058,-0.756419461,574.4840997,1409.32669,412.3802965,807.9250011,967.4908907,544.2014603,954.0971535,1614.771024,1700.570362,1826.480296,1208.760821,1098.387044,239.9604348,223.4623619,213.6552643,204.6641374,1383.871665,1217.463246,1021.286445,701.0844007,677.9549075,883.2120335,1343.199553,1798.628243,1527.013652,800.9836179,1013.487364,947.4872587,1,1,1,0,1,1,1,0,1,1,1,0,1,1,1,0,0,0,ENSMUSG00000022353,ENSG00000170873
Fbxo32,1.446504503,0.570433886,0.852866892,-0.775904582,-1.247638229,262.7485417,534.1859236,51.54753706,562.9324113,461.2804866,176.2595823,204.6136064,2452.898669,866.5178982,649.2600764,685.6416422,535.5092982,1188.039408,1078.44879,1037.040172,1642.461883,825.2907382,638.2645835,848.4533541,464.6722191,382.4851382,502.5653299,1291.14417,1554.046566,1396.42928,453.5848311,558.9806957,771.5534212,1,1,1,1,0,1,1,0,1,1,1,0,1,1,1,0,0,0,ENSMUSG00000022358,ENSG00000156804
Zhx1,-0.567962502,0.792097818,-0.487273747,-0.548302371,-0.644307176,957.4734994,550.2885137,411.0237823,407.4034077,279.3143206,409.8035288,491.225924,569.5384773,1862.124547,1839.570217,1971.310415,1964.142281,1390.35899,1331.058417,1330.659979,1396.607479,1732.104098,1555.108737,1627.773472,999.2199598,1179.966651,1179.167172,3050.786785,3469.406973,3244.609901,1810.406508,2414.510865,2019.799084,1,1,1,0,1,1,1,0,1,1,1,0,1,1,1,0,0,0,ENSMUSG00000022361,ENSG00000165156
Sla,-2.307324729,0.616220421,2.164257625,1.720558364,2.395411233,182.5879697,187.6301802,0,0,12.7301433,58.7531941,0,53.39423225,68.02281449,86.39347791,52.96490993,101.2632574,321.123523,390.7892513,296.1186996,368.1380082,60.38712718,89.92125347,169.6906708,456.5200749,269.6520224,327.598141,116.0579029,123.084935,107.0556566,479.8036075,670.5982468,672.2834906,1,1,1,1,0,1,1,1,0,1,1,1,0,0,0,0,0,0,ENSMUSG00000022372,ENSG00000155926
Cyrib,0.057019794,0.986776633,0.73124757,0.680520478,0.904860624,605.6576554,438.9706082,1558.634739,909.775853,690.423066,561.8274186,585.4861247,1766.863685,575.1019771,651.8780606,760.3729535,781.8253298,1002.187698,1050.381054,1308.169951,1236.995195,449.8840975,491.9221514,549.9234703,828.0249317,811.8247058,751.0559652,773.1504413,744.0682842,811.7406932,1501.024947,1299.228294,1559.815643,1,1,1,1,0,1,1,1,0,1,1,1,0,1,1,0,0,0,ENSMUSG00000022378,ENSG00000153310
Zc3h7b,0.647443973,0.793521269,-0.437551444,-0.32637848,-0.58248415,169.2278743,233.8376127,48.83450879,395.0161419,180.4685021,185.0725614,234.8841587,186.0708093,3043.247962,3138.963031,3032.785253,2393.826914,2391.370411,2273.486639,1966.627988,1939.80412,2945.885354,2781.387791,2804.085962,2395.565801,2015.696678,2393.700053,2060.881143,2102.767147,2059.939064,1223.105917,1506.390469,1424.1795,1,1,1,0,1,1,1,0,1,1,1,0,1,1,1,0,0,0,ENSMUSG00000022390,ENSG00000100403
Xrcc6,-0.564594584,0.780916449,-0.741199722,0.842392375,1.081239712,7812.686864,4919.69133,3650.379532,3751.965167,3960.57223,4259.606572,4001.843643,2486.876817,235.7608911,283.6149527,289.4931378,280.0704507,137.624367,151.1339646,198.6619124,164.7610666,200.2839718,243.3163329,187.4977165,347.0484243,390.134841,395.5375282,126.2983061,89.73288807,132.937244,318.5581328,183.9457242,235.8889441,1,1,1,0,1,1,1,1,0,1,1,1,0,1,1,0,0,0,ENSMUSG00000022471,ENSG00000196419
Vdr,9.245144277,0.001607444,5.911459273,2.41687846,3.871264154,0,0,0,466.5870108,29.95327835,76.37915233,0,53.39423225,0,1.745322786,1.451093423,0,37.64085252,30.22679292,56.22506955,72.08296664,6.038712718,0,13.6171526,46.58368111,29.64259821,26.98961957,7.680302397,3.176385418,1.176435787,52.43755273,70.54229227,59.95510662,1,0,1,1,0,0,1,1,0,0,1,1,0,0,0,1,1,0,ENSMUSG00000022479,ENSG00000111424
Nckap1l,2.633391153,0.620573643,0.493185821,0.963958326,1.738959876,5.937820151,0,0,0,16.47430309,2.937659705,0,40.45017594,225.7120663,350.80988,219.1151068,244.4914684,371.7034186,333.5742504,353.5932152,404.1794915,139.8968446,293.5664452,232.5390674,422.7469061,388.2224153,489.5358584,123.7382053,188.200836,128.2315008,424.7441771,475.9372377,572.0306894,1,1,1,1,0,1,1,1,0,1,1,1,0,0,0,0,0,0,ENSMUSG00000022488,ENSG00000123338
Nubp1,-0.729935618,0.661697492,0.506762737,0.925097844,1.241179134,274.624182,248.5399776,335.0589909,165.1635437,228.3937474,157.8992091,183.9223428,126.2045489,162.3271709,175.40494,134.9516883,137.7545213,219.9637319,220.223777,191.1652365,235.5568374,126.8129671,128.7108138,161.3108846,282.9958627,279.2141509,228.9464281,66.56262077,92.90927348,59.99822515,154.6907806,213.4127576,152.344943,1,1,1,1,0,1,1,1,0,1,1,1,0,1,1,0,0,0,ENSMUSG00000022503,ENSG00000103274
Mefv,7.043956838,0.030849498,3.938557792,3.574500823,5.789622267,0,0,0,0,89.11100309,15.42271345,0.766343095,30.74213372,1.545973057,0,5.804373691,0,21.17297954,32.38584956,34.98448772,32.17989582,1.00645212,3.526323666,8.379786214,68.71092964,30.59881106,53.0485626,0,2.382289064,0,52.43755273,30.35997389,65.85233022,1,0,1,1,0,0,1,1,0,0,1,1,0,0,0,1,1,0,ENSMUSG00000022534,ENSG00000103313
Lsg1,0.004355301,0.999489477,0.537538784,0.449897853,1.124517941,1490.392858,1152.385361,130.2253568,719.8377778,1049.113574,782.8863114,1011.189714,1072.738666,367.9415875,426.7314212,384.539757,401.4039033,615.1926833,496.5830265,559.7518035,623.0027831,391.5098746,407.2903834,454.6034021,571.8146856,616.7572854,523.0402137,232.9691727,235.8466173,274.1095384,660.7131644,529.5136622,429.5144523,1,1,1,1,0,1,1,1,0,1,1,1,0,1,1,0,0,0,ENSMUSG00000022538,ENSG00000041802
Sharpin,0.465834903,0.824862793,-0.437913891,0.349387417,0.788675826,1021.305066,1275.605181,717.5959764,1628.237268,1222.842589,1636.276456,1277.877111,1174.673109,708.0556599,780.1592854,632.6767323,668.7024116,546.9686381,559.195669,469.7916922,481.4112415,535.4325277,546.5801682,478.6952875,683.6155203,658.8306506,647.7508697,186.0339914,162.7897527,137.6429871,291.0284177,257.1668376,294.8611801,1,1,1,0,1,1,1,1,0,1,1,1,0,1,1,0,0,0,ENSMUSG00000022552,ENSG00000179526
Bop1,1.405519041,0.363348242,0.943419843,1.125938094,1.011940339,331.0334734,198.1318694,438.154065,1596.580922,762.310934,1070.042548,381.2556898,459.5139987,438.2833615,548.0313548,498.4505907,603.0181365,1004.540252,992.0865248,955.8261823,1059.36217,389.4969703,435.5009727,356.1409141,929.3444382,854.8542839,797.5897921,109.2309674,111.1734896,94.11486298,239.9018037,217.8774597,178.8824493,1,1,1,1,0,1,1,1,0,1,1,1,0,1,1,0,0,0,ENSMUSG00000022557,ENSG00000261236
Gpaa1,0.173205448,0.949877356,-0.440403561,0.593639233,0.807276261,1704.154383,2713.636487,1796.024712,2427.904092,1609.988711,2728.351451,1885.587186,3027.291168,674.8172392,884.0059912,770.5306074,783.649893,605.7824702,647.7169912,567.2484794,471.1136748,611.9228888,645.3172308,565.6355694,988.7386316,894.0590106,871.1132385,96.43046343,100.850237,71.76258303,187.464251,150.906929,135.6361428,1,1,1,0,1,1,1,1,0,1,1,1,0,1,1,0,0,0,ENSMUSG00000022561,ENSG00000197858
Gsdmd,-0.74957347,0.684122439,1.913411684,0.429574077,1.106258137,5550.377387,2308.271285,4873.95528,3483.574408,2726.497162,2712.194323,1618.516617,2080.757051,512.4900683,701.61976,469.4287222,529.123327,2274.919024,1932.35569,1899.157905,2224.274399,501.2131556,444.3167819,478.6952875,662.6528638,658.8306506,596.5636601,160.4329834,170.7307162,128.2315008,360.508175,283.9550499,348.9190631,1,1,1,1,0,1,1,1,0,1,1,1,0,1,1,0,0,0,ENSMUSG00000022575,ENSG00000104518
Ly6c2,#N/A,#N/A,3.370815337,0.820039404,4.752346927,#N/A,#N/A,#N/A,#N/A,#N/A,#N/A,#N/A,#N/A,47.92516475,79.41218677,48.61162966,52.9123327,444.6325703,511.696423,575.9946014,830.2413122,73.47100474,73.17121606,77.51302248,157.2199237,118.5703928,120.9879498,0,1.588192709,3.529307362,48.50473628,30.35997389,48.16065941,1,1,1,1,0,1,1,1,0,0,1,1,0,0,0,0,0,0,ENSMUSG00000022584,#N/A
Lynx1,-1.422639469,0.753191905,-0.811136373,-0.468228179,-1.768767222,127.6631333,169.4272523,0,0,29.95327835,52.14345976,17.24271964,85.754373,2168.227212,1816.88102,2121.498584,1512.56289,1156.279938,1197.196905,1020.797374,967.9712663,1401.987803,1354.108288,1256.967932,825.6957477,989.6802951,1083.307489,1287.730702,1156.998389,1831.710521,288.40654,501.8325096,460.9663115,1,1,1,0,1,1,1,0,1,1,1,0,1,0,0,0,0,0,ENSMUSG00000022594,ENSG00000180155
Mapk12,-0.30752525,0.941400219,-0.451701179,0.599877923,1.377567333,641.2845764,1057.170045,660.6223828,832.6995326,771.2969175,832.0921114,721.1288525,19.41608445,661.6764682,948.5829342,760.3729535,735.2989682,583.433214,707.0910487,464.7939083,513.5911373,668.2842075,636.5014216,697.6172023,1067.930889,1139.805712,827.3714413,117.7646368,132.6140912,68.23327566,262.1877636,301.8138581,269.3065445,1,1,1,0,1,1,1,1,0,1,1,1,0,1,1,0,0,0,ENSMUSG00000022610,ENSG00000188130
Alcam,3.021194654,0.063424352,0.712025898,-0.603306565,-1.378458403,105.3963077,38.50619371,8.139084798,809.3013639,462.0293185,356.1912392,336.8077903,88.99038708,424.369604,329.8660066,465.075442,427.8600696,616.3689599,592.6610469,759.6631619,732.4144289,488.1292781,588.0144712,479.7427607,343.5546482,266.7833839,414.1510589,1751.108947,1942.359683,1625.834258,685.6210019,552.7301129,808.902504,1,1,1,1,0,1,1,0,1,1,1,0,1,0,1,0,0,0,ENSMUSG00000022636,ENSG00000170017
Retnlg,#N/A,#N/A,1.639865359,2.780482129,4.554249854,#N/A,#N/A,#N/A,#N/A,#N/A,#N/A,#N/A,#N/A,28.60050155,45.37839244,26.11968161,40.14039033,52.93244885,169.485946,124.944599,87.52931663,28.18065935,143.6976894,62.8483966,657.9944957,698.9915901,257.7974007,4.266834665,1.588192709,1.176435787,27.52971518,100.0093258,41.28056521,1,1,1,1,0,1,1,1,0,0,1,1,0,0,0,0,0,0,ENSMUSG00000022651,#N/A
Cd200,0.978878808,0.751599372,2.848560637,0.766378292,0.603306525,497.2924377,390.662838,2278.943744,1211.19932,3446.124674,2720.272887,2906.73936,116.4965067,4732.996513,5517.837988,6051.059572,7403.16517,41288.48638,35954.77018,44932.57669,48560.74999,5515.357616,7023.555161,6808.576299,10568.67265,13070.47339,9271.39966,1400.375137,1334.875972,999.9704192,1861.533122,2064.478224,1752.45828,1,1,1,1,0,1,1,1,0,1,1,1,0,1,1,0,0,0,ENSMUSG00000022661,ENSG00000091972
B3gnt5,3.52156546,0.142185247,2.226196379,1.685239011,2.909245165,4.453365114,0,138.3644416,458.3288337,530.9218587,633.0656664,135.6427278,970.8042227,13.14077098,7.853952537,7.981013825,7.298252787,36.46457587,34.54490619,52.47673158,47.62624581,11.07097332,11.46055191,19.90199226,50.07745719,37.29230098,48.39517992,26.45437492,24.61698699,21.17584417,234.6580485,126.797538,185.7625435,1,0,1,1,0,1,1,1,0,1,1,1,0,0,1,0,0,0,ENSMUSG00000022686,ENSG00000176597
Zbtb20,-0.126257226,0.970579013,-0.697273817,-0.705671762,-1.067527907,2677.956888,2707.335474,538.5361108,2825.672959,1896.04252,1529.786291,1566.788458,1228.067342,1253.011162,1184.20151,1776.138349,1489.75585,945.7264195,795.6123708,782.1531897,995.0023788,2432.594773,1690.872198,2229.023133,1171.57958,1367.384369,1354.134361,15108.00818,16001.04154,15039.5551,6554.694091,7151.559732,8311.153796,1,1,1,0,1,1,1,0,1,1,1,0,1,1,1,0,0,0,ENSMUSG00000022708,ENSG00000181722
Crybg3,-0.347620135,0.909805657,-0.365484999,-0.54692131,-0.610914126,427.5230509,1267.203829,217.0422613,682.6759805,393.8856103,403.1937945,598.5139573,427.153858,1453.214673,1400.621536,1947.367373,1627.510371,1240.971856,1309.46785,1253.194328,1186.794558,2019.949404,1578.02984,1768.134891,1157.604476,1414.238799,1100.059667,2231.55453,2371.171715,2301.1084,1230.97155,1879.63956,1406.487829,1,1,1,0,1,1,1,0,1,1,1,0,1,1,1,0,0,0,ENSMUSG00000022723,ENSG00000080200
Tfrc,-1.025375381,NA,-2.006394175,-1.261794303,-0.56971379,5810.157018,5962.859124,4842.755455,1059.799405,1115.010787,539.7949708,9291.910029,1596.972946,5017.455555,4893.885092,8272.683603,5563.093187,1284.494092,1131.345678,1396.880617,2099.416403,9244.26272,6880.739053,4057.911474,2716.993201,1889.476583,3810.189742,4225.019685,3915.689124,3491.661417,2756.904335,2782.402313,2299.917205,1,1,1,0,1,1,1,0,1,1,1,0,1,1,1,0,0,0,ENSMUSG00000022797,ENSG00000072274
Umps,-0.180480289,0.951228646,0.520303749,0.779261683,0.916835831,731.8363337,536.2862614,1379.574873,630.3741916,757.8179422,890.1108906,537.9728528,1077.592687,202.5224704,238.2365603,195.1720653,264.5616635,354.059269,283.9159478,321.1076194,330.809329,171.0968604,221.27681,209.4946553,342.3900562,349.0176886,342.4889656,83.62995943,108.7912006,90.58555562,178.2876793,185.731605,171.0194845,1,1,1,1,0,1,1,1,0,1,1,1,0,1,1,0,0,0,ENSMUSG00000022814,ENSG00000114491
Hcls1,3.947137531,0.033929457,2.023371345,1.824799983,2.81069537,118.756403,42.70686938,2.713028266,1041.906688,1674.38826,723.3987023,731.4744843,43.68619002,169.2840497,256.5624496,184.2888647,187.9300093,819.8648189,846.3502018,672.2019426,902.3242788,159.0194349,218.6320673,234.634014,797.745539,764.9702764,607.7317786,56.32221758,81.79192452,34.11663783,302.826867,402.7161242,516.0070652,1,1,1,1,0,1,1,1,0,1,1,1,0,0,1,1,1,0,ENSMUSG00000022831,ENSG00000180353
Adcy5,-0.557685265,0.943080192,0.641733165,-0.887996864,-2.083013251,4.453365114,95.21531535,0,0,0.748831959,0.734414926,24.90615059,87.37238004,1388.283805,1165.00296,1635.382287,911.3693167,1959.676884,1949.628143,2159.042671,1892.177874,1546.916908,1658.253704,1606.824006,830.3541158,500.0993182,1269.442796,2025.893099,2147.236543,2572.865067,317.247194,539.3360067,732.2385972,1,1,1,1,0,1,1,0,1,1,1,0,1,0,0,0,0,0,ENSMUSG00000022840,ENSG00000173175
Slc49a4,0.081811988,0.980811374,-0.601171892,-0.355614891,-0.599572477,167.7434193,214.2344595,758.2914004,485.8560909,271.826001,462.6814035,531.0757649,258.881126,1825.021193,2235.758489,1905.285664,2155.721417,1104.523766,1415.261626,1475.595714,1357.991604,1330.529702,1313.555565,1370.095046,963.117607,1004.023488,1167.999054,481.2989502,499.486607,418.8111403,327.7347046,259.8456589,338.1074865,1,1,1,0,1,1,1,0,1,1,1,0,1,1,1,0,0,0,ENSMUSG00000022848,ENSG00000138463
Samsn1,3.395872346,0.215244664,2.802875705,1.828674068,2.841651104,8.906730227,0,0,22.02180582,33.69743814,80.05122696,2.299029285,11.32604926,106.6721409,160.5696963,34.82624214,127.7194238,557.5551279,498.7420832,795.8970956,1144.317095,45.29034539,85.51334889,69.13323626,253.8810621,225.6662315,233.5998108,57.17558451,52.4103594,31.76376626,264.8096413,355.3902826,402.9769461,1,1,1,1,0,1,1,1,0,1,1,1,0,0,0,0,0,0,ENSMUSG00000022876,ENSG00000155307
Adamts1,2.083960374,0.318571309,3.790683404,1.450325806,1.209164383,2873.904953,781.3256759,860.0299604,6446.883654,14647.15311,6716.2245,3906.050756,186.0708093,2609.60252,2835.276866,3198.209904,3865.337132,46399.40839,35359.95008,32934.14685,58405.22372,4054.99559,5923.342177,8946.469257,18278.27188,21547.30026,11889.39276,2294.703683,3637.7554,3355.194865,6305.615716,9554.462371,5610.225387,1,1,1,1,0,1,1,1,0,1,1,1,0,1,1,0,0,0,ENSMUSG00000022893,ENSG00000154734
Runx1,5.850657684,0.015722382,1.82891729,1.038139836,1.589702829,0,0,13.56514133,71.57086892,298.7839515,46.26814035,11.49514643,857.54373,45.60620517,60.21363612,58.04373691,49.26320631,142.3294736,147.8953796,217.4036023,251.0031874,50.32260599,80.22386339,135.1240527,197.9806447,168.2934608,178.6898951,147.6324794,187.4067397,98.82060613,422.1222995,401.8231838,489.469559,1,1,1,1,0,1,1,1,0,1,1,1,0,0,1,1,1,0,ENSMUSG00000022952,ENSG00000159216
Enah,-0.524731659,0.863324675,0.386586555,-0.540095138,-1.262157796,1950.57392,2314.572298,229.2508885,985.4758105,1348.646358,760.8538636,735.6893713,1376.923989,1751.587473,1363.969757,1783.393816,1546.317309,2039.663696,1856.788708,2186.530482,2346.558003,1549.936264,1292.397623,1423.516183,947.9779106,851.9856454,1132.633345,3098.575334,2996.125546,3356.371301,1036.952605,1404.595263,1494.946183,1,1,1,1,0,1,1,0,1,1,1,0,1,1,1,0,0,0,ENSMUSG00000022995,ENSG00000154380
Soat2,4.803760015,NA,2.854824757,1.058679209,3.111157567,0,0,0,0,0,0,0,29.12412668,12.36778445,5.235968358,13.78538752,3.649126393,44.69851236,74.48745398,59.97340752,79.80614163,26.16775511,59.0659214,38.75651124,97.82573033,80.32187902,81.89953524,6.826935464,5.558674482,1.176435787,26.21877636,50.89760328,44.22917701,1,0,1,1,0,1,1,1,0,0,1,1,0,0,0,0,0,0,ENSMUSG00000023045,ENSG00000167780
Calcoco1,-0.939747658,0.609277964,-0.795453919,-0.582461424,-0.791206617,2079.721508,1505.242118,1200.515008,1280.017463,784.0270608,862.9375383,961.7605844,268.5891683,2241.660932,2416.399397,2035.884072,2464.072597,1396.240373,1314.865492,1289.428262,1274.323874,2009.884883,2000.307099,1812.128769,1309.001439,1064.264897,1515.141402,721.0950584,890.1820135,810.5642575,440.4754429,489.3313439,468.8292763,1,1,1,0,1,1,1,0,1,1,1,0,1,1,1,0,0,0,ENSMUSG00000023055,ENSG00000012822
Nus1,1.133022078,0.493379052,2.413806975,0.815099232,0.603031061,97.9740325,48.30777029,169.5642666,337.2089016,286.0538082,216.6524032,168.5954809,144.0026264,1484.134134,1624.022852,1829.828806,2001.545827,8650.338419,7301.929547,9198.421378,11828.04251,1788.465417,1582.437745,2237.402919,3614.893654,3850.669129,2401.145465,1123.030884,1239.584409,1109.378947,1843.179978,1963.575958,1468.408677,1,1,1,1,0,1,1,1,0,1,1,1,0,1,1,0,0,0,ENSMUSG00000023068,ENSG00000153989
Abcc1,3.309784252,0.157556549,0.62325241,0.780334019,0.828475916,41.56474106,112.0180181,0,192.6908009,335.4767175,205.6361793,115.3346358,1697.289383,300.6917595,308.0494717,395.4229577,370.3863289,496.3887425,492.2649133,552.2551276,577.9509289,346.2195292,431.0930681,432.6064633,755.820226,720.0282727,604.0090724,346.4669748,381.1662502,323.5198415,692.175696,547.3724704,631.0029254,1,1,1,1,0,1,1,1,0,1,1,1,0,0,1,0,0,0,ENSMUSG00000023088,ENSG00000103222
Bsg,-1.686859657,0.273198322,-3.518021706,-0.842949377,-1.033272168,97935.43667,92226.5346,69709.90478,23773.91575,15651.33677,22043.46401,63832.54811,9224.258122,180685.601,258847.9497,157609.7866,237308.163,12114.47313,29183.96856,19974.89304,11565.45456,75315.83147,69060.40425,73935.90124,34916.79818,40168.58921,46621.31044,22668.83921,28420.70853,30284.98647,12178.62162,16132.75436,11445.52814,1,1,1,0,1,1,1,0,1,1,1,0,1,1,1,0,0,0,ENSMUSG00000023175,ENSG00000172270
Parp3,-0.480320088,0.872351335,2.825774539,0.498901258,1.920046035,866.9217421,235.2378379,226.5378602,278.0252985,331.7325577,542.7326305,302.322351,131.0585701,235.7608911,283.6149527,281.512124,208.0002044,1610.322722,1363.444266,2035.347518,2149.617041,303.9485402,320.8954536,357.1883874,436.7220104,458.9821658,490.4665349,150.1925802,187.4067397,119.9964503,600.4099788,516.1195561,624.1228312,1,1,1,1,0,1,1,1,0,1,1,1,0,1,1,0,0,0,ENSMUSG00000023249,ENSG00000041880
Clec4n,#N/A,#N/A,2.423799057,0.753411016,1.656124833,#N/A,#N/A,#N/A,#N/A,#N/A,#N/A,#N/A,#N/A,70.34177408,160.5696963,95.04661918,131.3685502,450.5139535,422.0955726,687.1952945,890.7395163,78.50326534,96.97390081,127.7917398,171.1950281,130.044947,209.4022208,33.28131039,55.58674482,36.46950941,140.2704536,118.7610743,138.5847546,1,1,1,1,0,1,1,1,0,1,1,1,0,0,0,0,0,0,ENSMUSG00000023349,#N/A
Pisd,-0.414662271,0.8510093,1.657024272,0.910212512,0.638158961,942.628949,686.1103606,960.4120062,656.525086,636.5071649,457.540499,663.2699488,823.5655822,730.4722692,889.2419595,831.4765312,880.3517424,2620.744356,2520.698624,2277.74004,3085.408411,783.0197491,989.1337882,1051.66317,1852.865916,2025.258807,1429.519161,196.2743946,262.8458934,194.1119049,297.5831117,400.037303,319.4329451,1,1,1,1,0,1,1,1,0,1,1,1,0,1,1,0,0,0,ENSMUSG00000023452,ENSG00000241878
Tiam2,-0.527330496,0.921069691,-0.897573439,-0.746209171,-0.911912515,89.06730227,28.70461713,4.069542399,0,47.92524536,9.547394041,17.24271964,66.33828855,218.7551875,150.0977596,247.4114286,227.158118,127.0378772,113.3504735,131.1918289,81.09333747,212.3613973,149.8687558,196.924976,100.1549144,116.6579672,115.4038906,320.0125999,240.6111954,318.8140984,115.362616,200.0186515,149.3963312,1,1,1,0,1,1,1,0,1,1,1,0,1,0,0,0,0,0,ENSMUSG00000023800,ENSG00000146426
Nfkbie,1.045529785,0.683563748,3.546862008,1.004075304,1.999303084,41.56474106,67.91092345,606.3618175,250.4980412,581.0936,487.651511,536.8233381,605.1346321,88.12046423,107.3373513,46.43498952,58.38602229,815.1597123,629.3650097,1030.792942,1029.756666,77.49681322,116.368681,142.4563656,242.2351418,234.2721472,198.2341024,64.85588691,91.32108077,72.93901881,271.3643354,300.9209177,344.9875807,1,1,1,1,0,1,1,1,0,1,1,1,0,1,1,0,0,0,ENSMUSG00000023947,ENSG00000146232
Emilin2,-0.782892528,0.707653369,1.927719388,2.818727122,2.595893808,292.4376425,604.8972975,702.6743209,156.9053665,468.0199742,345.1750153,410.3767274,168.2727319,19.32466321,16.58056647,44.9838961,20.07019516,104.6886211,100.3961336,98.70623321,83.66772913,34.21937207,84.63176798,93.22512163,692.9322565,314.5940262,490.4665349,28.16110879,17.4701198,44.70455992,129.782943,222.3421617,182.8139317,1,1,1,1,0,1,1,1,0,1,1,1,0,1,1,0,0,0,ENSMUSG00000024053,ENSG00000132205
Prkd3,-0.323091441,0.909805657,-0.776877886,-0.480232115,-0.491670865,409.7095905,340.2547298,607.7183316,426.6724878,313.0117588,449.4619349,490.4595809,127.822556,2489.016621,3042.970278,2683.071738,3363.582253,1587.973465,1797.41465,1725.484912,1645.036274,2770.762686,2297.399868,2678.389169,1772.509066,2003.265911,1775.730832,2450.016465,3051.712291,2342.283653,1567.882827,2095.731139,1913.649059,1,1,1,0,1,1,1,0,1,1,1,0,1,1,1,0,0,0,ENSMUSG00000024070,ENSG00000115825
Ralbp1,0.21499679,0.9489596,-0.488452012,-0.50673808,-0.770240676,601.2042903,2131.142793,356.763217,1219.457497,1201.875294,1215.456703,1153.72953,1187.617166,1986.575378,2085.660729,2643.166669,2878.248443,1834.99156,1746.676819,1605.538097,1650.185058,2939.846642,2710.861318,2812.465748,1843.54918,2041.514425,2068.893941,1999.438724,2204.41148,1958.765586,1147.071466,1302.800056,1162.73592,1,1,1,0,1,1,1,0,1,1,1,0,1,1,1,0,0,0,ENSMUSG00000024096,ENSG00000017797
Epas1,-0.784036307,0.829851073,-0.98177307,-0.49245436,-1.07009962,54276.12955,42705.46916,5276.839978,24952.08236,16096.89178,18239.19469,38941.72438,744.2832374,56925.0469,50164.06752,62627.74103,57896.12707,30584.36895,30697.46727,26160.90014,27809.86597,78919.93652,66317.80602,74354.89055,48876.76281,50681.19324,56529.29285,43525.98042,51648.0269,39721.17792,14641.87566,26506.93603,23096.47624,1,1,1,0,1,1,1,0,1,1,1,0,1,1,1,0,0,0,ENSMUSG00000024140,ENSG00000116016
C3,0.934930788,0.888755901,5.174043136,2.608759389,5.867424541,57.89374648,88.21418922,0,0,269.5795051,35.98633139,0.383171548,160.1826967,22.41660932,16.58056647,19.58976121,25.54388475,558.7314045,817.2029372,584.7407233,1072.234129,31.20001571,37.90797941,67.03828971,301.6293352,261.0461068,264.3121365,33.28131039,10.32325261,24.70515153,1342.40135,708.9946844,1924.460635,1,1,1,1,0,1,1,1,0,1,1,1,0,0,0,0,0,0,ENSMUSG00000024164,ENSG00000125730
Jpt2,0.380172087,0.892899979,1.67495394,1.132805113,1.116670898,322.1267432,474.6763515,122.086272,414.285222,298.0351196,317.2672481,334.8919326,631.0227447,361.7576952,424.113437,427.347013,437.8951672,1115.110256,1112.993696,1606.787543,1437.797745,267.7162638,318.2507108,235.6814873,659.1590877,593.8081771,552.8218629,168.1132858,249.3462553,162.3481386,426.0551159,391.1078989,444.2575113,1,1,1,1,0,1,1,1,0,1,1,1,0,1,1,0,0,0,ENSMUSG00000024165,ENSG00000206053
Tmem204,-0.61127745,0.895742734,-1.28458128,-0.377015088,-1.07728086,21153.48429,10041.71521,8768.507356,11485.7481,9030.16459,7837.676093,15233.75122,12.9440563,6024.657002,8322.571705,6887.614931,10503.09804,3330.039171,3725.452227,3039.902094,2930.944911,6159.486973,6069.684609,5475.142817,5110.229818,4018.006377,4507.266468,1333.812516,1342.816936,1177.612223,547.972426,796.5028444,480.6237235,1,1,1,0,1,1,1,0,1,1,1,0,1,1,1,0,0,0,ENSMUSG00000024168,ENSG00000131634
Telo2,0.261701962,0.947582373,-0.585420551,0.685844284,0.708053236,650.1913066,255.5411037,103.0950741,56.43087742,508.4569,459.7437438,380.4893467,609.9886532,210.2523357,284.4876141,214.0362798,192.4914172,154.09224,155.4520779,134.9401669,155.7506958,205.3162324,244.1979138,187.4977165,366.8464887,341.3679858,319.2220521,176.6469551,195.3477032,136.4665513,267.4315189,286.6338711,279.1352505,1,1,1,0,1,1,1,1,0,1,1,1,0,1,1,0,0,0,ENSMUSG00000024170,ENSG00000100726
Nudt12,-1.066504622,0.776854863,-2.440584948,-0.664395592,-1.015241762,210.7926154,95.21531535,203.47712,0,35.19510206,63.15968366,95.40971535,211.9589219,318.4704497,381.3530288,258.2946292,277.3336059,67.04776854,65.85122743,53.72617757,39.90307082,236.5162481,210.697839,184.3552967,110.6362426,144.3881397,142.3935101,290.1447572,256.4931225,254.1101301,83.90008437,163.4080948,146.4477194,1,1,1,0,1,1,1,0,1,1,1,0,1,1,0,0,0,0,ENSMUSG00000024228,ENSG00000112874
Mib1,0.254605611,0.919403338,-0.521554452,-0.478828398,-0.607626255,356.2692091,585.9942569,359.4762453,560.1796856,527.1776989,418.616508,593.1495556,490.2561324,1981.164472,1761.903353,2067.808127,2163.01967,1373.891117,1290.036341,1364.395021,1527.901454,2233.317254,2021.465041,2081.329401,1452.246259,1529.940553,1562.605905,5482.882545,6240.009154,5984.52885,3730.931877,4076.272965,3812.555059,1,1,1,0,1,1,1,0,1,1,1,0,1,1,1,0,0,0,ENSMUSG00000024294,ENSG00000101752
Zfp871,#N/A,#N/A,-0.323840644,-0.385701192,-0.554178968,#N/A,#N/A,#N/A,#N/A,#N/A,#N/A,#N/A,#N/A,965.4601738,1093.444725,1113.714202,1209.685399,926.9059932,847.4297301,855.8705031,870.144383,1320.465181,1049.081291,1070.517689,838.50626,944.7382914,848.7770016,2253.74207,2399.759183,2044.645398,1469.562415,1394.772918,1698.400397,1,1,1,0,1,1,1,0,1,1,1,0,1,0,0,0,0,0,ENSMUSG00000024298,#N/A
Myo1f,0.804198156,0.867008655,0.730502805,1.74923004,2.51181374,311.735558,0,147.8600405,96.34540047,491.9825969,354.7224094,313.4343259,79.28234485,70.34177408,109.0826741,67.47584415,50.17548791,99.98351449,160.8497195,92.45900326,139.0171499,50.32260599,111.9607764,69.13323626,335.402504,172.1183122,273.6189018,43.52171358,73.05686462,70.58614724,273.986213,350.9255805,438.3602877,1,1,1,1,0,1,1,1,0,1,1,1,0,0,1,0,0,0,ENSMUSG00000024300,ENSG00000142347
Dtna,-1.053348764,0.795085044,0.643651762,-0.672348693,-1.451436427,17.81346045,170.8274775,46.12148052,0,95.85049072,43.33048065,10.72880333,38.83216891,406.5909139,261.7984179,441.1324005,249.0528763,581.0806607,464.197177,536.0123297,544.4838373,344.2066249,327.9481009,347.7611279,232.9184056,174.0307379,233.5998108,1268.956629,894.1524952,1197.611631,347.3987868,466.1148932,412.8056521,1,1,1,1,0,1,1,0,1,1,1,0,1,1,0,0,0,0,ENSMUSG00000024302,ENSG00000134769
Wdr46,1.223684738,0.449053038,0.43322778,1.197283596,1.113964091,510.652533,266.0427929,122.086272,798.290461,867.1474082,611.0332186,362.480284,859.1617371,258.950487,277.506323,263.3734562,266.3862267,362.2932055,323.8584956,383.5799189,370.7123998,227.4581791,241.5531711,224.1592812,639.3610232,490.5371898,462.5462388,79.36312477,100.0561407,92.9384272,194.0189451,214.305698,180.8481905,1,1,1,1,0,1,1,1,0,1,1,1,0,1,1,0,0,0,ENSMUSG00000024312,ENSG00000227057
Psmb8,-1.609290369,0.309663398,3.361368212,0.688213556,1.765816689,5811.641473,7524.810363,28436.60577,4697.526454,5113.773446,6824.91791,4235.578287,1946.462466,1604.720033,2056.862903,1044.061718,1516.212016,16539.62585,14284.31871,15836.72792,17269.01929,633.0583833,679.6988866,578.2052488,904.8880056,1203.871973,938.1219492,183.4738906,156.4369818,124.7021935,549.2833648,465.2219528,572.0306894,1,1,1,1,0,1,1,1,0,1,1,1,0,1,1,0,0,0,ENSMUSG00000024338,ENSG00000204264
Tap2,-0.76102126,0.798089908,2.870906923,0.416393094,0.849376123,396.3494951,1052.269257,119.3732437,75.69995751,571.3587845,381.8957616,310.7521251,202.2508797,1927.055415,2188.634774,1572.259723,2046.247625,14422.3279,12186.79519,13935.07113,16023.01373,1298.323234,1364.687259,1217.163948,1745.72345,1856.009133,1578.427407,432.657035,469.3109455,409.399654,869.1524365,678.6347105,818.7312101,1,1,1,1,0,1,1,1,0,1,1,1,0,1,1,0,0,0,ENSMUSG00000024339,ENSG00000204267
Sting1,0.566915683,0.844973812,4.387843709,1.604692115,3.485491126,4022.873153,2028.226239,3887.769505,4631.461037,6282.700134,7389.682988,5410.382252,821.9475752,207.9333761,250.4538198,301.8274319,187.0177277,4838.025825,4298.681765,5726.210972,4995.607027,312.0001571,722.0147705,490.2174935,1490.677796,1860.790197,1287.12565,32.42794345,46.05758856,31.76376626,503.4005062,322.3514875,420.6686169,1,1,1,1,0,1,1,1,0,1,1,1,0,1,1,0,0,0,ENSMUSG00000024349,ENSG00000184584
Lama3,-1.574799474,0.343738525,-1.83383095,-0.634540824,-1.349351682,500.2613478,1502.441667,147.8600405,272.519847,160.2500392,242.3569257,250.5941921,278.2972105,833.2794775,723.4362948,698.701483,602.1058549,162.3261765,232.0985885,256.1364279,150.6019124,915.8714289,670.0014965,874.6401861,512.4204922,487.6685512,583.5341886,1575.315358,2055.121366,1484.661964,300.2049894,750.9628835,955.3502235,1,1,1,0,1,1,1,0,1,1,1,0,1,1,1,0,0,0,ENSMUSG00000024421,ENSG00000053747
Mrps18b,-1.43916342,0.281685192,1.016452318,1.06820442,1.346744219,4037.717703,4339.297974,11835.58581,2455.431349,1804.685021,2776.822836,2653.462967,2732.813887,44.83321864,54.10500637,54.41600335,72.98252787,105.8648977,118.748115,132.4412749,99.11407913,57.36777082,61.71066415,62.8483966,135.0926752,148.2129911,98.65171291,17.92070559,19.05831251,29.41089468,73.41257382,35.71761634,58.97223602,1,1,1,1,0,1,1,1,0,1,1,1,0,1,1,0,0,0,ENSMUSG00000024436,ENSG00000204568
Lars1,0.006468341,0.998572207,0.425395652,0.382952614,0.533525029,1665.558552,1471.636712,1710.564322,1880.111672,1599.505064,1666.387468,1867.194951,1101.862793,1201.994052,1390.149599,1155.070364,1110.246705,1545.627506,1735.881536,1545.56469,1695.236912,1058.78763,1150.463096,1033.856124,1381.206145,1433.363055,1415.559013,847.3933645,1022.796105,855.2688174,1423.679557,1210.827194,1314.097993,1,1,1,1,0,1,1,1,0,1,1,1,0,1,1,0,0,0,ENSMUSG00000024493,ENSG00000133706
Sec11c,-0.762212551,0.719669121,-0.609001744,0.527830659,1.200350233,1477.032763,1841.296172,6048.696519,1482.342804,1418.28773,1810.332793,2297.496599,2195.63555,1297.844381,1297.647491,1003.431102,1316.422346,776.3425831,825.8391637,852.1221652,767.1687164,725.6519783,812.8176049,665.1455307,979.4218953,1188.572567,1009.784042,276.4908863,322.40312,283.5210247,886.1946411,606.3065374,539.5959596,1,1,1,0,1,1,1,1,0,1,1,1,0,1,1,0,0,0,ENSMUSG00000024516,ENSG00000166562
Ptpn2,0.550086463,0.781231814,1.601931253,0.782604346,1.03406385,446.8209664,309.4497749,370.3283583,353.725256,612.5445422,624.2526873,505.7864428,652.0568362,408.1368869,481.709089,420.0915459,504.4917239,1209.212387,1131.345678,1280.68214,1885.741895,361.316311,384.3692796,389.6600589,688.2738884,704.7288671,561.1979517,207.3681647,239.8170991,287.0503321,579.4349577,503.6183904,418.7028757,1,1,1,1,0,1,1,1,0,1,1,1,0,1,1,0,0,0,ENSMUSG00000024539,ENSG00000175354
Psat1,10.71956013,1.15291E-08,0.553087389,0.505141631,1.004843763,0,0,0,832.6995326,402.1227618,149.820645,210.7443512,144.0026264,617.6162361,366.5177851,487.56739,364.9126393,801.0443926,617.4901982,592.2373992,686.0753789,301.9356359,299.7375116,328.9066089,447.2033387,505.8365953,367.6172321,143.3656447,152.4665001,168.2303176,405.0800948,245.5586123,282.0838623,1,1,1,1,0,1,1,1,0,1,1,1,0,0,1,1,1,0,ENSMUSG00000024640,ENSG00000135069
Cyb5a,-1.570684852,0.291766562,-0.341112164,0.373603165,-0.67655335,2410.754981,3177.111037,11287.5541,1280.017463,1767.992255,1797.113325,2777.99372,1844.528023,2406.307063,2747.138065,2048.943913,2367.370748,1867.927306,1797.41465,1906.654581,1982.281583,1505.652371,1712.03014,1371.142519,1951.856239,1947.805566,2047.488381,699.7608851,738.5096097,634.0988894,315.9362552,546.47953,431.4801935,1,1,1,0,1,1,1,1,0,1,1,0,1,1,1,0,0,0,ENSMUSG00000024646,ENSG00000166347
Slc22a6,5.096141872,NA,-1.10552382,-1.212023994,-2.732309967,0,0,0,0,0,0,0,35.59615483,485.4355398,592.5370859,539.0812065,655.0181876,205.8484122,302.2679292,343.5976472,203.3769416,391.5098746,709.6726377,476.6003409,229.4246295,119.5266057,332.2515237,223.5821364,364.4902267,238.8164648,26.21877636,26.78821226,70.76668322,1,1,1,0,1,1,1,0,1,1,1,0,1,0,0,0,0,0,ENSMUSG00000024650,ENSG00000197901
Anxa1,0.169438724,0.963273238,2.20766189,0.483907049,1.68212478,9139.789668,2956.575564,3917.612816,2525.625855,13799.47534,6520.87013,3236.650062,3931.757102,607.5674112,668.4586271,425.8959195,297.4038011,2357.258389,2073.7739,3002.418714,1803.361362,462.9679751,526.3038071,496.5023332,647.5131674,677.9549075,751.9866418,278.1976202,414.5182971,237.640029,1119.541751,835.7922224,1039.877095,1,1,1,1,0,1,1,1,0,1,1,1,0,1,1,0,0,0,ENSMUSG00000024659,ENSG00000135046
Fth1,0.285757167,0.939116435,0.681131378,0.398275973,0.480520573,26.72019068,39.90641893,24.4172544,26.15089441,57.66006082,7.344149262,30.27055226,64.72028151,51598.39674,34992.8492,59436.06104,30718.34598,73040.89803,75668.45796,64801.26682,69885.72335,31513.02232,37598.5445,35290.42217,45427.24123,47926.34403,44242.50121,1198.127174,1186.379954,1329.37244,1794.675242,1690.336193,1695.451786,1,1,1,1,0,1,1,1,0,1,1,1,0,1,0,0,0,0,ENSMUSG00000024661,ENSG00000167996
Ms4a4c,#N/A,#N/A,6.417517156,3.254710994,5.241037515,#N/A,#N/A,#N/A,#N/A,#N/A,#N/A,#N/A,#N/A,1.545973057,17.45322786,10.88320067,5.47368959,571.6704476,607.7744434,869.614409,965.3968746,3.019356359,6.171066415,14.66462587,64.05256153,100.4023488,60.4939749,14.50723786,7.146867191,0,270.0533966,207.1621748,356.7820279,1,0,1,1,0,0,1,1,0,0,1,1,0,0,0,0,0,0,ENSMUSG00000024675,#N/A
Ms4a6b,#N/A,#N/A,3.307137787,0.701511001,1.475896081,#N/A,#N/A,#N/A,#N/A,#N/A,#N/A,#N/A,#N/A,88.12046423,142.2438071,206.055266,225.3335548,1507.986654,1374.23955,1881.665661,1782.766228,133.8581319,187.7767352,234.634014,309.7814794,272.520661,322.0140818,129.7117738,165.9661381,110.584964,406.3910337,236.6292083,491.4353002,1,1,1,1,0,1,1,1,0,1,1,1,0,0,0,0,0,0,ENSMUSG00000024677,#N/A
Ms4a6d,#N/A,#N/A,4.257756754,2.119359006,2.950292283,#N/A,#N/A,#N/A,#N/A,#N/A,#N/A,#N/A,#N/A,65.70385491,127.4085634,140.756062,129.543987,1885.571456,1630.087761,2652.573837,2692.813682,69.44519626,133.1187184,231.4915942,617.2337747,533.5667678,733.373111,40.10824585,51.61626305,27.05802311,419.5004218,244.6656719,267.3408033,1,1,1,1,0,1,1,1,0,1,1,1,0,0,0,0,0,0,ENSMUSG00000024679,#N/A
Fam111a,-0.271761959,0.927161809,0.778889306,1.48214602,2.198472905,988.6470552,630.1013516,272.6593407,430.8015764,570.6099526,639.6754008,621.1210786,347.8715131,197.1115647,274.0156774,255.3924424,181.5440381,371.7034186,338.971892,441.0544345,408.041079,219.4065621,252.1321421,204.257289,698.7552167,657.8744377,535.1390087,141.6589109,171.5248126,139.9958587,734.1257382,622.3794647,729.2899854,1,1,1,1,0,1,1,1,0,1,1,1,0,1,1,0,0,0,ENSMUSG00000024691,ENSG00000166801
Ccdc86,1.334721341,0.53051314,1.22288888,1.046959548,1.078101277,130.6320433,58.80945948,6.782570665,172.045358,218.658932,222.5277226,129.5119831,80.90035189,204.84143,209.4387343,182.8377713,199.78967,481.0971462,408.0617044,451.0500024,520.0271165,171.0968604,235.3821047,181.2128769,415.7593539,421.6898649,379.716027,63.14915304,59.55722659,83.5269409,141.5813924,143.7634058,147.43059,1,1,1,1,0,1,1,1,0,1,1,1,0,0,1,0,0,0,ENSMUSG00000024732,ENSG00000110104
Slc15a3,-1.551536321,0.497510191,5.533522415,1.772668414,2.173355434,494.3235276,1374.321059,488.3450879,66.06541746,259.8446897,713.1168934,274.3508281,25.8881126,64.15788185,76.79420259,60.22037704,66.59655668,2727.785531,2344.735508,3329.773563,3981.296711,40.25808479,66.11856873,81.70291558,244.5643258,214.1916774,184.2739543,29.01447572,47.64578127,14.11722945,116.6735548,128.5834188,171.0194845,1,1,1,1,0,1,1,1,0,1,1,1,0,1,1,0,0,0,ENSMUSG00000024737,ENSG00000110446
Cdc42bpg,2.641457773,NA,-0.444575824,-0.503097436,-0.751773723,1.484455038,16.80270271,0,1.376362864,10.48364742,0.734414926,1.149514643,181.2167882,453.7430921,418.8774687,446.2112275,378.5968633,317.5946931,330.3356655,312.3614975,287.0446707,548.5164052,540.4091018,556.2083099,366.8464887,347.1052629,445.7940612,414.7363294,452.6349221,485.8679802,242.5236814,292.884454,266.3579327,1,1,1,0,1,1,1,0,1,1,1,0,1,0,0,0,0,0,ENSMUSG00000024769,ENSG00000171219
Ak3,-0.768598212,0.681653443,-0.981069077,-0.666293807,-0.874876087,3455.811328,1610.25901,4153.646275,1531.891867,1141.968737,1930.776841,2726.265561,1687.58134,5232.34581,6772.725071,4781.352828,6071.234037,2837.179258,2951.430423,2936.198076,2853.713161,4322.711854,3539.547379,4079.908413,2198.749748,2226.063504,3098.222191,1755.375781,2117.854978,1459.956812,814.0930061,1117.068451,975.9905061,1,1,1,0,1,1,1,0,1,1,1,0,1,1,1,0,0,0,ENSMUSG00000024782,ENSG00000147853
Pola2,-0.033207054,0.992954624,1.664398022,0.866395292,1.786293063,135.0854084,37.10596848,75.96479145,42.66724878,73.38553196,75.6447374,60.15793297,152.0926616,272.091258,352.5552028,253.2158023,322.9476858,959.8417391,897.0880327,704.6875383,1242.143979,308.9808008,327.06652,336.2389218,713.894913,611.9762211,448.5860908,96.43046343,134.2022839,102.3499135,384.1050737,390.2149585,377.4223105,1,1,1,1,0,1,1,1,0,1,1,1,0,1,1,0,0,0,ENSMUSG00000024833,ENSG00000014138
Pcx,#N/A,#N/A,-0.413542902,-0.452629918,-1.223234756,#N/A,#N/A,#N/A,#N/A,#N/A,#N/A,#N/A,#N/A,938.4056454,843.8635671,808.9845831,880.3517424,768.1086466,648.7965195,584.7407233,603.6948456,912.8520726,1101.976146,899.7795447,732.5283855,702.8164415,696.1460496,409.6161278,365.2843231,361.1657867,145.5142088,186.6245454,153.3278136,1,1,1,0,1,1,1,0,1,1,1,0,1,0,0,0,0,0,ENSMUSG00000024892,#N/A
Apba1,1.936870285,0.569230126,-0.643136207,-0.625778535,-2.020950184,11.8756403,8.401351354,0,0,38.1904299,11.01622389,17.62589119,63.10227447,1112.327614,922.4030924,1007.784382,815.5797489,604.6061935,634.7626513,635.9680089,595.9716706,769.9358716,719.3700278,835.8836748,492.6224277,443.6827603,569.5740406,1445.603585,1639.808972,1494.07345,288.40654,381.2855544,456.0519585,1,1,1,0,1,1,1,0,1,1,1,0,1,0,0,0,0,0,ENSMUSG00000024897,ENSG00000107282
Ctsw,0.447461987,0.934149063,-1.040459708,2.242722123,1.54769408,11.8756403,0,54.26056532,56.43087742,38.93926185,25.70452242,4.598058571,24.27010557,40.968286,68.94025005,47.16053624,67.50883828,21.17297954,26.98820796,31.23614975,29.60550415,17.10968604,29.09217024,29.32925175,95.49654628,160.643758,101.4437425,15.36060479,19.85240886,21.17584417,53.74849155,55.36230533,55.04075362,1,1,1,0,1,1,1,1,0,1,1,1,0,0,0,0,0,0,ENSMUSG00000024910,ENSG00000172543
Lrp5,0.141540233,0.970747704,-1.508000735,-0.312923107,-0.606729015,663.5514019,1129.981757,113.9471872,1066.681219,385.6484587,536.8573111,395.4330371,1124.514891,2923.43505,3053.442214,3759.057511,3160.143457,1219.798877,1310.547379,904.5988967,1097.978045,4236.156972,3878.074451,4414.052388,3349.366672,3387.862112,3346.712827,1449.870419,1774.805352,1512.896422,778.697658,1299.228294,1030.048389,1,1,1,0,1,1,1,0,1,1,1,0,1,1,1,0,0,0,ENSMUSG00000024913,ENSG00000162337
Smarca2,-0.607510763,0.789746156,-1.818234592,-0.699595249,-1.256908087,1309.289343,3009.08401,838.3257342,1336.448341,1040.127591,829.1544517,1445.706249,990.2203071,3773.720231,3337.057167,4178.423511,4842.390724,1117.462809,1291.115869,1169.481447,995.0023788,2932.801477,2538.953039,3219.932853,1438.271154,2143.8292,1767.354744,9162.60076,10102.49382,10289.1074,3248.506392,4676.328919,4437.66076,1,1,1,0,1,1,1,0,1,1,1,0,1,1,1,0,0,0,ENSMUSG00000024921,ENSG00000080503
Map4k2,-2.337858213,0.117927433,-1.934927856,-0.789567438,-0.599770377,5455.372264,3032.887839,851.8908756,392.2634162,543.652002,709.4448187,1183.233739,249.1730838,3340.847775,3612.818167,2284.746594,2508.774395,805.7494992,1036.347186,667.2041586,561.2173831,3985.550394,2959.467136,3072.239121,1961.172975,1715.445845,2118.219798,1243.355621,1155.410196,1209.375989,608.2756117,929.5509653,839.3714927,1,1,1,0,1,1,1,0,1,1,1,0,1,1,1,0,0,0,ENSMUSG00000024948,ENSG00000168067
Prdx5,-0.927167734,0.641913693,0.597319142,0.7784432,0.812902339,2971.878986,4129.264191,15734.20743,4997.573559,3729.183154,4214.807262,3980.769208,3092.011449,1981.164472,2153.728318,1818.220059,1848.282518,2658.385209,2869.386271,2837.491843,3438.100069,1178.555432,1675.885322,1476.93732,2666.915744,2386.707262,2378.809228,135.6853423,179.4657761,117.6435787,245.145559,255.3809568,262.4264503,1,1,1,1,0,1,1,1,0,1,1,1,0,1,1,0,0,0,ENSMUSG00000024953,ENSG00000126432
Gpam,-0.086203626,0.981788882,-0.497602831,-0.351575353,-0.982897063,249.3884464,179.2288289,174.9903232,68.81814319,159.5012072,219.5900629,447.5443676,50.15821817,591.3346942,568.1025669,531.8257394,408.702156,412.873101,371.3577416,413.5666227,289.6190624,742.7616643,695.567343,801.3170567,588.118974,563.209366,603.0783959,558.1019742,427.2238388,655.2747335,229.4142932,266.9891821,331.2273923,1,1,1,0,1,1,1,0,1,1,1,0,1,1,1,0,0,0,ENSMUSG00000024978,ENSG00000119927
Pik3ap1,2.922191647,0.463397051,2.263714566,0.886953588,2.128102309,8.906730227,0,4.069542399,35.78543446,43.43225361,0,0,82.51835893,132.9536829,229.5099464,100.8509929,110.3860734,561.0839578,564.5933106,762.1620539,864.9955996,88.56778653,146.3424321,157.1209915,200.3098288,246.7029141,277.341608,152.752681,155.6428855,139.9958587,453.5848311,679.5276509,826.5941749,1,1,1,1,0,1,1,1,0,1,1,1,0,0,0,0,0,0,ENSMUSG00000025017,ENSG00000155629
Mxi1,-0.950166702,0.601693745,-0.788836696,-0.715321059,-0.681053387,1009.429426,2105.238627,732.5176319,495.490631,814.7291711,688.8812008,983.9845342,334.9274568,1760.863311,1823.862311,1768.882882,1969.615971,1091.584723,1130.26615,1060.779645,953.8121121,1761.291209,1712.911721,1940.967982,1014.359656,1037.490937,1244.31453,957.4776988,1065.677308,1162.318558,579.4349577,821.5051758,582.842266,1,1,1,0,1,1,1,0,1,1,1,0,1,1,1,0,0,0,ENSMUSG00000025025,ENSG00000119950
Add3,0.515878148,0.82380183,-1.495038855,-0.402615294,-0.901245631,909.9709382,669.3076579,291.6505386,1065.304857,1017.662632,956.208234,642.9618568,776.6433781,3517.088704,4168.703475,3168.462488,3699.301881,1318.606115,1200.43549,1259.441558,1385.022716,2729.498149,2493.110832,2943.399908,1992.616959,2141.916774,2040.973645,2538.766626,2905.598561,2568.159324,1143.13865,1741.233797,1402.556347,1,1,1,0,1,1,1,0,1,1,1,0,1,1,1,0,0,0,ENSMUSG00000025026,ENSG00000148700
Nt5c2,-0.218353466,0.942884,-0.852400529,-0.588365866,-0.892009611,299.8599176,112.0180181,120.7297578,121.119932,155.7570474,146.1485703,116.4841505,223.2849712,2384.66344,2756.737341,3478.996481,3882.670482,1573.858146,2060.81956,1610.535881,1678.503366,2920.724051,2283.294574,2835.51016,1646.733127,1663.810351,2034.45891,2613.862916,2576.048574,2308.167015,1230.97155,1451.921104,1356.361428,1,1,1,0,1,1,1,0,1,1,1,0,1,1,1,0,0,0,ENSMUSG00000025041,ENSG00000076685
Msr1,6.275185757,0.134961682,2.670689759,1.858358855,2.031971302,0,0,0,0,68.8925402,0,1.149514643,9.708042227,57.97398962,84.64815513,71.10357771,58.38602229,395.2289514,289.3135894,417.3149606,632.0131539,92.59359501,127.8292329,168.6431976,605.5878544,327.0247932,478.3677399,104.9641328,88.14469536,103.5263493,441.7863817,374.1420312,396.0968519,1,1,1,1,0,1,1,1,0,1,1,1,0,0,0,0,0,0,ENSMUSG00000025044,ENSG00000038945
Pdcd11,0.55411351,0.809665499,0.377937992,0.448750264,0.731639883,387.4427649,614.6988741,170.9207808,616.610563,618.5351979,590.4696007,416.1243007,631.0227447,590.5617076,708.6010512,728.4488982,696.9831411,898.6753538,878.7360513,875.861639,886.8779288,757.8584461,692.0410194,801.3170567,1045.803641,1024.103958,1001.407954,633.1982643,785.3612947,715.2729587,1304.384124,1120.640213,1120.472484,1,1,1,1,0,1,1,1,0,1,1,1,0,1,1,0,0,0,ENSMUSG00000025047,ENSG00000148843
Afap1l2,-2.493612575,0.182673076,-1.564045023,-0.450598694,-1.118961217,6141.190492,3643.386037,339.1285333,710.2032377,393.8856103,541.2638006,1267.148308,82.51835893,3989.383473,4168.703475,3978.898165,2812.564168,1368.009734,1250.093793,1278.183248,1159.763445,3231.717756,3043.217323,2590.401413,1776.002842,2407.743945,2301.563076,1631.637576,2073.385582,1927.00182,584.6787129,1048.31204,956.3330941,1,1,1,0,1,1,1,0,1,1,1,0,1,1,1,0,0,0,ENSMUSG00000025083,ENSG00000169129
Ablim1,-2.462771363,0.135197818,-2.88010816,-0.851701103,-0.831753225,35031.65444,30347.08132,8008.859442,4817.270023,1241.563388,3347.463234,11258.72958,1520.926616,16034.83254,19358.24768,11507.89639,18416.22863,2672.500529,3221.312503,1726.734358,1249.867154,14234.25233,13909.5837,11102.16926,6706.885488,6902.900532,8136.904962,11492.29249,12827.03842,12005.52721,5133.636412,8826.715938,6444.682526,1,1,1,0,1,1,1,0,1,1,1,0,1,1,1,0,0,0,ENSMUSG00000025085,ENSG00000099204
Alyref,1.375923213,0.595636884,0.527376022,0.762275025,1.05373886,5.937820151,144.9233109,446.2931498,505.125171,430.5783763,781.4174815,677.4472961,187.6888164,531.8147315,538.4320795,569.5541684,635.860274,930.4348231,702.7729354,749.667594,897.1754955,499.2002514,519.2511598,596.0122945,982.9156714,961.9501226,793.8670859,238.9427412,232.6702319,249.4043869,520.4427108,520.5842582,455.0690879,1,1,1,1,0,1,1,1,0,1,1,1,0,0,1,0,0,0,ENSMUSG00000025134,ENSG00000183684
Kazald1,-2.291008821,0.28019493,-2.279474324,-0.844972667,-1.616375104,148.4455038,76.3122748,44.76496639,28.90362014,0.748831959,13.9538836,4.214887023,45.30419706,335.4761533,355.173187,280.7865773,242.6669052,49.40361893,79.88509558,73.71731341,46.33904998,210.348493,192.1846398,213.6845485,83.850626,125.2638828,132.1560682,94.72372956,80.99782817,30.58733047,15.73126582,26.78821226,24.57176501,1,1,1,0,1,1,1,0,1,1,1,0,1,1,0,0,0,0,ENSMUSG00000025213,ENSG00000107821
Nfkb2,1.648155255,0.204237052,3.162263252,0.973231797,1.137517674,160.3211441,130.220946,73.25176319,236.7344126,456.0386629,395.8496452,250.9773637,561.4484421,540.3175833,627.4435416,314.8872727,444.2811384,4056.978135,3812.894021,3858.289217,5515.634144,570.6583519,603.0013468,1009.764239,1576.857606,1618.868347,1089.822225,378.0415513,446.2821513,396.4588603,642.3600209,1059.027324,981.8877297,1,1,1,1,0,1,1,1,0,1,1,1,0,1,1,0,0,0,ENSMUSG00000025225,ENSG00000077150
Adpgk,-0.275343223,0.932534229,0.427145668,0.628273166,0.859736684,589.32865,202.3325451,1408.06167,630.3741916,566.1169608,674.1929023,521.8796478,635.8767658,379.5363854,526.21482,459.2710683,515.4391031,631.6605563,577.5476504,764.6609459,553.4942081,387.4840661,395.8298315,369.7580667,599.7648943,650.224735,533.2776556,223.5821364,228.6997501,190.5825975,470.6270358,402.7161242,296.8269213,1,1,1,1,0,1,1,1,0,1,1,1,0,1,1,0,0,0,ENSMUSG00000025236,ENSG00000159322
Fyco1,0.1235064,0.967471365,-0.890861284,-0.884917571,-0.731290398,267.2019068,154.0247748,158.7121536,118.3672063,262.0911856,293.7659705,241.0149034,135.9125912,2444.956389,1861.386751,2766.50961,1950.458057,1318.606115,1205.833132,1194.470366,1148.178683,3687.640567,3265.375714,2522.31565,1731.748345,1276.544149,2122.873181,4468.229261,4558.907172,4405.752023,2016.223902,3190.47608,2880.793729,1,1,1,0,1,1,1,0,1,1,1,0,1,1,1,0,0,0,ENSMUSG00000025241,ENSG00000163820
Zfhx4,0.567217775,0.913433866,0.784816007,-0.999810949,-0.917945998,2.968910076,17.50281532,27.13028266,5.505451455,19.46963093,0,34.86861083,58.24825336,40.19529947,30.54314876,40.63061583,41.05267192,56.46127877,41.02207611,71.21842143,95.25249163,71.4581005,75.81595881,60.75345005,39.59612894,21.0366826,43.74179723,465.9383454,482.8105836,548.2190769,305.4487447,186.6245454,301.7412743,1,1,1,1,0,1,1,0,1,1,1,0,1,0,0,0,0,0,ENSMUSG00000025255,ENSG00000091656
Atp10a,-1.875475524,0.441899682,-0.691181016,-1.121620169,-0.970733295,3745.280061,5490.28311,1205.941064,330.3270873,415.6017371,586.0631111,3367.31156,42.06818298,5881.654494,5805.816248,10319.45088,9244.149436,4280.470697,4917.251491,5475.072328,4682.81844,12172.03194,9651.547873,10289.33,4539.579724,3828.676233,6389.094426,5394.98575,4651.022349,3844.592153,2187.956888,2597.563648,2301.882946,1,1,1,0,1,1,1,0,1,1,1,0,1,1,1,0,0,0,ENSMUSG00000025324,ENSG00000206190
Itga7,0.562540356,0.921208867,0.766615587,-0.487436069,-1.418318769,14.84455038,394.163401,33.91285333,242.239864,63.65071649,0.734414926,70.8867363,715.1591107,1256.876095,1648.457371,1213.114101,1005.334321,2064.365505,1974.457295,2126.557075,2552.509336,966.1940349,1010.29173,1283.154764,755.820226,665.5241405,902.7562408,581.1428814,795.6845473,562.3363063,154.6907806,234.8433274,334.1760041,1,1,1,1,0,1,1,0,1,1,1,0,1,1,0,0,0,0,ENSMUSG00000025348,ENSG00000135424
Pa2g4,0.32581246,0.917458922,0.301743914,0.779837805,0.578430247,1153.421564,1667.668244,1025.524685,1917.273469,2155.887209,1903.603489,1739.598826,318.7473864,1777.869015,2129.293799,1810.964591,2286.177685,2556.049141,2359.848904,2426.424113,2521.616636,1381.85876,1466.069064,1531.405931,2622.661247,2520.577061,2376.947875,531.6475993,667.0409378,568.2184853,976.6494196,904.5486338,759.758974,1,1,1,1,0,1,1,1,0,1,1,1,0,1,1,0,0,0,ENSMUSG00000025364,ENSG00000170515
Adam8,10.53980522,0.00253252,3.670033695,3.099588634,3.020770437,0,0,0,0,786.2735567,87.39537622,0,661.7648784,3.091946113,10.47193672,11.60874738,24.63160315,143.5057502,119.8276434,163.6774247,198.2281583,32.20646783,21.15794199,111.0321673,584.6251979,424.5585034,397.3988812,13.65387093,8.7350599,15.29366523,91.76571728,117.8681339,91.40696583,1,0,1,1,0,1,1,1,0,0,1,1,0,0,0,1,1,0,ENSMUSG00000025473,ENSG00000151651
Adgra1,4.328213974,NA,-0.890339571,-0.82644777,-1.899418817,0,0,0,0,0,0,0,21.03409149,173.9219689,138.7531615,141.4816087,76.63165426,89.39702472,74.48745398,81.21398935,41.19026665,119.7678022,119.8950046,97.41501474,72.20470572,49.72306797,68.87006373,209.0748986,137.3786693,321.1669699,40.63910337,69.64935186,66.83520082,1,1,1,0,1,1,1,0,1,1,1,0,1,0,0,0,0,0,ENSMUSG00000025475,ENSG00000197177
Inpp5a,1.733729377,0.205315208,0.3605444,-0.419217805,-0.982317448,97.9740325,133.7215091,67.82570665,651.0196346,307.0211031,254.1075645,275.8835143,174.7447601,1427.706118,1562.063894,1581.691831,1548.141872,1797.350708,1740.19965,2160.292117,2161.201803,1499.613658,1496.924396,1635.105785,1114.514571,1008.804552,1339.243537,1844.979309,2485.52159,1779.947346,739.3694935,1209.934254,1141.112767,1,1,1,1,0,1,1,0,1,1,1,0,1,1,1,0,0,0,ENSMUSG00000025477,ENSG00000068383
Ifitm1,-0.137064045,0.979084568,3.368925516,1.493124492,1.014949903,8462.878171,10540.8955,7197.66399,10103.87978,5664.164936,14779.36598,9150.136556,12.9440563,718.1044848,1036.721735,1937.935266,856.6324208,11576.9147,12938.1469,11158.80214,11338.90809,615.9486973,1659.135285,1094.609574,3132.752555,2858.120195,3497.482426,74.24292317,75.43915368,54.11604622,176.9767405,111.6175511,126.7903074,1,1,1,1,0,1,1,1,0,1,1,1,0,1,1,0,0,0,ENSMUSG00000025491,ENSG00000185885
Eps8l2,0.774661578,0.837000699,-1.986929629,-0.843098996,-1.214494436,259.7796316,131.6211712,27.13028266,189.9380752,89.85983505,56.54994932,57.47573214,800.9134837,2195.28174,2415.526736,1830.554353,1716.913968,412.873101,588.3429336,652.2108068,404.1794915,1643.536311,1228.923797,1458.082801,676.6279681,783.1383205,952.0820972,1026.60042,1344.405128,995.2646761,300.2049894,580.4112655,567.1163364,1,1,1,0,1,1,1,0,1,1,1,0,1,1,1,0,0,0,ENSMUSG00000025504,ENSG00000177106
Rplp2,0.13157998,0.969227118,0.401793957,0.771283701,1.031553399,4679.002279,13030.49595,31491.4756,24713.97158,12144.55671,16715.28372,17651.18051,18607.08093,6884.218021,8513.684551,7325.119598,9342.675848,9679.58048,11422.48914,10601.54922,10656.6943,4853.112121,5128.156191,5752.723236,8705.325407,9993.380449,8154.587816,1454.990621,1714.45403,1587.011877,3473.987868,3418.175884,2832.63307,1,1,1,1,0,1,1,1,0,1,1,1,0,1,1,0,0,0,ENSMUSG00000025508,ENSG00000177600
Cd151,0.328815853,0.90075183,-0.954964234,0.542704877,-0.587078636,1376.08982,3433.352253,3726.344324,3937.774153,2813.361669,5000.631233,3270.75233,2846.074379,9145.976603,12638.75496,8775.487473,10912.71248,4887.429444,5463.49282,5558.785209,5483.454248,5264.751038,5528.393927,5784.147434,8281.413909,8411.804402,7455.649737,1015.50665,1263.4073,779.976927,665.9569197,712.566446,659.5061728,1,1,1,0,1,1,1,1,0,1,1,0,1,1,1,0,0,0,ENSMUSG00000025510,ENSG00000177697
Gusb,1.335239684,0.421958181,-1.218095709,0.519963165,0.521990955,1484.455038,900.3448201,1131.332787,2502.227686,1864.591577,1913.150883,1438.042818,7069.072748,1355.818371,1666.783261,1173.209032,1329.194289,558.7314045,664.9894442,587.2396153,562.5045789,904.8004556,985.6074645,891.3997585,1333.457872,1331.048281,1326.214065,389.9886884,458.9876929,334.1077636,597.7881011,586.6618484,517.9728064,1,1,1,0,1,1,1,1,0,1,1,1,0,1,1,0,0,0,ENSMUSG00000025534,ENSG00000169919
Tnrc6c,-0.429055252,0.886277724,-0.855635606,-0.514492674,-0.563379221,344.3935688,772.224212,138.3644416,159.6580922,339.2208773,226.9342122,427.2362755,401.2657454,776.8514609,661.4773359,1334.280402,1013.544856,552.8500213,572.1500088,446.0522184,521.3143123,1458.349121,1078.173461,1299.914336,850.1521803,885.4530949,948.3593911,1525.820076,1546.899699,1399.958587,857.3539871,1050.990861,1116.541002,1,1,1,0,1,1,1,0,1,1,1,0,1,1,1,0,0,0,ENSMUSG00000025571,ENSG00000078687
Tma16,0.568161327,0.818424634,0.884711998,0.750265085,0.906791679,149.9299588,220.535473,531.7535402,472.0924623,372.1694835,332.6899616,346.0039075,707.0690755,118.2669388,135.2625159,110.2831001,145.9650557,236.4316049,196.474154,248.639752,258.7263624,124.8000628,115.4871,111.0321673,216.6141172,216.1041031,159.1456878,145.9257455,152.4665001,214.1113133,496.8458121,185.731605,279.1352505,1,1,1,1,0,1,1,1,0,1,1,1,0,1,1,0,0,0,ENSMUSG00000025591,ENSG00000198498
Cct8,0.339327382,0.884583919,0.718006398,0.753026495,0.535150425,2474.586548,2208.155181,1999.501832,2850.447491,3834.019629,2767.275442,2722.050674,1915.720333,2924.208037,3373.708946,3144.519447,3969.337234,5296.773715,4731.57262,6252.227734,5779.509289,2090.401053,2207.478615,2239.497866,3647.502231,3946.290413,3423.958979,864.4607031,978.3267088,876.4446615,1565.260949,1212.613075,1166.667403,1,1,1,1,0,1,1,1,0,1,1,1,0,1,1,0,0,0,ENSMUSG00000025613,ENSG00000156261
Arhgef9,-0.054846122,0.988739376,-0.477880902,-0.701490818,-1.971217076,152.8988689,287.7462839,69.18222079,61.93632887,86.11567525,126.3193673,75.10162332,470.840048,637.7138858,516.6155447,730.6255383,600.2812917,475.215763,433.9703841,428.5599746,447.9441498,508.2583205,439.9088773,414.7994176,252.71647,269.6520224,314.5686695,1701.613664,1395.227295,2150.524619,448.3410758,410.7525879,478.6579823,1,1,1,0,1,1,1,0,1,1,1,0,1,1,1,0,0,0,ENSMUSG00000025656,ENSG00000131089
Marchf8,0.016848159,0.995758996,-0.506835349,-0.456019065,-0.589882552,243.4506262,543.9875002,306.5721941,407.4034077,141.5292402,262.9205436,523.0291624,511.2902239,2417.128874,2513.264812,2026.451965,2277.967151,1422.118459,1753.153989,1770.464968,1552.358174,1621.394365,1451.082188,1429.801023,991.0678156,1066.177323,1222.908969,1063.295199,1183.203568,1062.321516,601.7209176,768.8216917,825.6113043,1,1,1,0,1,1,1,0,1,1,1,0,1,1,1,0,0,0,ENSMUSG00000025702,ENSG00000165406
Il6,-0.421922965,0.943362203,13.03415392,5.783562555,5.04525822,160.3211441,24.50394145,480.2060031,5.505451455,721.1251763,65.36292844,11.87831797,22.65209853,0,0.872661393,0,0,1430.352396,788.0556726,2220.265524,3879.60824,2.012904239,7.052647331,31.4241983,741.8451217,1032.709873,447.6554142,0,0,3.529307362,32.77347046,34.82467593,28.50324741,1,0,1,1,0,0,1,1,0,0,1,1,0,1,0,0,0,0,ENSMUSG00000025746,ENSG00000136244
Hspa4l,1.398095846,0.507935174,1.173048922,-0.479976856,-1.187767855,181.1035146,31.50506758,46.12148052,118.3672063,96.59932268,185.0725614,141.3903011,593.8085829,500.8952703,430.2220668,565.9264348,560.1409014,1102.171213,734.0792566,1586.796407,1217.687258,431.7679594,507.7906079,494.4073866,331.9087279,346.1490501,349.9343779,1396.108302,1345.993321,1981.117866,833.7570884,600.0559545,640.8316314,1,1,1,1,0,1,1,0,1,1,1,0,1,1,1,0,0,0,ENSMUSG00000025757,ENSG00000164070
Jade1,-0.306767543,0.921456837,-0.595000866,-0.676679984,-0.691306152,963.4113196,398.3640767,355.4067029,322.0689101,328.7372299,329.017887,383.1715476,951.3881382,864.9719252,808.08445,1016.490943,1071.018596,665.7725789,620.7287832,624.722995,577.9509289,1022.555354,878.0545927,840.0735679,543.864477,521.1360008,648.6815462,992.4657431,1342.022839,1078.791617,575.5021412,748.2840623,788.2622214,1,1,1,0,1,1,1,0,1,1,1,0,1,1,1,0,0,0,ENSMUSG00000025764,ENSG00000077684
Itih5,-0.850430453,0.82712616,-1.930191042,-1.335030783,-1.451392215,7975.976918,6227.501691,1146.254442,1855.33714,3234.20523,1715.593268,7341.950023,40.45017594,12448.17505,13997.48874,12880.63077,19169.77323,3764.085252,3611.022226,4098.182847,3875.746653,17154.97638,16108.2465,14674.05313,6337.709815,4179.606348,8484.04731,12873.04018,18157.80724,13590.18621,4309.055896,6264.869906,5739.964306,1,1,1,0,1,1,1,0,1,1,1,0,1,1,1,0,0,0,ENSMUSG00000025780,ENSG00000123243
Clec3b,-4.083795447,0.072335137,1.472052746,-1.123476917,-1.53091022,1664.074097,8881.628606,20378.91182,845.0867984,697.1625536,604.4234843,892.4065343,0,181.6518342,442.4393263,244.5092417,187.9300093,611.6638534,509.5373664,1073.274105,736.2760164,251.6130299,565.9749483,338.3338684,156.0553317,115.7017543,258.7280772,72.53618931,90.52698442,78.82119775,23.59689873,18.75174858,41.28056521,1,1,1,1,0,1,1,0,1,1,1,0,1,1,0,0,0,0,ENSMUSG00000025784,ENSG00000163815
Rassf3,-1.132148923,0.581310789,-1.310117001,-0.43407841,-0.648627506,1490.392858,4307.092794,6659.127879,2708.682116,1764.996927,2317.079092,2282.552909,398.0297313,6381.003791,7277.996018,5965.44506,6781.901402,2400.780624,2738.763344,3066.140459,2443.097691,4368.0022,4022.653722,4151.136596,2914.973845,2998.683484,3367.18771,2664.211565,3287.558908,2668.156366,1466.940538,2281.462744,1747.543927,1,1,1,0,1,1,1,0,1,1,1,0,1,1,1,0,0,0,ENSMUSG00000025795,ENSG00000153179
Ccr1,0.928773371,0.916295322,2.953522059,2.758290199,3.517564577,0,17.50281532,0,49.5490631,0.748831959,0,0,6.472028151,25.50855543,66.32226587,38.4539757,31.01757434,275.248734,235.3371735,274.8781178,462.103304,34.21937207,56.42117865,85.89280869,496.1162038,279.2141509,417.8737651,15.36060479,22.23469793,2.352871575,148.1360865,182.1598433,146.4477194,1,1,1,1,0,1,1,1,0,0,1,1,0,0,0,0,0,0,ENSMUSG00000025804,ENSG00000163823
Pard3,1.287748529,0.51121594,0.485763923,-0.483395965,-0.473662783,216.7304355,72.81171173,126.1558144,425.2961249,142.2780722,130.7258569,209.9780081,783.1154063,1147.112008,1091.699403,1381.440938,1062.808062,1965.558267,1653.837384,1379.388373,1560.081349,2123.613973,1880.412095,1923.160936,1433.612786,1393.202116,1412.766983,1342.346186,1277.701034,1428.193046,852.1102319,1066.170848,993.6821769,1,1,1,1,0,1,1,0,1,1,1,0,1,1,1,0,0,0,ENSMUSG00000025812,ENSG00000148498
Nudt5,0.217850399,0.937620853,-0.475707079,0.593084119,0.791041755,1151.937109,991.3594598,1819.085452,1402.513758,2111.706124,1732.484811,1414.669354,1017.726427,247.3556891,307.1768104,321.4171931,380.4214265,202.3195823,229.9395319,224.9002782,245.8544041,252.619482,221.27681,204.257289,331.9087279,360.4922428,330.3901706,193.7142938,201.7004741,174.1124965,458.8285864,215.1986384,315.5014627,1,1,1,0,1,1,1,1,0,1,1,1,0,1,1,0,0,0,ENSMUSG00000025817,ENSG00000165609
Hk3,6.174132259,0.214019585,3.721048595,1.580015345,2.143594753,0,0,0,0,0,11.75063882,0,63.10227447,37.87633989,65.44960448,26.84522832,44.70179832,611.6638534,395.1073646,524.7673158,763.3071289,15.0967818,40.55272215,30.37672503,86.17981005,81.27809187,91.20630061,15.36060479,36.52843231,32.94020204,119.2954325,66.07759023,188.7111553,1,1,1,1,0,1,1,1,0,1,1,1,0,0,0,0,0,0,ENSMUSG00000025877,ENSG00000160883
Smad7,0.963207518,0.678280927,-1.877093735,-0.55709116,-0.895022096,152.8988689,343.7552929,126.1558144,624.8687402,435.071368,569.1715678,332.9760748,63.10227447,1015.704298,1068.137545,1579.515191,1602.878768,370.5271419,341.1309487,337.3504173,384.871554,1641.523407,1438.740056,1579.589701,944.4841345,1059.483833,1160.553641,912.2492514,1062.500922,947.0308088,394.5925843,664.3476639,509.126971,1,1,1,0,1,1,1,0,1,1,1,0,1,1,1,0,0,0,ENSMUSG00000025880,ENSG00000101665
Sox17,-1.4144785,0.595636884,-2.46542781,-0.467406142,-1.328264579,2057.454682,4757.965317,2151.431415,1341.953792,1378.599636,1447.53182,1426.547672,11.32604926,4992.719986,5993.438447,7745.211143,9297.97405,1319.782391,1659.235026,830.8815833,1264.026308,6171.564398,4343.549175,5475.142817,3326.074831,4047.648975,4188.975092,1591.52933,1723.189089,1418.781559,416.8785442,825.9698779,638.8658902,1,1,1,0,1,1,1,0,1,1,1,0,1,1,1,0,0,0,ENSMUSG00000025902,ENSG00000164736
Rdh10,2.087608435,0.172903468,0.783126822,1.556790367,1.122565961,231.5749859,105.7170045,135.6514133,1275.888375,441.8108557,457.540499,159.7825353,1014.490413,252.7665948,321.1393926,273.5311102,332.9827834,369.3508653,306.5860425,526.0167618,830.2413122,263.6904554,317.3691299,493.3599133,924.68607,1418.06365,816.2033228,86.19006023,117.5262605,74.1154546,226.7924156,235.7362678,145.4648488,1,1,1,1,0,1,1,1,0,1,1,1,0,1,1,0,0,0,ENSMUSG00000025921,ENSG00000121039
Slc39a10,-2.104040937,0.179754828,-2.110796218,-0.917099033,-0.895855472,11697.5057,13585.68525,18452.66175,2524.249492,1535.854347,2583.671711,9194.967627,1114.806849,13576.73538,16722.81027,11774.17203,16743.10417,3119.485652,3823.689304,3497.199326,3175.51212,12181.09,10191.95697,7388.876494,5445.632322,4153.788601,6162.009351,7841.588747,9530.744447,8833.856327,4390.334102,5604.986944,4086.775956,1,1,1,0,1,1,1,0,1,1,1,0,1,1,1,0,0,0,ENSMUSG00000025986,ENSG00000196950
Slc40a1,-2.351879473,0.127376186,-3.658838749,-0.896672804,-0.703463315,3299.943549,1293.107996,12650.85081,1237.350215,464.2758144,1123.654837,1235.345069,1569.466827,9790.647367,12973.85693,4819.081257,8088.288651,732.8203474,889.5313345,594.7362912,606.2692373,4742.402388,4238.641046,3242.977265,2020.567168,2062.551108,2482.114324,2261.422372,2610.988814,2454.045052,1275.54347,1788.559638,1432.042465,1,1,1,0,1,1,1,0,1,1,1,0,1,1,1,0,0,0,ENSMUSG00000025993,ENSG00000138449
Cd28,5.431590089,0.153233409,-2.457122579,-1.709951892,1.395550762,0,0,0,0,26.20911856,1.468829852,0.766343095,16.18007038,28.60050155,54.10500637,17.41312107,33.75441914,1.176276641,3.238584956,8.74612193,11.5847625,21.13549451,30.85533207,12.56967932,3.493776083,8.60591561,7.445412295,14.50723786,43.6752995,14.11722945,41.95004218,52.6834841,97.30418943,1,1,0,0,1,1,0,0,1,1,1,1,0,0,0,0,0,0,ENSMUSG00000026012,ENSG00000178562
Nop58,0.570113195,0.793521269,1.702968371,1.287493485,1.06463336,730.3518786,1281.906194,499.197201,1494.73007,1305.214104,872.4849324,976.7042748,1567.84882,537.2256372,636.1701555,562.2987013,610.3163893,1865.574753,1307.308794,2037.84641,2427.651341,514.2970332,582.7249857,672.4778437,1607.136998,1463.005654,1249.898589,475.3253817,464.5463674,532.9254116,1173.290242,985.806211,920.9497525,1,1,1,1,0,1,1,1,0,1,1,1,0,1,1,0,0,0,ENSMUSG00000026020,ENSG00000055044
Trak2,-0.694651896,0.749514312,0.567950357,-0.401676391,-0.820626918,2103.472789,936.750676,478.849489,940.055836,630.5165093,674.1929023,783.2026432,595.4265899,5608.790249,3961.882724,5033.843083,4126.249669,7484.648267,6290.411512,6579.582583,7415.535193,4971.873471,3888.653422,5288.692574,3482.130163,3842.063213,3384.870565,3916.100856,4157.888512,4126.936742,1646.539156,2909.199851,2348.077864,1,1,1,1,0,1,1,0,1,1,1,0,1,1,1,0,0,0,ENSMUSG00000026028,ENSG00000115993
Tex30,0.05754656,0.987824841,0.892047589,0.711843398,1.327954714,127.6631333,41.30664416,562.9533652,313.810733,259.8446897,294.5003854,228.7534139,171.508746,85.02851811,117.8092881,100.1254462,104.9123838,202.3195823,147.8953796,217.4036023,189.2177874,68.43874414,61.71066415,77.51302248,123.4467549,131.0011598,85.62224139,32.42794345,23.82289064,23.52871575,82.58914555,47.32584165,71.74955382,1,1,1,1,0,1,1,1,0,1,1,1,0,1,1,0,0,0,ENSMUSG00000026049,ENSG00000151287
Slc9a2,-3.034100458,0.091786085,-0.492275416,-0.474013581,-1.186181109,411.1940455,967.5556309,746.0827732,66.06541746,9.734815464,10.28180897,157.4835061,189.3068234,503.2142299,615.2262821,534.7279262,619.4392053,436.3986339,408.0617044,394.8249328,374.5739873,440.8260284,402.0008979,430.5115167,296.9709671,313.6378133,305.2619041,249.1831444,308.1093856,242.3457722,70.79069619,153.5857503,124.8245662,1,1,1,0,1,1,1,0,1,1,1,0,1,1,0,0,0,0,ENSMUSG00000026062,ENSG00000115616
Il18rap,4.852183122,NA,3.472959476,2.037225031,4.588107815,0,0,0,0,5.241823711,22.76686271,0,1.618007038,7.729865283,8.72661393,40.63061583,5.47368959,164.6787298,168.4064177,203.6596964,163.4738708,35.22582419,36.14481757,43.99387762,164.2074759,155.8626938,152.630952,7.680302397,8.7350599,9.411486298,197.9517616,178.5880817,240.8032971,1,0,1,1,0,1,1,1,0,0,1,1,0,0,0,0,0,0,ENSMUSG00000026068,ENSG00000115607
Il1r2,3.480116839,0.134711399,4.142776133,3.714517208,3.999303582,2.968910076,13.30213964,0,2.752725728,86.86450721,144.6797405,14.56051881,63.10227447,3.864932642,1.745322786,18.86421449,11.85966078,116.4513875,193.235569,172.4235466,167.3354583,11.07097332,29.97375116,35.61409141,456.5200749,303.119472,248.4906353,5.973568531,0,3.529307362,61.61412446,38.39643757,49.14353002,1,0,1,1,0,1,1,1,0,0,1,1,0,0,0,0,0,0,ENSMUSG00000026073,ENSG00000115590
Npas2,1.175765999,0.522422114,1.95424956,-1.738918482,-1.494216076,158.8366891,440.3708335,59.68662186,539.5342426,521.1870433,447.2586901,646.0272292,330.0734357,29.37348808,16.58056647,50.06272308,18.24563197,136.4480904,116.5890584,111.2006931,82.3805333,65.41938778,76.69753973,64.94334316,16.30428839,30.59881106,14.89082459,218.4619348,176.2893907,261.1687448,47.19379746,81.25757717,102.2185424,1,1,1,1,0,1,1,0,1,1,1,0,1,1,1,0,0,0,ENSMUSG00000026077,ENSG00000170485
Eif5b,1.214177989,0.577553179,0.542013414,0.386410478,0.553387969,1215.768676,975.9569823,75.96479145,2020.500684,1812.17334,1004.679619,1227.298467,2705.307767,1861.35156,1353.497821,2244.841525,2119.230153,2952.454369,2213.033053,2790.012896,3081.546824,2410.452827,2158.991664,2566.309528,3080.345913,3439.497605,2805.989759,1480.591629,1602.486444,2055.23332,2552.397879,2910.985732,2072.874096,1,1,1,1,0,1,1,1,0,1,1,1,0,1,1,0,0,0,ENSMUSG00000026083,ENSG00000158417
Nabp1,2.373556457,0.10103318,2.183578625,1.028317552,1.623462519,66.8004767,115.5185811,113.9471872,359.2307075,396.1321062,257.7796391,232.2019578,1317.057729,64.15788185,118.6819495,64.57365731,87.57903344,304.65565,288.2340611,356.0921071,570.2277539,59.38067506,67.88173056,72.27565609,156.0553317,127.1763085,124.7106559,115.204536,120.7026459,136.4665513,347.3987868,367.8914483,428.5315817,1,1,1,1,0,1,1,1,0,1,1,1,0,1,1,0,0,0,ENSMUSG00000026107,ENSG00000173559
Ptpn18,0.453913981,0.863112629,-1.043710863,0.739856493,2.177872797,575.9685547,1162.186937,260.4507135,1076.31576,740.5948072,751.3064695,970.9567015,1025.816462,78.07163936,98.61073741,89.9677922,111.298355,41.16968244,53.97641593,48.72839361,38.61587498,55.35486658,86.39492981,71.22818282,114.1300187,118.5703928,123.7799794,17.06733866,30.96975783,29.41089468,108.8079219,134.8340017,105.1671542,1,1,1,0,1,1,1,1,0,1,1,1,0,1,1,0,0,0,ENSMUSG00000026126,ENSG00000072135
Prim2,-0.67322371,0.77206516,-0.555381929,0.7308658,1.203998454,133.6009534,78.41261264,325.5633919,94.9690376,115.3201216,164.5089435,81.23236809,105.1704575,175.4679419,167.5509875,205.3297193,206.1756412,110.5700043,131.7024549,128.692937,142.8787374,109.703281,128.7108138,130.9341596,194.4868686,184.5490792,233.5998108,128.8584069,118.3203568,90.58555562,332.9784598,225.0209829,225.0773675,1,1,1,0,1,1,1,1,0,1,1,1,0,1,1,0,0,0,ENSMUSG00000026134,ENSG00000146143
Fam135a,1.086105804,0.527546973,-0.448543945,-0.486969759,-0.506863003,86.0983922,85.41373877,103.0950741,253.2507669,171.4825185,94.73952548,104.2226609,349.4895202,397.3150755,370.881092,383.8142103,373.1231737,251.7232012,265.5639664,274.8781178,326.9477415,603.8712718,470.7642094,482.8851806,334.237912,361.4484556,414.1510589,1180.206468,1436.520305,1309.373031,985.8259913,850.0792689,928.8127173,1,1,1,0,1,1,1,0,1,1,1,0,1,1,1,0,0,0,ENSMUSG00000026153,ENSG00000082269
Sphkap,4.377906047,NA,0.928181813,-1.409305832,-2.910379904,0,0,0,0,0.748831959,0,0,21.03409149,66.47684143,53.23234498,118.9896607,69.33340147,149.3871334,152.2134929,141.1873969,145.4531291,89.57423865,104.9081291,76.4655492,38.43153692,34.42366244,29.78164918,399.3757246,289.0510731,443.5162918,73.41257382,23.21645062,56.02362422,1,1,1,1,0,1,1,0,1,1,1,0,1,0,0,0,0,0,ENSMUSG00000026163,ENSG00000153820
Slc11a1,1.323207523,0.529966625,0.908634707,0.832203406,1.906453599,22.26682557,52.50844596,10.85211306,68.81814319,53.91590103,29.37659705,36.01812547,173.126753,84.25553158,151.8430824,113.9108337,89.40359664,202.3195823,209.4284938,184.9180065,227.8336624,111.7161853,156.9214031,180.1654036,322.5919917,208.4544003,268.9655192,16.21397173,64.32180472,21.17584417,136.3376371,99.11638534,150.3792018,1,1,1,1,0,1,1,1,0,1,1,1,0,1,1,0,0,0,ENSMUSG00000026177,ENSG00000018280
Cxcr2,1.283586185,NA,2.222070442,3.455429847,6.351222548,2.968910076,0,0,0,0,2.203244779,0,9.708042227,6.183892226,1.745322786,7.255467113,15.50878717,9.410213129,66.93075575,37.4833797,28.31830832,8.051616958,36.14481757,27.23430519,315.6044395,276.3455124,197.3034258,0.853366933,0,0,35.39534809,40.18231838,5.897223602,1,0,0,1,0,0,1,1,0,0,0,1,0,0,0,0,0,0,ENSMUSG00000026180,ENSG00000180871
Ncl,0.812770757,0.776854863,0.782389291,0.650705475,0.606272709,6130.799306,3776.407434,230.6074026,8029.700948,6012.371797,4820.699576,4657.450161,6159.752793,6509.319555,5989.07514,6799.823779,6644.146881,11830.99046,9504.167317,10486.60019,12801.16256,5494.222122,5516.933375,5832.331205,9208.429163,9073.503691,8162.033228,6183.496797,7275.510801,8187.99308,11533.63972,11814.49454,9602.645765,1,1,1,1,0,1,1,1,0,1,1,1,0,1,1,0,0,0,ENSMUSG00000026234,ENSG00000115053
Epha4,-1.000954025,0.671871144,-1.201789951,-0.500194292,-1.257023282,2853.122583,2089.136037,554.8142804,1296.533818,896.3518546,1201.502819,1037.245379,145.6206334,1244.508311,1260.123052,1288.570959,935.0886383,444.6325703,553.7980274,526.0167618,531.611879,1188.619953,941.5284187,936.4411094,611.4108146,826.1678985,728.7197284,1646.998181,1673.161019,1662.303767,547.972426,759.8922876,773.5191624,1,1,1,0,1,1,1,0,1,1,1,0,1,1,1,0,0,0,ENSMUSG00000026235,ENSG00000116106
Eif4e2,0.341595579,0.897005585,0.434720198,0.490664493,0.49063271,945.5978591,714.1148651,1566.773824,1238.726577,1176.415007,1309.461813,911.9482832,2177.837473,812.4088412,963.4181779,915.6399497,1054.597528,1310.372178,1233.900868,1216.960394,1300.067791,659.2261384,745.8174553,752.0858127,1035.322313,1059.483833,937.1912726,356.707378,410.5478153,389.4002456,542.7286708,584.8759676,497.3325238,1,1,1,1,0,1,1,1,0,1,1,1,0,1,1,0,0,0,ENSMUSG00000026254,ENSG00000135930
Gpr35,1.081319764,0.534104727,2.387707872,3.731081842,3.652962199,492.8390726,139.32241,409.6672682,615.2342001,437.3178639,525.8410872,1159.477103,933.5900608,15.45973057,6.981291144,18.13866778,13.68422397,48.22734229,85.28273717,56.22506955,96.53968746,7.045164838,14.10529466,21.99693881,241.0705497,108.0520515,222.4316923,5.120201598,11.91144532,9.411486298,103.5641666,95.54462371,133.6704016,1,0,1,1,0,0,1,1,0,0,1,1,0,1,1,0,0,0,ENSMUSG00000026271,ENSG00000178623
Dtymk,-0.215140926,0.948623128,-0.692845836,0.706899975,0.929845286,512.1369881,854.1373877,1977.797606,736.3541321,896.3518546,1747.907524,677.4472961,742.6652303,321.5623958,390.9523041,286.590951,332.9827834,194.0856458,233.1781168,211.1563723,184.0690041,249.6001257,276.8164078,215.779495,412.2655778,420.733652,380.6467036,71.68282237,86.55650265,88.23268405,180.9095569,145.5492866,143.4991076,1,1,1,0,1,1,1,1,0,1,1,1,0,1,1,0,0,0,ENSMUSG00000026281,ENSG00000168393
Actr3,-0.344475534,0.896826531,1.616685644,0.709187397,0.460749184,3518.15844,2498.001803,5618.681539,2744.46755,4476.517449,3552.364998,2773.01249,1724.795502,2693.085065,3336.184506,3020.450959,4212.916421,8715.033634,7976.634746,11093.83094,12884.83029,2036.052638,2107.859971,2465.752093,3713.883977,4078.247786,3013.530626,2750.401625,3588.521426,2709.331618,3825.319472,4527.207871,4101.519015,1,1,1,1,0,1,1,1,0,1,1,1,0,1,1,0,0,0,ENSMUSG00000026341,ENSG00000115091
Lypd1,3.767577488,0.215073929,-1.551777679,-1.158399826,-1.485872125,5.937820151,0,0,0,45.67874948,47.73697021,22.60712131,11.32604926,196.3385782,190.2401837,364.9499958,229.8949628,54.10872549,132.7819832,68.71952945,78.5189458,339.1743643,208.0530963,354.0459675,135.0926752,147.2567782,120.9879498,168.1132858,175.4952944,152.9366523,48.50473628,88.40110044,39.31482401,1,1,1,0,1,1,1,0,1,1,1,0,1,0,0,0,0,0,ENSMUSG00000026344,ENSG00000150551
Ptprc,2.151803993,0.566592,2.36834774,2.021260298,3.009125274,25.23573564,15.40247748,0,0,125.0549371,57.28436425,2.299029285,116.4965067,114.4020062,136.1351773,84.88896522,92.14044143,477.5683163,510.6168947,594.7362912,623.0027831,91.58714289,174.5530214,151.8836251,682.4509283,429.3395676,588.1875713,266.2504831,316.0503491,239.9929006,1763.212711,1938.573627,2927.971518,1,1,1,1,0,1,1,1,0,1,1,1,0,0,0,0,0,0,ENSMUSG00000026395,ENSG00000081237
Srgap2,-1.383123147,0.465719349,-0.574094963,-0.587096524,-0.442882016,2338.016685,2122.04133,223.824832,609.7287487,835.6964659,546.4047051,752.932091,247.5550768,2674.533388,2905.962439,2725.153448,3200.283847,2033.782312,1948.548615,1922.897379,1821.382103,3535.666297,3075.835817,2514.983337,2191.762196,1743.176017,2141.486711,3547.44634,3949.835268,3536.365977,2309.874198,3105.646741,2698.962668,1,1,1,0,1,1,1,0,1,1,1,0,1,1,1,0,0,0,ENSMUSG00000026425,ENSG00000266028
Rassf5,1.92280633,0.626771384,0.635918995,0.900174918,1.120405746,17.81346045,0,2.713028266,0,23.96262268,3.672074631,38.7003263,61.48426744,81.936572,76.79420259,95.04661918,71.15796467,118.8039408,133.8615115,128.692937,124.8579958,73.47100474,105.78971,72.27565609,190.9930926,139.6070754,141.4628336,65.70925384,86.55650265,143.5251661,221.5486603,169.6586776,247.6833913,1,1,1,1,0,1,1,1,0,1,1,1,0,0,0,0,0,0,ENSMUSG00000026430,ENSG00000266094
Xpr1,-0.742850989,0.760878986,-1.068767795,-0.542561433,-0.688500387,862.468377,1489.83964,758.2914004,170.6689951,389.3926185,595.6105052,736.0725429,1207.03325,1825.79418,2199.979372,2053.297193,2704.914939,1021.008124,1093.562187,1089.516903,982.1304204,1725.058933,1361.160935,1476.93732,999.2199598,1009.760765,1122.395903,2592.528742,2495.844842,2699.920132,1634.740706,1708.195001,1489.048959,1,1,1,0,1,1,1,0,1,1,1,0,1,1,1,0,0,0,ENSMUSG00000026469,ENSG00000143324
Ifi211,#N/A,#N/A,5.573965129,1.88695737,4.692339802,#N/A,#N/A,#N/A,#N/A,#N/A,#N/A,#N/A,#N/A,6.183892226,15.70790507,7.981013825,9.122815983,622.2503431,330.3356655,463.5444623,419.6258415,9.058069077,9.697390081,14.66462587,33.7731688,60.24140927,28.85097264,12.800504,7.940963546,4.705743149,245.145559,168.7657372,263.4093209,1,0,1,1,0,0,1,1,0,0,1,1,0,0,0,0,0,0,ENSMUSG00000026536,#N/A
Uck2,1.198618859,0.405555879,0.465130751,0.730592306,0.931888986,476.5100672,213.5343469,609.0748457,1202.941143,1159.940704,1147.89053,634.5320828,821.9475752,418.1857118,452.0386016,453.4666946,422.38638,477.5683163,567.8318956,532.2639917,834.1028997,401.5743958,416.1061925,592.8698746,845.4938122,710.4661442,783.629644,238.0893743,270.7868569,223.5227996,528.3083438,408.9667071,463.9149233,1,1,1,1,0,1,1,1,0,1,1,1,0,1,1,0,0,0,ENSMUSG00000026558,ENSG00000143179
Mpzl1,-1.014870557,0.434988418,-1.930899263,-0.368811389,-0.637528908,5630.537959,4752.364416,7677.869993,2664.638504,2663.595277,3362.151532,3294.508966,2910.794661,9028.482651,12506.98309,5059.237218,7949.621848,2237.278171,2149.340882,2237.757768,2435.374516,5586.815717,5136.972,5243.651223,4236.785797,4070.598083,4058.680377,2016.506063,2344.172439,2014.058068,1267.677837,1627.830365,1201.067874,1,1,1,0,1,1,1,0,1,1,1,0,1,1,1,0,0,0,ENSMUSG00000026566,ENSG00000197965
Atp1b1,4.827951974,0.011780255,1.142530248,-0.95979029,-1.723985269,26.72019068,107.8173424,127.5123285,1513.99915,703.9020412,252.6387346,121.4653806,9821.302719,1675.061807,1214.744659,2045.316179,1414.036477,3013.620755,3098.246274,3620.894479,4288.936515,1362.73617,1907.741103,1714.713754,794.2517629,632.0566909,1136.356052,2658.237996,2319.555452,2966.971056,760.3445146,895.6192297,746.9816562,1,1,1,1,0,1,1,0,1,1,1,0,1,1,1,1,1,0,ENSMUSG00000026576,ENSG00000143153
Selp,9.27559011,7.97026E-06,10.46915908,4.088334715,5.978508816,4.453365114,0,0,1412.148298,402.1227618,2262.732388,155.5676483,16.18007038,1.545973057,1.745322786,21.76640134,0,6048.414489,6450.181704,9823.144373,13514.26905,20.12904239,118.1318428,95.32006818,1346.268384,1421.888501,1208.018145,3.413467732,1.588192709,1.176435787,195.3298839,76.79287513,130.7217898,1,0,1,1,0,1,1,1,0,0,1,1,0,0,1,1,1,0,ENSMUSG00000026580,ENSG00000174175
Sell,3.061224632,0.284441379,4.437251093,3.256488246,4.88603413,41.56474106,0,1.356514133,11.01090291,146.022232,387.7710811,25.67249369,21.03409149,20.09764974,30.54314876,20.31530792,30.10529274,439.9274638,504.1397248,551.0056816,675.7778122,16.10323392,54.65801682,32.47167158,435.5574184,230.4472958,327.598141,11.94713706,18.26421615,3.529307362,217.6158438,365.2126271,459.0005703,1,1,1,1,0,1,1,1,0,0,1,1,0,0,1,0,0,0,ENSMUSG00000026581,ENSG00000188404
Sele,-0.519679444,0.921409598,7.691952256,3.196841367,5.612590454,129.1475883,133.0213964,4335.419169,1230.4684,1720.815841,2076.190996,289.2945184,27.50611964,1.545973057,3.490645572,80.53568496,0,3777.024295,2219.510223,7184.314442,4547.662877,28.18065935,174.5530214,95.32006818,793.0871709,1116.856604,825.5100882,0,0,3.529307362,66.85787973,19.64468899,56.02362422,1,0,1,1,0,1,1,1,0,0,1,1,0,1,1,0,0,0,ENSMUSG00000026582,ENSG00000007908
Smyd2,-0.526224472,0.826355607,-1.12154681,0.63610841,1.060567528,1102.950093,530.6853605,1937.102182,739.1068579,1031.141607,591.2040156,772.0906684,998.3103423,244.2637429,313.2854401,225.6450272,321.1231226,123.5090473,141.4182097,148.6840728,92.67809996,221.4194663,206.2899344,218.9219148,372.6694489,329.8934317,303.400551,91.31026183,88.14469536,62.35109673,205.8173945,159.8363331,142.516237,1,1,1,0,1,1,1,1,0,1,1,1,0,1,1,0,0,0,ENSMUSG00000026603,ENSG00000143499
Slc30a10,-1.30165746,0.796300306,0.432396442,-0.751879653,-1.484572494,43.0491961,73.51182435,0,0,12.7301433,1.468829852,10.34563178,55.01223928,350.9358838,420.6227914,339.5558609,420.5618168,621.0740665,470.6743469,458.5466783,514.8783331,544.4905968,831.3308042,695.5222557,470.4951792,285.9076408,474.6450338,424.1233657,474.0755237,463.5157002,149.4470253,164.3010352,172.0023551,1,1,1,1,0,1,1,0,1,1,1,0,1,0,0,0,0,0,ENSMUSG00000026614,ENSG00000196660
Mark1,4.027827789,NA,0.567458268,-0.549918022,-1.120777027,7.422275189,0,0,4.129088591,11.23247938,0,6.130744761,174.7447601,580.5128828,531.4507884,576.0840888,469.8250231,917.4957801,679.0233124,762.1620539,841.8260747,745.7810207,839.2650324,921.7764835,538.0415168,480.0188485,693.35402,593.0900184,760.7443077,691.7442429,208.4392721,432.1831577,296.8269213,1,1,1,1,0,1,1,0,1,1,1,0,1,0,0,0,0,0,ENSMUSG00000026620,ENSG00000116141
Irf6,0.007805162,0.999306927,-2.678894434,-0.98597584,-0.931976728,198.9169751,845.0359237,29.84331093,671.6650775,56.16239691,22.03244779,108.437548,943.298103,1264.60596,1236.561194,1061.474839,1112.98355,139.9769203,239.6552867,201.1608044,148.0275208,978.2714604,702.6199904,654.670798,327.2503598,262.0023197,589.1182478,670.7464093,920.3576749,571.7477926,317.247194,355.3902826,460.9663115,1,1,1,0,1,1,1,0,1,1,1,0,1,1,1,0,0,0,ENSMUSG00000026638,ENSG00000117595
Fcgr2b,6.5124919,NA,1.70182553,0.771727563,1.829868159,0,0,0,0,0.748831959,0,0,93.84440819,243.4907564,406.6602092,336.6536741,289.1932667,1009.245358,928.394354,1191.971474,1020.746295,265.7033596,417.8693544,430.5115167,522.9018205,497.2306797,881.3506804,107.5242336,141.3491511,91.76199141,490.291118,256.2738972,470.7950175,1,1,1,1,0,1,1,1,0,1,1,1,0,0,0,0,0,0,ENSMUSG00000026656,ENSG00000072694
Nek6,2.595459508,0.266194376,1.787098888,0.883843241,0.980499691,233.0594409,0,92.24296105,759.7523008,515.9452196,717.5233829,423.0213885,855.925723,249.6746486,294.0868895,274.2566569,239.9300604,982.1909953,738.3973699,834.6299213,1097.978045,707.5358402,744.0542934,1074.707582,1746.888042,1724.05176,1190.335291,289.2913903,343.0496252,287.0503321,570.2583859,752.7487644,491.4353002,1,1,1,1,0,1,1,1,0,1,1,1,0,0,1,0,0,0,ENSMUSG00000026749,ENSG00000119408
Stxbp1,-0.734376632,0.776220246,0.52518668,-0.36240341,-1.193660797,4350.937716,1131.381982,459.8582911,1357.093784,976.4768742,1147.89053,1052.18907,1418.992172,2272.580393,2097.877989,2258.626912,2416.633954,3310.042468,3180.290427,3715.852374,2811.235699,1793.497677,1654.72738,1696.906708,1392.852065,1314.792663,1295.501739,1727.214672,1612.0156,1930.531127,726.2601053,809.8969505,765.6561976,1,1,1,1,0,1,1,0,1,1,1,0,1,1,1,0,0,0,ENSMUSG00000026797,ENSG00000136854
Ddx31,1.850639562,0.229436839,0.676759015,1.062042811,0.898982488,90.55175731,19.60315316,65.11267839,229.8525983,166.9895268,97.67718519,151.7359328,404.5017594,108.9911005,140.4984843,124.0684876,136.8422397,205.8484122,166.2473611,221.1519402,222.6848791,88.56778653,119.0134237,86.94028197,220.1078932,209.4106132,187.9966604,186.8873583,183.4362579,149.407345,363.1300527,268.775063,341.0560983,1,1,1,1,0,1,1,1,0,1,1,1,0,1,1,0,0,0,ENSMUSG00000026806,ENSG00000125485
Eng,0.40274413,0.939778559,-0.281883101,0.356876838,-0.536372417,49761.90178,15307.26217,561.5968511,42525.4834,32573.44137,41918.20074,27145.78829,443.3339283,27543.82896,33678.62114,27526.51668,28720.44928,24337.1637,23970.92631,22086.45676,26225.3279,21134.48806,21743.31172,22157.20222,28169.15197,31402.02985,23716.43019,3682.278316,5116.362812,3268.138617,2347.891423,3360.134757,2611.487185,1,1,1,0,1,1,1,1,0,1,1,0,1,1,1,0,0,0,ENSMUSG00000026814,ENSG00000106991
Lcn2,12.24792292,9.11397E-05,6.777748367,2.079034538,1.882600933,0,0,0,1337.824704,38.1904299,0,6.897087856,3634.043807,119.8129119,162.3150191,19512.85325,426.947788,550451.5932,489187.178,554499.1326,624749.5078,4322.711854,5633.302056,8356.741802,31098.10092,22486.30128,23789.95364,53.76211678,68.29228649,23.52871575,204.5064556,145.5492866,194.6083789,1,1,1,1,0,1,1,1,0,1,1,1,0,0,0,1,1,0,ENSMUSG00000026822,ENSG00000148346
Nr4a2,1.583006887,0.50708725,-1.31437713,-0.802145202,-1.092334538,684.3337725,1207.694257,274.0158549,550.5451455,1179.410335,514.0904484,823.0524842,7751.871718,432.8724558,396.1882724,356.968982,464.3513335,149.3871334,152.2134929,136.1896129,226.5464666,289.8582105,260.9479513,275.4854718,123.4467549,158.7313324,189.8580135,458.258043,624.1597347,667.0390914,175.6658016,292.884454,348.9190631,1,1,1,0,1,1,1,0,1,1,1,0,1,1,1,0,0,0,ENSMUSG00000026826,ENSG00000153234
Gpd2,-0.29986995,0.915780313,-1.496599879,-0.640444002,-0.865646327,715.5073282,219.8353604,444.9366356,317.9398215,271.826001,367.941878,337.957305,572.7744914,4365.827912,4976.787925,4607.947164,6335.7957,1664.431447,1806.050877,1799.202226,1919.208987,3859.743879,2761.11143,3495.418324,2060.163297,2332.20313,2095.883561,3223.166906,3744.164312,3132.848502,1814.339324,1861.780752,1867.454141,1,1,1,0,1,1,1,0,1,1,1,0,1,1,1,0,0,0,ENSMUSG00000026827,ENSG00000115159
Cytip,1.838647344,0.751599372,3.380640452,2.742359501,4.400225274,44.53365114,0,0,1.376362864,65.89721237,58.01877917,0,139.1486052,24.73556891,25.3071804,8.706560536,21.89475836,167.031283,195.3946257,229.8980622,240.7056207,23.14839875,36.14481757,48.18377073,320.2628076,166.3810351,232.6691342,17.92070559,19.05831251,9.411486298,239.9018037,395.572601,366.6107339,1,0,1,1,0,1,1,1,0,0,1,1,0,0,0,0,0,0,ENSMUSG00000026832,ENSG00000115165
Traf1,0.72103338,0.866700029,2.806853369,0.97600512,1.576759706,25.23573564,107.8173424,43.40845226,225.7235097,30.70211031,5.87531941,11.49514643,213.576929,135.2726425,142.2438071,149.4626225,129.543987,709.2948146,793.4533142,920.8416946,1473.839229,139.8968446,119.8950046,155.026045,244.5643258,375.7916483,194.5113962,83.62995943,58.76313024,70.58614724,121.9173101,245.5586123,265.3750621,1,1,1,1,0,1,1,1,0,1,1,1,0,1,0,0,0,0,ENSMUSG00000026875,ENSG00000056558
Dab2ip,-0.723135768,0.762034085,-1.253173104,-0.366678626,-1.095764527,823.872546,1714.575789,697.2482644,693.6868834,1072.327365,665.3799232,655.6065179,179.5987812,4562.939477,3961.882724,5461.190096,5187.233168,2064.365505,2318.826828,1711.741006,1947.527295,5690.480285,4799.326509,5905.654334,4032.982192,4611.814554,4068.917819,2964.596725,3116.828192,2714.037361,871.7743141,1715.338525,1524.432301,1,1,1,0,1,1,1,0,1,1,1,0,1,1,1,0,0,0,ENSMUSG00000026883,ENSG00000136848
Egfl7,-0.103251892,0.981788882,-1.906009571,0.528848756,0.662313728,9939.910934,4533.229168,5089.641027,6990.546985,11788.11269,6321.843685,5126.452135,124.5865419,6950.694862,7683.783566,4560.061081,4941.829418,1786.764218,1958.26437,925.8394786,1768.607074,7582.61027,6948.620783,6571.847338,10986.76119,11508.0216,7953.561684,883.2347757,871.123701,852.9159458,993.6916242,1876.067798,1253.160015,1,1,1,0,1,1,1,1,0,1,1,1,0,1,1,0,0,0,ENSMUSG00000026921,ENSG00000172889
Nmi,-0.74398448,0.705328048,2.376237575,0.393008972,0.784682846,988.6470552,1717.376239,1235.784375,484.4797281,849.9242732,1129.530157,1048.357354,409.3557806,951.5464163,1109.152631,749.4897528,979.7904366,5035.640301,4124.877705,5153.964709,5356.02186,500.2067035,554.5143964,471.3629745,669.640416,682.7359717,653.3349289,135.6853423,112.7616823,175.2889323,289.7174788,232.1645062,206.4028261,1,1,1,1,0,1,1,1,0,1,1,1,0,1,1,0,0,0,ENSMUSG00000026946,ENSG00000123609
Psd4,-0.189250856,0.967212452,2.345093848,1.752107891,3.739414627,164.7745092,86.11385138,71.89524905,67.44178033,30.70211031,19.82920301,30.27055226,325.2194146,15.45973057,16.58056647,17.41312107,18.24563197,79.9868116,77.72603894,96.20734123,90.1037083,13.08387756,33.50007482,34.56661813,98.99032236,76.49702764,98.65171291,11.94713706,5.558674482,16.47010102,127.1610654,110.7246107,202.4713437,1,1,1,1,0,1,1,1,0,0,1,1,0,1,1,0,0,0,ENSMUSG00000026979,ENSG00000125637
Il1rn,20.99063036,NA,7.623690584,4.351296596,9.752318853,0,0,0,0,0.748831959,0,0,194.1608445,0,3.490645572,2.176640134,6.385971188,386.9950149,463.1176487,432.3083125,1032.331058,0,3.526323666,11.52220604,128.1051231,95.62128455,78.1768291,0.853366933,0,0,182.2204957,370.5702695,304.6898861,1,0,1,1,0,0,1,1,0,0,1,1,0,0,0,0,0,0,ENSMUSG00000026981,ENSG00000136689
Itprid2,-0.840748949,0.619266025,-0.672148584,-0.72286346,-0.742703802,3201.969517,5344.659686,2703.532667,1877.358946,2186.58932,1410.811073,3206.37951,1787.897777,6729.620715,6331.158407,5343.651529,4920.846941,3484.131411,3415.6276,4140.664011,3598.999549,6735.177585,5695.894301,5989.452196,3306.276767,3300.846743,4551.938942,4618.421841,5684.935802,5113.966367,2228.595991,3768.208524,3213.003992,1,1,1,0,1,1,1,0,1,1,1,0,1,1,1,0,0,0,ENSMUSG00000027007,ENSG00000138434
Hat1,-0.708416395,0.669644919,0.957161895,0.652881101,0.884091801,1837.755337,2091.236375,2364.404134,1136.875726,1428.771377,1551.084324,1463.33214,838.1276456,401.1800082,440.6940035,426.6214663,487.1583735,833.9801385,725.4430301,823.3849074,1025.895079,344.2066249,370.2639849,332.0490287,476.3181394,646.3998836,522.1095372,120.3247376,158.8192709,119.9964503,287.0956012,239.3080295,213.2829203,1,1,1,1,0,1,1,1,0,1,1,1,0,1,1,0,0,0,ENSMUSG00000027018,ENSG00000128708
Cers6,2.517141822,0.382256583,2.166136322,1.117017309,1.549518686,2.968910076,0,66.46919252,114.2381177,106.3341381,50.67462991,11.11197488,378.6136468,60.29294921,46.25105383,55.14155006,52.9123327,207.0246888,186.7583991,322.3570654,249.7159916,48.30970175,75.81595881,89.03522852,190.9930926,119.5266057,152.630952,244.0629428,188.9949324,197.6412123,928.1446833,285.7409307,635.9172784,1,1,1,1,0,1,1,1,0,1,1,1,0,0,1,0,0,0,ENSMUSG00000027035,ENSG00000172292
Timm10,-0.539426408,0.849551171,0.439627719,1.132102456,0.772760484,739.2586089,962.6548426,4123.802965,1175.413886,1203.372958,1826.489922,1600.507554,873.7238004,219.528174,257.4351109,191.5443318,218.9475836,279.9538406,293.6317027,306.1142675,323.086154,115.7419938,142.8161085,124.6493199,333.0733199,287.8200665,221.5010158,153.6060479,119.9085495,135.2901155,259.565886,253.595076,185.7625435,1,1,1,1,0,1,1,1,0,1,1,1,0,1,1,0,0,0,ENSMUSG00000027076,ENSG00000134809
Ube2l6,-1.71023841,0.408384491,3.1230847,0.526819967,0.53653415,8969.077339,7827.959124,14296.30245,2107.211545,3941.102599,6141.177613,3530.159468,116.4965067,1038.893894,1355.243143,666.051881,982.5272814,8096.312121,7439.029643,9803.153237,9874.079233,337.1614601,441.6720391,388.6125857,550.8520291,547.9099605,584.4648651,309.7721967,408.9596226,404.6939108,513.8880168,564.3383382,549.4246656,1,1,1,1,0,1,1,1,0,1,1,1,0,1,1,0,0,0,ENSMUSG00000027078,ENSG00000156587
Slc12a6,0.11363643,0.972474174,-1.386623543,-0.389425479,-0.661215342,378.5360347,438.9706082,109.8776448,326.1979987,293.5421278,450.9307647,380.1061752,221.6669642,899.7563189,1037.594396,837.2809049,993.4746606,343.4727792,381.0734965,343.5976472,371.9995957,895.7423865,818.1070904,747.8959196,602.0940784,620.5821367,656.1269585,1589.822596,1806.569207,1675.244561,916.346234,1160.822531,1127.352579,1,1,1,0,1,1,1,0,1,1,1,0,1,1,1,0,0,0,ENSMUSG00000027130,ENSG00000140199
Nat10,0.334243158,0.932345243,0.422795887,1.044971728,1.203667866,792.6989902,485.1780407,66.46919252,1319.931986,513.6987237,358.394484,414.5916145,218.4309501,272.091258,345.5739116,309.082899,278.2458875,383.466185,442.6066106,358.5909991,429.9234082,237.5227003,314.7243872,244.0612735,616.0691827,566.0780045,464.4075919,289.2913903,271.5809533,290.5796395,698.7303901,639.3453325,623.1399606,1,1,1,1,0,1,1,1,0,1,1,1,0,1,1,0,0,0,ENSMUSG00000027185,ENSG00000135372
Mtch2,-0.779374968,0.751599372,0.38094644,0.47079791,0.575461946,1460.703757,1725.777591,6675.406049,2963.309246,1559.068138,2463.962078,1807.803361,781.4973992,1327.217869,1547.22865,1401.756246,1435.018954,1743.241982,1903.208426,1876.667877,1912.773008,978.2714604,1059.660262,1026.523811,1314.824399,1556.714513,1374.609245,453.1378414,468.5168492,430.5754982,769.5210863,628.6300476,620.1913488,1,1,1,1,0,1,1,1,0,1,1,1,0,1,1,0,0,0,ENSMUSG00000027282,ENSG00000109919
Siglec1,6.639170546,0.172923938,2.621053558,1.489146774,0.980316524,0,0,0,85.33449756,0,0,0,17.79807742,70.34177408,123.0452564,89.24224549,70.24568307,659.8911957,415.6184027,491.0322741,603.6948456,76.4903611,111.9607764,90.0827018,214.2849331,266.7833839,301.5391979,72.53618931,142.1432475,55.292482,149.4470253,129.4763592,256.5292267,1,1,1,1,0,1,1,1,0,1,1,1,0,0,0,0,0,0,ENSMUSG00000027322,ENSG00000088827
Hdc,3.614236529,NA,5.102411407,2.71840679,2.133474348,0,0,0,0,0,0,0,12.9440563,28.60050155,40.14242408,32.64960201,39.22810873,1373.891117,986.6888832,1256.942666,1188.081754,20.12904239,46.72378857,39.80398452,356.3651605,198.8922719,149.8389224,21.33417333,3.970481773,7.058614724,34.08440927,66.07759023,42.26343581,1,1,1,1,0,1,1,1,0,0,1,1,0,0,0,0,0,0,ENSMUSG00000027360,ENSG00000140287
Dusp2,0.993496258,NA,4.593228366,1.549660685,4.765283595,51.95592633,0,674.1875241,77.07632037,209.6729484,184.3381465,60.15793297,1878.506171,12.36778445,15.70790507,21.76640134,23.71932156,405.8154412,465.2767053,311.1120515,589.5356914,20.12904239,71.40805423,79.60796903,210.791157,165.4248223,125.6413325,3.413467732,3.176385418,9.411486298,127.1610654,152.6928099,127.773178,1,1,1,1,0,1,1,1,0,0,1,1,0,0,1,0,0,0,ENSMUSG00000027368,ENSG00000158050
Fbln7,9.279633567,1.10274E-05,0.629863581,-1.524096375,-2.015786286,0,0,0,200.9489781,95.85049072,290.0938959,24.90615059,29.12412668,136.8186155,206.8207502,113.185287,131.3685502,232.9027749,174.8835876,299.8670376,202.0897458,112.7226374,193.9478016,178.070457,68.71092964,21.99289545,78.1768291,107.5242336,160.4074636,103.5263493,20.97502109,22.32351021,48.16065941,1,1,1,1,0,1,1,0,1,1,1,0,1,0,1,1,1,0,ENSMUSG00000027386,ENSG00000144152
Il1b,1.30277765,0.866156074,5.843132106,4.322203673,5.820949093,0,0,35.26936746,0,78.62735567,0,4.598058571,61.48426744,2.318959585,13.0899209,15.23648094,10.03509758,399.934058,318.460854,332.3526333,1284.621441,3.019356359,39.67114124,23.04441209,583.4606059,176.8993764,557.4752456,4.266834665,0,8.235050511,182.2204957,241.0939103,213.2829203,1,0,1,1,0,0,1,1,0,0,1,1,0,0,0,0,0,0,ENSMUSG00000027398,ENSG00000125538
Nop56,0.421697946,0.873666233,1.046950664,0.857766723,1.799979917,1448.828117,1197.892681,435.4410367,1500.235522,1737.290144,1479.111661,1413.136667,750.7552655,344.7519916,398.8062566,421.5426393,397.7547769,837.5089685,729.7611434,770.9081758,892.0267121,408.6195606,443.435201,457.7458219,875.7732049,785.0507462,714.7595803,183.4738906,225.5233647,191.7590333,877.0180694,633.0947496,586.7737484,1,1,1,1,0,1,1,1,0,1,1,1,0,1,1,0,0,0,ENSMUSG00000027405,ENSG00000101361
Lpin3,0.005793121,0.999682704,3.890323812,2.002673043,2.097343506,611.5954756,4.90078829,0,15.1399915,137.7850804,67.56617321,37.93398321,773.4073641,24.73556891,25.3071804,145.834889,44.70179832,775.1663065,820.4415221,893.3538828,1085.106087,134.864584,120.7765855,255.5834795,619.5629588,1048.009279,378.7853505,39.25487892,30.96975783,43.52812413,148.1360865,206.2692344,128.7560486,1,1,1,1,0,1,1,1,0,1,1,1,0,0,1,0,0,0,ENSMUSG00000027412,ENSG00000132793
Rrbp1,3.323382586,0.004162237,0.578609695,0.575810234,0.746250226,384.4738548,181.3291667,78.67781972,2484.334969,2053.297231,2210.588928,1016.170944,2983.604978,3007.690582,2686.051768,3447.797972,3178.389089,5340.295951,4065.503648,3805.812485,5188.686402,3572.905025,3681.481907,4247.504137,5608.675206,6558.663907,4975.396766,1492.538766,1696.189813,1768.182988,3143.631286,2713.645901,2458.159371,1,1,1,1,0,1,1,1,0,1,1,1,0,1,1,1,1,0,ENSMUSG00000027422,ENSG00000125844
Cst3,1.049695737,0.421576514,-0.523508821,-0.594006089,-0.8884222,5347.007046,8759.108899,5252.422723,14304.53924,11227.98639,15281.70579,14096.49806,11881.02568,27495.9038,33010.16251,22712.51425,26010.97293,19172.13297,19384.01049,18762.93043,18668.20116,17568.6282,18162.33004,20186.90499,12132.71975,10583.36377,14328.69596,2584.84844,2638.782186,2452.868617,1330.602901,1466.208151,1349.481334,1,1,1,0,1,1,1,0,1,1,1,0,1,1,1,0,0,0,ENSMUSG00000027447,ENSG00000101439
Zbp1,-1.813562518,0.760622271,6.578971778,1.908877645,4.132759887,78.67611701,0,4.069542399,1.376362864,5.99065567,0,0,32.36014076,145.3214673,152.7157438,66.02475073,109.4737918,11732.18322,8724.747871,11958.44757,12784.42901,28.18065935,44.96062674,46.08882418,104.8132825,254.3526169,88.414271,58.02895144,38.91072137,41.17525256,806.2273732,750.0699431,874.7548343,1,1,1,1,0,1,1,1,0,1,1,1,0,0,0,0,0,0,ENSMUSG00000027514,ENSG00000124256
Phactr3,1.308979852,0.773716145,0.773874457,-1.304144261,-2.012797247,0,16.1025901,10.85211306,0,27.70678247,43.33048065,2.682200833,38.83216891,394.2231294,139.6258229,307.6318056,195.228262,608.1350235,449.0837805,303.6153756,413.1898623,236.5162481,149.8687558,229.3966476,87.34440208,109.0082644,53.0485626,456.5513092,360.519745,563.5127421,106.1860443,106.2599086,128.7560486,1,1,1,1,0,1,1,0,1,1,1,0,1,0,0,0,0,0,ENSMUSG00000027525,ENSG00000087495
Ptpn1,0.944808936,0.618768958,1.426483054,0.541989529,0.748185051,663.5514019,621.7000002,143.7904981,1348.835607,933.7934525,746.1655651,851.4071787,705.4510685,1151.749927,1364.842419,1252.293624,1243.439819,3108.899162,3226.710144,3479.707082,3656.923361,1291.27807,1510.14811,1886.499371,2470.099691,2191.639842,2163.822948,608.4506232,662.2763597,582.3357147,845.5555378,1201.004849,1064.44886,1,1,1,1,0,1,1,1,0,1,1,1,0,1,1,0,0,0,ENSMUSG00000027540,ENSG00000196396
Car13,#N/A,#N/A,5.691443578,2.652203064,3.744936483,#N/A,#N/A,#N/A,#N/A,#N/A,#N/A,#N/A,#N/A,6.956878755,9.599275323,31.9240553,12.77194238,611.6638534,557.0366124,1032.042388,985.9920079,21.13549451,13.22371375,26.18683192,149.0677796,149.1692039,80.03818217,9.387036263,15.88192709,3.529307362,121.9173101,154.4786907,125.8074368,1,0,1,1,0,1,1,1,0,0,1,1,0,0,0,0,0,0,ENSMUSG00000027555,#N/A
Psma7,-0.325376028,0.917387499,1.004923187,0.897078135,0.651961135,7209.998119,12610.42838,39379.60528,20279.33044,16737.14311,17825.71909,14972.04505,8929.780841,3408.87059,3851.054728,2653.324323,3565.196486,6696.542918,6358.421796,6625.812085,7365.334555,1988.749389,2239.215528,2163.032316,4157.593539,4299.132953,3447.225893,369.507882,422.4592606,331.754892,621.3849998,631.3088688,516.0070652,1,1,1,1,0,1,1,1,0,1,1,1,0,1,1,0,0,0,ENSMUSG00000027566,ENSG00000101182
Oprl1,-0.698939466,0.921069691,1.388154564,-1.151850571,-1.778595337,16.32900542,4.200675677,1.356514133,0,0.748831959,2.937659705,0,19.41608445,94.30435645,25.3071804,81.26123167,75.71937266,178.7940494,184.5993425,198.6619124,163.4738708,117.754898,109.3160336,125.6967932,66.38174558,39.20472667,53.97923914,102.404032,76.23325004,90.58555562,34.08440927,8.929404085,36.36621221,1,1,1,1,0,1,1,0,1,1,0,0,1,0,0,0,0,0,ENSMUSG00000027584,ENSG00000125510
Procr,-0.651379577,0.85681692,0.988111514,1.716388614,1.265900621,2660.143428,2649.92624,9239.21776,3118.838249,3419.915556,5293.662788,3486.861083,118.1145138,750.569919,884.0059912,901.8545622,779.088485,1511.515484,1416.341154,1320.664411,2329.824457,645.1358087,568.6196911,803.4120032,2599.369406,2627.672899,1400.668188,187.7407253,180.2598725,107.0556566,343.4659704,443.791383,359.7306397,1,1,1,1,0,1,1,1,0,1,1,1,0,1,1,0,0,0,ENSMUSG00000027611,ENSG00000101000
Eif6,0.085805511,0.97792511,1.575521181,0.966825961,0.958071573,1313.742709,1346.316554,3651.736046,2880.727474,2116.199115,2721.741717,1818.915336,1626.097073,1110.008655,1302.010798,943.2107247,1183.229233,3259.462573,2925.521743,3069.888797,4269.628577,694.4519626,812.8176049,918.6340637,1745.72345,1668.591415,1328.075418,75.94965704,88.93879171,50.58673885,91.76571728,193.7680686,133.6704016,1,1,1,1,0,1,1,1,0,1,1,1,0,1,1,0,0,0,ENSMUSG00000027613,ENSG00000242372
Afg2a,0.174213357,0.960465751,1.165056005,0.660098693,0.844325126,173.6812394,95.21531535,75.96479145,56.43087742,202.9334608,72.7070777,109.2038911,207.1049008,181.6518342,251.3264812,216.21292,224.4212732,457.5716134,435.0499124,558.5023575,507.1551581,158.0129828,188.6583161,175.9755105,310.9460714,263.9147454,253.144018,214.1951002,298.5802293,244.6986438,537.4849155,350.9255805,474.7264999,1,1,1,1,0,1,1,1,0,1,1,1,0,1,1,0,0,0,ENSMUSG00000027722,ENSG00000145375
Bche,6.965828357,0.020802711,-4.857246858,-0.856330225,-1.421784275,0,0,0,0,16.47430309,7.344149262,85.06408356,19.41608445,1561.432787,1791.57384,1057.121558,2102.809084,42.34595908,75.5669823,69.96897544,36.04148332,923.9230459,683.2252102,662.0031109,404.1134336,346.1490501,502.5653299,1833.885539,2371.171715,1807.005369,545.3505484,992.9497343,702.7524792,1,1,1,0,1,1,1,0,1,1,1,0,1,0,0,1,1,0,ENSMUSG00000027792,ENSG00000114200
Smad9,-0.466477696,0.886177416,-1.51339371,-0.78823671,-1.650095877,2024.796672,1163.587163,332.3459626,849.215887,761.562102,830.6232816,1577.517261,226.5209853,125.2238176,120.4272722,142.9327021,123.1580158,36.46457587,31.30632124,58.72396153,54.06222498,129.8323234,113.7239382,79.60796903,47.74827314,74.58460195,64.21668104,178.353689,202.4945704,182.347547,45.88285864,92.86580248,39.31482401,1,1,1,0,1,1,1,0,1,1,1,0,1,1,1,0,0,0,ENSMUSG00000027796,ENSG00000120693
Nbea,0.457963873,0.937105038,-0.518627423,-0.640824086,-1.126559816,71.25384182,139.32241,146.5035264,0,47.1764134,126.3193673,36.78446857,608.3706462,476.932688,461.6378769,673.3073481,582.9479413,416.401931,351.9262319,383.5799189,381.0099665,965.1875828,883.3440782,872.5452395,531.0539647,549.8223862,662.6416942,3976.689908,3407.467457,4657.509282,1899.550348,1667.119743,1948.04953,1,1,1,0,1,1,1,0,1,1,1,0,1,1,0,0,0,0,ENSMUSG00000027799,ENSG00000172915
Ppid,-0.777951122,0.646276777,0.542494869,0.584626286,0.498150074,339.9402037,313.6504506,492.4146303,293.16529,258.3470258,168.915433,242.5475896,150.4746545,655.492576,758.3427506,821.3188772,1126.667774,1230.385367,927.3148257,1518.076878,1220.26165,576.6970646,573.0275957,514.3093789,850.1521803,857.7229224,789.2137033,628.9314296,652.7472035,665.8626556,1052.683871,903.6556934,796.1251862,1,1,1,1,0,1,1,1,0,1,1,1,0,1,1,0,0,0,ENSMUSG00000027804,ENSG00000171497
Pfn2,-0.619039349,0.860938396,-0.560883814,-0.698647949,-1.113884728,311.735558,535.5861488,1285.975398,187.1853495,427.5830484,794.6369502,857.1547519,46.9222041,774.5325014,548.9040162,869.2049602,841.1236337,476.3920396,506.2987814,557.2529115,517.4527248,428.748603,471.6457903,435.7488831,256.2102461,309.8129619,256.8667242,614.4241918,559.0438336,602.3351231,321.1800105,211.6268768,289.9468271,1,1,1,0,1,1,1,0,1,1,1,0,1,1,1,0,0,0,ENSMUSG00000027805,ENSG00000070087
Ptx3,2.294521389,0.716092371,5.247317498,2.267198012,6.54518551,0,0,55.61707946,0,100.3434825,343.7061855,0,9.708042227,2.318959585,0,2.176640134,1.824563197,36.46457587,43.18113274,38.73282569,127.4323874,2.012904239,1.763161833,17.8070457,41.925313,33.46744959,26.98961957,0,0,0,18.35314346,8.929404085,20.64028261,1,0,1,1,0,0,1,1,0,0,0,1,0,0,0,0,0,0,ENSMUSG00000027832,ENSG00000163661
Serpini1,-0.663020524,0.756532229,0.525967182,-0.711571159,-1.552834018,197.43252,191.8308559,472.0669183,222.9707839,252.3563701,121.1784628,168.9786525,140.7666123,1157.933819,1341.280561,1379.264298,1425.896138,1480.932291,1943.150973,1710.49156,2503.595895,890.7101259,908.9099248,974.1501474,518.2434524,453.2448888,721.2743161,1279.197033,1480.989701,1297.608673,528.3083438,447.3631447,409.8570403,1,1,1,1,0,1,1,0,1,1,1,0,1,1,1,0,0,0,ENSMUSG00000027834,ENSG00000163536
Casq2,2.308730218,NA,0.604459345,-1.061955879,-2.024161592,14.84455038,0,0,5.505451455,2.995327835,0,0,113.2604926,1217.453782,2100.495973,1465.604357,1896.633443,2276.095301,2467.801736,2490.145858,2920.647345,1249.007081,1420.226856,1236.018467,689.4384804,409.2590979,772.4615256,520.5538291,637.6593727,461.1628286,121.9173101,140.1916441,135.6361428,1,1,1,1,0,1,1,0,1,1,1,0,1,0,0,0,0,0,ENSMUSG00000027861,ENSG00000118729
Hmgcs2,5.248301812,0.192725531,-1.977006317,-0.823287217,-1.355622375,0,5.600900903,0,279.4016614,1.497663917,0,0,90.60839412,3339.301802,4389.486807,2710.642514,4137.197048,1180.981748,1231.741812,733.4247961,554.7814039,4540.105512,5456.104292,3890.31575,2457.289179,2556.913149,2833.910055,928.4632231,1185.585857,959.9716024,298.8940506,367.8914483,532.7158654,1,1,1,0,1,1,1,0,1,1,1,0,1,0,0,0,0,0,ENSMUSG00000027875,ENSG00000134240
Ampd2,1.953749436,0.580575976,1.119515397,0.524766132,0.77896197,388.9272199,0,2.713028266,567.0614999,538.4101783,352.5191646,215.7255813,852.6897089,521.7659066,534.0687725,380.1864767,381.3337081,898.6753538,832.3163336,1164.483663,1054.213387,454.9163581,546.5801682,426.3216236,770.9599224,646.3998836,640.3054574,197.1277615,246.1698699,174.1124965,317.247194,382.1784948,361.6963809,1,1,1,1,0,1,1,1,0,1,1,1,0,0,1,0,0,0,ENSMUSG00000027889,ENSG00000116337
Slc16a4,-1.803795831,0.20268227,-3.485740036,-0.813138693,-0.688711508,2572.560581,1303.609685,5214.440328,700.5686977,890.3611989,917.2842429,1412.370324,417.4458157,4198.089835,6055.397406,3626.282463,5446.321142,330.5337362,598.0586885,433.5577585,361.702029,2277.601147,2136.07056,1449.703015,1038.816089,740.1087424,1557.952523,1319.305278,1565.958011,1144.672021,718.3944724,946.516833,834.4571397,1,1,1,0,1,1,1,0,1,1,1,0,1,1,1,0,0,0,ENSMUSG00000027896,ENSG00000168679
S100a11,2.539708427,0.073453537,1.244196019,1.378654943,0.825128938,2253.402747,4513.626015,1547.782626,11893.15151,11988.05083,14801.39842,5086.985466,36817.75014,1686.656605,1817.753682,2098.281089,1737.896445,4628.648583,3608.863169,4076.942265,5077.98756,1212.774804,1314.437146,1475.889847,3321.416463,4010.356674,3075.885954,385.7218537,414.5182971,384.6945024,706.596023,733.1040754,660.4890434,1,1,1,1,0,1,1,1,0,1,1,1,0,1,1,0,0,0,ENSMUSG00000027907,ENSG00000163191
Tpm3,0.286502154,0.901476041,1.977373918,0.938150215,0.653027495,13722.30237,9548.835926,10168.42994,13374.11795,15887.96767,14738.23874,13255.05335,10719.29663,4242.923054,5263.020861,4696.463862,5445.40886,20296.65344,17394.4398,17424.77378,22247.89277,3538.685653,3409.954985,4607.834944,7878.465068,8719.704938,5544.04013,1294.557637,1359.492959,1252.904113,1754.036139,2478.802574,1908.734706,1,1,1,1,0,1,1,1,0,1,1,1,0,1,1,0,0,0,ENSMUSG00000027940,ENSG00000143549
Pmvk,0.07496462,0.982227639,-0.307032084,0.381454975,-0.965609991,430.491961,828.233221,1558.634739,1251.113843,509.9545639,829.1544517,569.3929197,1787.897777,852.6041407,870.0434089,783.5904482,871.2289264,638.7182161,724.3635018,689.6941865,675.7778122,533.4196234,557.1591392,562.4931496,667.3112319,736.283891,748.2639356,207.3681647,192.1713178,204.699827,98.32041137,91.97286208,118.9273426,1,1,1,0,1,1,1,1,0,1,1,0,1,1,1,0,0,0,ENSMUSG00000027952,ENSG00000163344
Tlr2,9.291144344,8.41898E-05,4.167906339,0.585572372,1.651485413,0,0,0,305.5525558,41.18575773,265.1237884,5.364401666,29.12412668,235.7608911,322.8847154,194.4465186,168.7720957,3227.703103,2794.898817,5961.106818,4584.991556,152.9807222,207.1715154,185.40277,269.0207584,263.9147454,286.6483734,34.13467732,50.02807034,32.94020204,111.4297996,117.8681339,140.5504958,1,1,1,1,0,1,1,1,0,1,1,1,0,0,0,1,1,0,ENSMUSG00000027995,ENSG00000137462
Gar1,0.858071645,0.585979224,0.699793302,1.101095988,1.051368032,106.8807627,142.1228604,80.03433385,172.045358,199.189301,240.8880958,228.7534139,153.7106686,267.4533388,296.7048736,299.6507918,346.6670074,495.2124659,421.0160442,483.5355981,566.3661664,202.2968761,227.4478764,258.7258994,539.2061089,493.4058283,444.8633846,55.46885065,66.70409378,59.99822515,145.5142088,125.0116572,108.115766,1,1,1,1,0,1,1,1,0,1,1,1,0,1,1,0,0,0,ENSMUSG00000028010,ENSG00000109534
Ctso,-1.575127262,0.439065623,-0.455413423,-0.36960703,-0.653015173,3896.694474,2858.559798,2514.977203,931.7976588,1194.386974,1311.665058,1699.365813,46.9222041,1869.854412,2177.290176,2022.824231,2922.037959,1531.512187,1634.405874,1949.135744,1441.659333,1594.220158,1413.174209,1278.964871,1020.182616,1089.126431,1207.087468,898.5953805,968.0034562,696.4499861,452.2738923,600.0559545,576.9450424,1,1,1,0,1,1,1,0,1,1,1,0,1,1,1,0,0,0,ENSMUSG00000028015,ENSG00000256043
Gstcd,1.523587329,0.448102482,1.596038496,0.808156622,0.926250681,51.95592633,20.30326577,27.13028266,13.76362864,82.37151546,141.7420808,46.36375726,190.9248305,114.4020062,109.9553355,112.4597403,119.5088894,296.4217136,309.8246274,357.3415531,417.0514498,86.5548823,117.2502619,100.5574346,187.4993165,198.8922719,147.9775694,114.351169,130.2318021,88.23268405,211.0611497,217.8774597,206.4028261,1,1,1,1,0,1,1,1,0,1,1,1,0,1,1,0,0,0,ENSMUSG00000028018,ENSG00000138780
Fubp1,0.549178066,0.793814591,0.456403329,0.717615635,0.692895416,1117.794644,582.4936939,531.7535402,854.7213384,1408.552914,940.7855205,1060.235672,1177.909123,1686.656605,2183.398805,1813.866778,2156.633698,2574.869567,2173.090505,3014.913174,2995.304703,1302.349043,1208.647436,1137.555979,2072.973809,2053.945192,1874.382545,2382.600477,2326.702319,2365.812368,4239.576138,3428.891169,3771.274493,1,1,1,1,0,1,1,1,0,1,1,1,0,1,1,0,0,0,ENSMUSG00000028034,ENSG00000162613
Ptgfr,4.615384004,NA,-1.494580658,-1.304551798,-1.948599501,0,0,0,0,17.22313505,0,0,8.090035189,319.2434362,379.607706,206.7808127,246.3160315,91.74957801,71.24886903,148.6840728,97.82688329,208.3355888,238.0268474,143.5038389,68.71092964,50.67928081,119.1265967,361.8275796,554.2792555,324.6962773,65.54694091,120.5469551,133.6704016,1,1,1,0,1,1,1,0,1,1,1,0,1,0,0,0,0,0,ENSMUSG00000028036,ENSG00000122420
Adam15,-0.497173934,0.846350494,-0.794523497,0.723051876,-0.655383726,10518.8484,8975.443697,6777.144609,7962.259167,6198.830954,9462.936325,5224.16088,2172.983452,11123.27614,13790.66799,8047.764122,8364.709975,5515.56117,7049.31992,5507.557924,5752.478177,4859.150834,3736.139924,4729.341844,6370.318392,9650.100037,5972.151337,2356.146102,2862.717358,2306.990579,1250.635633,1800.167864,1724.937904,1,1,1,0,1,1,1,1,0,1,1,0,1,1,1,0,0,0,ENSMUSG00000028041,ENSG00000143537
Gpatch4,NA,NA,0.84429239,1.623080212,1.611384788,0,0,0,0,0,0,0,0,219.528174,191.9855065,221.291747,237.1932156,409.3442711,355.1648168,373.584351,424.7746248,157.0065307,142.8161085,155.026045,533.3831487,486.7123384,381.5773801,68.26935464,86.55650265,98.82060613,277.9190295,272.3468246,222.1287557,1,1,1,1,0,1,1,1,0,1,1,1,0,0,0,0,0,0,ENSMUSG00000028069,ENSG00000160818
Fmo5,0.280950585,0.967471365,-1.765872076,-0.75974962,-1.392757107,164.7745092,60.90979732,283.5114538,0,49.42290928,2.937659705,40.99935559,938.4440819,990.9687293,1129.223843,877.9115207,1048.211556,272.8961807,335.7333071,322.3570654,257.4391666,898.7617429,790.778082,821.219049,413.4301699,453.2448888,614.2465143,420.709898,574.9257607,384.6945024,152.0689029,166.9798564,206.4028261,1,1,1,0,1,1,1,0,1,1,1,0,1,1,0,0,0,0,ENSMUSG00000028088,ENSG00000131781
Abca4,-0.586108712,0.833725496,1.65170839,-1.057429639,0.843719424,32.65801083,102.9165541,74.60827732,39.91452305,59.9065567,21.29803286,84.29774047,27.50611964,50.24412434,77.66686398,77.63349811,62.03514869,236.4316049,249.3710416,171.1741006,182.7818083,211.3549451,394.9482506,590.7749281,194.4868686,208.4544003,172.1751593,154.4594149,187.4067397,171.7596249,267.4315189,454.5066679,198.5398613,1,1,1,1,0,1,1,0,1,1,1,1,0,1,1,0,0,0,ENSMUSG00000028125,ENSG00000198691
Ccn1,1.273648673,0.637847068,1.978637283,2.517741299,2.500770855,4637.437538,375.9604731,1764.824887,2671.520319,15699.26201,3559.709147,4644.8055,734.5751951,1396.01367,1363.969757,2087.397888,2822.599265,6770.648346,4665.721393,8300.069711,10491.93323,749.8068292,1203.357951,1371.142519,7002.691863,8671.894296,3363.465004,100.6972981,189.7890287,187.0532902,1174.601181,667.0264852,859.0289047,1,1,1,1,0,1,1,1,0,1,1,1,0,1,1,0,0,0,ENSMUSG00000028195,ENSG00000142871
Rps20,-0.360270608,0.917458922,0.367276305,0.377489018,0.861570331,1965.41847,4068.354393,18964.06758,7444.74673,4480.261609,5013.850701,5220.712336,10296.99679,7606.960425,8671.636263,6380.457779,8476.920612,9225.537696,11365.27414,9826.892711,9741.498063,4870.221807,4920.103094,5834.426151,6486.777595,7593.286206,6215.98859,804.7250178,851.2712921,842.3280237,1742.237689,1541.215145,1258.074368,1,1,1,1,0,1,1,1,0,1,1,1,0,1,1,0,0,0,ENSMUSG00000028234,ENSG00000008988
Polr1e,-0.208889846,0.94865363,0.702498903,1.781909003,1.212751303,121.7253131,131.6211712,195.3380352,173.4217208,193.9474773,44.7993105,126.4466107,108.4064715,108.9911005,119.5546108,94.32107247,124.0702974,196.4381991,155.4520779,168.6752086,205.9513332,79.50971746,86.39492981,85.89280869,344.7192402,281.1265766,241.9758996,40.10824585,57.96903388,59.99822515,111.4297996,117.8681339,135.6361428,1,1,1,1,0,1,1,1,0,1,1,1,0,1,1,0,0,0,ENSMUSG00000028318,ENSG00000137054
Anp32b,0.263879967,0.913870156,0.429431108,0.589552904,0.970575343,1111.856823,1103.377478,986.1857747,1563.548213,970.4862185,1562.834963,1324.240868,985.366286,2353.743979,2583.077723,2564.082078,2594.528866,3394.734386,3159.779388,3333.521901,3708.411194,1771.355731,1774.622385,1768.134891,2735.626673,2820.827894,2441.164556,1657.238584,1669.190537,1704.655456,3053.176508,4031.625944,2771.695093,1,1,1,1,0,1,1,1,0,1,1,1,0,1,1,0,0,0,ENSMUSG00000028333,ENSG00000136938
Tmeff1,-0.122596656,NA,-2.039643237,-1.053428116,-1.160725247,1.484455038,0,0,0,0,1.468829852,0,0,1796.420692,1861.386751,2708.465873,3926.459999,689.2981117,774.0218044,502.277288,536.7606623,1741.162167,1305.621337,2785.231443,718.5532811,1288.018703,802.2431748,942.970461,890.1820135,867.0331752,395.9035231,464.3290124,346.9533219,1,1,1,0,1,1,1,0,1,1,1,0,1,0,0,0,0,0,ENSMUSG00000028347,ENSG00000241697
Txn1,#N/A,#N/A,1.803140533,1.246195382,0.583297218,#N/A,#N/A,#N/A,#N/A,#N/A,#N/A,#N/A,#N/A,3319.977139,3992.425873,2668.560804,3170.178554,11080.52596,9753.538358,12133.37001,12924.73336,1842.813831,2136.952141,2019.528478,4864.5009,5286.900823,4081.947291,371.2146159,409.753719,322.3434057,635.8053268,543.8007088,477.6751117,1,1,1,1,0,1,1,1,0,1,1,1,0,0,0,0,0,0,ENSMUSG00000028367,#N/A
Kdm4c,-0.033842221,0.992484968,-0.387769392,-0.313291679,-0.557117402,534.4038136,287.7462839,124.7993002,349.5961674,199.189301,244.5601704,200.7818909,548.5043858,822.4576661,943.3469659,994.7245412,1091.088792,725.7626876,730.8406717,774.6565138,711.8192955,952.1037052,885.1072401,989.8622465,753.491042,727.6779754,792.9364094,1108.523646,1314.229467,1210.552425,752.4788817,925.9792036,789.245092,1,1,1,0,1,1,1,0,1,1,1,0,1,1,1,0,0,0,ENSMUSG00000028397,ENSG00000107077
Cntfr,5.222751348,0.449308292,0.953651751,-0.866513129,-1.944481375,0,0,0,0,0,0,0,38.83216891,560.415233,248.708497,476.6841893,274.5967611,824.5699254,779.419446,643.4646848,777.466283,333.1356516,297.0927688,417.9418374,180.5117643,192.1987819,201.026132,78.50975784,69.08638285,105.8792209,18.35314346,22.32351021,24.57176501,1,1,1,1,0,1,1,0,1,1,1,0,1,0,0,0,0,0,ENSMUSG00000028444,ENSG00000122756
Spaar,-1.11471225,0.742286084,-0.828145667,-0.738941799,-0.674248532,2142.06862,705.7135137,2120.23159,865.7322414,854.4172649,876.157007,1223.08358,3.236014076,1004.882487,1374.441694,867.7538667,634.0357108,492.8599126,747.0335965,546.0078976,399.0307082,1577.110472,1882.175257,1530.358457,1053.955785,801.3063645,1135.425375,467.6450793,568.5729899,524.6903611,200.5736392,411.6455283,362.6792515,1,1,1,0,1,1,1,0,1,1,1,0,1,1,0,0,0,0,ENSMUSG00000028475,ENSG00000235387
Reck,-0.993302955,0.622715536,-1.171973655,-1.066200823,-1.131904881,813.4813607,278.6448199,378.4674431,172.045358,370.6718196,284.2185765,326.4621585,76.04633078,5471.971634,5948.932716,5826.865639,6380.497499,2027.900929,2976.259574,3253.557358,2228.135987,8141.191196,6954.79185,6732.11075,3262.02227,2211.720312,4950.2685,2480.737674,3724.311903,2383.458905,831.1352108,1440.312879,1645.325385,1,1,1,0,1,1,1,0,1,1,1,0,1,1,1,0,0,0,ENSMUSG00000028476,ENSG00000122707
Glipr2,-0.649561737,0.828223815,4.445289546,1.294785797,1.075900202,328.0645634,408.1656533,375.7544149,367.4888846,231.3890752,340.0341108,221.0899829,21.03409149,280.5941098,338.5926205,356.2434353,327.5090938,6976.496758,4803.901018,8421.265972,8185.278301,517.3163895,646.1988117,638.9586988,1678.177112,1654.248223,1091.683578,265.3971162,348.6082997,176.4653681,423.4332383,642.9170941,603.4825486,1,1,1,1,0,1,1,1,0,1,1,1,0,1,1,0,0,0,ENSMUSG00000028480,ENSG00000122694
Plin2,-0.096844778,0.977419868,2.278395845,1.231131135,0.706956646,3172.280416,2653.426803,4647.41742,2026.006136,6612.186196,3730.827825,2800.984013,1150.403004,1469.44739,1884.075948,1287.845413,1655.791101,9003.221411,6273.139059,7466.689236,7800.406747,1756.258949,1954.464892,2300.251316,5719.311448,5075.577784,3316.931177,204.8080639,313.6680601,201.1705196,391.9707067,385.7502565,400.0283343,1,1,1,1,0,1,1,1,0,1,1,1,0,1,1,0,0,0,ENSMUSG00000028494,ENSG00000147872
Rps6,0.216478502,0.938581268,0.37700746,0.390491954,0.92507315,15818.35288,16186.60361,31148.27752,33795.21376,21392.6314,16899.62187,23776.1777,26431.76297,5894.795265,6374.791476,6013.331143,7105.761369,7988.09467,8662.135228,7757.810152,8559.852288,3786.272874,4280.95693,4820.472019,5912.633725,5767.875884,5213.64996,1444.750218,1588.192709,1677.597433,3316.67521,3415.497063,2211.458851,1,1,1,1,0,1,1,1,0,1,1,1,0,1,1,0,0,0,ENSMUSG00000028495,ENSG00000137154
Tnfrsf1b,-0.250375508,0.953267818,1.289616873,0.387845911,0.585678739,4009.513057,1407.926464,709.4568916,2019.124321,1321.688407,2799.589699,2323.169093,119.7325208,1145.566035,1363.969757,1329.201575,1255.299479,2946.572986,2954.669008,3346.016361,3206.40482,1111.12314,1216.581665,1362.762733,1608.30159,1774.731041,1445.340662,387.4285876,458.9876929,302.3439973,469.3160969,563.4453978,692.9237732,1,1,1,1,0,1,1,1,0,1,1,1,0,1,1,0,0,0,ENSMUSG00000028599,ENSG00000028137
Lrp8,-1.67996218,0.304642008,-3.018268034,-0.958843982,-0.54113597,807.5435406,1420.528491,328.2764202,216.0889696,162.496535,152.7583047,629.1676811,168.2727319,1808.788476,1698.199071,2683.797285,2818.950139,321.123523,371.3577416,171.1741006,247.1415999,3310.221022,2671.190177,3286.971142,1616.453735,1791.942873,1359.71842,3181.351926,2946.891572,3341.077636,1996.55982,2704.716497,1803.567552,1,1,1,0,1,1,1,0,1,1,1,0,1,1,1,0,0,0,ENSMUSG00000028613,ENSG00000157193
Ctps1,1.367279442,0.430999061,3.304803146,0.682456566,0.55944533,230.0905309,71.41148651,272.6593407,231.2289611,893.3565268,707.9759889,307.6867527,325.2194146,725.8343501,957.3095482,880.8137075,1016.281701,8271.57734,7142.159356,11170.04715,8787.685951,1410.03942,1745.530214,2325.390674,3013.964168,2965.216034,2816.227201,547.0082041,697.2165993,539.9840264,891.4383964,887.5827661,853.1316811,1,1,1,1,0,1,1,1,0,1,1,1,0,1,1,0,0,0,ENSMUSG00000028633,ENSG00000171793
Mfsd2a,-2.549601752,0.112607902,-2.499658967,-0.826234523,-0.954887445,61103.13827,28741.02298,53442.5873,7359.412233,4922.072465,5099.042833,22088.30703,1318.675736,5203.745309,6518.780606,7692.97178,11056.85297,1393.88782,1663.553139,987.0623321,1342.545254,6286.29994,6289.198258,5244.698697,3886.243597,2555.000723,3611.024963,945.5305618,884.623339,928.2078362,439.1645041,641.1312133,341.0560983,1,1,1,0,1,1,1,0,1,1,1,0,1,1,1,0,0,0,ENSMUSG00000028655,ENSG00000168389
Gale,0.991652292,0.547609589,0.86135558,1.815085775,2.363820225,617.5332958,266.0427929,586.0141055,1036.401236,888.1147031,680.0682217,671.3165513,1593.736932,60.29294921,59.34097473,86.34005865,35.57898233,105.8648977,106.8733035,106.2029091,122.2836041,65.41938778,51.13169315,61.80092333,189.8285005,244.7904885,190.7886901,26.45437492,11.91144532,14.11722945,115.362616,71.43523268,85.50974223,1,1,1,1,0,1,1,1,0,1,1,1,0,1,1,0,0,0,ENSMUSG00000028671,ENSG00000117308
Plk3,0.295797774,0.938437953,2.247698049,0.775603122,1.025405734,1484.455038,280.7451577,354.0501887,249.1216784,1376.35314,575.0468872,597.3644427,1537.106686,180.1058611,159.6970349,219.1151068,200.7019516,906.9092903,754.5902947,745.919256,1203.528104,352.2582419,412.5798689,447.2710892,758.1494101,766.8827021,550.9605098,70.82945544,87.350599,95.29129877,159.9345358,193.7680686,160.2079078,1,1,1,1,0,1,1,1,0,1,1,1,0,1,1,0,0,0,ENSMUSG00000028680,ENSG00000173846
Mrto4,0.686274717,0.74306144,1.012962184,1.46626449,1.096213857,454.2432416,431.9694821,603.6487892,781.7741067,1270.767834,948.1296698,663.6531204,330.0734357,294.5078673,340.3379433,264.8245496,314.7371514,574.0230009,595.8996319,562.2506955,716.9680789,185.18719,232.7373619,226.2542278,656.8299037,606.2389441,519.3175076,83.62995943,100.0561407,95.29129877,213.6830274,196.4468899,186.7454141,1,1,1,1,0,1,1,1,0,1,1,1,0,1,1,0,0,0,ENSMUSG00000028741,ENSG00000053372
Pink1,0.304874203,0.943432356,-0.448881847,-0.712751843,-1.208970096,696.2094128,4576.63615,2425.44727,4811.764572,2505.591734,3705.123303,4652.852102,174.7447601,8935.724267,7269.269404,6311.530842,7456.989785,6021.360126,5800.305656,4790.375926,5345.724294,6583.203315,6047.645087,6160.19034,3510.080372,3645.083367,4308.101689,1536.913846,1754.158847,1658.77446,574.1912024,829.5416395,734.2043384,1,1,1,0,1,1,1,0,1,1,1,0,1,1,1,0,0,0,ENSMUSG00000028756,ENSG00000158828
Sema3c,9.504325564,1.69786E-05,-0.928199135,-0.980615153,-1.358148305,0,0,0,56.43087742,135.5385845,308.454269,6.130744761,242.7010557,10486.33524,12685.87867,9229.679715,13989.83831,6828.285902,6567.85029,4840.353765,6141.211318,9703.204886,7906.017658,8657.366632,3835.001547,4738.03465,4735.28222,9593.551061,11074.46776,10612.62724,3491.030073,5784.467966,2924.040036,1,1,1,0,1,1,1,0,1,1,1,0,1,0,0,1,1,0,ENSMUSG00000028780,ENSG00000075223
Ak2,-0.443472609,0.856703545,0.398015311,0.741994452,1.043890875,2214.806916,2060.43142,5229.361983,2334.311417,2997.574331,2528.590591,2274.506306,1512.83658,548.8204351,589.9191017,473.0564558,582.9479413,764.5798167,698.4548221,703.4380923,723.404058,378.425997,410.816707,369.7580667,649.8423515,701.8602286,588.1875713,156.1661487,169.1425235,168.2303176,343.4659704,356.283223,317.4672039,1,1,1,1,0,1,1,1,0,1,1,1,0,1,1,0,0,0,ENSMUSG00000028792,ENSG00000004455
Nipal3,1.049784841,0.498784458,-2.33112284,-0.701596195,-1.158540624,354.784754,343.0551803,183.129408,957.9485532,435.071368,750.5720546,437.5819073,459.5139987,1770.912136,2115.331217,1352.41907,1410.387351,315.2421398,438.2884973,303.6153756,262.5879499,1261.084506,1176.910523,1122.891353,730.1992014,698.0353772,761.2934072,954.0642311,1147.469232,1163.494994,456.2067087,524.1560198,480.6237235,1,1,1,0,1,1,1,0,1,1,1,0,1,1,1,0,0,0,ENSMUSG00000028803,ENSG00000001461
Csf3r,4.125724106,0.294713008,1.385782421,2.161436496,1.784413257,5.937820151,0,0,44.04361164,56.91122886,0,0,66.33828855,48.69815128,48.86903801,49.33717637,39.22810873,76.45798167,124.1457566,123.695153,163.4738708,50.32260599,124.3029092,79.60796903,508.9267161,346.1490501,286.6483734,23.89427412,11.91144532,22.35227996,44.57191982,76.79287513,76.66390682,1,1,1,1,0,1,1,1,0,1,1,1,0,0,0,0,0,0,ENSMUSG00000028859,ENSG00000119535
Fgr,-2.528627733,0.174642824,3.586067846,2.688483597,3.992420711,5992.744988,3159.608222,1737.694604,817.5595411,514.4475556,584.5942813,1208.523061,19.41608445,18.55167668,23.56185761,19.58976121,16.42106877,211.7297954,272.0411363,228.6486162,225.2592707,17.10968604,54.65801682,59.70597677,361.0235286,225.6662315,262.4507834,9.387036263,7.146867191,7.058614724,90.45477846,138.4057633,147.43059,1,1,1,1,0,1,1,1,0,0,1,1,0,1,1,0,0,0,ENSMUSG00000028874,ENSG00000000938
Fam76a,-1.344312888,0.318811979,-0.488816961,-0.341816742,-0.684784251,933.7222188,546.7879506,1044.515882,159.6580922,414.8529051,317.2672481,419.9560161,344.635499,1753.133446,1991.413299,1593.300578,2093.686268,1105.700043,1407.704927,1374.390589,1406.905045,1634.478242,1440.503217,1682.242082,1236.796733,1176.1418,1339.243537,1027.453787,1336.464165,1391.723536,583.3677741,1017.952066,731.2557266,1,1,1,0,1,1,1,0,1,1,1,0,1,1,1,0,0,0,ENSMUSG00000028878,ENSG00000009780
Smpdl3b,1.501150756,0.464036282,2.107199697,2.055165432,2.420981763,38.59583098,212.1341217,42.05193813,324.8216359,166.9895268,83.72330159,162.4647362,648.8208221,44.83321864,64.57694309,25.3941349,67.50883828,150.5634101,228.8600035,219.9024942,267.7367332,24.15485087,27.32900841,20.94946553,121.1175709,83.19051756,98.65171291,7.680302397,11.11734896,7.058614724,68.16881855,30.35997389,42.26343581,1,1,1,1,0,1,1,1,0,0,1,1,0,1,1,0,0,0,ENSMUSG00000028885,ENSG00000130768
Yrdc,0.071132885,0.984966556,1.330874455,0.915997082,1.38072676,74.22275189,187.6301802,801.6998526,251.8744041,567.6146247,445.7898602,432.2175057,163.4187108,308.4216248,430.2220668,349.7135149,417.824972,943.3738662,790.2147292,873.362747,1180.358579,283.8194978,276.8164078,344.618708,652.1715355,588.0709,468.130298,41.81497972,51.61626305,48.23386728,100.942289,141.0845845,125.8074368,1,1,1,1,0,1,1,1,0,1,1,1,0,1,1,0,0,0,ENSMUSG00000028889,ENSG00000196449
Sesn2,1.927948409,0.228952833,0.849229438,0.610733493,1.089843795,356.2692091,42.00675677,63.75616425,554.6742341,735.3529835,698.4285949,388.1527777,548.5043858,118.2669388,148.3524368,102.3020863,81.19306225,154.09224,195.3946257,168.6752086,293.4806499,128.8258713,195.7109634,164.4533044,266.6915744,234.2721472,247.5599588,40.96161278,36.52843231,44.70455992,111.4297996,60.71994778,88.45835403,1,1,1,1,0,1,1,1,0,1,1,1,0,1,1,0,0,0,ENSMUSG00000028893,ENSG00000130766
Rcc1,2.378894788,0.100795478,0.637890911,0.843174297,1.614307861,124.6942232,53.20855858,20.347712,545.0396941,314.5094227,374.5516124,129.8951546,352.7255342,127.5427772,123.0452564,93.59552576,139.5790845,225.8451151,164.0883044,218.6530482,142.8787374,107.6903768,96.09231989,113.1271139,235.2475896,177.8555893,156.3536582,32.42794345,24.61698699,47.05743149,140.2704536,84.82933881,91.40696583,1,1,1,1,0,1,1,1,0,1,1,1,0,1,1,0,0,0,ENSMUSG00000028896,ENSG00000180198
Ptpru,1.433976712,0.706894046,1.331998645,-0.731776232,-0.779786594,121.7253131,11.90191442,0,23.39816869,295.7886237,59.48760903,21.07443512,200.6328727,229.5769989,212.9293799,615.9891579,252.7020027,1015.126741,1100.039357,639.7163469,547.0582289,849.445589,1147.818353,732.1838204,630.044287,401.6093951,613.3158378,189.4474591,175.4952944,199.9940838,110.1188607,125.0116572,93.37270703,1,1,1,1,0,1,1,0,1,1,1,0,1,0,1,0,0,0,ENSMUSG00000028909,ENSG00000060656
Pgd,0.383092821,0.871863549,0.737111846,1.120805214,0.777275745,923.3310336,1176.18919,1863.850419,1643.377259,2070.520366,1995.405355,1652.235713,1252.337447,1057.445571,1384.913631,1126.048496,1185.966078,1775.001451,1708.893328,2293.982838,2147.042649,757.8584461,862.1861362,861.0230335,1878.486941,1943.024502,1575.635377,194.5676607,204.8768595,205.8762628,280.5409071,414.3243495,340.0732277,1,1,1,1,0,1,1,1,0,1,1,1,0,1,1,0,0,0,ENSMUSG00000028961,ENSG00000142657
Tnfrsf9,-0.790270435,0.898198961,2.842079369,1.696853403,6.212764914,69.76938678,0,225.1813461,0,59.15772474,53.61228962,154.4181337,16.18007038,6.956878755,6.981291144,55.86709677,6.385971188,110.5700043,185.6788708,109.9512471,142.8787374,14.09032968,52.01327407,60.75345005,105.9778745,208.4544003,96.79035983,5.120201598,3.176385418,0,270.0533966,226.8068638,172.9852257,1,0,1,1,0,1,1,1,0,0,1,1,0,0,0,0,0,0,ENSMUSG00000028965,ENSG00000049249
Abcb1b,#N/A,#N/A,2.030123736,0.489256988,1.076848819,#N/A,#N/A,#N/A,#N/A,#N/A,#N/A,#N/A,#N/A,166.1921036,162.3150191,243.783695,160.5615613,679.8878986,743.7950115,704.6875383,871.4315788,391.5098746,454.8957529,474.5053944,741.8451217,541.2164706,573.2967467,126.2983061,143.7314402,125.8786292,289.7174788,300.9209177,245.7176501,1,1,1,1,0,1,1,1,0,1,1,1,0,0,0,0,0,0,ENSMUSG00000028970,#N/A
Dnajc2,1.051013373,0.62200063,0.742927205,1.000357054,1.217542849,405.2562253,534.1859236,67.82570665,616.610563,843.9336175,337.0964511,545.6362837,1137.458948,424.369604,451.1659402,498.4505907,495.3689079,846.9191816,652.0351044,765.9103918,864.9955996,397.5485873,420.5140971,373.9479598,775.6182905,875.8909665,734.3037876,630.6381635,685.305154,796.447028,1877.264388,1661.7621,1371.104487,1,1,1,1,0,1,1,1,0,1,1,1,0,1,1,0,0,0,ENSMUSG00000029014,ENSG00000105821
Atad3a,2.065951648,0.332096095,0.626328852,1.075666512,0.826789042,190.0102448,14.00225226,4.069542399,140.3890121,354.9463484,381.8957616,195.4174893,375.3776328,360.9847087,407.5328706,314.8872727,325.6845306,583.433214,596.9791602,456.0477863,536.7606623,326.0904868,389.6587651,349.8560744,917.6985179,721.9406984,609.5931316,170.6733866,159.6133673,167.0538818,317.247194,278.5974075,286.9982153,1,1,1,1,0,1,1,1,0,1,1,1,0,0,1,0,0,0,ENSMUSG00000029036,ENSG00000197785
Cd38,5.301062967,0.084602279,0.864579263,0.958677112,0.843193904,2.968910076,0,0,0,80.87385154,73.44149262,2.682200833,21.03409149,652.4006299,858.6988108,613.0869711,675.0883828,1008.069081,1035.267658,1334.408317,1719.693633,473.0324963,574.7907575,471.3629745,1026.005576,939.0010143,991.1705118,384.8684868,490.7515471,335.2841994,770.8320251,650.9535578,755.8274916,1,1,1,1,0,1,1,1,0,1,1,1,0,0,0,0,0,0,ENSMUSG00000029084,ENSG00000004468
Prom1,-2.080078855,0.236740974,-1.089259642,-0.988849161,-1.222657968,3966.463861,1639.663739,1119.12416,436.3070278,128.7990969,145.4141554,1244.158015,695.7430262,11700.69708,13965.20027,9370.435777,13461.62726,6503.633549,5322.074611,5476.321774,5491.177423,10365.45038,7963.320418,8807.155311,3782.594906,4729.428734,5158.740044,6152.775587,6682.320824,6009.234002,2100.123987,3473.538189,2497.474195,1,1,1,0,1,1,1,0,1,1,1,0,1,1,1,0,0,0,ENSMUSG00000029086,ENSG00000007062
Emilin1,0.347518386,0.938442847,1.499995237,0.765097659,0.859868381,4.453365114,135.8218469,13.56514133,83.95813469,119.0642814,53.61228962,36.01812547,35.59615483,524.8578527,554.1399846,584.7906493,335.7196282,1293.904305,1295.433982,1266.938234,1803.361362,682.3745372,1007.646987,1082.039895,1426.625234,1445.793822,1838.08616,314.8923983,412.136008,338.8135067,694.7975737,583.9830272,658.5233022,1,1,1,1,0,1,1,1,0,1,1,1,0,0,1,0,0,0,ENSMUSG00000029163,ENSG00000138080
Ppat,0.402878865,0.887621871,0.615649054,0.734333965,0.791773368,124.6942232,240.8387388,52.90405119,161.0344551,176.7243423,279.077672,168.9786525,137.5305982,232.668945,299.3228578,275.7077503,266.3862267,397.5815047,370.2782133,454.7983403,423.487429,194.2452591,214.2241627,186.4502433,354.0359764,327.981006,309.9152868,174.9402213,179.4657761,184.7004186,373.6175632,231.2715658,330.2445217,1,1,1,1,0,1,1,1,0,1,1,1,0,1,1,0,0,0,ENSMUSG00000029246,ENSG00000128059
Sparcl1,0.240564385,0.963121607,-0.368411821,-0.831187763,-1.128712063,71678.39596,28699.01623,3962.377783,69374.19379,41972.78012,15626.14639,77724.43257,753.9912796,51098.27445,47436.128,53223.9301,58504.6189,43789.25052,38519.72946,40012.25838,40555.6791,43267.37663,43280.33351,47221.14279,21378.41585,20936.28025,32870.56461,39737.8846,46334.72819,42377.56993,17549.53796,21468.0733,19723.26434,1,1,1,0,1,1,1,0,1,1,1,0,1,1,1,0,0,0,ENSMUSG00000029309,ENSG00000152583
Plac8,4.917846795,0.017502165,5.250485463,3.695774443,6.970339242,22.26682557,25.90416667,29.84331093,1183.672063,136.2874165,37.45516124,10.34563178,2564.541155,42.51425906,53.23234498,10.15765396,21.89475836,764.5798167,1392.591531,1518.076878,1181.645775,6.038712718,40.55272215,9.427259491,281.8312707,218.9727416,229.8771046,1.706733866,2.382289064,0,192.7080063,146.442227,229.0088499,1,1,1,1,0,0,1,1,0,0,1,1,0,1,1,1,1,0,ENSMUSG00000029322,ENSG00000145287
Abcb9,0.019174705,0.997152874,-0.67844158,-0.528041067,-1.691648339,179.6190596,182.729392,161.4251818,5.505451455,60.65538866,96.20835534,65.13916309,658.5288644,257.4045139,264.4164021,243.0581483,213.473894,154.09224,184.5993425,132.4412749,139.0171499,277.780785,254.7768848,237.7764338,185.1701324,152.0378424,197.3034258,68.26935464,73.05686462,104.7027851,24.90783755,19.64468899,31.45185921,1,1,1,0,1,1,1,0,1,1,1,0,1,1,0,0,0,0,ENSMUSG00000029408,ENSG00000150967
Sdad1,0.318327103,0.90185611,1.078369855,0.668752824,0.979477171,978.25587,873.7405408,454.4322346,1160.273894,1122.499106,983.3815862,1010.423371,516.144245,228.0310258,286.2329369,274.2566569,250.8774395,435.2223572,519.2531212,622.224103,619.1411956,228.4646312,265.3558558,262.9157925,423.9114981,404.4780337,375.9933209,246.6230436,258.0813152,256.4630016,524.3755273,487.545463,489.469559,1,1,1,1,0,1,1,1,0,1,1,1,0,1,1,0,0,0,ENSMUSG00000029415,ENSG00000198301
Ran,-0.692058041,0.78691592,1.091077183,1.094799641,0.840294129,5488.030275,5720.620159,25852.44635,7539.715768,8547.167977,10705.56638,7588.329328,3850.85675,2162.04332,2811.715008,2302.885262,2925.687086,5021.524981,4901.058566,5606.264157,6202.996718,1474.452355,1564.806127,1663.387563,3408.760865,3753.135419,2882.305235,543.5947363,602.7191331,470.5743149,1139.205833,894.7262893,866.8918695,1,1,1,1,0,1,1,1,0,1,1,1,0,1,1,0,0,0,ENSMUSG00000029430,ENSG00000132341
Mmp17,3.469039022,0.326384894,0.679038739,-0.630060562,-1.060660793,8.906730227,0,0,0,9.734815464,16.15712838,4.981230118,129.440563,452.9701056,366.5177851,469.4287222,255.4388475,586.9620439,587.2634053,722.1797822,579.2381248,252.619482,253.8953039,260.8208459,165.3720679,132.9135855,197.3034258,378.8949183,371.6370939,470.5743149,217.6158438,146.442227,222.1287557,1,1,1,1,0,1,1,0,1,1,1,0,1,0,0,0,0,0,ENSMUSG00000029436,ENSG00000198598
Pus1,1.641780216,0.331516375,0.876020565,1.111739083,1.030236386,75.70720693,112.7181307,103.0950741,132.1308349,293.5421278,254.1075645,91.19482832,747.5192514,166.9650901,182.3862311,166.8757436,159.6492797,294.0691603,304.4269858,346.0965392,296.0550415,130.8387756,143.6976894,129.8866863,295.8063751,329.8934317,249.4213119,48.64191518,65.11590107,52.93961043,150.7579641,75.89993472,115.9787308,1,1,1,1,0,1,1,1,0,1,1,1,0,1,1,0,0,0,ENSMUSG00000029507,ENSG00000177192
Cabp1,2.584275195,0.352024009,1.129929994,-0.530311935,-1.238116701,22.26682557,0,0,72.94723178,57.66006082,11.01622389,26.82200833,50.15821817,255.0855543,192.8581679,317.7894596,152.3510269,544.6160848,545.1618009,428.5599746,494.2831998,257.6517426,223.0399719,247.2036933,157.2199237,154.906481,190.7886901,198.8344954,196.9358959,215.2877491,51.12661391,106.2599086,99.26993063,1,1,1,1,0,1,1,0,1,1,1,0,1,0,1,0,0,0,ENSMUSG00000029544,ENSG00000157782
Tmem106b,-0.828943667,0.669432856,-0.289904721,-0.44249438,-0.990040965,1500.784043,879.3414417,3118.625992,836.8286212,709.8926969,822.5447174,1289.755429,1499.892524,2443.410416,2550.789252,2395.755241,2485.055074,1896.157945,2132.068429,2268.993918,1778.904641,2266.530174,2189.846996,1956.680081,1555.894949,1386.508626,1776.661509,3495.390958,4015.745265,3563.424,1887.751898,1954.646554,1733.783739,1,1,1,0,1,1,1,0,1,1,1,0,1,1,1,0,0,0,ENSMUSG00000029571,ENSG00000106460
Rpl6,0.943491938,0.4980762,0.32529893,0.76096855,0.700592838,2014.405486,1984.819257,1469.104806,4250.208524,3120.382772,3329.102861,2520.50244,4308.752742,5204.518295,6016.127644,4766.841893,5982.742722,6629.495149,7132.443601,6538.350865,7223.743014,3249.833895,3365.875939,3691.295827,5835.770651,6356.902997,5273.213258,491.5393534,559.0438336,503.514517,905.8587234,931.3368461,689.9751614,1,1,1,1,0,1,1,1,0,1,1,1,0,1,1,0,0,0,ENSMUSG00000029614,ENSG00000089009
Wasf3,0.425170323,0.915675801,0.439912353,-0.712159196,-0.964504523,31.1735558,21.00337839,4.069542399,27.52725728,24.71145464,10.28180897,55.94304595,6.472028151,1430.025077,1146.67707,1357.497897,1095.6502,1711.482513,1635.485403,1611.785327,1867.721153,931.9746629,953.8705516,1039.093491,593.9419342,545.0413219,645.8895166,1403.788605,1446.049462,1617.599208,709.2179007,754.5346452,823.6455631,1,1,1,1,0,1,1,0,1,1,1,0,1,0,0,0,0,0,ENSMUSG00000029636,ENSG00000132970
Flt1,0.137726442,0.977725587,-0.760121323,-0.569616285,-0.763794669,15650.60946,23454.47264,3644.953476,18137.70982,30287.2574,14592.09017,15194.66772,174.7447601,53650.67597,56545.84029,62006.67304,67039.92553,38199.58392,37675.53832,28389.91178,36994.00823,69295.23489,55500.80817,76411.08059,44417.53994,53003.83424,38150.2926,53336.28668,67224.2269,57393.59632,26971.25525,46765.07507,31065.59106,1,1,1,0,1,1,1,0,1,1,1,0,1,1,1,0,0,0,ENSMUSG00000029648,ENSG00000102755
Hsph1,1.098325084,0.530874762,2.300975065,0.589557189,-0.808976702,826.8414561,903.1452706,785.421683,2769.242082,1661.658116,715.3201382,878.9955301,2952.862844,1021.88819,905.822526,1216.741835,2080.002044,7642.269337,3291.481843,8682.400184,6127.052164,626.0132185,776.6727874,987.7673,1170.414988,1266.98202,1158.692288,1856.073079,1881.214264,2318.754937,1263.745021,1098.316702,1094.917849,1,1,1,1,0,1,1,1,0,1,1,0,1,1,1,0,0,0,ENSMUSG00000029657,ENSG00000120694
Zkscan1,-0.338045047,0.938036102,-0.467128584,-0.413425778,-0.666204724,4969.955467,5049.212164,431.3714943,1964.069807,837.9429618,1298.44559,1571.003345,8109.451273,691.8229428,713.8370195,758.1963133,747.158629,483.4496995,485.7877434,538.5112217,599.8332581,686.4003456,606.5276705,713.3293014,494.9516118,502.0117439,508.1493891,2260.569006,2873.040611,2483.455947,1472.184293,1621.579782,1705.280492,1,1,1,0,1,1,1,0,1,1,1,0,1,1,1,0,0,0,ENSMUSG00000029729,ENSG00000106261
Asns,2.230069842,NA,2.80090134,1.368765286,0.671693983,0,0,36.62588159,23.39816869,11.98131134,0,0,250.7910909,379.5363854,461.6378769,428.7981064,431.509196,2925.400006,2797.057873,2462.658046,3669.795319,282.8130456,384.3692796,297.4824106,876.9377969,944.7382914,672.8791362,195.4210277,217.5824012,214.1113133,394.5925843,316.1009046,289.9468271,1,1,1,1,0,1,1,1,0,1,1,1,0,0,0,0,0,0,ENSMUSG00000029752,ENSG00000070669
Akr1b8,#N/A,#N/A,0.95996988,1.708237485,3.722310723,#N/A,#N/A,#N/A,#N/A,#N/A,#N/A,#N/A,#N/A,47.15217823,55.85032915,57.31819019,48.35092471,70.57659847,100.3961336,118.697369,117.1348208,58.37422294,65.23698781,70.18070954,237.5767737,240.0094242,156.3536582,10.2404032,20.64650522,12.94079366,280.5409071,147.3351674,158.2421666,1,1,1,1,0,1,1,1,0,1,1,1,0,0,0,0,0,0,ENSMUSG00000029762,#N/A
Ahcyl2,-1.462300562,0.301773144,-0.325771227,-0.765321966,-0.534161539,967.8646847,883.5421174,803.0563668,604.2232972,215.6636041,345.1750153,303.0886941,137.5305982,1387.510818,1248.778453,1253.01917,1172.281854,1116.286532,1047.142469,972.0689802,902.3242788,1041.677944,1364.687259,1314.578962,698.7552167,662.6555019,827.3714413,1820.231668,1816.892459,1778.77091,1009.42289,1592.112748,1135.215543,1,1,1,0,1,1,1,0,1,1,1,0,1,1,1,0,0,0,ENSMUSG00000029772,ENSG00000158467
Gars1,0.935127166,0.626771384,0.933793871,0.686416752,0.474847572,1432.499112,1609.558897,732.5176319,1987.467975,2061.534382,1688.419915,1248.756074,5044.945944,2376.160588,2930.396958,2743.292116,3430.17881,5093.277856,5405.198291,5590.021359,5838.720298,1733.11055,1779.030289,2117.990966,3031.433048,3419.417136,2608.686333,1149.485259,1201.467784,1132.907663,1726.506424,1776.951413,1339.652628,1,1,1,1,0,1,1,1,0,1,1,1,0,1,1,0,0,0,ENSMUSG00000029777,ENSG00000106105
Tra2a,-0.111158799,0.972852384,2.162117434,0.450785686,1.19606867,1019.820611,1078.173424,1905.902357,717.0850521,1358.381173,1009.086109,745.26866,2349.346219,539.5445968,597.7730542,626.1468119,1054.597528,3553.531733,1904.287954,4465.519968,2686.377703,592.8002985,543.0538445,569.8254625,709.2365449,856.7667096,763.1547602,1099.989977,951.3274328,1112.908255,2752.971518,2164.48755,2332.351935,1,1,1,1,0,1,1,1,0,1,1,1,0,1,1,0,0,0,ENSMUSG00000029817,ENSG00000164548
Ptn,-2.802255323,0.228948722,-1.290623822,-0.900586946,-1.550721044,225.6371658,645.503829,40.69542399,0,73.38553196,18.36037316,81.99871118,43.68619002,21720.92145,27623.22374,16882.74643,30737.50389,9018.513007,9165.195425,11453.67139,9998.937229,9530.095122,12173.75087,11261.3852,5312.868831,4475.076117,7869.800796,10174.69394,12858.00817,10017.35073,3467.433174,3921.794274,3891.184707,1,1,1,0,1,1,1,0,1,1,1,0,1,1,0,0,0,0,ENSMUSG00000029838,ENSG00000105894
Clec5a,4.936018492,NA,1.847778721,1.76471143,2.815948429,0,0,0,0,2.995327835,0,1.53268619,27.50611964,17.00570362,30.54314876,27.57077503,27.36844795,70.57659847,110.1118885,64.97119148,122.2836041,21.13549451,37.02639849,21.99693881,102.4840984,66.93489919,105.1664487,14.50723786,27.79337241,29.41089468,153.3798417,175.0163201,172.0023551,1,1,1,1,0,1,1,1,0,1,1,1,0,0,0,0,0,0,ENSMUSG00000029915,ENSG00000258227
Mkrn1,-0.386745096,0.870645396,-0.667586667,-0.346725525,-0.589818863,1505.237408,1781.7866,1082.498278,774.8922923,957.0072433,966.4900429,1339.950902,1532.252665,1802.604584,2309.934707,2042.413992,2514.248085,1340.955371,1462.760872,1304.421614,1347.694037,1471.432999,1578.02984,1666.529983,1265.911534,1141.718138,1301.085799,675.013244,721.8335863,777.6240554,428.6769936,471.4725357,542.5445714,1,1,1,0,1,1,1,0,1,1,1,0,1,1,1,0,0,0,ENSMUSG00000029922,ENSG00000133606
Prickle2,-0.630881887,0.819038448,0.382332329,-0.742798877,-2.061166763,521.0437183,482.3775902,85.46039038,368.8652475,110.0782979,179.9316569,234.1178156,279.9152175,422.823631,417.1321459,397.5995978,343.9301626,494.0361893,464.197177,514.7717479,590.8228873,513.2905811,429.3299063,487.0750737,249.2226939,235.22836,368.5479086,2006.265659,1901.860769,2222.287202,481.1145463,366.9985079,621.1742194,1,1,1,1,0,1,1,0,1,1,1,0,1,1,1,0,0,0,ENSMUSG00000030020,ENSG00000163637
Mogs,-0.542356591,0.819716548,0.616731284,0.971342827,1.096897876,237.5128061,533.485811,618.5704447,155.5290036,403.6204258,361.3321437,315.3501837,354.3435413,282.1400828,373.4990762,356.968982,411.4390008,612.84013,484.708215,568.4979254,516.165529,332.1291995,402.8824788,310.0520899,730.1992014,721.9406984,600.2863663,128.8584069,150.8783074,144.7016018,365.7519303,238.4150891,305.6727567,1,1,1,1,0,1,1,1,0,1,1,1,0,1,1,0,0,0,ENSMUSG00000030036,ENSG00000115275
Gxylt2,5.188522831,0.073889522,-0.818755063,-1.042197783,-1.253616312,0,0,0,4.129088591,14.97663917,6.609734336,2.299029285,9.708042227,62.61190879,75.0488798,50.78826979,62.94743028,25.8780861,35.62443451,46.22950163,34.75428749,66.4258399,110.1976146,87.98775524,50.07745719,35.37987528,43.74179723,103.2573989,171.5248126,96.46773456,58.99224682,43.75408002,54.05788302,1,1,1,0,1,1,1,0,1,1,1,0,1,0,0,0,0,0,ENSMUSG00000030074,ENSG00000172986
Sec61a1,0.772764353,0.61997844,0.787419957,0.404033314,0.702185333,3391.979762,2393.685023,2673.689356,5158.608014,4439.075851,6379.862464,3867.733601,4242.414453,2367.657736,3062.168828,2500.959514,2941.195873,4554.543154,4268.454972,4934.062214,5005.904594,2432.594773,2589.203151,2536.980276,3463.496691,3366.825429,3173.606991,627.2246958,788.5376801,612.9230452,1267.677837,970.626224,1067.397472,1,1,1,1,0,1,1,1,0,1,1,1,0,1,1,0,0,0,ENSMUSG00000030082,ENSG00000058262
Klf15,3.241133874,0.361604504,1.370840808,-0.729391159,-1.695655727,1.484455038,0,1.356514133,0,1.497663917,3.672074631,4.598058571,32.36014076,167.7380766,136.1351773,274.9822036,355.7898233,596.372257,573.2295372,654.7096987,592.1100831,624.0003142,515.7248361,689.2374161,451.8617068,223.7538059,428.111207,169.8200197,146.9078256,122.3493219,41.95004218,47.32584165,46.19491821,1,1,1,1,0,1,1,0,1,1,1,0,1,0,0,0,0,0,ENSMUSG00000030087,ENSG00000163884
Grip2,4.346072031,NA,0.638564365,-0.942633111,-2.090956214,4.453365114,7.701238741,29.84331093,0,11.98131134,0,3.065372381,1407.666123,263.5884062,229.5099464,273.5311102,153.2633085,328.1811829,329.2561372,374.833797,402.8922957,296.9033753,290.0401215,296.4349373,160.7136998,113.7893286,185.2046308,291.8514911,306.5211929,275.2859742,38.01722573,67.86347105,97.30418943,1,1,1,1,0,1,1,0,1,1,1,0,1,0,0,0,0,0,ENSMUSG00000030098,ENSG00000144596
Itpr1,0.224606494,0.956779622,0.397753075,-0.808722171,-1.227887471,295.4065525,39.90641893,466.6408618,399.1452305,618.5351979,240.1536809,111.8860919,190.9248305,2592.596816,2464.395774,3462.308906,2329.967202,3746.441102,3240.744012,3547.177166,3762.473419,3844.647097,4024.416883,3739.479598,2091.607282,1966.929823,2567.736565,9627.685738,10584.51031,12486.68945,4134.701033,4843.308776,4979.222461,1,1,1,1,0,1,1,0,1,1,1,0,1,1,1,0,0,0,ENSMUSG00000030102,ENSG00000150995
Ret,9.125382136,NA,-2.311833962,-0.430387422,-1.145349123,0,0,0,0,2.995327835,14.68829852,0.766343095,558.212428,1517.372555,2055.990242,1855.222941,1230.667876,350.530439,429.6522708,262.3836579,297.3422374,653.1874257,840.1466133,763.6080187,609.0816305,528.7857036,538.8617148,701.4676189,1003.737792,545.8662053,207.1283333,400.9302434,407.8912991,1,1,1,0,1,1,1,0,1,1,1,0,1,0,0,0,0,0,ENSMUSG00000030110,ENSG00000165731
A2m,-0.36356172,0.945554923,1.799886647,0.433533283,1.538600732,170737.5651,169455.2568,25870.08103,105450.0408,109026.9379,103058.2434,156510.2503,147.2386404,74.20670672,67.19492726,106.6553666,46.52636151,243.4892647,300.1088726,213.6552643,272.8855166,288.8517584,327.06652,346.7136546,456.5200749,460.8945915,383.4387332,203.1013301,231.8761355,263.5216164,908.480601,641.1312133,479.6408529,1,1,1,1,0,1,1,1,0,1,1,1,0,1,1,0,0,0,ENSMUSG00000030111,ENSG00000175899
Clec4e,3.039277183,0.282868557,7.606940957,4.327719518,6.754074116,387.4427649,38.50619371,80.03433385,1750.733563,38.1904299,72.7070777,5056.714913,9.708042227,1.545973057,3.490645572,2.902186845,1.824563197,341.1202259,384.3120814,406.0699467,773.6046955,4.025808479,7.934228248,6.28483966,160.7136998,76.49702764,133.0867448,0,0.794096355,1.176435787,53.74849155,58.93406696,85.50974223,1,0,1,1,0,0,1,1,0,0,1,1,0,1,0,0,0,0,ENSMUSG00000030142,ENSG00000166523
Clec4d,4.537570118,NA,6.011038049,3.372633473,5.568160938,0,0,0,0,0,0,0,24.27010557,1.545973057,1.745322786,7.981013825,12.77194238,330.5337362,262.3253814,332.3526333,616.5668039,14.09032968,22.03952291,48.18377073,379.657001,241.9218499,247.5599588,0.853366933,0,0,23.59689873,16.07292735,7.862964802,1,0,1,1,0,1,1,1,0,0,0,1,0,0,0,0,0,0,ENSMUSG00000030144,ENSG00000166527
Gabarapl1,-1.326129069,0.278785953,-0.37459954,-0.372464017,-0.929330703,2884.296139,1659.266892,3090.139195,750.1177608,974.2303783,950.3329146,1083.992308,1315.439722,3804.639692,4449.700443,3190.22889,4035.021509,2888.935431,3102.564388,2999.919822,2946.391261,2295.717285,2477.242375,2688.863901,2039.200641,1787.161808,1938.599226,873.8477394,1238.790313,847.0337669,504.711445,490.2242843,560.2362422,1,1,1,0,1,1,1,0,1,1,1,0,1,1,1,0,0,0,ENSMUSG00000030161,ENSG00000139112
Klra2,#N/A,#N/A,5.25197192,2.897639166,4.376002752,#N/A,#N/A,#N/A,#N/A,#N/A,#N/A,#N/A,#N/A,8.502851811,5.235968358,4.353280268,2.736844795,123.5090473,179.2017009,211.1563723,289.6190624,4.025808479,11.46055191,12.56967932,73.36929775,55.46034504,80.96885871,23.04090719,6.352770837,5.882178937,235.9689873,183.0527837,328.2787805,1,0,1,1,0,0,1,1,0,0,1,1,0,0,0,0,0,0,ENSMUSG00000030187,#N/A
Ybx3,1.661893621,0.346367948,0.977937232,0.954256286,0.554951128,712.5384182,3628.683672,370.3283583,5776.59494,6148.659213,6136.036709,4695.000972,2096.937121,3095.811046,3839.710129,3583.475207,3802.389702,7254.098046,6700.632273,6568.337569,7683.271926,2202.117238,2195.136482,2619.730665,4845.867428,5001.949395,3747.834414,1011.239816,1210.996941,1005.852598,1768.456466,1481.388138,1496.911924,1,1,1,1,0,1,1,1,0,1,1,1,0,1,1,0,0,0,ENSMUSG00000030189,ENSG00000060138
Etv6,1.15236247,0.595636884,1.708107327,0.487742314,0.88242889,436.4297811,758.9220723,62.39965012,1767.249917,607.3027185,867.3440279,768.2589529,652.0568362,701.0987812,806.3391272,600.0271303,881.264024,2411.367114,2056.501447,2567.611509,2724.993578,936.0004713,936.2389332,837.9786214,1425.460642,1105.382049,1272.234826,613.5708248,670.2173233,521.1610538,1030.397911,1161.715471,1138.164155,1,1,1,1,0,1,1,1,0,1,1,1,0,1,1,0,0,0,ENSMUSG00000030199,ENSG00000139083
Lrp6,0.145935235,0.964111825,-1.066414447,-0.70129694,-0.567853806,207.8237053,1111.078717,583.3010772,849.215887,651.4838041,602.9546544,626.4854803,779.8793922,2301.180895,2515.882796,2624.302455,2895.581793,1253.910899,1214.469358,1298.174384,1168.773816,2930.788573,2823.703675,2722.383046,1690.987624,1602.612729,1919.055019,5204.684924,5878.695313,5102.20201,3821.386655,3515.506388,3584.529079,1,1,1,0,1,1,1,0,1,1,1,0,1,1,1,0,0,0,ENSMUSG00000030201,ENSG00000070018
Plbd1,2.674103064,0.352741629,0.889089542,1.996338685,3.466599959,90.55175731,0,86.81690452,395.0161419,66.64604433,149.08623,16.47637655,1257.191468,41.74127253,65.44960448,33.37514872,58.38602229,64.69521526,92.8394354,134.9401669,74.6573583,42.27098903,77.57912064,73.32312937,320.2628076,180.7242278,271.7575488,19.62743946,26.99927606,34.11663783,242.5236814,279.4903479,358.7477691,1,1,1,1,0,1,1,1,0,1,1,1,0,0,1,0,0,0,ENSMUSG00000030214,ENSG00000121316
Arhgdib,1.950863898,0.275579951,-0.343952929,0.748584464,0.590105666,2894.687324,2200.453942,4916.007218,13736.10138,14144.68687,16902.55953,18974.27186,745.9012444,1609.357952,2057.735565,1595.477218,1698.668336,1179.805471,1505.942004,1386.885049,1410.766633,829.3165466,993.5416928,909.2068042,1455.740035,1525.159489,1610.070409,321.7193337,422.4592606,285.8738963,433.9207488,625.058286,492.4181708,1,1,1,0,1,1,1,1,0,1,1,1,0,1,1,0,0,0,ENSMUSG00000030220,ENSG00000111348
Dera,-0.979065886,0.529335451,-0.564252118,0.602686922,1.208489185,1257.333417,1706.87455,2954.487782,1295.157455,775.7899092,1073.714622,1181.317881,677.9449488,148.4134134,158.8243735,131.3239547,126.8071422,91.74957801,123.0662283,74.9667594,91.39090413,118.7613501,114.6055191,99.50996129,151.3969636,174.0307379,179.6205716,69.97608851,53.20445576,63.52753251,192.7080063,103.5810874,136.6190134,1,1,1,0,1,1,1,1,0,1,1,1,0,1,1,0,0,0,ENSMUSG00000030225,ENSG00000023697
Slco1c1,-0.838913213,0.875383833,-3.746732214,-0.704640527,-0.978021923,22.26682557,39.90641893,0,20.64544296,16.47430309,0,9.962460237,11.32604926,36787.97485,49961.61007,37264.80464,63177.32525,2418.424774,6605.633781,3102.374393,1817.520516,30127.13775,28838.27494,24249.00636,17522.45165,12471.88414,21065.86341,9957.085374,11290.46197,8835.032763,3886.933596,7086.375082,4296.127394,1,1,1,0,1,1,1,0,1,1,1,0,1,0,0,0,0,0,ENSMUSG00000030235,ENSG00000139155
Slco1a4,#N/A,#N/A,-3.430013811,-0.975240473,-0.83166515,#N/A,#N/A,#N/A,#N/A,#N/A,#N/A,#N/A,#N/A,50343.06662,66838.88142,41182.75688,60824.551,5333.238291,8861.847967,3550.925503,2589.838016,57896.15819,51561.02306,38974.38568,25662.94992,15709.62084,34127.90861,21974.19852,25941.53971,22101.69914,9780.914523,17340.90273,12216.09869,1,1,1,0,1,1,1,0,1,1,1,0,1,0,0,0,0,0,ENSMUSG00000030237,#N/A
Golt1b,0.009573222,0.997940517,0.996376968,0.497238837,0.705534543,332.5179285,579.6932434,1394.496529,586.33058,739.8459752,1067.839303,582.8039239,893.1398848,504.760203,624.8255574,590.595023,728.0007155,1137.459512,1062.255865,1390.633387,1292.344616,421.7034382,440.7904582,487.0750737,678.9571522,627.2756267,599.3556897,269.6639508,320.0208309,216.4641849,578.1240188,331.2808916,410.8399109,1,1,1,1,0,1,1,1,0,1,1,1,0,1,1,0,0,0,ENSMUSG00000030245,ENSG00000111711
Rassf8,-0.766910991,0.82145898,-1.457379057,-0.488054744,-0.777205472,356.2692091,521.5838966,565.6663935,126.6253835,268.0818412,248.2322451,754.8479487,14.56206334,1409.927428,1517.558163,1250.116984,1268.983703,471.6869331,513.8554796,517.2706398,480.1240456,1259.071602,1036.739158,1176.31249,800.0747231,789.8318104,884.14271,1030.013888,1210.202844,1202.317375,498.1567509,848.2933881,658.5233022,1,1,1,0,1,1,1,0,1,1,1,0,1,1,1,0,0,0,ENSMUSG00000030259,ENSG00000123094
Tnfrsf1a,0.162051868,0.96076805,1.848110192,0.682975122,0.672570567,2603.734136,1849.697523,1466.391778,2290.267805,2277.946818,3574.397446,2194.806624,700.5970474,2724.777512,3599.728246,3558.806619,3023.301217,11640.43364,11453.79546,11080.08704,12294.0074,3875.847113,5386.459399,5252.031009,7957.657326,8390.767719,6954.94576,628.0780627,867.9473155,561.1598705,1050.061993,1167.073114,1065.431731,1,1,1,1,0,1,1,1,0,1,1,1,0,1,1,0,0,0,ENSMUSG00000030341,ENSG00000067182
Tspan9,-0.935601928,0.71184565,-1.583396612,0.603665802,-0.510122188,531.4349036,1281.906194,2387.464874,754.2468494,786.2735567,1086.934091,941.4524924,90.60839412,3179.293591,3673.031803,3397.009702,2592.704302,1100.994936,1239.29851,978.3162101,965.3968746,2443.665747,2087.58361,2448.992521,3374.987696,4136.57677,3093.568809,910.5425175,937.0336984,754.0953397,643.6709598,542.014828,643.7802432,1,1,1,0,1,1,1,1,0,1,1,0,1,1,1,0,0,0,ENSMUSG00000030352,ENSG00000011105
Siglece,#N/A,#N/A,3.215614907,2.053141612,2.182789165,#N/A,#N/A,#N/A,#N/A,#N/A,#N/A,#N/A,#N/A,16.23271709,24.43451901,15.23648094,16.42106877,115.2751108,193.235569,178.6707766,181.4946124,10.0645212,24.68426566,27.23430519,123.4467549,70.75975057,64.21668104,6.826935464,11.91144532,0,19.66408227,44.64702043,23.58889441,1,1,1,1,0,1,1,1,0,0,1,1,0,0,0,0,0,0,ENSMUSG00000030474,#N/A
Rhpn2,5.077932263,NA,-2.936366271,-0.791603899,-1.527372429,11.8756403,0,0,12.38726577,40.43692577,0,21.07443512,582.4825336,1072.905301,1300.265476,1261.725731,1479.720752,138.8006437,208.3489655,148.6840728,171.1970458,749.8068292,460.1852384,521.6416918,244.5643258,326.0685803,428.111207,410.4694948,399.4304663,405.8703466,141.5813924,146.442227,133.6704016,1,1,1,0,1,1,1,0,1,1,1,0,1,0,0,0,0,0,ENSMUSG00000030494,ENSG00000131941
Prmt3,-0.059454347,0.984966556,0.406065532,1.174028993,0.703240702,198.9169751,117.618919,267.2332842,232.605324,150.5152237,81.52005681,150.9695897,318.7473864,242.7177699,284.4876141,260.4712694,252.7020027,329.3574595,328.1766088,364.8382291,356.5532457,144.9291052,181.6056688,157.1209915,391.3029213,354.7549657,348.0730248,229.555705,221.5528829,171.7596249,344.7769092,351.8185209,320.4158157,1,1,1,1,0,1,1,1,0,1,1,1,0,1,1,0,0,0,ENSMUSG00000030505,ENSG00000185238
Snrpa1,0.479531472,0.876376332,0.732317092,1.312712113,0.749893704,635.3467562,209.3336712,1010.603029,573.9433142,954.0119154,484.7138513,499.2725265,1799.223826,415.8667522,518.3608675,374.382103,498.1057527,825.7462021,707.0910487,693.4425244,772.3174997,275.7678808,340.2902337,317.3844028,774.4536985,873.9785408,671.9484596,137.3920762,125.467224,111.7613998,199.2627004,268.775063,162.173649,1,1,1,1,0,1,1,1,0,1,1,1,0,1,1,0,0,0,ENSMUSG00000030512,ENSG00000131876
Tjp1,-1.034298881,0.594388352,-1.216637759,-0.627947644,-0.673022094,7196.638024,20742.93649,6123.304797,5904.596686,4063.91104,6703.739447,8835.935887,2210.197614,12501.51112,14208.6728,14987.61842,15969.48938,6241.323858,6644.496801,6179.759866,5746.042198,17781.99605,14881.96745,14919.16188,9886.221724,9600.376969,11303.06654,13048.83377,16203.53611,13687.83039,7419.913711,10588.48736,8920.533568,1,1,1,0,1,1,1,0,1,1,1,0,1,1,1,0,0,0,ENSMUSG00000030516,ENSG00000104067
Tyrobp,0.772267242,0.862078359,0.470463942,0.904761716,1.978542809,11.8756403,68.61103606,0,46.79633737,108.580634,30.11101198,30.65372381,14.56206334,429.7805097,737.3988771,502.8038709,570.175999,672.8302387,744.8745398,849.6232732,835.3900955,301.9356359,591.5407949,583.4426151,996.8907758,731.5028268,1037.704339,38.40151199,47.64578127,38.82238098,149.4470253,158.0504523,185.7625435,1,1,1,1,0,1,1,1,0,1,1,1,0,0,1,0,0,0,ENSMUSG00000030579,ENSG00000011600
Sytl2,2.250163441,NA,-0.697290171,-0.698309784,1.34920326,40.08028602,70.7113739,51.54753706,78.45268324,80.12501958,1.468829852,14.56051881,1114.806849,274.4102175,255.6897882,206.7808127,171.5089405,118.8039408,186.7583991,161.1785327,92.67809996,240.5420566,242.434752,215.779495,135.0926752,109.9644772,185.2046308,535.9144339,693.2461175,697.6264219,2240.39444,1185.824862,1485.117477,1,1,1,0,1,1,1,0,1,1,1,1,0,1,0,0,0,0,ENSMUSG00000030616,ENSG00000137501
Ppp4c,-0.379383041,0.901803832,0.808080644,0.530045404,0.641896732,1255.848962,2164.748199,7132.551312,3388.605371,2426.964378,3335.712595,3104.072707,1265.281504,1348.861492,1758.412707,1324.848295,1569.124349,2412.543391,2471.040321,2561.364279,3060.95169,1230.890942,1284.463395,1361.71526,1862.182652,2067.332172,1668.703031,338.7866724,362.902034,307.0497405,525.6864661,519.6913177,530.7501242,1,1,1,1,0,1,1,1,0,1,1,1,0,1,1,0,0,0,ENSMUSG00000030697,ENSG00000149923
Coro1a,4.214772761,0.0964997,0.945913878,2.076432005,2.558305063,25.23573564,0,0,150.0235522,123.5572732,187.2758062,7.663430951,300.949309,232.668945,200.7121204,186.4655048,160.5615613,342.2965026,492.2649133,374.833797,293.4806499,123.7936107,275.9348268,203.2098157,1069.095481,672.2176304,805.9658809,86.19006023,65.11590107,91.76199141,347.3987868,510.7619137,565.1505952,1,1,1,1,0,1,1,1,0,1,1,1,0,0,0,0,0,0,ENSMUSG00000030707,ENSG00000102879
Il21r,5.419366656,0.083364282,1.090505883,1.225578298,2.472718412,0,0,0,9.634540047,5.99065567,0.734414926,2.682200833,25.8881126,23.96258238,58.46831333,23.94304147,27.36844795,70.57659847,56.13547257,78.71509737,78.5189458,15.0967818,37.02639849,26.18683192,40.76072097,80.32187902,62.35532797,28.16110879,31.76385418,32.94020204,131.0938818,167.8727968,214.2657909,1,1,1,1,0,1,1,1,0,1,1,1,0,0,0,0,0,0,ENSMUSG00000030745,ENSG00000103522
Il4ra,#N/A,#N/A,3.635721217,1.118905774,1.07873853,#N/A,#N/A,#N/A,#N/A,#N/A,#N/A,#N/A,#N/A,657.8115356,801.9758202,1071.632493,855.7201392,11099.34639,9876.604587,9388.337169,11745.66197,2034.039734,2508.097707,4232.839511,6147.881315,8540.893136,4367.664987,383.1617529,460.5758856,342.3428141,751.1679429,967.0544624,789.245092,1,1,1,1,0,1,1,1,0,1,1,1,0,0,0,0,0,0,ENSMUSG00000030748,#N/A
Itgam,-1.182939925,0.824288539,1.277439863,2.694703992,2.365895533,7.422275189,27.3043919,0,1.376362864,8.237151546,5.140904484,0,11.32604926,47.15217823,69.81291144,62.39701717,76.63165426,158.7973465,118.748115,124.944599,217.5360957,22.14194663,35.26323666,43.99387762,245.7289179,185.505292,225.2237219,78.50975784,71.46867191,62.35109673,326.4237657,343.7820573,427.5487111,1,1,1,1,0,1,1,1,0,1,1,1,0,0,0,0,0,0,ENSMUSG00000030786,ENSG00000169896
Itgax,4.545535374,0.193086981,1.721667263,1.91808137,5.424847841,2.968910076,0,0,42.66724878,44.18108557,0.734414926,0,19.41608445,13.14077098,22.68919622,9.432107247,16.42106877,31.75946931,78.80556726,58.72396153,32.17989582,18.11613815,22.03952291,20.94946553,89.67358614,59.28519642,82.83021178,1.706733866,13.49963803,3.529307362,182.2204957,334.8526532,304.6898861,1,0,1,1,0,1,1,1,0,0,1,1,0,0,0,0,0,0,ENSMUSG00000030789,ENSG00000140678
Pycard,NA,NA,1.458145899,1.071706142,0.90226213,0,0,0,0,0,0,0,0,125.9968041,130.0265476,66.02475073,72.07024627,275.248734,185.6788708,318.6087274,303.7782165,54.34841446,59.0659214,49.23124401,96.6611383,111.8769029,133.0867448,98.1371973,94.49746619,75.29189039,166.4892299,145.5492866,190.6768965,1,1,1,1,0,1,1,1,0,1,1,1,0,0,0,0,0,0,ENSMUSG00000030793,ENSG00000103490
Bcat2,-0.64740049,0.742286084,0.985159415,0.426844595,0.781292714,920.3621235,627.3009011,1060.794052,512.0069853,438.8155278,899.6582846,535.6738235,388.3216891,416.6397388,497.416994,491.1951236,386.8073977,891.617694,816.1234088,845.8749352,996.2895746,438.8131242,518.3695788,424.2266771,644.0193914,593.8081771,621.6919266,85.3366933,82.58602087,67.05683988,124.5391877,146.442227,133.6704016,1,1,1,1,0,1,1,1,0,1,1,1,0,1,1,0,0,0,ENSMUSG00000030826,ENSG00000105552
Itgal,3.695433224,0.392354533,3.542312824,2.772121613,4.233971731,2.968910076,0,0,0,10.48364742,9.547394041,0,40.45017594,37.10335336,51.48702219,37.00288228,40.14039033,272.8961807,676.8642558,429.8094205,547.0582289,21.13549451,72.28963515,38.75651124,408.7718017,205.5857618,294.0937856,17.06733866,31.76385418,19.99940838,378.8613185,390.2149585,539.5959596,1,1,1,1,0,1,1,1,0,1,1,1,0,0,0,0,0,0,ENSMUSG00000030830,ENSG00000005844
Chst15,-0.480210782,0.885264506,0.766491067,-0.697761417,-1.015711758,1254.364507,901.0449327,762.3609428,762.5050266,536.1636825,1267.600163,847.5754632,71.19230966,421.2776579,575.083858,402.6784248,758.1060082,863.3870546,860.3840699,1088.267457,854.698033,797.1100788,846.3176798,885.1149188,475.1535473,401.6093951,681.255225,1210.074311,1446.843558,1112.908255,521.7536497,603.6277161,738.1358208,1,1,1,1,0,1,1,0,1,1,1,0,1,1,1,0,0,0,ENSMUSG00000030930,ENSG00000182022
Stim1,-0.198916467,0.965348352,0.723300821,-0.532333847,-0.638075614,855.0461018,207.2333334,13.56514133,256.0034927,363.1835,470.7599677,344.8543928,126.2045489,1436.981956,1617.914223,1578.789644,1260.773169,2391.370411,2223.828336,2425.174667,2694.100878,1942.452591,2151.939017,2110.658653,1508.146676,1077.651877,1704.999416,1412.322274,1704.924873,1368.194821,804.9164344,1015.273244,1060.517378,1,1,1,1,0,1,1,0,1,1,1,0,1,1,1,0,0,0,ENSMUSG00000030987,ENSG00000167323
Usp9x,0.693378366,0.757906649,0.481390005,-0.26926536,-0.593702352,1284.053608,1652.965879,431.3714943,2961.932883,1642.188486,1863.210668,1533.069362,1079.210694,1339.585654,1696.453748,1735.507733,1918.528201,1967.910821,2140.704656,2546.370928,2685.090507,1922.323549,1756.990766,1861.360013,1499.994532,1512.728722,1583.080789,5588.700044,6416.298545,5899.825473,3758.461592,3996.801268,4108.399109,1,1,1,1,0,1,1,0,1,1,1,0,1,1,1,0,0,0,ENSMUSG00000031010,ENSG00000124486
Tub,-2.023560829,0.673399586,-0.635088711,-1.152704294,-1.536718618,35.62692091,98.0157658,0,0,0,1.468829852,30.65372381,22.65209853,217.2092145,141.3711457,229.2727608,184.2808829,145.8583035,127.3843416,123.695153,100.401275,267.7162638,230.0926192,297.4824106,97.82573033,99.44613593,159.1456878,587.1164499,451.0467294,765.8596975,178.2876793,191.0892474,250.6320031,1,1,1,0,1,1,1,0,1,1,1,0,1,0,0,0,0,0,ENSMUSG00000031028,ENSG00000166402
Usp11,-0.065819634,0.985412004,0.381570411,-0.656213855,-1.404245221,2912.500784,1283.306419,326.9199061,821.6886297,834.947634,1390.98187,1482.873889,2671.329619,330.8382341,313.2854401,425.8959195,388.6319609,459.9241667,464.197177,496.030058,481.4112415,370.3743801,442.55362,336.2389218,241.0705497,206.5419746,281.9949907,788.5110461,641.6298545,882.3268405,256.9440084,265.2033013,349.9019337,1,1,1,1,0,1,1,0,1,1,1,0,1,1,1,0,0,0,ENSMUSG00000031066,ENSG00000102226
Elf4,2.089330896,0.441899682,1.491979868,0.831819635,1.738659665,25.23573564,247.1397523,0,816.1831783,307.0211031,298.1724601,180.8569705,334.9274568,116.7209658,175.40494,331.5748471,168.7720957,614.0164067,566.7523673,541.0101137,509.7295498,208.3355888,257.4216276,267.1056856,460.013851,467.5880815,377.854674,119.4713706,190.5831251,127.055065,444.4082594,507.190152,511.0927122,1,1,1,1,0,1,1,1,0,1,1,1,0,0,1,0,0,0,ENSMUSG00000031103,ENSG00000102034
Fgf13,22.58213401,1.83463E-14,-0.593609941,-1.054459894,-2.050121247,0,0,0,0,53.16706907,0,4.214887023,553.3584069,303.0107191,227.7646236,306.1807122,253.6142843,154.09224,181.3607575,237.3947381,150.6019124,123.7936107,94.32915806,113.1271139,45.41908908,58.32898358,54.90991567,218.4619348,204.0827631,199.9940838,39.32816455,33.93173552,76.66390682,1,1,1,0,1,1,1,0,1,1,1,0,1,0,0,1,1,0,ENSMUSG00000031137,ENSG00000129682
Magix,3.003667052,NA,-5.427647461,-0.819910873,-1.44713484,53.44038136,79.81283786,69.18222079,112.8617548,30.70211031,65.36292844,59.77476142,2439.954613,384.9472911,489.5630415,174.1312107,295.5792379,3.528829923,18.35198142,4.99778396,3.861587498,145.9355574,126.947652,104.7473277,57.06500936,60.24140927,95.8596833,80.2164917,45.26349221,59.99822515,34.08440927,13.39410613,21.62315321,1,1,0,0,1,1,1,0,1,1,1,0,1,1,1,0,0,0,ENSMUSG00000031147,ENSG00000269313
Was,4.025433709,0.275579951,1.284787651,1.489256553,2.677600323,0,0,2.713028266,0,6.739487629,2.937659705,1.149514643,59.8662604,37.87633989,47.12371522,38.4539757,35.57898233,82.33936488,99.31660531,87.4612193,118.4220166,34.21937207,43.1974649,52.37366384,154.8907397,101.3585616,108.8891548,8.53366933,17.4701198,10.58792209,65.54694091,83.9363984,86.49261283,1,1,1,1,0,1,1,1,0,0,1,1,0,0,0,0,0,0,ENSMUSG00000031165,ENSG00000015285
Wdr13,-0.214934724,0.94865363,-0.49953556,-0.442399869,-0.749871172,3510.736165,2814.452704,3026.383031,1588.322745,1496.915086,2266.404462,1808.569705,6269.777271,1587.714329,1396.258229,1410.462807,1229.755595,1029.242061,1048.221997,999.556792,901.037083,1231.897395,1163.68681,1214.021528,808.2268673,879.7158179,966.0422453,886.6482434,883.0351463,974.0888319,453.5848311,582.1971463,592.670972,1,1,1,0,1,1,1,0,1,1,1,0,1,1,1,0,0,0,ENSMUSG00000031166,ENSG00000101940
Gpr165,#N/A,#N/A,-0.832129928,-1.717210719,-2.680632412,#N/A,#N/A,#N/A,#N/A,#N/A,#N/A,#N/A,#N/A,53.33607045,29.67048736,60.94592375,64.77199348,28.23063939,25.90867965,28.73725777,34.75428749,47.30324963,64.3554069,37.70903796,17.46888042,16.25561837,12.09879498,204.8080639,163.583849,178.8182397,39.32816455,29.46703348,17.69167081,1,1,1,0,1,1,1,0,1,1,1,0,1,0,0,0,0,0,ENSMUSG00000031210,#N/A
Magee1,-0.307949628,0.971335515,-0.332878801,-0.419388907,-1.802618784,121.7253131,0,0,0,10.48364742,2.203244779,71.6530794,79.28234485,498.5763108,507.8889308,621.7935316,564.7023094,403.4628879,412.3798177,471.0411382,455.6673248,471.019592,494.5668941,500.6922263,374.9986329,375.7916483,346.2116717,587.1164499,448.6644403,667.0390914,161.2454746,133.0481209,193.6255083,1,1,1,0,1,1,1,0,1,1,1,0,1,0,0,0,0,0,ENSMUSG00000031227,ENSG00000198934
Itm2a,-2.141888496,0.433853953,-3.989961549,-0.912937861,-1.17675972,96516.29765,130248.9505,585524.4039,57179.61882,41145.3208,63822.12592,144520.4294,77.66433781,65796.61329,88093.42231,49152.88751,100183.116,3565.294499,7367.780774,5438.838394,2710.834424,26621.66502,25688.38632,23726.31719,10551.20377,12537.86283,17291.97005,10202.85505,12076.61736,10263.22581,4364.115326,6021.990115,4007.163437,1,1,1,0,1,1,1,0,1,1,1,0,1,1,1,0,0,0,ENSMUSG00000031239,ENSG00000078596
Il2rg,3.864472547,0.067915779,2.332184525,1.518804986,1.02541647,17.81346045,18.20292793,0,615.2342001,41.93458969,51.40904484,52.49450202,118.1145138,1504.231784,1950.398213,1453.270063,1489.75585,7694.025509,7447.66587,8086.414447,8984.626913,692.4390584,722.8963515,885.1149188,2036.871457,2888.719006,1664.980324,293.558225,312.0798673,232.9342859,544.0396096,479.5089994,687.0265496,1,1,1,1,0,1,1,1,0,1,1,1,0,0,1,0,0,0,ENSMUSG00000031304,ENSG00000147168
Naa10,0.179934829,0.94865363,-0.80306886,0.767360701,1.32452908,1034.665161,935.3504507,1496.235089,1724.582668,1481.938446,1415.217563,985.5172204,936.8260749,340.887059,325.5026996,264.8245496,350.3161338,192.9093691,205.1103805,166.1763167,168.6226541,203.3033282,222.1583909,196.924976,364.5173047,364.3170941,332.2515237,56.32221758,51.61626305,59.99822515,184.8423734,99.11638534,137.601884,1,1,1,0,1,1,1,1,0,1,1,1,0,1,1,0,0,0,ENSMUSG00000031388,ENSG00000102030
Mecp2,0.574268543,0.81438184,0.249086897,-0.521264062,-0.71390734,617.5332958,733.7180183,169.5642666,736.3541321,545.149666,705.0383292,734.1566851,1054.940589,1392.921724,1299.392814,1469.23209,1409.475069,1690.309533,1578.270402,1621.780895,1732.565591,1771.355731,1555.108737,1749.280372,1155.275292,1088.170218,1291.779033,2019.91953,1956.653418,1890.53231,1164.113671,1171.537816,1241.365568,1,1,1,1,0,1,1,0,1,1,1,0,1,1,1,0,0,0,ENSMUSG00000031393,ENSG00000169057
Dkc1,0.52273283,0.796737378,-0.414675481,0.850989022,0.742835962,914.4243033,730.2174552,653.8398121,1580.064568,1141.219905,963.5523832,827.2673712,991.8383142,500.1222838,508.7615921,469.4287222,534.5970166,378.7610784,354.0852885,391.0765949,386.1587498,423.7163424,424.0404208,356.1409141,805.8976832,684.6483974,684.0472546,316.5991321,327.1676981,282.344589,616.1412446,532.1924835,404.9426873,1,1,1,0,1,1,1,1,0,1,1,1,0,1,1,0,0,0,ENSMUSG00000031403,ENSG00000130826
Morf4l2,0.058520577,0.985331725,1.035564925,0.578216298,0.466417239,4261.870414,2488.900339,7729.41753,2992.212866,4696.674045,4405.755142,3322.097317,9716.132262,1911.595684,2183.398805,2149.794906,2444.914684,4433.38666,3506.307979,4827.859305,5045.807665,1439.226531,1566.569288,1871.834746,2312.879767,2753.892995,2214.079481,664.7728408,754.3915368,643.5103757,998.9353795,946.516833,907.1895641,1,1,1,1,0,1,1,1,0,1,1,1,0,1,1,0,0,0,ENSMUSG00000031422,ENSG00000123562
F10,9.487713264,NA,5.594922535,2.944033677,6.250449169,0,0,0,17.89271723,6.739487629,0,4.598058571,711.9230966,2.318959585,1.745322786,2.902186845,1.824563197,81.16308824,101.4756619,69.96897544,178.9202208,5.032260599,14.98687558,9.427259491,112.9654267,36.33608813,80.03818217,0,1.588192709,3.529307362,142.8923312,91.97286208,118.9273426,1,0,1,1,0,0,1,1,0,0,1,1,0,0,0,0,0,0,ENSMUSG00000031444,ENSG00000126218
Gas6,-1.286588115,0.66421467,-1.198872355,-0.835407722,-1.154980457,12677.24602,4723.659799,1770.250944,5999.565723,2277.946818,1231.613831,3526.710924,61.48426744,7531.207745,8712.651348,5719.484725,7848.35859,2750.134787,3730.849869,3875.781461,2628.453891,6821.732467,6720.291326,6186.377172,3528.713844,2295.867042,5231.332814,2133.417333,2547.461105,1769.359424,677.755369,1161.715471,1054.620154,1,1,1,0,1,1,1,0,1,1,1,0,1,1,1,0,0,0,ENSMUSG00000031451,ENSG00000183087
Angpt2,2.485685179,0.215244664,4.20909783,1.758571563,2.448550278,2921.407515,731.6176804,854.6039038,7137.817812,17348.18999,4706.130847,12671.86625,210.3409149,466.1108766,626.5708802,748.7642061,777.2639218,14399.97864,11113.74404,7389.223585,15526.15614,1923.330001,1839.859373,3887.17333,11012.38221,10518.3413,4354.635516,373.7747167,582.8667243,382.3416309,3872.513269,2012.687681,1427.128112,1,1,1,1,0,1,1,1,0,1,1,1,0,1,1,0,0,0,ENSMUSG00000031465,ENSG00000091879
Rab11fip1,2.182359881,0.400861643,-1.534001033,-0.977862958,-0.581736532,146.9610487,42.00675677,47.47799466,545.0396941,95.10165876,38.18957616,6.513916309,1103.4808,1372.824074,1539.374697,1809.513498,1795.370185,678.7116219,528.9688761,423.5621906,619.1411956,1857.910613,1605.358849,1915.828623,821.0373796,969.5998254,938.1219492,1471.204592,1477.019219,1331.725311,700.0413289,1306.371818,850.1830693,1,1,1,0,1,1,1,0,1,1,1,0,1,1,0,0,0,0,ENSMUSG00000031488,ENSG00000156675
Eif4ebp1,1.943121287,0.103374806,1.78666901,0.985300903,1.242387696,308.7666479,373.1600226,773.2130559,1540.150045,2368.555485,2430.913406,1382.866115,1601.826967,105.1261678,124.7905792,174.1312107,201.6142332,552.8500213,609.9335,416.0655147,508.442354,152.9807222,173.6714405,247.2036933,420.417722,439.8579089,275.4802549,59.73568531,45.26349221,37.64594519,148.1360865,72.32817309,119.9102132,1,1,1,1,0,1,1,1,0,1,1,1,0,1,1,0,0,0,ENSMUSG00000031490,ENSG00000187840
Col4a1,5.716692528,0.000109878,1.173621985,1.046418009,0.696877468,881.7662925,189.0304055,160.0686677,16974.6832,37661.0057,37173.88032,15224.17193,813.85754,16223.44126,21195.19991,19556.38606,19308.44003,49210.70956,39789.25477,34153.60614,48923.73921,28831.83387,28981.09105,35899.00414,69686.85776,77623.44637,46241.59441,11352.34031,14019.77114,10224.40343,20668.26141,18559.76639,18479.93303,1,1,1,1,0,1,1,1,0,1,1,1,0,1,1,1,1,0,ENSMUSG00000031502,ENSG00000187498
Col4a2,4.17848288,0.008892652,0.976370114,1.028434679,0.81124533,1793.221686,2305.470834,478.849489,22540.69462,40879.48546,54193.21182,19541.74893,995.0743282,13095.16478,17413.9581,14529.79844,14162.25953,33537.99959,28485.51374,22648.70746,31805.32183,21897.37877,21006.31008,25280.76753,52383.34941,52769.56209,33930.60518,7041.130564,8539.712197,6725.683396,13770.10135,13478.93547,11897.64862,1,1,1,1,0,1,1,1,0,1,1,1,0,1,1,1,1,0,ENSMUSG00000031503,ENSG00000134871
Rab20,0.502032763,0.835748384,5.566969678,1.405171888,1.98396321,130.6320433,103.6166667,203.47712,100.4744891,259.0958577,204.1673495,182.3896566,286.3872457,36.33036683,54.10500637,29.74741516,23.71932156,1607.970168,1219.867,1583.048069,2404.481816,33.21291995,62.59224507,126.7442665,206.1327889,240.9656371,141.4628336,5.973568531,3.970481773,11.76435787,23.59689873,32.14585471,27.52037681,1,1,1,1,0,1,1,1,0,0,1,1,0,1,1,0,0,0,ENSMUSG00000031504,ENSG00000139832
Ap3m2,-1.533496023,0.343556706,-0.414028556,-0.600582332,-0.697082347,966.3802296,935.3504507,1162.532612,389.5106905,399.127434,247.4978301,657.1392041,69.57430262,718.8774713,761.8333961,625.4212652,755.3691634,498.7412958,557.0366124,625.972441,464.6776956,597.8325591,582.7249857,516.4043254,378.492409,315.550239,425.3191773,576.0226798,469.3109455,635.2753251,283.1627847,355.3902826,395.1139813,1,1,1,0,1,1,1,0,1,1,1,0,1,1,1,0,0,0,ENSMUSG00000031539,ENSG00000070718
Adam9,1.841035566,0.282412703,2.253699439,0.453513017,0.451614258,316.1889231,149.1239865,24.4172544,627.6214659,970.4862185,666.1143381,302.7055226,355.9615483,1079.089194,1295.029507,1304.532987,1341.966231,5697.88405,5170.940646,6237.234382,6836.297068,1219.819969,1466.069064,1532.453404,1715.444057,2088.368855,1971.172905,1233.968585,1432.549824,1154.083507,1992.627004,1601.935093,1635.496679,1,1,1,1,0,1,1,1,0,1,1,1,0,1,1,0,0,0,ENSMUSG00000031555,ENSG00000168615
Mak16,-0.290460155,0.928899624,0.77395523,0.923517859,1.158641566,215.2459805,506.8815317,138.3644416,282.1543871,345.9603649,228.4030421,227.6038993,88.99038708,193.2466321,187.6221995,202.4275325,219.8598652,342.2965026,302.2679292,348.5954312,381.0099665,162.0387913,159.5661459,185.40277,319.0982156,317.4626647,323.8754348,98.99056423,119.9085495,102.3499135,251.7002531,232.1645062,234.9060735,1,1,1,1,0,1,1,1,0,1,1,1,0,1,1,0,0,0,ENSMUSG00000031578,ENSG00000198042
Gsr,0.405920095,0.896300196,0.82918162,1.076248633,1.078489643,381.5049447,60.90979732,321.4938495,372.9943361,319.0024144,333.4243765,165.5301086,495.1101536,678.6821718,750.488798,840.9086384,988.000971,1411.531969,1381.796248,1496.836296,1497.008754,655.2003299,668.2383346,749.9908661,1673.518744,1550.977235,1148.454846,313.1856644,404.9891408,278.8152816,798.3617403,693.8146974,619.2084782,1,1,1,1,0,1,1,1,0,1,1,1,0,1,1,0,0,0,ENSMUSG00000031584,ENSG00000104687
Slc7a2,0.869588518,0.850301442,0.924019623,-0.620722536,-1.419704765,108.3652178,180.6290541,8.139084798,61.93632887,15.72547113,121.1784628,9.196117142,698.9790403,711.147606,737.3988771,752.3919396,665.9655668,1149.222278,1100.039357,1416.871753,1776.330249,722.632622,824.2781568,868.3553464,484.4702835,427.4271419,657.9883116,1351.733222,1643.779454,1358.783334,474.5598522,442.0055022,710.615444,1,1,1,1,0,1,1,0,1,1,1,0,1,0,0,0,0,0,ENSMUSG00000031596,ENSG00000003989
Sap30,0.820135452,0.790023477,0.599445555,0.590653355,0.879204469,28.20464572,188.3302929,396.1021269,428.0488507,435.071368,567.702738,308.4530958,63.10227447,139.9105616,158.8243735,123.3429409,200.7019516,221.1400085,205.1103805,304.8648216,211.1001166,101.6516641,110.1976146,96.36754146,142.0802274,177.8555893,144.2548632,80.2164917,69.8804792,97.64417035,161.2454746,125.0116572,168.0708727,1,1,1,1,0,1,1,1,0,1,1,1,0,1,1,0,0,0,ENSMUSG00000031609,ENSG00000164105
Nr3c2,-1.061338561,0.625787886,-0.823454753,-0.777756377,-1.601756934,227.1216208,329.7530406,108.5211306,30.279983,50.17174124,96.94277026,137.9417571,216.8129431,629.211034,619.5895891,557.2198743,802.8078065,334.0625661,302.2679292,449.8005564,388.7331415,485.1099217,395.8298315,383.3752193,248.0581019,196.0236333,293.1631091,805.5783848,925.1222531,835.269409,204.5064556,275.9185862,362.6792515,1,1,1,0,1,1,1,0,1,1,1,0,1,1,1,0,0,0,ENSMUSG00000031618,ENSG00000151623
Sorbs2,-1.561740207,0.348992966,-0.640679959,-0.551093007,-0.92843428,5505.843735,6410.231083,746.0827732,1380.491952,840.9382897,1401.263679,2339.645469,1185.999159,5802.036881,5769.164469,6162.793766,7669.551397,3519.41971,3790.223927,4717.908058,4267.054186,5559.641509,4790.5107,4022.297383,3167.690316,2715.644481,3925.593632,7734.917881,9097.961934,7292.725446,2932.570136,5221.022569,4519.23902,1,1,1,0,1,1,1,0,1,1,1,0,1,1,1,0,0,0,ENSMUSG00000031626,ENSG00000154556
Pdlim3,2.763617543,0.158437542,0.62182381,-0.822602723,-1.249811324,26.72019068,49.0078829,0,222.9707839,270.3283371,111.6310688,174.7262257,82.51835893,618.3892226,624.8255574,647.9132132,545.5443958,828.0987553,914.3604858,958.3250743,1051.638995,514.2970332,482.2247613,592.8698746,271.3499425,184.5490792,442.071355,305.505362,454.2231148,379.9887593,62.92506328,216.0915789,197.5569907,1,1,1,1,0,1,1,0,1,1,1,0,1,0,1,0,0,0,ENSMUSG00000031636,ENSG00000154553
Snx20,3.006778714,0.617661309,1.924626724,1.605880542,2.152193972,7.422275189,0,0,0,0,33.04867168,0,64.72028151,28.60050155,34.03379433,31.9240553,31.92985594,91.74957801,141.4182097,113.6995851,132.5811708,23.14839875,40.55272215,34.56661813,96.6611383,90.84022032,112.611861,23.04090719,14.29373438,15.29366523,79.96726791,61.61288819,93.37270703,1,1,1,1,0,1,1,1,0,1,1,1,0,0,0,0,0,0,ENSMUSG00000031662,ENSG00000167208
Rbl2,-0.87703337,0.599297746,-0.60229654,-0.584973134,-0.569581562,1105.919003,385.7620497,628.0660436,352.3488931,317.5047505,379.6925169,491.225924,381.8496609,660.1304952,645.7694309,489.0184834,495.3689079,390.5238448,356.2443451,378.582135,383.5843582,793.0842703,718.4884469,681.9051031,437.8866024,403.5218208,619.8305736,878.967941,1174.468508,1024.675571,688.2428796,711.6735056,674.2492318,1,1,1,0,1,1,1,0,1,1,1,0,1,1,1,0,0,0,ENSMUSG00000031666,ENSG00000103479
Gab1,-1.264381541,0.377172394,-0.850295356,-0.547705295,-0.5828402,681.3648624,992.0595724,375.7544149,232.605324,184.9614938,408.334699,370.5268865,224.9029782,1731.489823,2160.709609,1473.585371,1861.966742,1029.242061,1025.551903,975.8173182,976.9816371,1582.142732,1511.911272,1363.810206,958.4592388,1008.804552,1081.446136,973.6916706,1252.289951,1010.558341,644.9818986,827.7557587,687.0265496,1,1,1,0,1,1,1,0,1,1,1,0,1,1,1,0,0,0,ENSMUSG00000031714,ENSG00000109458
Hp,9.240897103,NA,4.746677047,3.597377684,3.154078457,0,0.700112613,0,0,1156.945376,7.344149262,17.24271964,4.854021113,13.14077098,14.83524368,30.47296188,29.19301115,341.1202259,796.6918991,557.2529115,659.0442664,13.08387756,67.88173056,48.18377073,793.0871709,355.7111785,416.9430885,3.413467732,0.794096355,3.529307362,9.176571728,25.89527185,31.45185921,1,1,1,1,0,1,1,1,0,0,0,1,0,0,0,0,0,0,ENSMUSG00000031722,ENSG00000257017
Pllp,-2.345982756,0.130946301,-4.56067482,-0.640096481,-1.171645987,14611.49094,15611.11104,25174.18928,4097.432246,3785.345551,4283.10785,5645.26641,347.8715131,599.837546,749.6161366,471.6053624,595.7198837,25.8780861,52.89688761,8.74612193,14.15915416,297.9098274,202.7636108,278.6278916,159.5491078,165.4248223,174.0365124,225.2888703,246.1698699,242.3457722,115.362616,100.0093258,102.2185424,1,1,0,0,1,1,1,0,1,1,1,0,1,1,1,0,0,0,ENSMUSG00000031775,ENSG00000102934
Usb1,1.524381975,0.372574255,1.367494745,0.689241762,0.982513902,429.0075059,525.7845722,104.4515882,1218.081134,1271.516666,1431.374691,906.20071,252.4090979,186.2897533,228.637285,224.9194805,212.5616124,491.683636,561.3547257,580.9923853,565.0789706,179.1484773,237.1452665,216.8269683,374.9986329,324.1561546,323.8754348,57.17558451,56.38084117,51.76317464,115.362616,87.50816003,124.8245662,1,1,1,1,0,1,1,1,0,1,1,1,0,1,1,0,0,0,ENSMUSG00000031792,ENSG00000103005
Mvb12a,0.325081562,0.90075183,0.631275035,0.439569626,0.741568187,776.3699848,952.8532661,1413.487727,1409.395573,1220.596093,1945.46514,1329.988442,655.2928503,691.8229428,877.8973614,591.3205697,720.7024627,1041.004827,1124.868508,837.1288133,1459.680074,514.2970332,543.9354254,427.3690969,702.2489927,691.3418873,623.5532797,157.8728826,154.0546928,143.5251661,312.0034387,233.0574466,219.1801439,1,1,1,1,0,1,1,1,0,1,1,1,0,1,1,0,0,0,ENSMUSG00000031813,ENSG00000141971
Usp10,-0.427766481,0.87417122,0.795210491,0.482217893,0.558837644,1690.794288,1596.95687,438.154065,904.2704015,1031.141607,1214.722288,860.9864674,605.1346321,400.4070217,552.3946618,539.0812065,592.9830389,910.4381202,847.4297301,895.8527748,962.8224829,458.9421666,562.4486247,546.7810505,782.6058427,730.546614,679.3938719,247.4764106,266.0222788,304.6968689,420.8113607,424.146694,358.7477691,1,1,1,1,0,1,1,1,0,1,1,1,0,1,1,0,0,0,ENSMUSG00000031826,ENSG00000103194
Psmb10,-1.137329893,0.584468403,2.269040521,0.460201657,0.690636128,611.5954756,898.2444823,2059.188454,492.7379053,813.2315072,798.3090248,498.5061834,100.3164363,2287.267137,2878.037274,1580.240737,2340.914581,11631.02343,9833.423454,10424.12789,11901.41267,977.2650082,1063.186585,923.8714301,1435.94197,1370.253008,1275.026856,157.8728826,239.0230027,158.8188313,336.9112763,259.8456589,303.7070155,1,1,1,1,0,1,1,1,0,1,1,1,0,1,1,0,0,0,ENSMUSG00000031897,ENSG00000205220
Slc7a6,0.88763328,0.639637053,1.898550162,0.822487064,1.082436875,53.44038136,205.8331082,188.5554645,192.6908009,369.1741557,334.8932064,255.5754222,229.7569994,164.6461305,187.6221995,185.7399581,174.2457853,645.775876,550.5594425,563.5001415,897.1754955,169.0839561,204.5267726,184.3552967,379.657001,317.4626647,292.2324326,86.19006023,96.87975526,85.87981247,226.7924156,127.6904784,217.2144027,1,1,1,1,0,1,1,1,0,1,1,1,0,1,1,0,0,0,ENSMUSG00000031904,ENSG00000103064
Agt,3.089818163,0.455757603,0.710177866,-2.048457638,-2.712238565,65.31602167,0,0,31.65634587,183.4638299,0,60.15793297,648.8208221,649.3086838,281.86963,493.3717637,295.5792379,778.6951364,808.5667106,454.7983403,773.6046955,1414.065228,860.4229744,1340.765794,274.8437186,399.6969694,199.1647789,156.1661487,99.26204432,177.6418039,9.176571728,37.50349716,17.69167081,1,1,1,1,0,1,1,0,1,1,0,0,1,0,0,0,0,0,ENSMUSG00000031980,ENSG00000135744
2310022B05Rik,#N/A,#N/A,-0.647128573,-0.370793441,-1.175174159,#N/A,#N/A,#N/A,#N/A,#N/A,#N/A,#N/A,#N/A,3318.431166,3850.182066,2889.127004,2846.318587,2066.718058,2087.807768,1936.641284,2148.329845,2686.220708,2392.610607,2398.713804,1950.691646,1753.694359,2078.200707,1181.059835,1415.079704,1107.026076,357.8862974,671.4911872,607.414031,1,1,1,0,1,1,1,0,1,1,1,0,1,0,0,0,0,0,ENSMUSG00000031983,#N/A
Egln1,1.007848055,NA,-0.440082045,-0.407287266,-0.565762011,40.08028602,259.0416667,56.97359359,271.1434842,244.8680505,240.8880958,275.1171712,165.0367179,2751.832041,2871.928645,2796.257025,3108.143405,2159.643913,2262.691356,2056.588099,2015.748674,2465.807693,2290.347221,2673.151802,1808.611419,2034.820935,1757.117302,872.9943725,956.0920109,839.9751521,523.0645885,685.7782337,592.670972,1,1,1,0,1,1,1,0,1,1,1,0,1,1,1,0,0,0,ENSMUSG00000031987,ENSG00000135766
Adamts8,-4.077932351,0.073672442,1.549540089,1.192903495,1.206550439,745.196429,496.3798425,179.0598656,0,40.43692577,0.734414926,81.99871118,16.18007038,179.3328746,212.0567185,122.6173942,133.1931134,374.0559719,329.2561372,474.7894762,716.9680789,90.58069077,88.15809164,251.3935864,253.8810621,399.6969694,327.598141,202.2479631,253.3167371,115.2907072,436.5426265,438.4337406,449.1718643,1,1,1,1,0,1,1,1,0,1,1,1,0,1,0,0,0,0,ENSMUSG00000031994,ENSG00000134917
Aplp2,0.690218906,0.77658116,-0.68767522,-0.383669929,-0.927900114,8152.627068,6202.99775,2051.049369,8624.289705,10555.53529,10339.09333,11580.21051,3020.81914,22091.18199,25687.66077,20826.81835,29620.87122,14209.42182,15307.71156,16346.50189,15119.40225,17005.01501,14791.16462,16991.06402,11777.51918,11942.14223,13672.569,17285.80059,20851.38208,18012.40834,8072.761243,11650.19351,9787.425438,1,1,1,0,1,1,1,0,1,1,1,0,1,1,1,0,0,0,ENSMUSG00000031996,ENSG00000084234
Dcun1d5,-0.153783526,0.962476712,1.125865002,0.486499467,0.665031812,326.5801083,581.7935813,1260.20163,745.9886722,792.2642123,738.8214158,657.1392041,313.8933653,636.9408993,771.4326715,673.3073481,810.1060593,1560.919103,1326.740304,1648.019261,1773.755858,596.826107,598.5934422,641.0536454,794.2517629,1006.892126,770.6001725,528.2341315,482.0164872,510.5731317,929.4556221,846.5075073,636.900149,1,1,1,1,0,1,1,1,0,1,1,1,0,1,1,0,0,0,ENSMUSG00000032002,ENSG00000137692
Pdgfd,3.708423725,0.11106532,-1.336882863,-0.689512889,-0.993976846,57.89374648,109.9176802,0,1073.563034,1371.860148,219.5900629,968.6576723,29.12412668,2145.037616,2271.537606,2295.629795,2533.405999,683.4167285,1066.573979,1175.728677,733.7016247,2179.975291,1935.951692,2020.575951,1147.123147,1147.455415,1508.626666,1669.185721,2142.471965,1574.071083,777.3867192,1074.207311,851.1659399,1,1,1,0,1,1,1,0,1,1,1,0,1,0,1,0,0,0,ENSMUSG00000032006,ENSG00000170962
Pou2f3,6.616578679,0.170954749,1.899646029,-0.674854589,-1.440566639,0,0,0,0,14.22780722,0,0,87.37238004,41.74127253,43.63306965,118.2641139,74.80709106,298.7742668,247.211985,258.6353199,236.8440332,179.1484773,166.6187932,163.4058312,93.16736222,91.79643317,133.0867448,75.0962901,92.11517713,68.23327566,31.46253164,33.93173552,21.62315321,1,1,1,1,0,1,1,0,1,1,1,0,1,0,0,0,0,0,ENSMUSG00000032015,ENSG00000137709
Ubash3b,2.919044378,0.339654409,2.15280173,0.828603121,1.015543469,11.8756403,0,0,1.376362864,17.22313505,86.6609613,10.72880333,29.12412668,88.89345075,60.21363612,74.73131127,45.61407992,302.3030968,256.9277398,261.1342119,383.5843582,73.47100474,102.2633863,85.89280869,138.5864513,201.7609104,124.7106559,104.9641328,77.82144275,164.7010102,242.5236814,176.8022009,279.1352505,1,1,1,1,0,1,1,1,0,1,1,1,0,0,0,0,0,0,ENSMUSG00000032020,ENSG00000154127
Dixdc1,-0.080851103,0.981161485,-1.670410989,-0.932706803,-1.462326809,838.7170964,680.5094597,477.4929748,843.7104355,564.6192969,913.6121682,694.3068442,129.440563,1259.968041,1226.089257,1515.66708,1265.334577,363.4694821,432.8908558,463.5444623,395.1691207,1296.31033,969.7390081,1325.053695,511.2559002,648.3123093,719.412963,1152.04536,1217.349712,1251.727678,331.667521,527.7277814,451.1376055,1,1,1,0,1,1,1,0,1,1,1,0,1,1,1,0,0,0,ENSMUSG00000032064,ENSG00000150764
Cadm1,0.336857104,0.9496907,-0.728880239,-0.51397842,-0.609733155,54.9248364,0,174.9903232,121.119932,79.37618763,64.62851351,63.22330535,155.3286756,1007.201446,1014.9052,1107.184281,1377.545213,669.3014088,639.0807646,675.9502806,734.9888205,657.2132342,715.8437041,685.047523,504.268348,463.7632301,474.6450338,1197.273807,1080.765139,1198.788067,807.538312,718.8170288,752.8788798,1,1,1,0,1,1,1,0,1,1,1,0,1,0,1,0,0,0,ENSMUSG00000032076,ENSG00000182985
Il10ra,2.162499014,0.595668777,2.039074655,0.920972419,2.443751842,4.453365114,14.70236487,0,0,16.47430309,6.609734336,1.53268619,121.3505278,74.20670672,82.90283234,76.9079514,54.7368959,252.8994778,228.8600035,329.8537413,378.4355748,65.41938778,137.526623,79.60796903,182.8409484,154.906481,199.1647789,53.76211678,75.43915368,57.64535358,280.5409071,271.4538842,466.8635351,1,1,1,1,0,1,1,1,0,1,1,1,0,0,0,0,0,0,ENSMUSG00000032089,ENSG00000110324
Stt3a,-0.516642216,0.813139307,0.477785456,0.614934698,0.444436979,2685.379163,2206.054843,4306.932373,1690.173597,2143.905898,2957.488908,2452.297904,1470.768397,2846.136397,3817.020933,3143.7939,3703.863289,4605.12305,4136.752517,5025.271772,5047.09486,2246.401131,2522.203002,2353.672453,3569.474565,3771.303463,3568.213842,2300.677251,2921.480488,2198.758486,3591.972362,3405.674718,3104.888226,1,1,1,1,0,1,1,1,0,1,1,1,0,1,1,0,0,0,ENSMUSG00000032116,ENSG00000134910
Cgnl1,-2.679453911,0.120016107,-0.944579625,-0.354129756,-0.902272388,5865.081855,5950.957209,1436.548467,312.4343701,415.6017371,828.4200368,1794.392357,95.46241523,9966.888296,9223.158263,9099.081307,8886.535049,5793.162457,4702.425356,3922.010962,4897.780144,10234.61161,9682.403205,9765.593359,8222.019716,7747.236474,7254.623605,8217.070198,9326.661684,10044.40875,3772.881919,6430.956822,4552.656621,1,1,1,0,1,1,1,0,1,1,1,0,1,1,1,0,0,0,ENSMUSG00000032232,ENSG00000128849
Rora,-0.874982588,0.764354714,-0.334400717,-0.856576858,-1.383369399,659.0980368,1231.498086,618.5704447,513.3833482,578.8471041,433.3048065,733.0071705,21.03409149,963.9142008,966.0361621,885.8925345,1032.702769,719.8813044,755.669823,682.1975105,894.6011038,959.1488701,788.1333393,776.1776981,471.6597712,437.9454832,483.9517992,2192.299651,2172.647626,2839.915991,819.3367614,911.6921571,1028.082648,1,1,1,0,1,1,1,0,1,1,1,0,1,1,1,0,0,0,ENSMUSG00000032238,ENSG00000069667
Psma4,-0.44479402,0.879382498,0.416068091,0.879842681,0.480034105,2591.858496,2399.285924,7409.280195,2776.123896,4059.418048,3991.545124,3337.807351,1017.726427,1804.923544,2028.937739,1748.567574,1932.212425,2397.251795,2357.689848,2546.370928,2724.993578,1020.542449,1121.370926,1130.223666,2053.175745,2123.74873,1845.531573,789.364413,830.6247869,809.3878217,1190.332447,1250.116572,948.4701293,1,1,1,1,0,1,1,1,0,1,1,1,0,1,1,0,0,0,ENSMUSG00000032301,ENSG00000041357
Pstpip1,6.198120628,0.121574928,1.82385318,2.209758875,3.354775004,0,0,0,0,19.46963093,8.078564189,0,48.54021113,13.91375751,8.72661393,5.078826979,9.122815983,23.52553282,35.62443451,34.98448772,36.04148332,13.08387756,19.39478016,11.52220604,88.50899411,71.71596341,45.60315031,6.826935464,7.146867191,8.235050511,69.47975737,59.82700737,96.32131883,1,0,1,1,0,1,1,1,0,0,1,1,0,0,0,0,0,0,ENSMUSG00000032322,ENSG00000140368
Tspan3,-0.326497498,0.906568992,-0.269595153,-0.414474239,-0.626109489,5669.13379,5150.728493,12208.6272,9729.509084,5460.482643,7286.864898,4690.402914,3439.882962,3456.022768,3571.803082,3117.674219,3460.284102,2573.693291,2814.330327,3006.167052,2892.329036,2641.936814,3161.349166,2995.773571,2203.408117,2005.178337,2393.700053,1314.185077,1366.639826,1241.139756,947.8087656,874.1886599,721.4270206,1,1,1,0,1,1,1,0,1,1,1,0,1,1,1,0,0,0,ENSMUSG00000032324,ENSG00000140391
Hmg20a,-1.295863546,0.357070836,-0.781157198,-0.38917908,-0.564773544,991.6159653,449.4722974,427.3019519,165.1635437,202.9334608,218.855648,312.2848113,368.9056046,1036.574934,1212.999336,882.264801,936.9132015,578.7281074,607.7744434,595.9857372,584.3869081,1069.858603,1015.581216,1009.764239,753.491042,748.714658,859.9451201,816.6721549,803.6255108,841.1515879,541.4177319,572.3748018,549.4246656,1,1,1,0,1,1,1,0,1,1,1,0,1,1,1,0,0,0,ENSMUSG00000032329,ENSG00000140382
Neo1,-0.232074469,0.964129902,-0.668495936,-0.604990707,-1.373687604,60.86265655,113.4182433,6.782570665,90.83994901,16.47430309,1.468829852,44.44789952,105.1704575,1365.867196,1604.824302,1301.6308,1513.475172,935.1399297,829.0777487,918.3428026,957.6736996,1181.574789,1095.805079,1092.514628,698.7552167,621.5383496,894.3801519,1077.802436,1170.498027,1134.084099,336.9112763,455.3996083,510.1098416,1,1,1,0,1,1,1,0,1,1,1,0,1,0,0,0,0,0,ENSMUSG00000032340,ENSG00000067141
Aph1b,0.616824634,0.805418893,-0.696198722,-0.480783868,-1.267662549,246.4195363,245.0394145,233.3204309,294.5416529,298.7839515,748.3688098,386.6200915,122.9685349,428.2345367,466.8738453,444.0345873,494.4566263,203.4958589,287.1545327,324.8559574,316.6501749,358.2969546,347.3428811,338.3338684,272.5145345,207.4981875,268.9655192,465.0849785,428.8120315,362.3422225,200.5736392,145.5492866,177.8995787,1,1,1,0,1,1,1,0,1,1,1,0,1,1,1,0,0,0,ENSMUSG00000032375,ENSG00000138613
Plscr4,-1.623385416,0.325869671,-2.238387455,-0.620136722,-1.098870784,1753.1414,653.9051804,1064.863594,298.6707415,297.2862876,799.0434397,391.2181501,90.60839412,1872.946358,2237.503812,1690.523837,2540.704251,430.5172506,489.0263283,468.5422462,378.4355748,1436.207175,1108.147212,1054.80559,654.5007196,703.7726543,981.8637464,1082.922638,1390.462717,979.9710108,321.1800105,695.6005782,592.670972,1,1,1,0,1,1,1,0,1,1,1,0,1,1,1,0,0,0,ENSMUSG00000032377,ENSG00000114698
Ciao2a,-0.453689211,0.875088739,-0.536128633,0.442006246,0.620927738,570.0307345,1547.248874,3231.216665,1511.246424,1313.451256,1561.366133,1449.154793,673.0909277,946.1355106,1240.05184,869.2049602,983.439563,604.6061935,743.7950115,745.919256,689.9369664,518.3228417,548.34333,520.5942185,624.2213269,782.1821076,748.2639356,219.3153018,227.1115574,183.5239828,395.9035231,253.595076,323.3644275,1,1,1,0,1,1,1,1,0,1,1,1,0,1,1,0,0,0,ENSMUSG00000032381,ENSG00000166797
Dpp8,-0.728562773,0.696041618,-0.435972979,-0.333925656,-0.551976033,2174.72663,1446.432658,896.655842,1125.864823,787.0223886,1023.039992,1059.086157,548.5043858,2928.845956,3430.431936,3358.555727,3410.108615,2261.979981,2518.539567,2627.584917,2295.07017,2896.569201,2575.097857,2558.977215,2185.939236,2004.222124,2181.505802,3233.407309,3859.308283,3141.083552,2052.930189,2487.731978,2438.501959,1,1,1,0,1,1,1,0,1,1,1,0,1,1,1,0,0,0,ENSMUSG00000032393,ENSG00000074603
Tfdp2,0.474447704,0.848377389,-1.450854073,-0.76643468,-0.643072562,391.89613,279.3449325,546.6751956,514.7597111,361.6858361,602.2202395,372.8259158,969.1862156,948.4544702,911.9311557,838.7319983,922.3166959,335.2388427,354.0852885,313.6109435,320.5117624,945.0585404,915.9625721,845.3109343,485.6348756,498.1868925,605.8704255,1152.898726,1233.231639,1201.140939,728.8819829,836.6851628,730.272856,1,1,1,0,1,1,1,0,1,1,1,0,1,1,1,0,0,0,ENSMUSG00000032411,ENSG00000114126
Ptgs2,-0.094962544,0.980811374,6.372839997,0.907027359,1.838501225,280.5620022,592.2952705,1772.963972,225.7235097,926.305133,583.8598664,603.878359,1789.515784,480.0246341,517.4882061,1916.168865,670.5269748,56563.61484,30402.75604,96840.81034,113255.2125,899.768195,1577.148259,1766.039945,2565.596237,2797.878786,2592.864832,322.5727007,366.0784195,244.6986438,1291.274736,875.9745407,1181.410462,1,1,1,1,0,1,1,1,0,1,1,1,0,1,1,0,0,0,ENSMUSG00000032487,ENSG00000073756
Trib1,2.288142971,0.100795478,2.528245826,1.055354607,0.674273924,575.9685547,268.1431307,516.8318847,1079.068485,3002.816155,1552.553154,950.265438,4491.587537,360.9847087,405.7875478,327.9471135,718.8778995,2352.553282,2075.932957,2568.860955,3457.408007,336.155008,326.1849391,738.4686601,1052.791193,1123.550093,733.373111,215.0484671,266.8163751,221.169928,348.7097257,431.2902173,342.0389689,1,1,1,1,0,1,1,1,0,1,1,1,0,1,1,0,0,0,ENSMUSG00000032501,ENSG00000173334
Myd88,-0.276874434,0.912923701,2.90635454,0.689475098,0.742487094,1947.60501,1536.747185,1805.520311,1863.595318,1349.39519,1871.289232,1337.651873,854.3077159,537.2256372,617.8442663,542.7089401,540.9829878,4065.212072,3477.160714,4847.850441,4393.199377,434.7873157,617.1066415,820.1715757,1013.195064,1142.67435,862.7371497,171.5267535,170.7307162,127.055065,209.7502109,312.529143,263.4093209,1,1,1,1,0,1,1,1,0,1,1,1,0,1,1,0,0,0,ENSMUSG00000032508,ENSG00000172936
Rpsa,-0.25656286,0.940249031,0.551035657,1.176908293,0.587432242,3773.484706,4803.472637,18167.79378,10815.45938,4633.772161,10666.64239,6062.157054,5133.936331,6546.422908,7117.426322,5906.675777,6529.199399,9026.746944,9621.835904,9860.627753,9728.626104,3278.014554,3638.284442,4077.813466,8339.643511,9442.601849,7074.072357,2108.669691,2528.402793,1790.535268,3356.003375,3368.171221,2938.783095,1,1,1,1,0,1,1,1,0,1,1,1,0,1,1,0,0,0,ENSMUSG00000032518,ENSG00000168028
Slco2a1,3.706982601,0.0863606,-1.274280808,1.746175343,2.255806611,1004.976061,1617.960248,188.5554645,22810.46174,11241.46536,18129.03245,8996.101594,21.03409149,317.6974631,281.86963,250.3136154,240.842342,116.4513875,107.9528319,118.697369,108.12445,197.2646155,181.6056688,205.3047622,450.6971147,955.2566327,551.8911864,92.16362876,119.1144532,79.99763354,439.1645041,508.9760328,450.1547349,1,1,1,0,1,1,1,1,0,1,1,1,0,1,1,0,0,0,ENSMUSG00000032548,ENSG00000174640
Atp2c1,-0.774953856,0.678280927,-0.605786167,-0.378792899,-0.626443865,1785.799411,1178.289527,938.7077801,677.170529,985.4628577,951.8017444,842.5942331,343.017492,3694.102619,4612.888124,3954.955123,5093.268163,2658.385209,2798.137402,2889.968575,3057.090103,3116.982215,2935.664452,2679.436642,2181.280868,2045.339277,2488.62906,3501.364526,4217.445739,3672.832528,2328.227341,2593.098946,2457.176501,1,1,1,0,1,1,1,0,1,1,1,0,1,1,1,0,0,0,ENSMUSG00000032570,ENSG00000017260
Manf,1.841217468,0.183551757,1.965781794,1.003583903,1.101063222,277.5930921,220.535473,499.197201,750.1177608,946.5235958,1144.95287,670.5502083,2443.190627,1229.821567,1336.044593,1506.960519,1870.177277,5477.920318,4672.198563,6340.938399,6721.736639,981.2908167,1158.397324,1144.888291,2068.315441,2353.239813,2163.822948,303.7986281,306.5211929,271.7566669,773.4539028,597.3771333,525.8357712,1,1,1,1,0,1,1,1,0,1,1,1,0,1,1,0,0,0,ENSMUSG00000032575,ENSG00000145050
Thsd7a,0.498845501,0.90075183,-0.491323105,-0.826031311,-1.645241524,670.9736771,814.9310813,446.2931498,1957.187992,369.9229876,1404.201339,792.0155888,27.50611964,170.0570362,171.041633,211.134093,186.1054461,123.5090473,133.8615115,161.1785327,106.8372541,243.561413,247.7242375,214.7320217,128.1051231,106.1396259,163.7990705,817.5255218,931.4750239,1083.49736,297.5831117,316.993845,289.9468271,1,1,1,0,1,1,1,0,1,1,1,0,1,1,1,0,0,0,ENSMUSG00000032625,ENSG00000005108
Crebl2,-0.271201363,0.92906754,-0.749538143,-0.824380559,-0.92657183,421.5852308,610.4981984,1385.00093,996.4867134,593.0749113,716.788968,670.5502083,360.8155694,1091.456978,1142.313763,1113.714202,1143.088843,657.5386424,783.7375593,623.473549,603.6948456,1136.284443,1010.29173,920.7290102,524.0664125,518.2673623,688.7006373,614.4241918,626.5420238,612.9230452,280.5409071,362.5338059,330.2445217,1,1,1,0,1,1,1,0,1,1,1,0,1,1,1,0,0,0,ENSMUSG00000032652,ENSG00000111269
Oas3,-1.853088186,0.22892815,7.350248788,2.730354772,4.521007278,4776.976312,2255.762839,1323.957794,180.3035352,978.7233701,1161.844413,784.3521579,749.1372585,1.545973057,5.235968358,5.078826979,2.736844795,463.4529966,495.5034982,765.9103918,665.4802456,2.012904239,7.052647331,9.427259491,37.26694489,60.24140927,25.1282665,8.53366933,15.08783074,3.529307362,249.0783755,133.0481209,269.3065445,1,0,1,1,0,0,1,1,0,0,1,1,0,1,1,0,0,0,ENSMUSG00000032661,ENSG00000111331
Nlrp3,1.9129318,0.524514384,3.296049774,1.737192729,1.438140036,14.84455038,0,5.426056532,55.05451455,20.96729484,5.87531941,3.065372381,40.45017594,16.23271709,21.81653483,10.88320067,20.07019516,135.2718137,107.9528319,139.9379509,290.9062582,17.10968604,26.44742749,14.66462587,95.49654628,43.98579089,56.77126875,20.48080639,30.96975783,9.411486298,38.01722573,56.25524574,72.73242442,1,1,1,1,0,1,1,1,0,0,1,1,0,0,0,0,0,0,ENSMUSG00000032691,ENSG00000162711
Mctp2,4.012270201,0.072335137,6.77474876,2.825130014,2.145048137,0,1.400225226,28.48679679,46.79633737,62.90188453,95.47394041,59.39158987,533.9423225,1.545973057,2.617984179,22.49194805,16.42106877,897.4990772,673.6256708,1749.224386,1405.617849,20.12904239,15.8684565,28.28177847,180.5117643,183.5928663,89.34494754,46.93518132,42.08710679,72.93901881,348.7097257,141.977525,222.1287557,1,0,1,1,0,1,1,1,0,1,1,1,0,0,1,0,0,0,ENSMUSG00000032776,ENSG00000140563
Pdxk,-1.925558855,0.199906989,-2.237789355,-1.079381895,-1.254331041,7114.992996,13138.31329,16363.62999,3383.099919,1523.873036,2518.308782,7313.212157,1325.147764,2455.005214,3002.827853,2965.309409,3909.126649,695.1794949,729.7611434,543.5090056,644.8851122,2841.214334,1739.359148,3339.344806,1283.380415,1133.112222,1330.867448,1373.920762,1344.405128,1239.96332,491.6020568,612.5571202,553.356148,1,1,1,0,1,1,1,0,1,1,1,0,1,1,1,0,0,0,ENSMUSG00000032788,ENSG00000160209
Abcc4,1.370550768,0.497511877,-1.160223477,-0.840139667,-0.484407551,268.6863619,158.2254505,130.2253568,996.4867134,463.5269825,622.7838574,254.4259076,63.10227447,6496.95177,7360.89885,11712.50056,10029.62389,3598.230245,5706.386692,3567.168301,3055.802907,11903.30922,8760.269566,12829.45269,5360.617104,7403.956063,5942.369688,4224.166318,4851.928726,3832.827795,2838.182542,3394.959433,2993.823849,1,1,1,0,1,1,1,0,1,1,1,0,1,1,1,0,0,0,ENSMUSG00000032849,ENSG00000125257
Ugt8a,#N/A,#N/A,-0.964417169,-1.072908152,-2.320866954,#N/A,#N/A,#N/A,#N/A,#N/A,#N/A,#N/A,#N/A,211.7983088,89.01146209,116.0874738,89.40359664,63.51893862,65.85122743,68.71952945,61.78539997,41.26453691,62.59224507,56.56355694,16.30428839,26.77395967,32.57367879,390.8420553,316.0503491,497.632338,99.63135019,55.36230533,87.47548343,1,1,1,0,1,1,1,0,1,1,1,0,1,0,0,0,0,0,ENSMUSG00000032854,#N/A
Pkd1,0.954730418,0.820036713,-0.385310553,-0.51883978,-0.564158511,287.9842773,119.7192568,10.85211306,28.90362014,161.7477031,52.14345976,61.69061916,1048.46856,1698.251403,1864.877397,1822.573339,1520.773424,1383.30133,1396.909644,1204.465934,1302.642183,3281.03391,2840.453713,2866.934358,2182.44546,1920.075394,2171.26836,2266.542574,2747.573387,1876.415081,1386.97327,1601.042152,1672.845762,1,1,1,0,1,1,1,0,1,1,1,0,1,1,1,0,0,0,ENSMUSG00000032855,ENSG00000008710
Ccdc85a,-2.135076951,0.415490241,-1.225901775,-0.845681387,-0.585573875,108.3652178,181.3291667,13.56514133,0,23.21379072,37.45516124,48.66278654,4.854021113,586.696775,506.143608,1841.437553,1258.948606,459.9241667,534.3665177,416.0655147,382.2971623,1226.865134,921.2520576,824.3614688,581.1314219,456.1135273,617.0385439,692.0805827,622.571542,567.0420495,369.6847467,483.080761,400.0283343,1,1,1,0,1,1,1,0,1,1,1,0,1,1,0,0,0,0,ENSMUSG00000032878,ENSG00000055813
Sgpp2,-1.611797863,0.490350126,-3.910755375,-1.19202953,-1.407009543,1304.835978,3044.089641,1536.930513,323.445273,742.0924711,420.8197527,1699.365813,22.65209853,5114.851858,6958.601948,2971.113783,4678.180036,185.8517093,582.945292,338.5998633,203.3769416,1836.775118,1325.897698,1328.196115,519.4080444,507.749021,937.1912726,1163.13913,1286.436094,1094.085282,326.4237657,470.5795953,536.6473478,1,1,1,0,1,1,1,0,1,1,1,0,1,1,1,0,0,0,ENSMUSG00000032908,ENSG00000163082
Adgre4,#N/A,#N/A,3.368515417,2.991717372,2.922256183,#N/A,#N/A,#N/A,#N/A,#N/A,#N/A,#N/A,#N/A,13.14077098,19.19855065,7.255467113,17.33335037,84.69191816,206.1899088,156.1807487,133.8683666,3.019356359,20.27636108,8.379786214,137.4218593,44.94200374,73.52344641,11.94713706,10.32325261,0,41.95004218,66.97053064,66.83520082,1,0,1,1,0,0,1,1,0,0,1,1,0,0,0,0,0,0,ENSMUSG00000032915,#N/A
Fkbp1a,0.292525886,0.944195772,1.02219366,1.559794206,0.837040884,11405.06806,10754.42985,18772.79909,16206.67272,20451.34962,28167.75008,18147.00449,580.8645266,6143.696927,7574.700892,7716.914822,7343.866866,14538.77928,14147.21862,13005.48331,16759.28974,4825.937914,4144.311888,5093.862545,14550.41279,17344.7448,9566.424122,1199.833908,1367.433923,959.9716024,2085.70366,2213.599273,2007.021766,1,1,1,1,0,1,1,1,0,1,1,1,0,1,1,0,0,0,ENSMUSG00000032966,ENSG00000088832
Trim33,0.479798565,0.876330988,-0.382044149,-0.396727088,-0.62960115,273.139727,695.2118245,166.8512384,170.6689951,477.7547897,459.0093289,555.9819155,977.2762508,835.5984371,862.1894563,1004.882195,967.0184942,705.7659847,605.6153867,754.6653779,751.7223664,1033.626327,886.8704019,869.4028197,706.9073608,665.5241405,746.4025826,1687.106427,1828.803905,1829.357649,1021.221339,1265.296559,1165.684532,1,1,1,0,1,1,1,0,1,1,1,0,1,1,1,0,0,0,ENSMUSG00000033014,ENSG00000197323
Nfatc1,-0.196830388,0.962076559,-1.070419458,-0.56082792,-0.674350028,470.572247,368.2592344,70.53873492,367.4888846,465.0246464,153.4927196,295.4252632,40.45017594,1077.54322,1185.074172,1361.12563,1367.510116,537.558425,595.8996319,584.7407233,659.0442664,1079.923124,818.9886713,1111.369147,623.0567349,737.2401039,678.4631954,550.4216718,740.8918988,583.5121505,318.5581328,391.1078989,463.9149233,1,1,1,0,1,1,1,0,1,1,1,0,1,1,1,0,0,0,ENSMUSG00000033016,ENSG00000131196
Lmo7,5.228882428,0.025958519,-1.241566961,-0.75511702,-1.122371513,57.89374648,12.60202703,0,689.5577948,157.2547113,39.65840602,93.87702916,3413.99485,3255.046271,3645.106639,2720.800167,3409.196333,1158.632491,1300.831624,1581.798623,1469.977641,2578.530331,1965.925444,1578.542228,1107.527018,990.636508,1529.10155,2306.65082,2713.427244,2879.914807,875.7071306,1583.183344,1165.684532,1,1,1,0,1,1,1,0,1,1,1,0,1,0,1,1,1,0,ENSMUSG00000033060,ENSG00000136153
Pfkm,-0.230490477,0.941665166,-0.622630362,-0.445992038,-0.893458778,1091.074453,514.5827704,432.7280085,579.4487657,626.7723495,977.5062668,419.5728446,291.2412668,1631.001575,1333.426609,1362.576724,1375.72065,979.838442,915.4400142,882.1088689,926.7809996,1184.594145,1245.673835,1073.660109,828.0249317,839.5548784,904.6175938,832.8861266,774.2439457,1009.381906,409.0129113,520.5842582,475.7093705,1,1,1,0,1,1,1,0,1,1,1,0,1,1,1,0,0,0,ENSMUSG00000033065,ENSG00000152556
Nol12,1.38390061,0.592062697,1.045163907,1.129167226,0.922348425,34.14246587,3.500563064,65.11267839,136.2599235,43.43225361,63.89409858,16.47637655,186.0708093,317.6974631,318.5214085,274.2566569,319.2985594,623.4266198,606.694915,590.9879533,715.680883,204.3097803,242.434752,316.3369296,633.5380631,619.6259239,416.012412,141.6589109,141.3491511,141.1722945,272.6752742,330.3879511,200.5056025,1,1,1,1,0,1,1,1,0,1,1,1,0,0,1,0,0,0,ENSMUSG00000033099,ENSG00000273899
Dis3,0.369203177,0.889134935,0.492922123,0.695322169,0.630652842,722.9296034,389.2626127,417.806353,447.3179307,503.9639082,546.4047051,631.0835389,1164.965067,326.9733015,353.4278642,348.2624214,374.9477369,452.8665068,455.5609504,547.2573436,520.0271165,314.0130614,330.5928437,337.2863951,589.283566,554.6034504,447.6554142,547.861571,590.0135914,494.1030307,1068.415137,616.1288819,847.2344575,1,1,1,1,0,1,1,1,0,1,1,1,0,1,1,0,0,0,ENSMUSG00000033166,ENSG00000083520
Ttc28,0.30522818,0.925893957,-1.487941085,-0.515888067,-0.954344239,290.9531874,737.2185813,104.4515882,644.1378203,417.099401,426.6950721,409.9935559,436.8619002,1227.502607,1237.433855,1199.328714,1242.527537,444.6325703,437.208969,381.0810269,486.5600248,1503.639467,1437.858475,1441.323229,1006.207512,862.5039867,1195.91935,1326.985581,1645.367647,1274.079958,462.7614028,809.8969505,916.0353995,1,1,1,0,1,1,1,0,1,1,1,0,1,1,1,0,0,0,ENSMUSG00000033209,ENSG00000100154
AA467197,#N/A,#N/A,8.84755757,3.727716472,7.463322248,#N/A,#N/A,#N/A,#N/A,#N/A,#N/A,#N/A,#N/A,0.772986528,0.872661393,2.902186845,1.824563197,806.9257758,518.1735929,442.3038804,1222.836041,24.15485087,7.934228248,30.37672503,306.2877033,349.9739015,162.868394,0.853366933,1.588192709,0,270.0533966,62.5058286,147.43059,1,0,1,1,0,0,1,1,0,0,1,1,0,0,0,0,0,0,ENSMUSG00000033213,#N/A
Rac2,3.994031287,0.118599245,1.10494609,1.905627348,3.340167258,29.68910076,0,0,75.69995751,310.7652629,310.6575138,41.76569869,38.83216891,81.936572,149.2250982,70.378031,92.14044143,158.7973465,237.4962301,187.4168985,261.3007541,49.31615387,102.2633863,105.7948009,369.1756728,283.0390023,313.6379929,11.09377013,15.88192709,9.411486298,94.38759491,130.3692996,148.4134606,1,1,1,1,0,1,1,1,0,0,1,1,0,0,1,0,0,0,ENSMUSG00000033220,ENSG00000128340
Noc4l,0.524753429,0.81992681,1.778278678,0.906292408,1.334697147,434.9453261,434.06982,170.9207808,525.770614,584.8377598,620.5806127,331.0602171,432.0078791,199.4305243,220.7833324,186.4655048,207.0879228,668.1251321,647.7169912,679.6986185,794.1998288,177.1355731,210.697839,221.0168614,365.6818967,415.9525878,359.2411432,38.40151199,32.55795054,21.17584417,81.27820673,66.97053064,86.49261283,1,1,1,1,0,1,1,1,0,1,1,1,0,1,1,0,0,0,ENSMUSG00000033294,ENSG00000184967
Mif,0.81213731,0.799365962,1.05025488,0.867460414,1.392690047,2.968910076,3.500563064,6.782570665,6.881814319,9.734815464,5.87531941,6.513916309,9.708042227,426.6885636,496.5443326,538.3556598,604.8426997,1158.632491,974.8140717,1019.547928,1125.009158,351.2517898,403.7640597,508.0245392,800.0747231,827.1241114,676.6018423,45.22844745,68.29228649,38.82238098,179.5986181,111.6175511,113.030119,1,1,1,1,0,1,1,1,0,1,1,1,0,0,0,0,0,0,ENSMUSG00000033307,ENSG00000240972
Specc1l,0.5208762,0.874959869,-0.751273478,-0.587515009,-0.607080362,192.9791549,143.5230856,40.69542399,350.9725303,201.4357969,137.3355912,176.6420834,35.59615483,3121.319601,3122.382464,2836.887641,2730.458824,1811.466027,1759.631159,1717.988236,1727.416808,3823.511603,3429.349765,3594.928286,2321.031911,2240.406697,2656.150836,3434.801905,4092.772611,3584.599844,1916.592552,2935.095123,2440.467701,1,1,1,0,1,1,1,0,1,1,1,0,1,1,1,0,0,0,ENSMUSG00000033444,ENSG00000100014
Crlf2,NA,NA,0.657115279,1.303343658,0.938188872,0,0,0,0,0,0,0,0,336.2491398,404.9148864,452.7411479,339.3687546,652.8335358,521.4121779,451.0500024,794.1998288,472.0260441,519.2511598,490.2174935,1371.889409,1356.866028,929.7458603,95.5770965,154.8487891,101.1734777,191.3970675,245.5586123,237.8546853,1,1,1,1,0,1,1,1,0,1,1,1,0,0,0,0,0,0,ENSMUSG00000033467,ENSG00000205755
Cysltr2,-4.020746566,0.153194404,0.740047741,-0.778900423,-1.244200653,50.47147129,226.8364866,0,0,0.748831959,5.87531941,18.00906274,3.236014076,214.1172683,258.3077723,229.9983075,319.2985594,472.8632097,371.3577416,409.8182847,450.5185415,250.6065778,288.2769597,293.2925175,163.0428839,136.7384369,185.2046308,371.2146159,476.4578127,339.9899425,156.0017194,193.7680686,151.3620724,1,1,1,1,0,1,1,0,1,1,1,0,1,0,0,0,0,0,ENSMUSG00000033470,ENSG00000152207
Casp4,0.867941148,0.618275755,5.097190753,0.887944003,2.815115553,1073.260992,584.5940317,1138.115358,1193.306603,2337.853375,2267.873292,1727.337336,975.6582438,161.5541844,176.2776014,100.8509929,102.175539,4411.037404,3920.846853,3915.763733,6260.920531,177.1355731,296.2111879,292.2450442,430.8990503,542.1726834,443.9327081,40.96161278,47.64578127,50.58673885,367.0628691,300.9209177,309.6042391,1,1,1,1,0,1,1,1,0,1,1,1,0,1,1,0,0,0,ENSMUSG00000033538,ENSG00000196954
Dph5,0.083320863,0.98183364,1.748696302,1.40204172,0.95608521,182.5879697,79.81283786,623.9965012,264.2616699,365.4299959,532.4508215,234.8841587,166.6547249,105.1261678,124.7905792,103.7531797,143.2282109,375.2322485,313.0632124,386.0788109,526.4630956,80.51616958,97.85548172,125.6967932,260.8686142,319.3750904,222.4316923,104.9641328,99.26204432,99.99704192,238.5908649,180.3739625,172.9852257,1,1,1,1,0,1,1,1,0,1,1,1,0,1,1,0,0,0,ENSMUSG00000033554,ENSG00000117543
Myo6,0.265169677,0.937251242,-0.62298633,-0.602464433,-1.137101659,2986.723536,1322.512726,424.5889237,2159.513333,1894.544856,1154.500264,1975.249328,2297.569994,2853.866262,2512.392151,2092.476715,2266.10749,1686.780703,1385.034833,1530.571338,1713.257653,1980.697772,1718.201206,1674.909769,1115.679163,1175.185587,1247.106559,3722.386562,3762.428528,4196.346453,1554.773438,1959.111256,1793.738846,1,1,1,0,1,1,1,0,1,1,1,0,1,1,1,0,0,0,ENSMUSG00000033577,ENSG00000196586
Foxn3,-1.250937843,0.546943519,-1.125753687,-0.498878159,-0.747231291,1623.993811,4769.867231,499.197201,1373.610138,726.367,1134.671061,1270.596852,321.9834005,1250.692203,1107.407308,1046.238358,1056.422091,512.8566155,500.9011398,514.7717479,516.165529,1203.716735,1042.910224,1074.707582,795.416355,790.7880232,764.0854368,2175.232312,2552.225684,1961.118457,1152.315221,1437.634058,1393.710511,1,1,1,0,1,1,1,0,1,1,1,0,1,1,1,0,0,0,ENSMUSG00000033713,ENSG00000053254
Akr1c14,#N/A,#N/A,-1.488602259,-1.196295896,-1.573989721,#N/A,#N/A,#N/A,#N/A,#N/A,#N/A,#N/A,#N/A,3262.776136,4312.692604,2445.817964,4493.899153,1005.716528,1299.752096,1695.498208,1171.348208,1316.439373,978.5548172,881.972499,413.4301699,399.6969694,572.3660702,1081.215904,1272.14236,1141.142714,312.0034387,517.9054369,341.0560983,1,1,1,0,1,1,1,0,1,1,1,0,1,0,0,0,0,0,ENSMUSG00000033715,#N/A
Adra2a,7.659134382,0.00521644,1.313348261,-1.065299105,-1.074545098,0,0,0,144.5181007,0.748831959,8.078564189,13.79417571,42.06818298,115.9479792,116.0639653,155.9925429,128.6317054,342.2965026,241.8143434,406.0699467,296.0550415,202.2968761,239.7900093,408.5145779,128.1051231,121.4390314,156.3536582,98.99056423,158.0251746,114.1142714,66.85787973,35.71761634,74.69816562,1,1,1,1,0,1,1,0,1,1,1,0,1,0,0,1,1,0,ENSMUSG00000033717,ENSG00000150594
Sf3b3,-0.009019784,0.997940517,0.433612088,0.361254356,0.531929716,2045.579042,810.7304057,1051.298453,1600.710011,1317.195415,1554.756399,1224.616266,773.4073641,2239.341972,2815.205654,2349.320251,2771.511496,3378.266513,3192.165238,3879.529799,3291.359744,1902.194506,2067.307249,2143.130324,2634.307167,2666.877626,2550.984388,1152.04536,1408.726933,1178.788659,2013.602025,1773.379651,1623.702232,1,1,1,1,0,1,1,1,0,1,1,1,0,1,1,0,0,0,ENSMUSG00000033732,ENSG00000189091
Mtss2,-0.325264077,0.962476712,-0.580139338,-0.690347672,-0.549786464,0,203.0326577,0,11.01090291,55.41356495,57.28436425,35.63495392,111.6424856,1795.647705,1185.074172,1383.617578,1319.159191,1108.052596,904.644731,840.8771512,948.6633288,1279.200644,1362.924097,1449.703015,819.8727875,858.6791353,856.2224139,1591.52933,1608.045118,1676.420997,1004.179135,1184.038982,1140.129896,1,1,1,0,1,1,1,0,1,1,1,0,1,0,1,0,0,0,ENSMUSG00000033763,ENSG00000132613
Tlr13,#N/A,#N/A,1.368414652,1.813612848,1.725483665,#N/A,#N/A,#N/A,#N/A,#N/A,#N/A,#N/A,#N/A,50.24412434,114.3186425,81.98677838,90.31587823,152.9159633,221.3033053,216.1541563,278.0342999,50.32260599,118.1318428,147.693732,443.7095626,309.8129619,358.3104667,43.52171358,84.96830994,61.17466094,180.9095569,185.731605,261.4435797,1,1,1,1,0,1,1,1,0,1,1,1,0,0,0,0,0,0,ENSMUSG00000033777,#N/A
Ston1,4.140715968,0.013004941,0.494513418,-0.664434424,-1.212583778,10.39118527,6.301013516,0,162.4108179,146.022232,72.7070777,89.66214213,19.41608445,508.6251356,572.4658738,748.0386594,768.1411058,841.0377984,1024.472374,908.3472347,884.3035371,955.1230616,863.9492981,901.8744913,585.78979,383.4413511,747.3332591,500.0730227,667.8350342,507.0438243,182.2204957,273.239765,265.3750621,1,1,1,1,0,1,1,0,1,1,1,0,1,0,1,1,1,0,ENSMUSG00000033855,ENSG00000243244
Lgals3bp,0.513762287,0.909854091,2.645943643,0.775947683,1.034599004,4919.483995,4582.937164,176.3468373,1472.708264,2769.180583,3489.939729,533.7579658,14767.55023,3592.841384,4289.130747,3054.551655,3566.108768,24048.97593,17630.8565,21852.81036,27235.77663,1631.458886,1839.859373,1885.451898,2822.971075,3942.465562,2406.729524,896.8886466,1005.325985,712.9200871,1950.676962,1642.117411,1772.115692,1,1,1,1,0,1,1,1,0,1,1,1,0,1,1,0,0,0,ENSMUSG00000033880,ENSG00000108679
Ccp110,-0.441259332,0.893677683,0.857862268,-0.489468106,-0.595198143,280.5620022,450.1724101,107.1646165,136.2599235,85.3668433,146.8829852,155.5676483,506.4362028,566.5991252,393.5702883,607.2825974,544.6321142,1100.994936,1034.188129,824.6343534,868.8571871,876.6197963,716.725285,777.2251713,532.2185567,636.8377551,518.386831,906.2756828,725.0099717,970.5595245,491.6020568,705.4229227,521.9042888,1,1,1,1,0,1,1,0,1,1,1,0,1,1,1,0,0,0,ENSMUSG00000033904,ENSG00000103540
Jcad,-1.955673546,0.416010745,-2.013481422,-1.11478605,-1.196796999,7221.873759,14906.79775,2666.906786,1684.668145,1926.74463,2481.588036,4542.115525,17.79807742,32164.74243,32815.55902,50084.48948,47002.57251,9406.684299,13810.40578,9335.860437,7585.445043,43591.45421,31517.39934,41029.52825,16328.74482,16819.78395,20477.67584,35729.62012,37123.21048,32837.85213,11496.93344,19204.46937,15401.58231,1,1,1,0,1,1,1,0,1,1,1,0,1,1,1,0,0,0,ENSMUSG00000033960,ENSG00000165757
Slc16a2,-2.557530221,0.17389893,-3.016396025,-0.491690603,-1.333965976,3504.798344,5513.386826,1113.698103,525.770614,291.2956319,730.7428516,1292.054458,27.50611964,8240.036392,11285.25713,7084.963636,11163.58992,972.7807822,1495.146721,1340.655547,858.5596205,4031.847192,3587.152749,3705.960453,2361.792632,2510.058719,3180.121726,2135.124066,2692.780738,1707.008327,592.5443458,1062.599086,934.7099409,1,1,1,0,1,1,1,0,1,1,1,0,1,1,1,0,0,0,ENSMUSG00000033965,ENSG00000147100
Rfc3,-0.98421309,0.563821926,0.759319353,0.916301125,1.165067309,332.5179285,320.6515767,812.5519657,191.3144381,181.966166,396.5840602,249.0615059,215.194936,119.0399254,179.768247,124.0684876,104.0001022,208.2009655,196.474154,272.3792258,214.9617041,111.7161853,105.78971,94.27259491,164.2074759,251.4839784,172.1751593,57.17558451,62.73361201,42.35168834,148.1360865,120.5469551,98.28706003,1,1,1,1,0,1,1,1,0,1,1,1,0,1,1,0,0,0,ENSMUSG00000033970,ENSG00000133119
Kcnk1,5.490407869,0.187851151,0.639494558,-1.082647715,-1.060329061,0,32.9052928,0,404.650682,88.36217113,0,0,1991.766663,285.2320289,174.5322786,331.5748471,163.2984061,423.4595908,408.0617044,347.3459852,310.2141957,167.0710519,278.5795696,252.4410597,128.1051231,84.14673041,118.1959202,416.4430633,367.6666122,499.9852096,260.8768248,212.5198172,143.4991076,1,1,1,1,0,1,1,0,1,1,1,0,1,0,0,0,0,0,ENSMUSG00000033998,ENSG00000135750
Cct2,-0.008286204,0.998572207,1.102654869,0.865683527,0.459685895,1910.493634,1876.301802,8148.580397,4152.48676,4698.171709,5059.384427,3710.250095,2156.803381,2912.613239,3529.915335,3242.468253,3867.161695,6998.846015,6538.703026,7625.368877,7938.136701,2303.768902,2465.781823,2650.10739,4801.61293,4636.676088,4082.877967,1120.470783,1333.287779,1221.140347,1820.894019,1787.666698,1446.785524,1,1,1,1,0,1,1,1,0,1,1,1,0,1,1,0,0,0,ENSMUSG00000034024,ENSG00000166226
Galnt17,-0.254396668,0.972852384,1.176392801,-0.872685019,-1.2778817,2.968910076,111.3179054,0,0,4.492991752,28.64218212,100.774117,25.8881126,200.9764974,202.4574432,225.6450272,193.4036988,481.0971462,370.2782133,462.2950163,548.3454248,325.0840347,356.1586902,350.9035477,204.9681969,140.5632883,218.7089862,305.505362,254.9049298,351.7543004,125.8501266,102.688147,147.43059,1,1,1,1,0,1,1,0,1,1,1,0,1,0,0,0,0,0,ENSMUSG00000034040,ENSG00000185274
Gpbp1l1,-0.102982567,0.968455318,-0.422377346,-0.472292407,-0.628842196,844.6549165,1000.460924,720.3090047,686.8050691,758.5667742,769.6668427,957.1625258,809.0035189,541.8635563,474.7277978,535.453473,483.5092471,390.5238448,374.5963265,363.5887831,391.3075332,806.1681479,708.7910568,707.0444618,542.6998849,518.2673623,540.7230679,1184.473303,1349.963803,1132.907663,686.9319408,842.0428052,841.3372339,1,1,1,0,1,1,1,0,1,1,1,0,1,1,1,0,0,0,ENSMUSG00000034042,ENSG00000159592
Golim4,0.200589833,0.955685074,-1.483020863,-0.733819674,-0.767458557,2862.029313,2207.455068,442.2236074,2791.263888,2828.338308,2142.28834,1939.997545,854.3077159,5011.271663,4947.990099,5818.159078,6541.971342,2023.195823,2249.737016,1997.864138,1711.970458,6069.912734,5273.617042,4818.377073,3026.77468,2820.827894,3869.75304,4568.926559,5251.359193,5289.2553,2686.113639,3111.004383,3076.384979,1,1,1,0,1,1,1,0,1,1,1,0,1,1,1,0,0,0,ENSMUSG00000034109,ENSG00000173905
Vav1,6.771413944,0.089182649,1.326528075,1.26107194,2.465192216,0,0,0,0,92.10633092,5.87531941,0,14.56206334,88.12046423,84.64815513,78.35904482,78.45621746,185.8517093,192.1560407,197.4124664,252.2903832,45.29034539,96.97390081,140.3614191,221.2724853,227.5786572,228.0157515,67.41598771,57.17493753,56.46891779,246.4564978,318.7797258,434.4288053,1,1,1,1,0,1,1,1,0,1,1,1,0,0,0,0,0,0,ENSMUSG00000034116,ENSG00000141968
Srsf2,-0.237527781,0.929514656,0.949975595,0.630030211,0.856368328,2799.682201,2723.438064,3380.43322,1549.784585,3859.479915,2489.6666,2088.668106,2598.519303,1003.336514,1265.35902,1355.321257,1376.632932,2271.390194,1862.18635,2445.165802,3082.83402,1210.7619,1188.371075,1227.63868,2100.924018,1872.264752,1641.713411,546.1548371,550.3087737,527.0432327,946.4978268,987.5920918,1005.476624,1,1,1,1,0,1,1,1,0,1,1,1,0,1,1,0,0,0,ENSMUSG00000034120,ENSG00000161547
Hdac11,-0.78750553,0.803151214,0.357946559,-0.986043582,-1.67241956,377.0515796,17.50281532,207.5466624,90.83994901,70.39020412,82.98888666,77.01748106,260.4991331,407.3639004,326.375361,383.0886636,329.333657,458.74789,497.6625549,487.2839361,410.6154707,396.5421352,439.0272964,423.1792038,207.2973809,167.337248,260.5894303,402.7891924,362.902034,605.8644305,94.38759491,157.1575119,175.9338375,1,1,1,1,0,1,1,0,1,1,1,0,1,1,1,0,0,0,ENSMUSG00000034245,ENSG00000163517
Flvcr2,-0.82839278,0.831917081,-2.428342263,-0.673884933,-0.805602829,1165.297205,208.6335586,1355.157619,297.2943786,453.043335,1175.063882,628.401338,6.472028151,1424.614172,1894.547884,1265.353465,1718.738531,297.5979902,375.6758549,246.14086,249.7159916,1315.43292,1188.371075,1167.932704,762.8077782,766.8827021,771.5308491,473.6186478,511.3980523,369.4008372,197.9517616,306.2785601,269.3065445,1,1,1,0,1,1,1,0,1,1,1,0,1,1,0,0,0,0,ENSMUSG00000034258,ENSG00000119686
Lif,9.359037153,NA,4.199554568,6.214114922,2.483815839,0,0,0,4.129088591,17.22313505,11.01622389,0,645.5848081,3.864932642,4.363306965,1.451093423,5.47368959,56.46127877,14.03386814,37.4833797,167.3354583,0,6.171066415,15.71209915,739.5159376,558.4283018,322.0140818,5.973568531,0.794096355,9.411486298,22.28595991,56.25524574,8.845835403,1,0,1,1,0,0,1,1,0,0,0,1,0,0,0,0,0,0,ENSMUSG00000034394,ENSG00000128342
Scara3,-1.1277342,0.828203297,-0.634595176,-0.580399282,-1.56431627,34.14246587,65.81058561,0,2.752725728,26.20911856,0,34.10226773,12.9440563,752.115892,598.6457156,799.5524759,582.0356597,398.7577813,474.9924602,412.3171767,474.9752623,565.6260913,412.5798689,540.4962108,265.5269823,337.5431345,410.4283528,506.0465913,521.7213049,381.1651951,136.3376371,138.4057633,201.4884731,1,1,1,0,1,1,1,0,1,1,1,0,1,0,0,0,0,0,ENSMUSG00000034463,ENSG00000168077
Hid1,-0.429433769,0.913433866,1.342213929,0.87122977,1.03362446,4091.158084,1260.202703,280.7984255,1118.983008,351.9510206,1003.945204,897.770936,3598.447652,694.9148889,727.7996018,448.3878676,491.7197815,1677.37049,1450.88606,1005.804022,1856.136391,622.9938621,605.6460896,624.2940729,1145.958555,1455.355951,788.2830267,177.5003221,242.9934845,217.6406207,427.3660547,509.8689733,368.5764751,1,1,1,1,0,1,1,1,0,1,1,1,0,1,1,0,0,0,ENSMUSG00000034586,ENSG00000167861
Ppp1r18,2.212508295,0.162150445,1.409482358,0.612475401,0.605870186,66.8004767,436.1701578,280.7984255,1491.977344,1427.273713,1695.02965,1187.065454,257.263119,753.6618651,886.6239753,1191.3477,1288.141617,2517.232012,2392.234754,2683.809986,3350.570753,1031.613423,966.2126844,1459.130274,1800.459275,2017.609104,1465.815546,480.4455833,586.837206,544.6897695,635.8053268,985.806211,828.5599161,1,1,1,1,0,1,1,1,0,1,1,1,0,1,1,0,0,0,ENSMUSG00000034595,ENSG00000146112
Ppm1h,-1.284281532,0.445051196,-0.925057897,-0.771341127,-0.860381699,2180.664451,1058.570271,1059.437538,751.4941237,431.3272082,318.0016631,1164.458333,275.0611964,656.2655625,681.548548,801.729116,716.1410547,355.2355456,473.9129319,343.5976472,329.5221332,808.1810521,719.3700278,685.047523,433.2282343,432.2082062,430.9032366,765.4701389,804.4196072,867.0331752,454.8957699,433.0760981,454.0862173,1,1,1,0,1,1,1,0,1,1,1,0,1,1,1,0,0,0,ENSMUSG00000034613,ENSG00000111110
Pik3ip1,-2.785786321,0.099971564,-0.568830848,-0.562007902,-0.940726132,7736.979657,3435.452591,4537.539775,293.16529,205.9287887,558.8897589,2474.905026,262.1171401,1746.176567,1959.124827,1993.802363,3216.704916,1522.101974,1822.243802,1411.873969,1252.441545,1897.162246,1291.516043,2154.65253,1074.918442,1287.06249,1255.482648,422.4166318,439.9293804,291.7560753,213.6830274,182.1598433,207.3856967,1,1,1,0,1,1,1,0,1,1,1,0,1,1,1,0,0,0,ENSMUSG00000034614,ENSG00000100100
Zyg11b,-0.577172668,0.819038448,-0.323941207,-0.33143576,-1.230828167,443.8520563,1369.420271,642.9876991,620.7396516,646.2419804,701.3662546,568.6265766,207.1049008,1368.186155,1612.678254,1731.88,1762.528048,1228.032813,1310.547379,1305.67106,1328.386099,1702.916987,1470.476969,1437.133336,1171.57958,1221.083804,1270.373473,2993.611201,3003.272413,3206.963956,1158.869915,1447.456402,1312.132251,1,1,1,0,1,1,1,0,1,1,1,0,1,1,1,0,0,0,ENSMUSG00000034636,ENSG00000162378
Ankrd12,-0.045709972,0.988739376,-0.478522079,-0.560274961,-0.726155423,1030.211796,1201.393244,409.6672682,959.3249161,1090.299332,281.2809167,792.7819319,1142.312969,574.3289905,486.9450573,686.3671889,607.5795445,477.5683163,382.1530248,421.0632986,410.6154707,964.1811307,696.448924,735.3262403,487.9640596,556.5158761,578.8808059,2543.03346,2851.600009,3063.43879,1698.976708,1793.917281,1618.787879,1,1,1,0,1,1,1,0,1,1,1,0,1,1,1,0,0,0,ENSMUSG00000034647,ENSG00000101745
Cacna1a,1.448193655,NA,-0.926886387,-0.562760481,-1.278711019,7.422275189,140.7226352,8.139084798,94.9690376,74.88319587,101.3492598,61.30744761,383.467668,257.4045139,183.2588925,198.7997989,143.2282109,111.7462809,102.5551903,97.45678722,100.401275,249.6001257,193.0662207,212.6370752,154.8907397,150.1254167,138.670804,682.6935464,529.6622685,762.3303902,207.1283333,350.9255805,252.5977443,1,1,1,0,1,1,1,0,1,1,1,0,1,0,1,0,0,0,ENSMUSG00000034656,ENSG00000141837
Cnot6l,-0.772613278,0.77206516,-1.22907732,-0.574298827,-0.548318129,1325.618349,2718.537276,1975.084578,1694.302685,961.500235,1435.781181,1641.123738,139.1486052,2132.669832,2672.089186,2904.363485,3829.75815,1168.042705,1349.410398,1256.942666,1146.891487,2080.336531,1637.977343,1828.888341,1101.704058,1280.369,1341.10489,3494.537591,4007.804301,2950.500955,2117.166191,2535.05782,2495.508454,1,1,1,0,1,1,1,0,1,1,1,0,1,1,1,0,0,0,ENSMUSG00000034724,ENSG00000138767
Dusp5,0.882768431,0.787838105,2.394970383,2.374894857,2.52582691,77.19166197,150.5242118,1766.181401,960.701279,2463.657144,1277.881972,679.7463254,744.2832374,30.91946113,45.37839244,37.00288228,68.42111987,201.1433056,173.8040593,253.637536,323.086154,21.13549451,32.61849391,85.89280869,324.9211757,254.3526169,143.3241867,23.89427412,18.26421615,16.47010102,89.14383964,106.2599086,143.4991076,1,1,1,1,0,1,1,1,0,1,1,1,0,1,1,0,0,0,ENSMUSG00000034765,ENSG00000138166
Sos2,0.152555281,0.960465751,-0.63528585,-0.503113424,-0.692830362,332.5179285,531.3854731,191.2684928,436.3070278,335.4767175,307.7198541,546.0194553,330.0734357,1343.450586,1438.145976,1548.316682,1779.861398,975.1333355,949.9849204,1019.547928,988.5663996,1581.13628,1300.331852,1290.487077,947.9779106,950.4755684,1044.219074,1811.697999,1989.211368,1642.304359,977.9603584,1283.155367,1104.746555,1,1,1,0,1,1,1,0,1,1,1,0,1,1,1,0,0,0,ENSMUSG00000034801,ENSG00000100485
Larp6,-0.188905142,0.959446171,0.730253159,-0.750388635,-1.903055743,44.53365114,347.255856,223.824832,114.2381177,248.6122103,215.9179883,219.5572968,101.9344434,111.3100601,89.88412348,109.5575534,72.07024627,148.2108568,143.5772664,177.4213306,168.6226541,127.8194192,150.7503367,144.5513122,80.35684992,58.32898358,112.611861,72.53618931,56.38084117,64.7039683,6.554694091,20.5376294,23.58889441,1,1,1,1,0,1,1,0,1,1,0,0,1,1,1,0,0,0,ENSMUSG00000034839,ENSG00000166173
Filip1,1.72985748,0.448539293,-0.827603982,-0.616691274,-0.908624776,72.73829686,179.9289415,13.56514133,532.6524283,321.2489103,344.4406004,260.1734808,16.18007038,1282.38465,1119.624567,1092.673347,1413.124196,656.3623657,676.8642558,700.9392004,731.127233,1600.25887,1277.410748,1285.249711,835.0124839,726.7217626,1152.177553,1394.401569,1723.189089,1727.007736,571.5693248,1132.248438,872.7890931,1,1,1,0,1,1,1,0,1,1,1,0,1,1,1,0,0,0,ENSMUSG00000034898,ENSG00000118407
Cobll1,-1.835169218,0.287559428,-1.390076142,-0.573251188,-0.964437077,4964.017647,5699.616781,1317.175223,1313.050172,893.3565268,862.2031234,2324.318608,202.2508797,4670.384604,5393.047409,4029.686435,3772.284409,1658.550064,1571.793232,1630.527017,1956.537666,4493.808715,3111.980635,3906.027849,2549.291949,2403.919094,2782.722845,3432.241805,4855.105112,4058.703466,1575.74846,2627.030682,2121.034755,1,1,1,0,1,1,1,0,1,1,1,0,1,1,1,0,0,0,ENSMUSG00000034903,ENSG00000082438
Tmem106a,1.111577402,0.679977317,2.341383918,0.983281465,1.137550427,106.8807627,23.80382884,23.06074026,19.26908009,93.60399484,58.01877917,81.23236809,300.949309,160.0082114,305.4314876,184.2888647,223.5089916,1048.062487,1035.267658,1216.960394,1118.573179,134.864584,140.1713657,201.1148691,263.1977983,285.9076408,389.9534689,65.70925384,81.79192452,45.8809957,141.5813924,107.152849,179.8653199,1,1,1,1,0,1,1,1,0,1,1,1,0,1,1,0,0,0,ENSMUSG00000034947,ENSG00000184988
Dpp4,8.781611929,0.001223046,-3.47521251,-0.59861894,-0.76637818,0,0,0,4.129088591,128.0502649,3.672074631,8.046602499,310.6573513,617.6162361,730.417586,378.7353833,1126.667774,47.05106564,52.89688761,83.71288133,73.37016247,176.1291209,189.539897,161.3108846,103.6486905,104.2272002,139.6014805,481.2989502,482.0164872,390.5766814,213.6830274,323.2444279,257.5120973,1,1,1,0,1,1,1,0,1,1,1,0,1,0,0,1,1,0,ENSMUSG00000035000,ENSG00000197635
Igsf6,-0.198519373,0.964866993,2.20933208,1.427025178,1.879033239,10.39118527,44.10709461,9.495598932,46.79633737,22.46495876,4.406489557,11.11197488,9.708042227,30.91946113,61.08629751,31.9240553,35.57898233,161.1498998,192.1560407,169.9246546,211.1001166,43.27744115,72.28963515,63.89586988,184.0055404,119.5266057,180.5512482,60.58905224,78.6155391,70.58614724,256.9440084,200.9115919,314.5185921,1,1,1,1,0,1,1,1,0,1,1,1,0,0,0,0,0,0,ENSMUSG00000035004,ENSG00000140749
Baz1a,1.67674791,0.164086196,1.845441498,0.720407626,1.722826676,341.4246587,203.7327703,179.0598656,949.690376,975.7280422,699.1630098,466.3197734,766.9353359,120.5858984,132.6445317,150.913716,167.8598141,466.9818265,399.4254779,552.2551276,637.1619372,204.3097803,193.9478016,240.9188536,330.7441359,390.134841,330.3901706,373.7747167,415.3123934,414.1053971,1346.334166,1359.055302,1264.954463,1,1,1,1,0,1,1,1,0,1,1,1,0,1,1,0,0,0,ENSMUSG00000035021,ENSG00000198604
Ccl5,1.925469385,0.424796814,3.032139192,2.011864034,5.127543832,34.14246587,197.4317568,29.84331093,235.3580497,485.9919412,753.5097143,175.4925688,8.090035189,6.956878755,32.28847154,13.0598408,11.85966078,104.6886211,87.44179381,99.9556792,230.4080541,7.045164838,10.578971,18.85451898,25.62102461,87.01536894,33.50435533,3.413467732,2.382289064,2.352871575,99.63135019,98.22344494,89.44122463,1,0,1,1,0,0,1,1,0,0,1,1,0,1,0,0,0,0,ENSMUSG00000035042,ENSG00000271503
Arhgap5,1.200583058,0.505322409,-0.844717487,-0.610705342,-0.869925079,417.1318656,601.3967344,115.3037013,1081.821211,546.6473299,540.5293857,682.4285262,1495.038503,1278.519718,1139.695779,1776.138349,2053.545878,784.5765196,764.3060496,937.0844925,993.7151829,1509.67818,1031.449672,1168.980177,702.2489927,806.0874288,919.5084184,4448.601822,4396.911515,4406.928459,2182.713132,2689.53651,2376.581112,1,1,1,0,1,1,1,0,1,1,1,0,1,1,1,0,0,0,ENSMUSG00000035133,ENSG00000100852
Ccdc186,-0.834571872,0.697132996,0.391051664,-0.430120213,-0.618981495,1294.444793,2486.800001,412.3802965,500.9960824,674.6975948,689.6156157,991.6479651,1063.030624,641.5788185,651.8780606,787.2181818,727.0884339,902.2041837,821.5210504,1027.044604,933.2169788,980.2843646,829.5676423,857.8806136,613.7399986,666.4803533,698.0074026,1316.745178,1404.756451,1322.313825,721.01635,1041.168516,867.8747401,1,1,1,1,0,1,1,0,1,1,1,0,1,1,1,0,0,0,ENSMUSG00000035173,ENSG00000165813
Slfn8,#N/A,#N/A,3.655206247,1.030917148,3.473271597,#N/A,#N/A,#N/A,#N/A,#N/A,#N/A,#N/A,#N/A,22.41660932,23.56185761,13.78538752,8.210534385,42.34595908,212.6670788,391.0765949,211.1001166,24.15485087,29.97375116,37.70903796,62.8879695,60.24140927,64.21668104,26.45437492,32.55795054,37.64594519,406.3910337,282.1691691,378.4051811,1,0,1,1,0,1,1,1,0,1,1,1,0,0,0,0,0,0,ENSMUSG00000035208,#N/A
Hpse,6.880687424,NA,3.633601865,1.170163351,2.314244493,0,1.400225226,0,2.752725728,13.47897526,10.28180897,5.364401666,320.3653935,1.545973057,14.83524368,13.0598408,22.80703996,188.2042626,110.1118885,154.9313028,187.9305916,13.08387756,17.63161833,20.94946553,48.91286517,26.77395967,40.94976762,13.65387093,13.49963803,10.58792209,74.72351264,49.11172247,65.85233022,1,0,1,1,0,1,1,1,0,1,1,1,0,0,0,0,0,0,ENSMUSG00000035273,ENSG00000173083
Ccl12,#N/A,#N/A,4.765223213,1.752710885,1.449957299,#N/A,#N/A,#N/A,#N/A,#N/A,#N/A,#N/A,#N/A,23.18959585,64.57694309,34.82624214,73.89480946,1250.382069,655.2736894,1474.346268,1950.101687,16.10323392,49.36853132,101.6049078,185.1701324,138.6508626,238.2531934,13.65387093,28.58746876,36.46950941,89.14383964,61.61288819,62.90371842,1,1,1,1,0,1,1,1,0,1,1,1,0,0,0,0,0,0,ENSMUSG00000035352,#N/A
Nfkbiz,-0.120594165,0.972852384,5.604296876,1.071464873,1.097816764,1074.745447,890.5432435,1370.079274,525.770614,1703.592706,558.1553439,413.8252714,1912.484319,64.15788185,41.01508547,125.5195811,52.9123327,3034.793734,2257.293714,3897.022043,4667.37209,152.9807222,238.9084283,312.1470365,545.029069,531.6543421,402.9829405,126.2983061,229.4938465,171.7596249,393.2816455,316.993845,420.6686169,1,1,1,1,0,1,1,1,0,1,1,1,0,1,1,0,0,0,ENSMUSG00000035356,ENSG00000144802
Shq1,0.050724451,0.987109412,0.699514343,1.09259601,1.115091248,656.1291267,182.729392,198.0510634,305.5525558,447.0526794,400.9905497,306.5372381,328.4554287,98.16928909,121.2999336,79.08459153,105.8246654,175.2652195,155.4520779,176.1718846,148.0275208,76.4903611,78.46070156,76.4655492,207.2973809,152.0378424,135.8787744,47.78854825,75.43915368,50.58673885,158.623597,101.7952066,118.9273426,1,1,1,1,0,1,1,1,0,1,1,1,0,1,1,0,0,0,ENSMUSG00000035378,ENSG00000144736
Tgfbi,6.481397597,0.0004875,0.895815124,1.814960263,1.376632247,23.75128061,65.81058561,0,5560.50597,806.4920196,3715.405112,113.4187781,3206.889949,398.0880621,733.9082316,481.0374696,488.9829367,892.7939706,817.2029372,1171.980339,1028.46947,454.9163581,973.2653317,800.2695834,2696.030544,2119.923879,3027.490774,599.063587,1028.354779,712.9200871,1953.298839,1532.285741,2594.778385,1,1,1,1,0,1,1,1,0,1,1,1,0,0,1,1,1,0,ENSMUSG00000035493,ENSG00000120708
Isg15,-1.52299568,0.380152977,3.840087822,0.811513895,1.925508451,6913.107111,12457.80383,19004.763,2003.98433,7539.988992,7232.518194,4398.426195,1079.210694,681.0011314,678.0579024,434.6024801,595.7198837,8830.308745,6462.056515,9043.490075,9872.792038,173.1097646,193.9478016,170.7381441,242.2351418,426.4709291,274.5495784,47.78854825,42.08710679,47.05743149,137.6485759,215.1986384,165.1222609,1,1,1,1,0,1,1,1,0,1,1,1,0,1,1,0,0,0,ENSMUSG00000035692,ENSG00000187608
Dok3,8.037163033,0.003277995,1.053644213,1.347203784,1.998765991,0,0,0,0,30.70211031,73.44149262,27.97152297,139.1486052,30.1464746,38.39710129,42.80725597,28.28072955,72.92915175,88.52132212,44.98005564,83.66772913,62.40003142,53.7764359,55.51608367,158.3845158,155.8626938,122.8493029,17.06733866,13.49963803,14.11722945,49.81567509,49.11172247,79.61251862,1,1,1,1,0,1,1,1,0,1,1,1,0,0,0,1,1,0,ENSMUSG00000035711,ENSG00000146094
Ddx11,2.037885487,0.480652274,-1.244934014,0.627571157,2.484574737,95.00512242,107.1172298,0,52.30178883,96.59932268,191.6822957,122.6148952,922.2640115,81.936572,63.70428169,72.55467113,67.50883828,38.81712916,35.62443451,28.73725777,16.73354583,66.4258399,62.59224507,63.89586988,96.6611383,109.9644772,91.20630061,64.85588691,59.55722659,48.23386728,288.40654,359.8549846,322.3815569,1,1,1,0,1,1,1,1,0,1,1,1,0,0,1,0,0,0,ENSMUSG00000035842,ENSG00000013573
Ids,0.138426083,0.966648327,-0.319441346,-0.453824434,-1.192703585,132.1164984,154.7248874,276.7288831,140.3890121,185.7103258,191.6822957,112.652435,404.5017594,2560.904368,2535.081347,3168.462488,3110.88025,2120.826784,2246.498431,2485.148074,2264.17747,1964.594538,1719.964368,1738.805639,1312.495215,1241.164273,1405.321571,2445.74963,2310.026295,2058.762628,901.925907,1009.022662,1069.363213,1,1,1,0,1,1,1,0,1,1,1,0,1,1,1,0,0,0,ENSMUSG00000035847,ENSG00000010404
Palm,-1.031013234,0.764593464,-2.632696577,-0.888736022,-1.482702038,651.6757616,2281.667005,223.824832,1098.337565,319.0024144,698.4285949,448.3107107,11.32604926,5422.500496,6238.656299,7001.525764,5212.777053,981.0147187,1141.061433,980.8151021,745.2863872,4567.279719,3402.902337,3423.142668,1871.499389,2030.996084,2249.44519,1976.397817,1900.272576,2135.230954,584.6787129,915.2639187,647.7117256,1,1,1,0,1,1,1,0,1,1,1,0,1,1,1,0,0,0,ENSMUSG00000035863,ENSG00000099864
Dennd5a,-0.245609182,0.941610823,-0.403222707,-0.496040176,-0.523594548,1683.372013,737.2185813,568.3794218,858.850427,1083.559844,889.3764757,1127.290693,241.0830486,8711.558174,8921.217421,7975.934998,8850.956067,6511.867485,6835.573313,6384.669009,6322.705931,6734.171133,5970.947547,6661.93004,4534.921356,4557.310422,4638.49186,4107.255049,4621.640784,4128.113178,2641.541719,3288.699525,3011.515519,1,1,1,0,1,1,1,0,1,1,1,0,1,1,1,0,0,0,ENSMUSG00000035901,ENSG00000184014
Dcdc2a,#N/A,#N/A,0.868505082,-0.968933562,-1.243672688,#N/A,#N/A,#N/A,#N/A,#N/A,#N/A,#N/A,#N/A,289.0969616,323.7573768,391.0696774,447.9302648,771.6374766,569.9909522,617.226319,691.2241622,648.1551651,940.6468378,729.0414006,420.417722,290.688705,473.7143573,668.1863085,772.655753,608.217302,270.0533966,286.6338711,308.6213685,1,1,1,1,0,1,1,0,1,1,1,0,1,0,0,0,0,0,ENSMUSG00000035910,#N/A
Tmtc2,1.317066305,0.507805006,-1.443198842,-0.73086754,-1.172152397,60.86265655,13.30213964,90.88644692,271.1434842,92.10633092,153.4927196,52.11133047,114.8784997,1673.515834,1891.057239,1215.290741,1866.52815,575.1992775,672.5461425,519.7695318,675.7778122,1075.897316,762.5674927,830.6463084,460.013851,633.9691166,512.8027718,1220.314714,1302.318021,1251.727678,418.189483,758.9993472,494.383912,1,1,1,0,1,1,1,0,1,1,1,0,1,1,1,0,0,0,ENSMUSG00000036019,ENSG00000179104
Dgkb,-0.024123654,0.998206608,0.5908705,-0.81417716,-2.381418239,2.968910076,0,24.4172544,2.752725728,3.744159794,0,0,38.83216891,759.8457573,705.1104056,987.4690741,808.2814961,928.0822698,1027.710959,1534.319676,1423.638591,551.5357616,494.5668941,498.5972797,246.8935099,198.8922719,431.8339131,2609.596081,2809.512902,2736.389641,306.7596835,547.3724704,707.6668322,1,1,1,1,0,1,1,0,1,1,1,0,1,0,0,0,0,0,ENSMUSG00000036095,ENSG00000136267
Prickle1,-2.257901567,0.188771171,-3.113265653,-0.743799272,-1.422381026,587.844195,608.3978606,177.7033514,114.2381177,110.8271299,74.17590755,170.5113387,8.090035189,2826.811734,3363.237009,3196.75881,3444.775315,403.4628879,405.9026478,347.3459852,324.3733499,2100.465574,1503.095462,1440.275755,776.7828825,939.0010143,1294.571063,1776.709955,1804.981014,1737.595658,532.2411602,726.8534925,722.4098912,1,1,1,0,1,1,1,0,1,1,1,0,1,1,0,0,0,0,ENSMUSG00000036158,ENSG00000139174
Armh4,-0.899311098,0.880156938,0.582571058,-1.212220344,-1.939876913,218.2148906,0,56.97359359,0,38.1904299,64.62851351,127.5961253,14.56206334,99.71526215,57.59565194,72.55467113,75.71937266,102.3360678,105.7937752,141.1873969,109.4116458,79.50971746,129.5923947,79.60796903,29.11480069,38.24851382,56.77126875,304.6519951,242.1993881,362.3422225,60.30318564,90.18698126,84.52687163,1,1,1,1,0,1,1,0,1,1,1,0,1,0,0,0,0,0,ENSMUSG00000036242,ENSG00000139971
Igfbp7,0.820501007,0.827008159,0.924254426,1.074085486,0.711247262,36406.2598,35103.64641,100194.8469,113442.58,134889.3472,140877.6744,115363.7569,810.6215259,25519.37725,29771.71609,38173.91467,27282.69348,68776.89521,52970.29554,42412.44413,64985.36882,29915.78281,35014.63084,35374.22003,73095.61862,78147.45101,59938.361,1910.688563,2427.552556,1964.647765,3591.972362,3714.632099,3015.447002,1,1,1,1,0,1,1,1,0,1,1,1,0,1,1,0,0,0,ENSMUSG00000036256,ENSG00000163453
Lrrn3,-0.568359326,0.910541886,-3.121381537,-1.131100023,-1.280353852,69.76938678,86.81396399,10.85211306,0,21.7161268,52.14345976,8.429774047,106.7884645,2369.203709,2938.25091,1539.610121,1915.791356,239.9604348,281.7568912,231.1475081,253.5775791,1607.304035,1089.634013,715.424248,455.3554829,460.8945915,641.2361339,633.1982643,726.5981644,850.5630742,253.0111919,394.6796606,259.4778385,1,1,1,0,1,1,1,0,1,1,1,0,1,1,0,0,0,0,ENSMUSG00000036295,ENSG00000173114
Kidins220,-0.624242455,0.807165596,-0.422081014,-0.414926804,-0.920197173,1085.136633,1776.885811,249.5986005,498.2433567,612.5445422,694.0221053,790.0997311,770.17135,2164.362279,1937.308293,2314.494009,2091.861705,1606.793892,1435.772664,1640.522585,1669.492995,2628.852937,2304.452515,2429.090529,1727.089977,1859.833985,1933.015167,4563.806358,4320.678265,4913.972284,2353.135179,2370.756785,2566.275137,1,1,1,0,1,1,1,0,1,1,1,0,1,1,1,0,0,0,ENSMUSG00000036333,ENSG00000134313
Cracd,8.146696874,0.01214665,-3.021009786,-1.129031975,-1.396635084,0,0,0,41.29088591,4.492991752,0,4.598058571,242.7010557,415.0937657,430.2220668,339.5558609,275.5090427,42.34595908,48.57877434,38.73282569,50.20063748,390.5034224,282.1058933,304.8147235,139.7510433,115.7017543,190.7886901,313.1856644,263.6399897,332.9313278,107.4969831,101.7952066,135.6361428,1,1,1,0,1,1,1,0,1,1,1,0,1,0,0,1,1,0,ENSMUSG00000036377,ENSG00000109265
Npy1r,-2.587907715,0.392354533,1.083104885,-0.895381,-1.950005592,87.58284723,58.80945948,18.99119786,0,14.22780722,0,29.12103762,1.618007038,390.3581968,477.345782,856.8706661,766.3165426,1183.334301,1123.78898,1395.631171,1575.527699,594.8132028,468.1194666,560.398203,242.2351418,188.3739306,441.1406785,881.5280418,1253.878144,671.7448346,141.5813924,272.3468246,310.5871097,1,1,1,1,0,1,1,0,1,1,1,0,1,1,0,0,0,0,ENSMUSG00000036437,ENSG00000164128
Btg1,0.335513997,0.909854091,2.032188162,0.505684788,0.745840658,3772.000251,7189.456421,6462.43333,5670.614999,6977.616191,8317.983455,13161.55949,2514.382937,1266.151933,1506.213564,1186.268873,1333.755697,5527.323937,4519.98507,6123.534797,5473.156681,1007.458572,1273.002843,1507.314045,1605.972406,2110.36175,1660.326942,421.5632649,591.6017842,414.1053971,755.1007593,724.1746713,917.0182701,1,1,1,1,0,1,1,1,0,1,1,1,0,1,1,0,0,0,ENSMUSG00000036478,ENSG00000133639
Bicral,-0.002546608,0.999682704,-0.844083114,-0.490620796,-0.666981955,105.3963077,604.1971849,90.88644692,313.810733,176.7243423,224.7309674,283.9301168,334.9274568,567.3721118,643.1514467,605.831504,607.5795445,343.4727792,342.210477,293.6198076,370.7123998,707.5358402,627.6856125,614.8668134,477.4827314,396.8283309,513.7334483,614.4241918,655.1294925,649.3925546,381.4831961,370.5702695,456.0519585,1,1,1,0,1,1,1,0,1,1,1,0,1,1,1,0,0,0,ENSMUSG00000036568,ENSG00000112624
Etl4,#N/A,#N/A,-0.724487626,-0.707898555,-1.122425761,#N/A,#N/A,#N/A,#N/A,#N/A,#N/A,#N/A,#N/A,674.8172392,624.8255574,639.2066527,714.3164915,374.0559719,342.210477,522.2684238,368.1380082,513.2905811,438.1457155,464.0306616,251.551878,305.0318977,308.0539337,1680.279491,1504.018496,1917.590333,580.7458965,966.161522,792.1937038,1,1,1,0,1,1,1,0,1,1,1,0,1,0,0,0,0,0,ENSMUSG00000036617,#N/A
Tcaf1,-0.14096188,0.972662753,-0.477571548,-0.351758001,-1.089374858,348.8469339,198.1318694,13.56514133,203.7017038,151.2640557,146.8829852,165.9132801,179.5987812,1967.250715,1777.611258,2001.783377,1750.668387,1452.701652,1468.158513,1224.45707,1238.282391,1972.646155,1955.346473,1798.511616,1398.675025,1552.889661,1534.685609,2475.617473,2198.058709,2803.446481,1169.357426,1138.499021,1204.999356,1,1,1,0,1,1,1,0,1,1,1,0,1,1,1,0,0,0,ENSMUSG00000036667,ENSG00000198420
Aaas,0.207955419,0.945324218,-0.648679036,0.496386254,1.668563184,789.7300801,322.7519145,668.7614676,590.4596686,727.1158319,1150.093774,490.4595809,469.222041,311.5135709,390.9523041,329.3982069,395.9302137,212.906072,226.7009469,234.8958461,235.5568374,287.8453062,275.0532459,225.2067545,379.657001,340.411773,392.7454986,51.20201598,44.46939586,70.58614724,203.1955168,138.4057633,183.7968023,1,1,1,0,1,1,1,1,0,1,1,1,0,1,1,0,0,0,ENSMUSG00000036678,ENSG00000094914
Slc6a20a,#N/A,#N/A,0.49900536,-1.150715669,-1.382222003,#N/A,#N/A,#N/A,#N/A,#N/A,#N/A,#N/A,#N/A,1300.936327,2012.357172,2135.283971,2390.177788,2974.803625,2098.603051,2988.674808,3015.899836,2106.504287,3686.771392,2601.923619,1285.709599,753.4957223,1742.226477,750.1095341,838.5657504,658.8040409,317.247194,256.2738972,290.9296977,1,1,1,1,0,1,1,0,1,1,1,0,1,0,0,0,0,0,ENSMUSG00000036814,#N/A
Unc93b1,0.728224609,0.762660096,0.52684502,0.477155474,0.955187745,66.8004767,370.3595722,359.4762453,326.1979987,351.9510206,715.3201382,333.3592464,474.0760621,698.7798216,981.7440672,803.9057561,889.4745584,1155.103662,1229.582755,1181.975907,1292.344616,595.8196549,812.8176049,635.816279,980.5864874,945.6945042,922.300448,273.0774186,347.8142033,197.6412123,494.2239345,491.1172247,606.4311604,1,1,1,1,0,1,1,1,0,1,1,1,0,1,1,0,0,0,ENSMUSG00000036908,ENSG00000110057
Nfkbid,-0.968235209,0.587134373,2.169652597,1.65054034,1.903654156,121.7253131,189.0304055,70.53873492,35.78543446,49.42290928,77.11356725,73.95210868,88.99038708,13.14077098,11.34459811,18.13866778,14.59650557,61.16638534,61.53311416,48.72839361,87.52931663,19.12259027,36.14481757,27.23430519,107.1424666,85.10294325,68.87006373,7.680302397,7.146867191,12.94079366,27.52971518,52.6834841,21.62315321,1,1,1,1,0,1,1,1,0,0,1,1,0,1,1,0,0,0,ENSMUSG00000036931,ENSG00000167604
Trappc14,3.368871524,0.051582027,0.996468464,0.58133081,1.249484358,5.937820151,18.20292793,4.069542399,78.45268324,96.59932268,13.21946867,45.98058571,262.1171401,128.3157637,96.86541463,118.2641139,81.19306225,195.2619224,246.1324566,181.1696685,226.5464666,190.2194506,189.539897,192.7350829,291.1480069,308.8567491,256.8667242,118.6180037,51.61626305,134.1136798,222.8595991,246.4515527,249.6491325,1,1,1,1,0,1,1,1,0,1,1,1,0,0,1,0,0,0,ENSMUSG00000036948,ENSG00000146826
Inhbb,6.457033504,0.000674651,5.242923608,2.755800897,2.227262713,4.453365114,0,13.56514133,1259.37202,641.7489886,449.4619349,228.7534139,11.32604926,33.23842072,33.16113294,30.47296188,20.98247676,1170.395258,1288.956812,685.9458485,1332.247687,98.63230773,80.22386339,336.2389218,1235.632141,1778.555893,463.4769154,109.2309674,81.79192452,81.17406932,507.3333227,366.9985079,404.9426873,1,1,1,1,0,1,1,1,0,1,1,1,0,0,1,1,1,0,ENSMUSG00000037035,ENSG00000163083
Rab11fip3,2.11894787,0.191714013,-0.471388173,-0.41645025,-0.746754358,29.68910076,4.200675677,29.84331093,31.65634587,133.2920887,82.98888666,104.6058325,103.5524504,944.5895376,935.4930133,1007.058835,1024.492235,741.0542839,748.1131248,694.6919704,635.8747414,1163.45865,995.3048546,1119.748933,812.8852354,760.1892122,882.2813569,721.9484253,690.8638285,732.9194955,348.7097257,465.2219528,461.9491821,1,1,1,0,1,1,1,0,1,1,1,0,1,0,1,0,0,0,ENSMUSG00000037098,ENSG00000090565
Setd7,0.202068722,0.950326388,0.319100563,-0.502730752,-0.733116231,485.4167974,852.0370498,324.2068778,664.7832632,625.2746855,624.9871022,1044.142467,226.5209853,1626.363656,1680.745843,1743.488747,1627.510371,2023.195823,1980.934465,2246.50389,2082.682857,1824.697693,1667.069513,1828.888341,1124.995899,1257.419892,1369.955862,3880.259444,4091.978515,4195.170018,2219.419419,2408.260282,2690.116833,1,1,1,1,0,1,1,0,1,1,1,0,1,1,1,0,0,0,ENSMUSG00000037111,ENSG00000145391
Dennd11,1.792117806,0.191714013,-0.954917301,-0.590765867,-0.721439044,114.3030379,207.2333334,329.6329343,911.1522159,1275.260826,378.9581019,544.8699406,648.8208221,1205.085998,1098.680694,822.0444239,797.3341169,591.6671505,512.7759513,428.5599746,490.4216123,929.9617586,811.936024,826.4564153,577.6376458,586.1584743,541.6537445,712.5613891,835.389365,884.6797121,432.60981,554.5159937,485.5380765,1,1,1,0,1,1,1,0,1,1,1,0,1,1,1,0,0,0,ENSMUSG00000037172,ENSG00000257093
Rbm17,-0.345489949,0.884583919,0.447933764,0.480340128,0.585191909,3461.749148,3822.614866,2476.994807,2979.8256,2846.310275,2298.718719,3025.52254,1653.603193,1068.267382,1197.291431,1173.934579,1382.106621,1665.607724,1515.657759,1648.019261,1746.724745,856.4907539,876.2914309,927.0138499,1201.858973,1390.333477,1117.742521,342.2001401,336.6968543,394.1059887,576.81308,475.9372377,556.3047598,1,1,1,1,0,1,1,1,0,1,1,1,0,1,1,0,0,0,ENSMUSG00000037197,ENSG00000134453
Mxd4,0.776918452,0.734641227,-1.096169776,-0.499486973,-0.876714495,1325.618349,2599.518131,2042.910284,5579.77505,2304.155937,4387.394769,3889.191208,883.4318426,3735.843891,4353.70769,5159.362664,5862.321551,2424.306157,2721.490891,1842.932835,1948.814491,5061.44771,4224.535751,5567.320466,3344.708304,3284.591124,3875.337099,2859.632592,2776.160856,2230.522253,1094.633913,1683.19267,1503.792018,1,1,1,0,1,1,1,0,1,1,1,0,1,1,1,0,0,0,ENSMUSG00000037235,ENSG00000123933
Tbcel,-0.330498174,0.928687397,-0.510293039,-0.37899112,-0.765927594,124.6942232,74.91204957,188.5554645,71.57086892,168.4871907,138.8044211,121.082209,12.9440563,1275.427772,1553.33728,1065.102572,1087.439665,898.6753538,899.2470894,918.3428026,780.0406747,936.0004713,1085.226108,1043.283384,829.1895238,719.0720598,809.6885871,1076.949069,1159.380678,1059.968644,538.7958543,736.675837,660.4890434,1,1,1,0,1,1,1,0,1,1,1,0,1,1,1,0,0,0,ENSMUSG00000037287,ENSG00000154114
Tap1,-1.644561911,0.344094376,4.260560906,0.736407446,2.558382402,6458.86387,2292.168694,6561.458862,628.9978288,2382.783293,3283.569135,1419.267412,446.5699424,1158.706806,1537.629375,666.051881,1026.316798,20082.57109,18098.29226,22566.24402,23351.0196,629.0325748,666.4751728,633.7213324,998.0553678,1363.559518,852.4997078,439.4839705,502.6629924,368.2244014,3030.890548,1877.853679,2823.787235,1,1,1,1,0,1,1,1,0,1,1,1,0,1,1,0,0,0,ENSMUSG00000037321,ENSG00000168394
Paqr7,-0.290289736,0.926454779,-1.485437368,-0.354590966,-0.978225792,210.7926154,342.3550677,606.3618175,169.2926323,214.1659402,541.2638006,249.4446775,406.1197665,2622.743291,3007.19116,2554.649971,3845.266937,1017.479295,1674.348422,900.8505588,701.5217289,2246.401131,2010.004489,2142.082851,1575.693014,1592.094388,1834.363454,492.3927203,536.0150393,391.7531172,250.3893143,241.9868507,229.9917205,1,1,1,0,1,1,1,0,1,1,1,0,1,1,1,0,0,0,ENSMUSG00000037348,ENSG00000182749
Ccn3,-1.738152288,0.510593764,-1.047649108,-0.945136593,-2.68216861,2875.389408,52.50844596,523.6144554,807.9250011,499.4709165,91.80186578,273.2013134,51.77622521,1060.537517,1273.212972,1044.787264,1249.82579,404.6391645,607.7744434,650.9613608,575.3765373,214.3743015,186.0135734,331.0015554,104.8132825,151.0816296,122.8493029,501.7797566,504.2511851,358.8129151,45.88285864,51.79054369,114.0129896,1,1,1,0,1,1,1,0,1,1,1,0,1,1,1,0,0,0,ENSMUSG00000037362,ENSG00000136999
Srrt,0.77928424,0.825883957,0.894861378,0.508184015,1.054336305,950.0512242,417.9672299,17.63468373,568.4378628,690.423066,434.7736363,429.1521333,1841.292009,1131.652277,1178.092881,1374.185471,1508.913764,2504.292969,2128.829844,2252.75112,2770.045432,1122.194113,1125.77883,1210.879108,1715.444057,1713.533419,1490.943812,832.0327597,686.0992503,849.3866384,1385.662331,2102.874662,1423.196629,1,1,1,1,0,1,1,1,0,1,1,1,0,1,1,0,0,0,ENSMUSG00000037364,ENSG00000087087
Icam1,-0.26763892,0.949897316,5.002408651,1.128993305,1.135796444,3832.862908,950.7529282,400.1716693,1197.435692,3109.150293,1858.069763,769.7916391,241.0830486,928.3568205,1110.897953,746.587566,692.4217331,24431.26584,23007.98705,27860.14668,36186.93645,1115.148949,1440.503217,1596.349274,3642.843863,2781.623168,2658.012189,291.8514911,500.2807034,434.1048055,799.6726791,944.7309522,948.4701293,1,1,1,1,0,1,1,1,0,1,1,1,0,1,1,0,0,0,ENSMUSG00000037405,ENSG00000090339
Serpine1,2.678641164,0.100324364,3.364945828,2.723941899,4.406221692,1328.587259,102.2164415,485.6320596,2949.545617,7916.651468,4507.838817,3881.527777,1185.999159,71.1147606,60.21363612,73.28021784,84.84218864,619.8977899,634.7626513,679.6986185,1047.777408,113.7290895,182.4872497,306.9096701,1906.437149,1200.047121,877.6279743,31.57457652,40.49891408,14.11722945,828.5133331,482.1878206,564.1677246,1,1,1,1,0,1,1,1,0,1,1,1,0,1,1,0,0,0,ENSMUSG00000037411,ENSG00000106366
Atg14,-0.392292667,0.855054337,-0.351399582,-0.462436854,-0.747911939,259.7796316,305.9492118,329.6329343,195.4435267,233.6355711,247.4978301,233.734644,226.5209853,430.5534963,452.911263,393.2463175,414.1758456,301.1268201,354.0852885,341.0987553,328.2349374,414.6582733,379.961375,411.6569978,259.7040222,297.382195,316.4300225,192.0075599,300.168422,215.2877491,133.7157595,126.797538,161.1907784,1,1,1,0,1,1,1,0,1,1,1,0,1,1,1,0,0,0,ENSMUSG00000037526,ENSG00000126775
Kcnk2,4.882594849,NA,0.391784547,-1.146331833,-1.320627404,0,0,0,0,0,0,0,30.74213372,392.6771564,356.9185098,501.3527775,349.4038522,550.497468,495.5034982,574.7451554,481.4112415,408.6195606,543.9354254,454.6034021,194.4868686,131.0011598,309.9152868,501.7797566,536.8091357,551.7483842,233.3471096,158.0504523,246.7005207,1,1,1,1,0,1,1,0,1,1,1,0,1,0,0,0,0,0,ENSMUSG00000037624,ENSG00000082482
Phc3,0.310732797,0.919637331,-0.489481663,-0.56049108,-0.744774186,328.0645634,650.4046173,187.1989504,417.0379477,463.5269825,290.8283108,341.4058489,899.611913,1144.793048,1192.928124,1120.244122,1287.229335,811.6308824,813.9643522,905.8483427,848.2620538,1511.691084,1136.357801,1156.410498,821.0373796,892.1465849,865.5291793,2968.010193,3344.733845,2968.147491,1556.084377,1927.858342,2052.233813,1,1,1,0,1,1,1,0,1,1,1,0,1,1,1,0,0,0,ENSMUSG00000037652,ENSG00000173889
Cdkn1c,0.566399553,0.861735034,-0.909904213,-0.628207047,-1.460004814,44.53365114,183.4295046,344.5545898,488.6088167,129.5479289,146.8829852,160.93205,488.6381254,1517.372555,1803.791099,1395.226326,1811.791254,783.400243,935.9510522,830.8815833,922.9194121,896.7488387,844.5545179,922.8239568,549.6874371,437.9454832,735.2344641,730.4820946,1094.264777,743.5074176,234.6580485,409.8596475,286.9982153,1,1,1,0,1,1,1,0,1,1,1,0,1,1,1,0,0,0,ENSMUSG00000037664,ENSG00000129757
Atp8a1,0.895518691,0.769572247,-1.052776515,-0.492259564,-1.127943287,120.2408581,81.9131757,123.4427861,200.9489781,71.13903608,103.5525046,25.28932214,609.9886532,2218.471336,2614.493534,2202.034269,2552.563912,1180.981748,1122.709451,1188.223136,1128.870745,2044.104255,1490.75333,1626.725999,1059.778745,1355.909815,1251.759942,2884.380234,2856.364587,3029.322152,1135.273017,1451.028164,1423.196629,1,1,1,0,1,1,1,0,1,1,1,0,1,1,1,0,0,0,ENSMUSG00000037685,ENSG00000124406
Themis2,4.799832594,0.006989288,2.687272578,0.978051859,3.010033272,14.84455038,0,18.99119786,79.8290461,408.1134175,229.137457,127.2129538,705.4510685,44.83321864,91.62944627,48.61162966,50.17548791,319.9472464,364.8805717,338.5998633,487.8472206,57.36777082,76.69753973,84.84533541,171.1950281,117.61418,143.3241867,29.86784266,39.70481773,44.70455992,214.9939662,206.2692344,494.383912,1,1,1,1,0,1,1,1,0,1,1,1,0,0,1,1,1,0,ENSMUSG00000037731,ENSG00000130775
Limch1,-0.403425991,0.921397877,-2.024374714,-0.7246919,-0.81739735,6666.687575,6952.118245,763.7174569,4159.368574,3371.241478,2905.345448,7369.538374,317.1293794,2788.935394,2394.582863,3622.65473,3125.476756,829.275032,831.2368053,610.9790891,660.3314622,2893.549844,2748.769297,2947.589801,1664.202008,1862.702623,1669.633707,3498.804425,3540.081549,3816.357694,1801.229936,2399.330878,1955.912495,1,1,1,0,1,1,1,0,1,1,1,0,1,1,1,0,0,0,ENSMUSG00000037736,ENSG00000064042
Ppp1r16b,0.925159074,0.759806715,-1.699313719,-0.459772106,-0.789571728,541.8260888,585.2941443,69.18222079,1245.608392,641.0001567,1031.852971,808.1087938,59.8662604,1998.943162,1760.15803,1454.721156,1448.703178,630.4842796,489.0263283,429.8094205,502.0063748,1459.355574,1290.634462,1375.332412,895.5712693,1183.791503,918.5777419,1869.72695,1821.657037,2144.64244,884.8837023,1343.875315,1143.078508,1,1,1,0,1,1,1,0,1,1,1,0,1,1,1,0,0,0,ENSMUSG00000037754,ENSG00000101445
Vopp1,-1.136913115,0.379998003,-0.626415202,0.351179921,-0.524522662,2161.366535,2292.168694,2767.288831,1299.286543,1172.670847,1072.245792,1298.185203,629.4047377,1229.04858,1545.483327,1308.886267,1384.843466,829.275032,1030.949544,854.6210571,825.0925288,693.4455105,722.0147705,698.6646756,828.0249317,1008.804552,859.0144435,515.4336275,648.7767217,583.5121505,394.5925843,372.3561503,448.1889937,1,1,1,0,1,1,1,1,0,1,1,0,1,1,1,0,0,0,ENSMUSG00000037788,ENSG00000154978
Ppm1k,-1.733986263,0.370177166,1.065112127,-0.507326901,-0.887456131,525.4970834,459.9739866,855.960418,312.4343701,217.9101,92.53628071,287.7618322,11.32604926,368.714574,306.304149,354.7923418,256.3511291,682.2404518,513.8554796,839.6277053,659.0442664,348.2324334,320.0138727,278.6278916,210.791157,246.7029141,208.4715443,832.8861266,859.2122556,883.5032763,470.6270358,472.3654761,449.1718643,1,1,1,1,0,1,1,0,1,1,1,0,1,1,1,0,0,0,ENSMUSG00000037826,ENSG00000163644
Ifi206,#N/A,#N/A,1.458190391,2.800593958,5.098973164,#N/A,#N/A,#N/A,#N/A,#N/A,#N/A,#N/A,#N/A,5.410905698,13.0899209,4.353280268,6.385971188,22.34925618,12.95433982,18.74168985,25.74391666,1.00645212,4.407904582,5.237366384,10.48132825,44.94200374,18.61353074,12.800504,6.352770837,2.352871575,245.145559,286.6338711,238.8375559,1,0,1,1,0,0,1,1,0,0,1,1,0,0,0,0,0,0,ENSMUSG00000037849,#N/A
Ackr1,3.888980653,0.068662823,7.241424168,3.226462079,4.381047009,935.2066739,1135.582658,2064.614511,49872.50837,8609.32103,26285.44462,17316.67175,24.27010557,101.2612352,84.64815513,2035.158525,82.10534385,79518.65349,64679.93921,104892.2403,99459.04761,453.909906,1527.779728,1178.407436,8927.762485,11177.17195,9475.217822,29.86784266,24.61698699,16.47010102,561.0818142,446.4702043,498.3153944,1,1,1,1,0,1,1,1,0,1,1,1,0,1,1,0,0,0,ENSMUSG00000037872,ENSG00000213088
Wdr19,0.433066642,0.948623128,-1.542859212,-0.549869474,-0.639880223,172.1967844,119.0191442,0,0,115.3201216,127.0537822,144.4556734,268.5891683,331.6112206,452.911263,271.35447,301.0529274,101.1597911,140.3386814,104.9534632,118.4220166,342.1937207,281.2243123,240.9188536,177.0179882,187.4177177,225.2237219,477.0321155,579.6903388,551.7483842,326.4237657,358.9620442,345.9704513,1,1,1,0,1,1,1,0,1,1,1,0,1,0,0,0,0,0,ENSMUSG00000037890,ENSG00000157796
Ccr7,-1.632003464,0.845943524,2.903867563,2.076225279,5.976257239,0,72.11159912,0,0,16.47430309,0,0,22.65209853,5.410905698,10.47193672,3.627733557,2.736844795,34.11202259,28.06773628,58.72396153,45.05185415,7.045164838,5.289485498,14.66462587,33.7731688,48.76685512,29.78164918,1.706733866,2.382289064,0,57.681308,103.5810874,120.8930838,1,0,1,1,0,0,1,1,0,0,1,1,0,0,0,0,0,0,ENSMUSG00000037944,ENSG00000126353
Cramp1,0.178389655,0.973054658,-0.64252796,-0.46504386,-0.585048822,77.19166197,116.9188063,36.62588159,0,110.8271299,63.89409858,59.00841833,202.2508797,529.4957719,487.8177187,591.3205697,678.7375092,401.1103346,359.4829301,338.5998633,365.5636165,820.2584776,713.1989614,826.4564153,557.8395813,560.3407275,590.0489244,887.5016103,990.2381541,802.3292069,540.1067931,583.9830272,662.4547846,1,1,1,0,1,1,1,0,1,1,1,0,1,1,0,0,0,0,ENSMUSG00000038002,ENSG00000007545
Dennd4c,-1.111264015,0.443471774,-0.347794375,-0.70644713,-0.594216871,1701.185473,1574.553266,636.2051284,660.6541746,578.0982721,472.9632125,519.197447,787.9694274,647.7627107,749.6161366,806.807943,721.6147443,550.497468,578.6271788,637.2174549,532.8990748,1549.936264,1157.515743,1488.459526,748.8326738,898.8400748,921.3697715,2353.586001,2672.928329,2409.340492,1325.359145,1905.534832,1691.520303,1,1,1,0,1,1,1,0,1,1,1,0,1,1,1,0,0,0,ENSMUSG00000038024,ENSG00000137145
Phf2,-0.01454152,0.996643267,-0.300268061,-0.382767965,-0.888249678,249.3884464,354.9570947,81.39084798,203.7017038,314.5094227,168.915433,229.9029285,215.194936,1765.501231,1810.772391,1946.641826,1913.966793,1626.790595,1457.36323,1540.566906,1414.62822,2197.084977,2062.017763,2167.22221,1680.506296,1576.794982,1671.49506,1550.567717,1636.632587,1437.604532,600.4099788,945.6238926,949.4529999,1,1,1,0,1,1,1,0,1,1,1,0,1,1,1,0,0,0,ENSMUSG00000038025,ENSG00000197724
Kmt2c,0.73007383,0.778796465,-0.575464484,-0.623307075,-0.502756001,745.196429,1453.433784,615.8574164,1362.599235,1001.937161,914.3465832,642.9618568,3862.182799,730.4722692,644.0241081,938.1318977,774.527077,555.2025746,472.8334035,472.2905842,572.8021456,1546.916908,1146.055191,1287.344657,889.7483092,841.4673041,852.4997078,5465.815206,5681.759417,5733.948027,3712.578733,4033.411825,4166.388475,1,1,1,0,1,1,1,0,1,1,1,0,1,1,1,0,0,0,ENSMUSG00000038056,ENSG00000055609
Smim3,-4.24119621,0.00018165,1.702165756,0.754417269,0.995159713,7134.290912,2768.245271,14015.50402,312.4343701,333.9790536,360.5977288,855.2388942,244.3190627,271.3182714,387.4616585,286.590951,316.5617146,998.6588683,701.6934071,1213.212056,1191.943341,179.1484773,276.8164078,395.9448986,450.6971147,559.3845146,426.2498539,103.2573989,84.17421358,105.8792209,218.9267826,156.2645715,209.3514379,1,1,1,1,0,1,1,1,0,1,1,1,0,1,1,1,0,1,ENSMUSG00000038059,ENSG00000256235
Mturn,-0.943542107,0.601839864,-0.461830748,-0.855394424,-1.712703753,350.3313889,882.8420048,968.551091,624.8687402,208.9241165,405.3970393,378.1903175,291.2412668,2965.949309,2528.100056,2292.727608,2201.335497,1767.943792,1742.358706,1927.895163,1814.946124,2197.084977,1942.122759,1881.262005,1083.070586,910.3146289,1333.659477,1298.824472,1556.428855,1465.838991,294.9612341,491.1172247,528.784383,1,1,1,0,1,1,1,0,1,1,1,0,1,1,1,0,0,0,ENSMUSG00000038065,ENSG00000180354
Rnf144b,-1.283100442,0.666978644,-1.122877003,-0.948730164,-0.993484984,7995.274834,7472.301917,7813.521406,3271.614527,3099.415477,5417.778911,4138.252714,16.18007038,4767.780907,5667.063086,6320.962949,7243.515891,2584.279781,3591.590716,2571.359847,2270.613449,7873.474933,4677.668342,8813.44015,3654.489783,3925.253731,3488.17566,2405.641384,2784.895915,2014.058068,968.7837867,1502.818708,1145.044249,1,1,1,0,1,1,1,0,1,1,1,0,1,1,1,0,0,0,ENSMUSG00000038068,ENSG00000137393
Atp13a4,6.73920964,0.094492082,1.396438948,-0.81830086,-1.353487039,0,0,0,0,8.985983505,0,3.065372381,98.6984293,67.24982796,41.01508547,34.82624214,23.71932156,158.7973465,92.8394354,103.7040172,84.95492497,63.40648354,53.7764359,67.03828971,30.27939272,39.20472667,34.43503186,122.0314714,48.43987763,107.0556566,53.74849155,11.60822531,44.22917701,1,1,1,1,0,1,1,0,1,1,1,0,1,0,0,0,0,0,ENSMUSG00000038094,ENSG00000127249
Ormdl3,-0.601580456,0.789170127,-0.96030252,-0.342400797,-0.641484073,344.3935688,166.6268019,210.2596906,78.45268324,133.2920887,163.0401136,201.548234,215.194936,1522.010474,1799.427792,1193.52434,1427.720701,855.1531181,820.4415221,692.1930784,684.7881831,1173.523172,1245.673835,1311.436542,925.8506621,1015.498042,999.5466006,581.9962483,623.3656383,561.1598705,331.667521,417.0031708,382.3366635,1,1,1,0,1,1,1,0,1,1,1,0,1,1,1,0,0,0,ENSMUSG00000038150,ENSG00000172057
Nop2,-0.671907054,0.889159963,1.085038179,1.111992242,1.616765342,4.453365114,32.20518019,113.9471872,5.505451455,5.241823711,8.078564189,15.3268619,124.5865419,325.4273284,356.0458484,346.0857813,374.0354553,781.0476897,621.8083115,799.6454336,771.0303039,286.8388541,282.1058933,335.1914486,745.3388978,606.2389441,603.0783959,147.6324794,159.6133673,148.2309092,478.4926687,492.0101651,427.5487111,1,1,1,1,0,1,1,1,0,1,1,1,0,0,0,0,0,0,ENSMUSG00000038279,ENSG00000111641
Wdr36,-0.370740584,0.892208736,0.712310888,0.643426569,0.633965241,282.0464572,685.410248,779.9956265,353.725256,546.6473299,526.5755021,582.0375808,242.7010557,568.1450983,759.2154119,612.3614244,771.7902322,1004.540252,1025.551903,1150.739757,1260.16472,404.5937521,460.1852384,545.7335772,773.2891064,746.8022323,683.1165781,328.5462692,417.6946825,289.4032037,621.3849998,439.326681,551.3904068,1,1,1,1,0,1,1,1,0,1,1,1,0,1,1,0,0,0,ENSMUSG00000038299,ENSG00000134987
Sesn1,-0.809308882,0.631328208,-0.876903843,-0.75758875,-1.226110194,743.711974,431.2693695,649.7702697,337.2089016,515.9452196,372.3483676,229.519757,279.9152175,2664.484563,3412.106047,2302.885262,4087.02156,1717.363896,2286.440979,1426.867321,1355.417212,2984.130535,2339.715752,4162.658802,1723.596201,1794.811511,2091.230178,1490.832032,1509.57717,1103.496768,488.9801792,652.7394386,611.3455134,1,1,1,0,1,1,1,0,1,1,1,0,1,1,1,0,0,0,ENSMUSG00000038332,ENSG00000080546
Tsr1,0.257928092,0.94218184,1.600775341,1.104680341,0.778662702,488.3857075,171.5275901,71.89524905,213.3362439,433.5737041,241.6225107,160.1657069,409.3557806,150.732373,180.6409084,152.3648094,129.543987,438.7511871,405.9026478,457.2972323,559.9301873,121.7807065,163.9740505,173.8805639,387.8091452,317.4626647,284.7870203,168.1132858,179.4657761,184.7004186,306.7596835,308.9573813,296.8269213,1,1,1,1,0,1,1,1,0,1,1,1,0,1,1,0,0,0,ENSMUSG00000038335,ENSG00000167721
Setd1b,0.144854733,0.971519212,-0.636985033,-0.427467973,-0.755363932,194.46361,546.7879506,59.68662186,247.7453155,195.4451412,172.5875077,157.4835061,705.4510685,494.7113781,527.0874814,753.8430331,731.6498419,445.808847,410.2207611,418.5644066,337.2453082,801.1358873,658.5409446,692.3798359,528.7247806,503.9241696,566.7820109,1098.283243,1105.382126,941.1486298,540.1067931,676.8488296,644.7631138,1,1,1,0,1,1,1,0,1,1,1,0,1,1,1,0,0,0,ENSMUSG00000038384,ENSG00000139718
Mllt6,-0.81968484,0.727115284,-1.206511901,-0.634219763,-0.716877077,1138.577014,1000.460924,153.286097,350.9725303,513.6987237,246.7634152,585.4861247,467.6040339,3159.968928,2594.422322,2976.918157,2440.353276,1297.433135,1348.33087,987.0623321,1207.389691,3708.776061,2997.375116,3146.609723,2082.290546,1967.886036,2296.909693,2997.024669,3244.677705,3078.732455,1310.938818,2317.18036,2038.473625,1,1,1,0,1,1,1,0,1,1,1,0,1,1,1,0,0,0,ENSMUSG00000038437,ENSG00000275023
Cdk19,-0.315457973,0.909805657,-2.027083372,-1.151492566,-1.238659593,160.3211441,215.6346848,77.32130559,134.8835607,94.3528268,115.3031434,84.68091201,179.5987812,6845.568695,7261.415452,6347.082631,6585.760858,1360.952074,2236.782676,1725.484912,1309.078162,6583.203315,4423.773039,6306.836599,2040.365233,2677.395967,3074.024601,4614.155007,4762.989935,3972.823654,1325.359145,2294.85685,2033.559272,1,1,1,0,1,1,1,0,1,1,1,0,1,1,1,0,0,0,ENSMUSG00000038481,ENSG00000155111
Socs7,1.806684506,0.495149465,0.813486057,-0.389062553,-0.613282537,63.83156663,58.10934687,0,170.6689951,95.10165876,30.11101198,115.7178074,300.949309,747.4779729,630.0615258,719.7423376,637.6848372,1189.215684,1129.186621,1228.205408,1264.026308,787.0455576,696.448924,785.6049575,578.8022378,554.6034504,598.4250132,807.2851186,686.8933467,830.5636658,420.8113607,558.9806957,536.6473478,1,1,1,1,0,1,1,0,1,1,1,0,1,0,1,0,0,0,ENSMUSG00000038485,ENSG00000274211
Slc19a3,-3.446573005,0.00612071,-0.959690164,-1.562397506,-1.256391313,2228.167012,2451.79437,2295.221913,78.45268324,166.2406948,270.2646929,476.6654052,72.8103167,2894.061562,3685.249063,2589.476213,5254.742006,1529.159633,1881.617859,2338.962893,1665.631408,2993.188604,2526.610906,2794.658702,839.670852,803.2187902,1170.791083,1576.168725,1839.921254,1264.668471,545.3505484,848.2933881,564.1677246,1,1,1,0,1,1,1,0,1,1,1,0,1,1,1,1,0,1,ENSMUSG00000038496,ENSG00000135917
Rpf2,0.003269477,0.999489477,1.087924287,1.423988965,1.979304065,543.3105439,693.8115993,923.7861246,1128.617548,911.3284938,650.6916246,605.0278736,313.8933653,146.8674404,182.3862311,192.2698785,145.0527741,336.4151194,249.3710416,446.0522184,387.4459457,104.6710205,134.8818802,121.5069001,302.7939272,371.9667969,295.0244622,33.28131039,10.32325261,35.29307362,146.8251476,58.93406696,103.201413,1,1,1,1,0,1,1,1,0,1,1,1,0,1,1,0,0,0,ENSMUSG00000038510,ENSG00000197498
Atf5,1.044411258,0.608085337,0.613709849,0.356208139,-0.611776709,37.11137595,179.9289415,33.91285333,206.4544296,118.3154495,176.9939972,143.6893303,221.6669642,2053.825206,2182.526144,1473.585371,1438.668081,2339.614239,3400.514204,2566.362063,2631.028282,1189.626406,1416.700533,1419.32629,1784.154987,1609.306219,1760.840008,728.7753608,1083.147428,655.2747335,409.0129113,567.9100998,636.900149,1,1,1,1,0,1,1,1,0,1,1,0,1,1,1,0,0,0,ENSMUSG00000038539,ENSG00000169136
Susd4,6.039769314,0.088492876,-1.08630365,-1.074872032,-1.488513632,0,0,0,8.258177183,0.748831959,0,18.77540583,40.45017594,405.8179274,377.8623832,459.2710683,544.6321142,216.434902,284.9954761,168.6752086,169.9098499,570.6583519,576.5539193,533.1638979,248.0581019,176.8993764,372.2706147,215.901834,219.9646902,228.2285427,49.81567509,74.11405391,111.0643778,1,1,1,0,1,1,1,0,1,1,1,0,1,0,0,0,0,0,ENSMUSG00000038576,ENSG00000143502
Cep85l,-0.339437712,0.911401979,-0.900344689,-0.517259166,-0.920930056,313.220013,513.8826578,153.286097,426.6724878,232.8867392,168.915433,343.7048782,119.7325208,554.2313408,566.3572441,537.6301131,547.368959,317.5946931,241.8143434,273.6286718,350.1172665,502.2196077,374.6718895,423.1792038,285.3250468,318.4188776,303.400551,1474.61806,1704.924873,1445.839583,639.7381433,948.3027138,852.1488105,1,1,1,0,1,1,1,0,1,1,1,0,1,1,1,0,0,0,ENSMUSG00000038594,ENSG00000111860
Ctss,0.7626337,0.729067358,1.077674494,0.995539476,3.283746956,1141.545924,548.8882885,1488.096004,2587.562184,1368.115989,1104.560049,893.9392205,3033.763196,915.989036,1274.958295,1221.820662,1034.527332,2111.416571,2062.978617,2623.836579,2589.838016,576.6970646,847.1992607,876.7351326,1452.246259,1549.06481,1585.872819,560.662075,605.8955185,437.6341129,5761.576106,4503.09848,5388.096631,1,1,1,1,0,1,1,1,0,1,1,1,0,1,1,0,0,0,ENSMUSG00000038642,ENSG00000163131
Herc1,0.142763091,0.964129902,-0.379673288,-0.508235768,-0.466951539,476.5100672,1116.679617,284.8679679,805.1722753,744.338967,704.3039143,429.1521333,775.0253711,951.5464163,822.0470322,995.4500879,815.5797489,757.5221569,744.8745398,541.0101137,711.8192955,1942.452591,1616.819401,1779.657097,1192.542236,1288.018703,1271.304149,4054.346299,3490.053478,4678.685126,2990.251444,2837.764618,3013.481261,1,1,1,0,1,1,1,0,1,1,1,0,1,1,1,0,0,0,ENSMUSG00000038664,ENSG00000103657
Gngt2,0.332304116,0.927335062,0.656295439,1.579829228,1.221317407,145.4765937,73.51182435,203.47712,173.4217208,290.5468,256.3108093,138.7081002,25.8881126,360.9847087,390.9523041,534.0023795,350.3161338,434.0460806,614.2516133,773.4070678,759.4455414,310.993705,255.6584658,335.1914486,826.8603397,1180.922864,685.9086077,62.29578611,66.70409378,72.93901881,149.4470253,181.2669029,138.5847546,1,1,1,1,0,1,1,1,0,1,1,1,0,1,1,0,0,0,ENSMUSG00000038811,ENSG00000167083
Rpl12,0.796831125,0.685060622,0.311905391,1.117639088,1.383804414,1931.276004,2911.768357,5933.392818,8398.566195,4885.379699,4844.935268,4052.805459,9022.007243,7308.587625,7799.847531,7022.566619,8858.25432,8676.216505,10293.30252,9965.581216,9530.397946,3562.840504,4066.732767,4521.942136,8501.521803,10254.42656,7611.072718,713.414756,811.5664744,895.2676341,2667.760495,1934.108925,1714.126327,1,1,1,1,0,1,1,1,0,1,1,1,0,1,1,0,0,0,ENSMUSG00000038900,ENSG00000197958
Rabggtb,-0.371743234,0.912496422,0.859553616,0.678578322,0.89558393,455.7276966,338.8545046,1931.676125,706.0741491,888.863535,387.7710811,335.2751041,1194.089194,465.33789,523.5968358,581.1629158,636.7725556,1022.184401,892.7699195,1024.545712,1064.510954,470.0131399,506.027446,547.8285237,887.4191252,851.0294325,701.7301088,163.8464511,155.6428855,164.7010102,370.9956856,285.7409307,245.7176501,1,1,1,1,0,1,1,1,0,1,1,1,0,1,1,0,0,0,ENSMUSG00000038975,ENSG00000137955
Abhd2,-0.186406849,0.946251457,-1.46803917,-0.439397316,-0.443402543,1091.074453,2255.062726,1258.845115,1710.81904,1041.625255,1296.242345,1264.082935,1433.554235,18191.46496,25877.90095,17297.75914,22144.72352,6829.462178,8504.524094,7145.581617,7706.441451,13087.90336,10360.33893,12315.14331,9300.431934,9265.702473,7807.445468,10304.40572,11869.35821,9640.891277,7013.522678,8994.588735,7387.255432,1,1,1,0,1,1,1,0,1,1,1,0,1,1,1,0,0,0,ENSMUSG00000039202,ENSG00000140526
Tgfb2,-1.519492258,0.295493036,-2.358946786,-1.000516827,-0.71074783,240.4817161,168.7271397,81.39084798,71.57086892,82.37151546,35.25191646,63.22330535,32.36014076,3609.847087,4070.092737,2125.851864,1798.10703,506.9752323,548.4003858,613.4779811,593.3972789,1963.588086,1596.54304,1260.110352,819.8727875,479.0626356,1110.297108,1583.849028,2096.414376,1774.065167,998.9353795,1201.004849,1131.284061,1,1,1,0,1,1,1,0,1,1,1,0,1,1,1,0,0,0,ENSMUSG00000039239,ENSG00000092969
Vstm2b,0.717360628,NA,-1.883473072,-1.238911623,-1.898611449,0,0,4.069542399,0,0,0,0,11.32604926,156.1432787,134.3898545,132.0495015,263.6493819,41.16968244,51.81735929,46.22950163,46.33904998,223.4323706,193.0662207,323.6692425,69.87552167,178.8118021,64.21668104,92.16362876,54.79264846,111.7613998,22.28595991,35.71761634,10.8115766,1,1,1,0,1,1,1,0,1,1,1,0,1,0,0,0,0,0,ENSMUSG00000039257,ENSG00000187135
Prrc2b,0.455569467,0.884689249,-0.414374284,-0.386964487,-0.791734897,541.8260888,712.7146399,71.89524905,432.1779392,529.4241948,559.6241738,568.6265766,943.298103,3541.824273,3214.884572,3553.727792,3066.178452,2694.849785,2494.789944,2272.742256,2575.678861,4862.17019,4337.378109,4447.571533,3584.614261,3293.19704,3558.907077,5051.078876,5191.00787,5611.598705,2787.055928,3072.607946,3295.565123,1,1,1,0,1,1,1,0,1,1,1,0,1,1,1,0,0,0,ENSMUSG00000039262,ENSG00000288701
Megf9,-1.142865931,0.680473852,-0.82727127,-0.595151426,-1.172149773,68.28493174,359.857883,217.0422613,4.129088591,107.8318021,122.6472927,188.5204014,63.10227447,1426.160145,1427.674039,1324.122748,1237.966129,763.4035401,717.8863319,783.4026357,789.0510455,939.0198277,709.6726377,806.5544231,527.5601886,533.5667678,563.0593048,1763.909451,1753.364751,1845.82775,873.085253,742.0334795,766.6390682,1,1,1,0,1,1,1,0,1,1,1,0,1,1,0,0,0,0,ENSMUSG00000039270,ENSG00000106780
C130074G19Rik,#N/A,#N/A,-1.641367586,-0.663335761,-0.899816676,#N/A,#N/A,#N/A,#N/A,#N/A,#N/A,#N/A,#N/A,13921.48737,14621.44164,9527.879413,13668.71519,4347.518466,4044.99261,3553.424395,4639.053781,7897.629783,5987.697584,6579.179651,4319.471831,4151.876175,4449.564523,3935.728295,4254.768268,4912.795848,1687.178259,3219.943113,2111.206049,1,1,1,0,1,1,1,0,1,1,1,0,1,0,0,0,0,0,ENSMUSG00000039349,#N/A
Prdm16,1.422225811,0.818945404,-1.867611167,-0.519395736,-1.216038112,25.23573564,0.700112613,0,0,0,30.8454269,19.54174893,64.72028151,1144.020062,1255.759745,1036.80625,1311.860938,364.6457587,327.0970805,318.6087274,289.6190624,1105.084427,878.0545927,956.3431017,632.3734711,636.8377551,779.9069379,1116.203948,1272.14236,1014.087649,363.1300527,513.4407349,585.7908778,1,1,1,0,1,1,1,0,1,1,1,0,1,0,0,0,0,0,ENSMUSG00000039410,ENSG00000142611
Mtmr7,-0.22781981,0.979782137,0.677206006,-0.771668097,-0.951638482,0,18.20292793,0,0,9.734815464,0,3.831715476,12.9440563,136.8186155,141.3711457,169.7779304,95.78956782,192.9093691,202.9513239,259.8847659,216.2488999,164.0516955,144.5792703,177.0229838,85.01521803,79.36566618,119.1265967,302.9452612,300.9625184,322.3434057,162.5564135,158.0504523,158.2421666,1,1,1,1,0,1,1,0,1,1,1,0,1,0,0,0,0,0,ENSMUSG00000039431,ENSG00000003987
Tspyl4,-0.317757779,0.911401979,-0.47096431,-1.161463884,-2.103377173,302.8288277,805.8296174,1215.436663,649.6432717,642.4978206,644.8163052,790.0997311,380.2316539,761.3917304,530.578127,630.5000921,531.8601718,446.9851236,412.3798177,453.5488944,459.5289123,452.9034539,604.7645087,448.3185624,203.8036049,213.2354646,255.9360476,605.0371555,485.986969,631.7460178,140.2704536,88.40110044,172.9852257,1,1,1,0,1,1,1,0,1,1,1,0,1,1,1,0,0,0,ENSMUSG00000039485,ENSG00000187189
Atp8b1,2.233132614,0.076711376,2.582899293,0.885357595,1.245512517,130.6320433,336.7541668,119.3732437,1511.246424,799.7525319,1050.947759,626.4854803,616.4606814,216.4362279,157.9517121,444.0345873,134.105395,1240.971856,1301.911152,1730.482696,1442.946529,449.8840975,851.6071653,632.6738591,977.0927113,1568.189067,1028.397573,401.0824585,597.1604586,459.9863928,1047.440116,1336.731792,1074.277566,1,1,1,1,0,1,1,1,0,1,1,1,0,1,1,0,0,0,ENSMUSG00000039529,ENSG00000081923
Myo9a,-0.075221397,0.980978327,-0.641216536,-0.461216329,-0.851825336,475.0256121,726.7168921,217.0422613,271.1434842,491.9825969,321.6737377,510.3845014,650.4388292,825.5496122,722.5636334,941.7596313,815.5797489,596.372257,484.708215,487.2839361,552.2070123,1165.471555,906.2651821,979.3875137,708.0719529,700.9040158,805.9658809,3740.307267,3923.630088,4181.052788,1782.876793,2316.28742,2460.125113,1,1,1,0,1,1,1,0,1,1,1,0,1,1,1,0,0,0,ENSMUSG00000039585,ENSG00000066933
Rcan2,2.367563205,0.307067629,0.59215034,-0.945388515,-1.794597961,38.59583098,169.4272523,65.11267839,97.72176333,1157.694208,503.8086394,587.785154,4.854021113,3445.200957,2562.13385,3575.494193,2566.248136,4690.991245,4229.591952,4631.696285,4766.486169,2566.452905,2054.965116,2350.530033,1019.018024,1083.389154,1516.072079,4240.38029,5468.941594,4237.521706,707.9069619,1634.973888,1673.828632,1,1,1,1,0,1,1,0,1,1,1,0,1,1,0,0,0,0,ENSMUSG00000039601,ENSG00000172348
Zer1,-0.300099617,0.909854091,-0.347776195,-0.516033272,-0.572464143,519.5592633,633.6019146,221.1118037,357.8543446,304.0257752,459.7437438,399.2647526,339.7814779,1028.845069,974.762776,899.677922,796.4218353,829.275032,766.4651062,669.7030506,641.0235247,1092.00055,1064.949747,1003.479399,734.8575695,702.8164415,772.4615256,613.5708248,586.0431097,611.7466094,343.4659704,424.146694,448.1889937,1,1,1,0,1,1,1,0,1,1,1,0,1,1,1,0,0,0,ENSMUSG00000039686,ENSG00000160445
Arhgap29,-0.11140733,0.978730824,-0.405083744,-0.731209667,-0.547511657,3967.948316,5011.406083,2650.628616,3473.939868,4269.090997,5749.734458,4290.75499,158.5646897,7966.399161,9533.825719,8218.267599,9102.745788,5862.562779,6400.523401,7265.528432,6768.075689,10605.99244,10094.98307,12240.77271,6562.476076,6677.2343,6603.150029,9409.223803,12584.83903,9467.955216,5808.769904,8907.080575,6808.344648,1,1,1,0,1,1,1,0,1,1,1,0,1,1,1,0,0,0,ENSMUSG00000039831,ENSG00000137962
Nhsl1,-0.517905423,0.866267277,-0.48450983,-0.440335652,0.659955041,1083.652178,1264.403379,126.1558144,579.4487657,396.1321062,871.7505174,457.1236563,576.0105054,1505.777757,1405.857504,1361.851177,1180.492388,942.1975895,1061.176337,847.1243812,1047.777408,1954.530016,1898.043713,1898.021577,1419.637682,1444.83761,1373.678568,1605.183201,1863.744144,1770.53586,2960.099852,2636.853026,2683.236739,1,1,1,0,1,1,1,0,1,1,1,1,0,1,1,0,0,0,ENSMUSG00000039835,ENSG00000135540
Mcph1,-0.455322615,0.858410523,1.836606367,1.012239596,1.936484992,449.7898765,719.0156534,309.2852223,225.7235097,563.121633,302.5789496,460.5722002,244.3190627,93.53136992,94.24743045,91.41888563,73.89480946,332.8862894,290.3931177,272.3792258,368.1380082,103.6645683,126.066071,137.2189993,284.1604548,304.0756849,152.630952,135.6853423,170.7307162,169.4067534,764.277331,480.4019398,577.927913,1,1,1,1,0,1,1,1,0,1,1,1,0,1,1,0,0,0,ENSMUSG00000039842,ENSG00000147316
Rere,0.139755032,0.966032715,-0.79650325,-0.372769548,-0.456143975,540.3416338,1096.376352,244.172544,454.1997451,773.5434134,629.3935918,974.4052455,622.9327095,2427.950685,2678.197815,2509.666074,2956.70466,1519.74942,1732.642951,1489.33962,1342.545254,2764.723973,2518.676678,2614.493299,1916.918478,1859.833985,2321.107283,2183.765982,2287.791597,2375.223855,1439.410822,1866.245454,1681.691597,1,1,1,0,1,1,1,0,1,1,1,0,1,1,1,0,0,0,ENSMUSG00000039852,ENSG00000142599
Heca,0.220687647,0.94865363,-0.621419476,-0.697756044,-0.524645427,442.3676013,635.0021398,168.2077525,488.6088167,602.0608948,572.1092275,605.7942167,150.4746545,1217.453782,1321.209349,1348.06579,1686.808675,782.2239663,891.6903912,1065.777429,883.0163413,1029.600518,911.5546676,975.1976206,600.9294863,580.4211972,616.1078674,907.1290498,1100.617547,805.8585143,529.6192826,753.6417048,671.30062,1,1,1,0,1,1,1,0,1,1,1,0,1,1,1,0,0,0,ENSMUSG00000039879,ENSG00000112406
Clstn1,0.588193763,0.876330988,-1.081264957,-0.543266459,-1.552255998,734.8052437,810.7304057,21.70422613,935.9267474,783.2782288,1118.513933,878.9955301,210.3409149,8999.109162,9128.038171,8570.883301,10832.4317,4326.345486,4721.856865,4599.210689,4088.133965,7923.797539,6963.607659,7667.504386,4809.765075,4941.707986,5723.660702,5719.265185,6671.997571,6651.567941,1865.465938,2240.387485,2384.444076,1,1,1,0,1,1,1,0,1,1,1,0,1,1,1,0,0,0,ENSMUSG00000039953,ENSG00000171603
Hip1,-0.137427632,0.972852384,-1.568038918,-0.417195293,-0.571685818,1049.509712,1593.456307,89.52993278,1081.821211,966.7420587,667.5831679,965.2091283,459.5139987,4910.783414,5177.500045,4588.357402,4023.161849,1551.50889,1752.074461,1434.363996,1567.804524,5536.493111,4596.562898,4586.885479,3330.733199,3711.062053,3979.572872,4210.512447,4977.39595,4291.637752,2467.186856,3509.255805,3090.145167,1,1,1,0,1,1,1,0,1,1,1,0,1,1,1,0,0,0,ENSMUSG00000039959,ENSG00000127946
Slc7a5,-1.947296824,0.267977742,-3.616331979,-1.023663901,-0.823644619,24435.61438,34026.1731,6587.23263,8043.464576,2455.419993,5685.840359,10873.25901,1053.322582,21401.67801,29018.6093,26330.8157,46706.08099,2439.597754,3519.262319,2116.561507,1990.004758,24330.97999,16858.47186,26605.82123,11034.50946,10961.06785,11349.60037,4885.525691,4782.048247,3946.942066,2501.271265,3127.970251,2063.04539,1,1,1,0,1,1,1,0,1,1,1,0,1,1,1,0,0,0,ENSMUSG00000040010,ENSG00000103257
Gjb6,21.97810277,4.00225E-11,0.570700381,-1.489814938,-2.532579841,0,0,0,0,57.66006082,0,0,338.1634709,454.5160786,338.5926205,647.1876665,476.2109943,752.8170503,756.7493513,737.1731341,601.1204539,593.8067506,766.0938164,567.730516,170.0304361,194.1112076,321.0834052,364.3876804,416.9005861,309.4026121,66.85787973,18.75174858,103.201413,1,1,1,1,0,1,1,0,1,1,1,0,1,0,0,1,1,0,ENSMUSG00000040055,ENSG00000121742
Thbs1,6.488423568,8.13088E-08,3.327911807,2.427047179,2.030122676,48.98701625,72.11159912,44.76496639,4956.282673,8561.395784,5566.130726,5482.418503,286.3872457,136.8186155,157.9517121,142.9327021,123.1580158,1156.279938,676.8642558,774.6565138,3024.910207,365.3421195,514.8432552,1512.551412,5807.820442,2816.04683,4242.954332,573.462579,1004.531889,457.6335213,3127.90002,2525.235475,2675.373774,1,1,1,1,0,1,1,1,0,1,1,1,0,1,1,1,1,0,ENSMUSG00000040152,ENSG00000137801
Fmo1,3.306610031,0.298797825,-1.540060153,-0.83591353,-1.520136867,0,2.100337839,1.356514133,2.752725728,2.246495876,0.734414926,2.299029285,53.39423225,1635.639494,2053.372258,1617.969166,2310.809289,571.6704476,611.0130283,610.9790891,826.3797247,1276.181288,835.7387088,1195.167009,425.0760901,619.6259239,805.9658809,815.818788,1091.088391,743.5074176,226.7924156,303.5997389,392.1653695,1,1,1,0,1,1,1,0,1,1,1,0,1,0,0,0,0,0,ENSMUSG00000040181,ENSG00000010932
Ankrd6,0.150544674,0.976771124,-1.689442973,-0.685650114,-1.511355589,40.08028602,70.01126128,0,19.26908009,46.42758144,77.84798218,44.06472797,16.18007038,449.8781595,345.5739116,251.0391621,470.7373047,116.4513875,126.3048133,109.9512471,117.1348208,254.6323863,202.7636108,217.8744416,128.1051231,156.8189067,134.0174213,354.1472772,320.8149272,379.9887593,81.27820673,157.1575119,128.7560486,1,1,1,0,1,1,1,0,1,1,1,0,1,0,1,0,0,0,ENSMUSG00000040183,ENSG00000135299
Zfp704,#N/A,#N/A,-1.315035427,-0.762583492,-1.149331787,#N/A,#N/A,#N/A,#N/A,#N/A,#N/A,#N/A,#N/A,741.2940806,624.8255574,721.1934311,752.6323186,319.9472464,286.0750044,278.6264558,256.1519707,1119.174757,877.1730118,943.7734223,549.6874371,561.2969403,620.7612501,1912.395297,1944.741972,1789.358832,596.4771623,970.626224,975.0076355,1,1,1,0,1,1,1,0,1,1,1,0,1,0,0,0,0,0,ENSMUSG00000040209,#N/A
Tm7sf3,-1.411093674,0.360389795,-0.990351903,-0.379400769,-0.613104567,1288.506973,1623.561149,3978.655952,300.0471043,878.3798876,1087.668506,1135.720467,915.7919834,1432.344037,1560.318571,1392.324139,1570.036631,584.6094906,960.7802035,857.1199491,593.3972789,1175.536076,1155.752581,1133.366085,821.0373796,835.730027,1005.13066,639.1718328,746.4505733,509.3966959,503.4005062,318.7797258,420.6686169,1,1,1,0,1,1,1,0,1,1,1,0,1,1,1,0,0,0,ENSMUSG00000040234,ENSG00000064115
Daam2,-1.128622447,0.599916166,0.353020297,-0.89091658,-1.247188648,66.8004767,261.8421172,35.26936746,63.31269174,67.39487629,22.03244779,60.92427606,64.72028151,1791.009786,1494.868966,1817.494512,1430.457546,2396.075518,2011.161258,1876.667877,2063.37492,2106.504287,2186.320673,2163.032316,1157.604476,860.591561,1463.023516,3121.616241,3583.756848,3625.775096,964.8509702,1736.769095,1646.308256,1,1,1,1,0,1,1,0,1,1,1,0,1,1,1,0,0,0,ENSMUSG00000040260,ENSG00000146122
Hey1,-1.544998534,0.344548609,-2.961320848,-0.686900435,-1.397335509,2976.332351,1510.142906,1184.236838,657.9014489,873.8868958,704.3039143,880.1450448,121.3505278,2737.145297,3033.371002,2841.240922,4320.56565,363.4694821,484.708215,362.3393371,449.2313457,1629.445982,1358.516192,1389.997038,881.596165,936.1323758,900.8948877,757.7898365,852.8594848,597.62938,199.2627004,361.6408654,275.2037681,1,1,1,0,1,1,1,0,1,1,1,0,1,1,1,0,0,0,ENSMUSG00000040289,ENSG00000164683
Cchcr1,0.031076644,0.993964145,1.91120417,1.261424113,2.227841323,325.0956533,256.2412163,35.26936746,199.5726153,107.8318021,130.7258569,65.13916309,548.5043858,108.9911005,95.99275323,105.9298199,85.75447024,383.466185,386.4711381,263.6331039,460.8161081,152.9807222,178.0793451,163.4058312,448.3679307,449.4200374,289.440403,45.22844745,58.76313024,69.40971145,224.1705379,356.283223,226.0602381,1,1,1,1,0,1,1,1,0,1,1,1,0,1,1,0,0,0,ENSMUSG00000040312,ENSG00000204536
Mars1,0.399010242,0.870645396,0.892190439,0.719875369,0.5851372,2352.861235,1013.062951,1227.64529,1647.506348,2215.044934,2170.930522,1489.770977,2571.013183,858.7880329,1029.740444,791.5714621,880.3517424,1724.421556,1747.756348,1559.308595,1572.953308,716.5939092,834.8571278,760.4655989,1394.016657,1231.602145,1185.681908,367.8011481,454.2231148,392.929553,694.7975737,550.0512916,580.8765248,1,1,1,1,0,1,1,1,0,1,1,1,0,1,1,0,0,0,ENSMUSG00000040354,ENSG00000166986
Sgms1,-2.998905601,0.007164656,-0.4680229,-0.930600456,-1.178752328,9653.411111,6783.391106,9190.383252,1000.615802,795.2595402,897.4550399,2153.040926,495.1101536,17477.2254,21351.4063,24616.34882,30604.31078,15306.88793,18831.29199,17743.3825,16110.54304,24735.57375,18173.79059,24901.58221,11805.46939,10850.14716,12919.65168,11610.91049,13681.48609,10149.11154,3910.530495,7065.837452,4676.498316,1,1,1,0,1,1,1,0,1,1,1,0,1,1,1,1,0,1,ENSMUSG00000040451,ENSG00000198964
Ltbp4,-1.695446552,0.613983453,-1.283052412,-0.717219814,-1.597605152,1643.291727,1302.20946,0,224.3471468,314.5094227,248.2322451,141.7734726,587.3365547,31969.94982,36128.18167,23443.86534,37816.8091,10646.47988,14217.38796,16881.26477,11410.99106,14534.17506,11690.64453,15628.30129,7510.453987,7465.153685,10480.34848,6677.596251,10137.43406,5524.542457,1504.957763,2833.299916,3041.001637,1,1,1,0,1,1,1,0,1,1,1,0,1,0,1,0,0,0,ENSMUSG00000040488,ENSG00000090006
Pvr,1.185604835,0.578343918,2.367901902,1.084447764,2.02729322,887.7041126,305.2490992,70.53873492,1164.402983,1500.659245,873.2193473,711.1663923,538.7963436,420.5046714,426.7314212,570.2797151,658.667314,2574.869567,2051.103805,2311.475081,3779.206965,626.0132185,709.6726377,954.2481551,1829.574076,1976.491952,1049.803134,206.5147978,192.1713178,147.0544734,854.7321095,749.1770027,630.0200548,1,1,1,1,0,1,1,1,0,1,1,1,0,1,1,0,0,0,ENSMUSG00000040511,ENSG00000073008
Milr1,2.940381189,0.20806877,1.919235251,2.068674118,2.811342478,17.81346045,0,1.356514133,11.01090291,79.37618763,23.50127764,44.06472797,80.90035189,20.09764974,31.41581015,11.60874738,7.298252787,51.75617221,62.61264248,87.4612193,64.35979164,11.07097332,14.98687558,14.66462587,46.58368111,44.94200374,79.10750563,11.94713706,12.70554167,1.176435787,60.30318564,45.53996083,82.56113043,1,0,1,1,0,1,1,1,0,0,1,1,0,0,1,0,0,0,ENSMUSG00000040528,ENSG00000271605
Abcb1a,#N/A,#N/A,-2.190476478,-0.860120738,-1.010072209,#N/A,#N/A,#N/A,#N/A,#N/A,#N/A,#N/A,#N/A,25613.6816,28417.3456,26881.50565,31714.55748,6242.500134,7558.857287,5541.292965,5328.990748,31916.60962,25757.14963,26338.71554,15034.88308,13306.65796,17940.6516,17698.83019,21909.11842,18326.51669,7824.993806,11753.7746,9183.942889,1,1,1,0,1,1,1,0,1,1,1,0,1,0,0,0,0,0,ENSMUSG00000040584,#N/A
Mthfd1l,2.377512548,0.04780375,0.666578942,0.89424946,3.71931833,71.25384182,31.50506758,85.46039038,286.2834757,500.2197484,351.0503347,181.6233135,305.8033301,219.528174,208.5660729,282.9632174,331.1582202,328.1811829,501.9806681,362.3393371,460.8161081,165.0581476,158.684565,361.3782805,407.6072097,503.9241696,360.1718198,50.34864905,69.08638285,63.52753251,1031.70885,633.0947496,746.9816562,1,1,1,1,0,1,1,1,0,1,1,1,0,1,1,1,1,0,ENSMUSG00000040675,ENSG00000120254
Il17rd,-1.441612966,0.401484927,-1.497247726,-0.546987849,-1.071518429,302.8288277,264.6425677,151.9295829,38.53816019,64.39954845,105.7557494,195.4174893,35.59615483,1110.008655,1438.145976,1101.379908,1156.773067,371.7034186,453.4018938,457.2972323,419.6258415,1218.813517,1024.397025,947.9633154,706.9073608,723.8531241,752.9173183,872.1410055,1201.467784,983.5003182,436.5426265,467.0078336,550.4075362,1,1,1,0,1,1,1,0,1,1,1,0,1,1,1,0,0,0,ENSMUSG00000040717,ENSG00000144730
Kcna2,6.4968101,0.10748135,1.053911783,-1.089792393,-2.552101893,0,0,0,15.1399915,8.985983505,0,0,69.57430262,944.5895376,266.1617249,733.5277251,456.1407992,1471.522078,1182.083509,1236.95153,1095.403654,728.6713347,553.6328155,636.8637522,280.6666787,368.1419455,252.2133415,1968.717514,1403.962355,2946.971647,381.4831961,267.8821226,428.5315817,1,1,1,1,0,1,1,0,1,1,1,0,1,0,0,0,0,0,ENSMUSG00000040724,ENSG00000177301
Cd53,2.077863867,0.63841558,1.806657625,1.187435891,2.113454923,23.75128061,0,74.60827732,0,236.630899,399.5217199,50.96181583,3.236014076,218.7551875,405.7875478,296.7486049,349.4038522,773.9900298,779.419446,1414.372861,1476.41362,143.9226531,212.4610009,299.5773571,536.8769248,409.2590979,547.2378037,87.04342717,120.7026459,54.11604622,395.9035231,321.4585471,426.5658405,1,1,1,1,0,1,1,1,0,1,1,1,0,0,0,0,0,0,ENSMUSG00000040747,ENSG00000143119
Chil3,#N/A,#N/A,4.981694001,4.302720186,7.710943848,#N/A,#N/A,#N/A,#N/A,#N/A,#N/A,#N/A,#N/A,12.36778445,16.58056647,32.64960201,20.07019516,416.401931,775.1013327,502.277288,901.037083,52.33551023,206.2899344,86.94028197,3037.256008,1163.711033,2625.43851,2.560100799,0,0,150.7579641,326.8161895,85.50974223,1,1,1,1,0,1,1,1,0,0,1,1,0,0,0,0,0,0,ENSMUSG00000040809,#N/A
Plekhh2,-0.224229662,0.975468401,-1.816800656,-1.229978906,-1.28767686,89.06730227,73.51182435,12.2086272,0,11.98131134,0,13.41100417,224.9029782,661.6764682,664.9679815,410.6594386,674.1761012,167.031283,174.8835876,181.1696685,160.8994791,737.7294037,693.8041812,408.5145779,273.6791265,138.6508626,372.2706147,756.0831026,794.0963546,770.5654407,250.3893143,385.7502565,311.5699803,1,1,1,0,1,1,1,0,1,1,1,0,1,1,0,0,0,0,ENSMUSG00000040852,ENSG00000152527
Rfx3,0.153463976,0.967471365,-0.758915289,-0.583058785,-1.160923198,345.8780238,838.0347976,158.7121536,203.7017038,664.9627794,218.855648,495.440811,907.7019482,190.154686,149.2250982,197.3487055,186.1054461,124.685324,93.91896372,107.4523551,101.6884708,208.3355888,151.6319176,170.7381441,115.2946107,109.0082644,129.3640386,1189.593505,1052.17767,1154.083507,525.6864661,521.4771986,471.7778881,1,1,1,0,1,1,1,0,1,1,1,0,1,1,1,0,0,0,ENSMUSG00000040929,ENSG00000080298
Rcc2,0.955565969,0.596481232,-0.703149906,0.499137951,0.498079183,307.2821928,573.3922299,142.433984,693.6868834,540.6566742,978.2406817,611.1586184,485.4021113,1368.959142,1684.236489,1120.244122,1264.422295,803.3969459,961.8597319,805.8926635,767.1687164,910.8391683,975.0284935,1010.811712,1497.665348,1389.377265,1208.948821,506.0465913,545.5441956,498.8087738,685.6210019,770.6075725,733.2214678,1,1,1,0,1,1,1,1,0,1,1,1,0,1,1,0,0,0,ENSMUSG00000040945,ENSG00000179051
Cables1,0.494289197,0.928575693,-1.438798589,-0.862338122,-1.383739243,7.422275189,203.7327703,0,114.2381177,56.91122886,98.41160012,39.08349785,189.3068234,769.1215957,794.1218677,972.9581399,1888.422909,454.0427835,419.9365159,407.3193927,350.1172665,601.8583676,491.9221514,653.6233247,301.6293352,261.0461068,397.3988812,419.856531,394.6658882,330.5784562,97.00947255,219.6633405,119.9102132,1,1,1,0,1,1,1,0,1,1,1,0,1,0,1,0,0,0,ENSMUSG00000040957,ENSG00000134508
Mill2,#N/A,#N/A,0.880614846,-0.710470145,-0.871558863,#N/A,#N/A,#N/A,#N/A,#N/A,#N/A,#N/A,#N/A,1374.370047,1550.719295,1379.264298,1580.98401,2658.385209,2479.676548,2884.970791,2811.235699,1086.968289,989.1337882,1063.185376,598.6003023,577.5525587,740.8185233,925.0497554,1100.617547,1038.7928,443.0973206,652.7394386,575.9621718,1,1,1,1,0,1,1,0,1,1,1,0,1,0,0,0,0,0,ENSMUSG00000040987,#N/A
Map7d2,7.643705201,0.026264626,0.845328546,-0.77045612,-0.770613862,0,0,0,165.1635437,10.48364742,0,0.383171548,30.74213372,218.7551875,124.7905792,237.2537746,176.9826301,329.3574595,377.8349115,346.0965392,310.2141957,212.3613973,202.7636108,161.3108846,114.1300187,93.70885886,130.2947152,446.310906,461.369982,684.6856282,327.7347046,333.9597128,270.2894151,1,1,1,1,0,1,1,0,1,1,1,0,1,0,0,1,1,0,ENSMUSG00000041020,ENSG00000184368
Wdr43,0.66241777,0.711749449,0.953080929,0.572484302,0.952909398,758.5565243,504.0810812,611.787874,975.8412705,1018.411464,801.2466845,733.3903421,1415.756158,617.6162361,710.3463739,647.1876665,705.1936755,1213.917494,1066.573979,1485.591282,1423.638591,542.4776925,555.3959773,660.9556376,954.9654628,894.0590106,766.8774664,600.7703208,605.1014222,661.1569125,1233.593428,1317.980043,1060.517378,1,1,1,1,0,1,1,1,0,1,1,1,0,1,1,0,0,0,ENSMUSG00000041057,ENSG00000163811
Ostc,-0.532528076,NA,0.730963108,0.912863499,0.734861728,1472.579398,2098.237501,12275.09639,3618.457969,4179.979994,4394.004504,3841.677936,2223.14167,1335.720721,1732.232865,1373.459925,1719.650813,2465.47584,2345.815036,2697.553892,2714.696011,816.2326691,1092.278755,875.6876593,1706.127321,1788.118021,1750.602566,276.4908863,286.668784,198.8176481,520.4427108,376.8208524,376.4394399,1,1,1,1,0,1,1,1,0,1,1,1,0,1,1,0,0,0,ENSMUSG00000041084,ENSG00000198856
Chd7,2.324080687,0.184218565,2.110960874,0.677551993,1.605567969,276.108637,325.552365,29.84331093,802.4195496,710.6415288,449.4619349,569.3929197,2742.521929,187.8357264,167.5509875,243.783695,140.4913661,789.2816262,599.1382168,732.1753501,1081.2445,415.6647254,359.6850139,448.3185624,711.565729,812.7809187,432.7645896,671.5997763,683.7169613,763.506826,2207.62097,2305.572135,1930.357859,1,1,1,1,0,1,1,1,0,1,1,1,0,1,1,0,0,0,ENSMUSG00000041235,ENSG00000171316
Thoc6,0.248092149,0.932895204,0.604452725,0.958693463,1.415164544,311.735558,249.9402028,648.4137556,316.5634587,496.4755886,611.0332186,344.4712213,626.1687236,207.9333761,280.9969686,237.2537746,228.9826812,334.0625661,359.4829301,382.3304729,375.8611832,151.9742701,187.7767352,163.4058312,344.7192402,339.4555602,295.9551387,25.60100799,39.70481773,28.2344589,89.14383964,83.04345799,78.62964802,1,1,1,1,0,1,1,1,0,1,1,1,0,1,1,0,0,0,ENSMUSG00000041319,ENSG00000131652
Atp1b2,-1.571360609,0.523146417,0.287931617,-0.873546628,-1.52787545,14.84455038,557.2896398,66.46919252,35.78543446,68.14370824,26.43893734,103.8394894,124.5865419,7334.869167,7312.029812,8269.781416,7196.989529,9098.499819,8955.766931,9474.548942,9239.491688,7805.036188,7859.29387,8654.224212,4044.628112,3642.214729,5584.989898,3161.724487,3590.903715,3538.718848,1263.745021,966.161522,1340.635499,1,1,1,1,0,1,1,0,1,1,1,0,1,1,1,0,0,0,ENSMUSG00000041329,ENSG00000129244
Pum3,1.669963795,0.272169205,0.904535273,1.030237624,0.51459146,345.8780238,174.3280406,85.46039038,557.4269599,801.2501958,339.2996959,366.695171,1147.16699,613.7513035,618.7169277,578.2607289,650.4567796,1208.03611,944.5872788,1219.459286,1235.707999,435.7937678,464.5931429,431.55899,989.9032236,894.0590106,839.4702362,303.7986281,333.5204689,327.0491489,448.3410758,479.5089994,449.1718643,1,1,1,1,0,1,1,1,0,1,1,1,0,1,1,0,0,0,ENSMUSG00000041360,ENSG00000080608
Pik3r1,1.001304273,0.616219599,0.478057378,-0.334565675,-0.423295304,234.543896,324.1521397,40.69542399,406.0270448,349.7045247,337.0964511,473.6000328,435.2438932,1177.258483,1161.512314,1334.280402,1208.773118,1779.706558,1494.067193,1815.445023,1713.257653,1384.878117,1343.529317,1593.206854,1090.058138,1115.900391,1219.186263,3038.839648,3454.319142,3577.541229,2199.755337,2621.673039,2685.20248,1,1,1,1,0,1,1,0,1,1,1,0,1,1,1,0,0,0,ENSMUSG00000041417,ENSG00000145675
Mfsd6,0.319721618,0.921208867,-0.931515858,-0.487905652,-0.971890787,657.6135818,271.6436938,217.0422613,656.525086,293.5421278,178.4628271,474.7495474,781.4973992,1004.882487,965.1635007,1068.004759,984.3518446,563.4365111,571.0704805,511.0234099,462.103304,676.3358244,570.3828529,591.8224013,390.1383293,467.5880815,451.3781204,991.6123761,1250.701758,1230.551834,519.131772,582.1971463,667.3691376,1,1,1,0,1,1,1,0,1,1,1,0,1,1,1,0,0,0,ENSMUSG00000041439,ENSG00000151690
Rrp9,0.035254562,0.989098108,1.18272512,1.221257635,1.203004842,380.0204897,606.2975227,549.3882239,578.0724028,588.5819196,574.3124723,374.7417735,508.0542099,334.7031668,321.1393926,310.5339924,315.649433,748.1119437,646.6374628,697.1908624,819.9437455,264.6969075,299.7375116,270.2481054,804.7330912,589.9833257,554.683216,76.80302397,83.38011723,90.58555562,184.8423734,186.6245454,204.4370849,1,1,1,1,0,1,1,1,0,1,1,1,0,1,1,0,0,0,ENSMUSG00000041506,ENSG00000114767
Irf8,7.891749051,0.008871398,5.081765488,0.883776721,3.673558411,0,0,0,105.9799405,14.22780722,15.42271345,0,110.0244786,86.57449117,124.7905792,91.41888563,74.80709106,3675.864503,2746.320042,2635.081593,3726.431936,133.8581319,128.7108138,211.5896019,366.8464887,270.6082353,237.3225169,38.40151199,30.17566147,34.11663783,423.4332383,391.1078989,494.383912,1,1,1,1,0,1,1,1,0,1,1,1,0,0,0,1,1,0,ENSMUSG00000041515,ENSG00000140968
Pcca,-1.889881773,0.11330337,-0.919788116,-0.37651962,-0.491975397,765.9787995,680.5094597,1699.712209,330.3270873,207.4264526,340.0341108,305.3877234,231.3750064,1184.988348,1404.112181,1106.458735,1316.422346,701.0608781,633.683123,655.9591447,657.7570706,917.8843332,983.8443027,1003.479399,685.9447043,722.8969112,827.3714413,826.9125581,1003.737792,915.2670425,633.1834492,705.4229227,613.3112546,1,1,1,0,1,1,1,0,1,1,1,0,1,1,1,0,0,0,ENSMUSG00000041650,ENSG00000175198
Slc39a11,-0.459156377,0.852431219,-0.506774066,0.617406925,0.985526069,629.4089361,672.8082209,885.8037289,779.0213809,369.1741557,536.1228962,259.4071377,710.3050896,219.528174,277.506323,271.35447,247.2283131,150.5634101,195.3946257,201.1608044,167.3354583,148.9549137,164.8556314,188.5451898,256.2102461,249.5715527,264.3121365,41.81497972,61.1454193,52.93961043,103.5641666,87.50816003,117.944472,1,1,1,0,1,1,1,1,0,1,1,1,0,1,1,0,0,0,ENSMUSG00000041654,ENSG00000133195
Fcho2,0.212857479,0.942368817,-0.491540477,-0.620909294,-0.528037898,492.8390726,847.8363741,546.6751956,732.2250436,901.5936783,725.6019471,964.0596137,321.9834005,2180.594996,2177.290176,2437.111403,2860.915092,1523.27825,1640.883044,1799.202226,1905.049833,2161.859153,1742.003891,1954.585134,1069.095481,1383.639987,1354.134361,3813.696824,4406.440671,3782.241056,2249.571012,3278.87718,2792.335375,1,1,1,0,1,1,1,0,1,1,1,0,1,1,1,0,0,0,ENSMUSG00000041685,ENSG00000157107
Amot,-1.362150667,0.595119819,-1.283904872,-0.897868839,-1.11484265,258.2951766,568.4914416,16.2781696,31.65634587,74.88319587,140.2732509,227.9870708,71.19230966,1766.274217,1795.064485,1434.405848,1606.527895,775.1663065,677.9437841,605.9813051,651.3210914,1332.542607,1139.002544,977.2925672,543.864477,629.1880524,676.6018423,1918.368865,2015.416548,2030.528169,761.6554534,1077.779073,911.1210465,1,1,1,0,1,1,1,0,1,1,1,0,1,1,1,0,0,0,ENSMUSG00000041688,ENSG00000126016
Gpr155,-0.203329382,0.960819035,-1.674084922,-0.535556104,-0.570789561,247.9039913,139.32241,13.56514133,42.66724878,166.9895268,117.5063882,129.5119831,122.9685349,1145.566035,1340.4079,1004.882195,1469.685655,431.6935273,372.4372699,368.586567,381.0099665,783.0197491,683.2252102,499.644753,451.8617068,422.6460777,482.0904461,559.808708,500.2807034,548.2190769,407.7019725,337.5314744,339.0903571,1,1,1,0,1,1,1,0,1,1,1,0,1,1,1,0,0,0,ENSMUSG00000041762,ENSG00000163328
Ptpre,2.695002955,0.047219571,3.248213997,1.3328353,1.35997637,63.83156663,372.45991,131.5818709,1491.977344,1968.67922,1212.519043,857.5379235,608.3706462,105.1261678,78.53952537,79.81013825,96.70184942,791.6341795,735.158785,762.1620539,1134.019529,119.7678022,122.5397474,177.0229838,451.8617068,368.1419455,236.3918404,229.555705,179.4657761,197.6412123,488.9801792,557.1948149,510.1098416,1,1,1,1,0,1,1,1,0,1,1,1,0,1,1,1,1,0,ENSMUSG00000041836,ENSG00000132334
Tcf20,-0.215653546,NA,-0.572607021,-0.419011524,-0.618568461,19.29791549,406.0653154,18.99119786,74.32359465,122.8084412,93.27069563,80.84919654,268.5891683,464.5649035,350.80988,443.3090406,303.7897722,252.8994778,270.961608,248.639752,279.3214957,619.9745057,588.0144712,497.5498064,411.1009858,413.0839493,451.3781204,2634.343722,2723.750496,3246.962773,1657.026666,1976.077124,1967.706942,1,1,1,0,1,1,1,0,1,1,1,0,1,1,1,0,0,0,ENSMUSG00000041852,ENSG00000100207
Mcm3,-0.08915293,0.980331731,0.526526476,0.737680182,1.774128301,2623.032052,1264.403379,264.5202559,1319.931986,1805.433853,1347.65139,1353.361906,677.9449488,524.8578527,633.5521714,488.2929367,526.3864822,816.3359889,910.0423726,664.7052667,736.2760164,389.4969703,489.2774086,457.7458219,774.4536985,786.9631719,669.15643,174.9402213,202.4945704,194.1119049,724.9491665,596.4841929,634.9344078,1,1,1,1,0,1,1,1,0,1,1,1,0,1,1,0,0,0,ENSMUSG00000041859,ENSG00000112118
Znrf3,-1.137626982,0.52245758,-0.646699152,-0.668662882,-0.571636029,350.3313889,901.7450453,208.9031765,246.3689526,117.5666175,163.7745286,248.6783344,331.6914427,316.1514901,390.0796427,329.3982069,332.0705018,225.8451151,214.8261354,213.6552643,218.8232916,475.0454005,435.5009727,427.3690969,294.641783,257.2212554,290.3710795,550.4216718,716.2749118,589.3943294,389.348829,405.3949455,454.0862173,1,1,1,0,1,1,1,0,1,1,1,0,1,1,1,0,0,0,ENSMUSG00000041961,ENSG00000183579
Acacb,-0.12607669,0.974039868,-0.834356824,-1.118728755,-0.829391593,436.4297811,275.8443695,99.02553171,309.6816444,97.34815464,121.1784628,144.4556734,567.9204703,1253.011162,1274.958295,1917.619958,1320.983754,837.5089685,1014.756619,688.4447405,692.5113581,4111.356909,3085.533207,3671.393835,1587.338934,1586.357111,1829.710071,1026.60042,1194.320917,912.9141709,477.1817298,641.1312133,643.7802432,1,1,1,0,1,1,1,0,1,1,1,0,1,1,1,0,0,0,ENSMUSG00000042010,ENSG00000076555
Dstyk,-0.478679672,0.836734671,-0.681008952,-0.562764013,-0.567197475,902.548663,590.8950452,326.9199061,375.7470618,466.5223103,387.7710811,569.3929197,376.9956398,896.6643728,1037.594396,755.2941265,759.9305714,483.4496995,548.4003858,561.0012495,558.6429914,865.548823,789.0149202,800.2695834,538.0415168,509.6614467,613.3158378,855.9270338,900.5052661,805.8585143,448.3410758,625.9512264,652.6260786,1,1,1,0,1,1,1,0,1,1,1,0,1,1,1,0,0,0,ENSMUSG00000042046,ENSG00000133059
Tmcc2,1.116898202,0.887682927,0.519785775,-0.592403353,-1.587888395,28.20464572,0,0,0,17.97196701,0,7.663430951,76.04633078,1159.479792,766.1967031,1101.379908,940.5623279,1532.688463,1554.520779,1375.640035,1226.697629,872.5939878,654.13304,869.4028197,520.5726364,517.3111494,550.0298333,589.6765507,528.0740758,737.6252386,180.9095569,205.376294,229.0088499,1,1,1,1,0,1,1,0,1,1,1,0,1,0,0,0,0,0,ENSMUSG00000042066,ENSG00000133069
Inpp5f,0.26316152,0.921809144,-1.742815813,-0.71595072,-0.593382363,204.8547952,153.3246622,191.2684928,189.9380752,361.6858361,191.6822957,181.6233135,173.126753,1226.72962,1268.849665,1542.512308,1714.177123,436.3986339,450.1633088,431.0588665,400.317904,1476.46526,1092.278755,1221.353841,699.9198087,745.8460195,859.9451201,1146.925158,1092.676584,1168.200737,780.0085969,713.4593864,765.6561976,1,1,1,0,1,1,1,0,1,1,1,0,1,1,1,0,0,0,ENSMUSG00000042105,ENSG00000198825
Tmc7,-1.995415041,0.212627146,-1.261422769,-1.003877111,-1.358802238,752.6187042,628.7011263,100.3820458,39.91452305,178.9708381,140.2732509,111.1197488,148.8566475,1019.569231,1086.463434,1874.812702,3247.72249,866.9158845,768.6241628,617.226319,762.019933,1495.58785,1177.792104,1804.796456,704.5781768,801.3063645,725.9276988,947.2372956,910.8285187,758.8010828,292.3393565,458.0784296,268.3236739,1,1,1,0,1,1,1,0,1,1,1,0,1,1,1,0,0,0,ENSMUSG00000042246,ENSG00000170537
Grk3,1.91956049,0.621037749,0.73674966,-0.725769031,-0.682721441,44.53365114,0,0,68.81814319,141.5292402,41.8616508,6.897087856,19.41608445,306.1026652,239.9818831,370.7543695,306.526617,559.9076812,509.5373664,451.0500024,520.0271165,437.8066721,403.7640597,445.1761426,279.5020867,211.3230389,287.5790499,512.8735267,421.6651643,574.1006642,250.3893143,350.0326401,336.1417453,1,1,1,1,0,1,1,0,1,1,1,0,1,0,0,0,0,0,ENSMUSG00000042249,ENSG00000100077
Trem1,10.49625737,NA,5.966124779,4.850433207,6.384576496,8.906730227,1.400225226,0,0,24270.39261,91.80186578,0,213.576929,0,2.617984179,0.725546711,0.912281598,49.40361893,76.64651062,27.48781178,102.9756666,0,7.052647331,3.14241983,142.0802274,63.1100478,99.58238944,0,0,0,13.10938818,18.75174858,10.8115766,1,0,1,1,0,0,1,1,0,0,1,1,0,0,0,0,0,0,ENSMUSG00000042265,ENSG00000124731
Ikbke,7.004619408,0.000783362,3.904992058,1.641223417,2.64071477,4.453365114,0,0,150.0235522,38.93926185,138.8044211,16.093205,527.4702943,13.14077098,8.72661393,9.432107247,7.298252787,117.6276641,163.0087761,81.21398935,220.1104874,17.10968604,20.27636108,19.90199226,71.04011369,53.54791935,54.90991567,17.92070559,6.352770837,24.70515153,107.4969831,97.33050453,93.37270703,1,0,1,1,0,1,1,1,0,0,1,1,0,0,1,1,1,0,ENSMUSG00000042349,ENSG00000263528
Gnl3,1.647618951,0.280204126,1.536653317,1.060808571,1.865205438,543.3105439,391.3629506,196.6945493,985.4758105,1100.034147,718.2577979,534.5243089,2571.013183,276.7291771,263.5437407,288.0420444,372.2108921,870.4447144,661.7508593,934.5856005,1015.597512,278.7872372,294.4480261,364.5207003,739.5159376,647.3560964,569.5740406,215.0484671,261.2577007,249.4043869,1165.424609,748.2840623,733.2214678,1,1,1,1,0,1,1,1,0,1,1,1,0,1,1,0,0,0,ENSMUSG00000042354,ENSG00000163938
Atf4,1.098314728,0.584596096,2.731735316,0.929745212,0.575735471,2758.11746,618.1994371,2159.5705,2763.736631,4955.021071,2206.916853,2013.949654,7813.355985,2153.540468,1996.649267,2043.139539,2359.160213,14502.31471,11569.30499,11299.98953,19437.94427,2602.685182,2933.90129,3653.586789,6807.040402,6179.047408,4521.226616,1016.360017,993.4145396,990.5589329,1470.873354,1582.290404,1418.282276,1,1,1,1,0,1,1,1,0,1,1,1,0,1,1,0,0,0,ENSMUSG00000042406,ENSG00000128272
Mindy2,-0.833993695,0.677815043,-0.826243677,-0.474589745,-0.805053348,1546.802149,1499.641217,472.0669183,931.7976588,712.1391928,497.1989051,815.0058817,333.3094498,2012.85692,2188.634774,2664.207524,2974.950292,1304.490795,1517.816816,1345.653331,1381.161129,2095.433313,1717.319625,1748.232899,1180.896316,1429.538204,1389.50007,3107.96237,3657.607809,2757.565485,1609.832869,2062.692344,1777.030045,1,1,1,0,1,1,1,0,1,1,1,0,1,1,1,0,0,0,ENSMUSG00000042444,ENSG00000128923
Dctpp1,-0.723793932,0.796250456,-1.028927779,1.389705344,1.241098109,611.5954756,599.2963966,4301.506316,1354.341058,746.5854629,1629.666721,1087.440852,744.2832374,251.9936082,296.7048736,171.9545706,178.8071933,128.2141539,130.6229265,104.9534632,75.94455414,132.8516798,138.4082039,102.6523811,357.5297525,306.9443234,318.2913756,19.62743946,24.61698699,32.94020204,73.41257382,47.32584165,60.93797722,1,1,1,0,1,1,1,1,0,1,1,1,0,1,1,0,0,0,ENSMUSG00000042462,ENSG00000179958
Itpr3,0.349923617,0.92191962,-2.34749846,-0.429866952,-1.138626302,426.0385959,368.959347,94.95598932,258.7562184,209.6729484,324.6113974,157.4835061,941.680096,3700.286511,3855.418034,4016.626594,3769.547564,719.8813044,992.0865248,682.1975105,617.8539997,4658.866862,3364.994358,4046.389268,2921.961398,3011.114251,3025.629421,3024.332411,3875.984307,2930.501546,1036.952605,1709.087942,1716.092068,1,1,1,0,1,1,1,0,1,1,1,0,1,1,1,0,0,0,ENSMUSG00000042644,ENSG00000096433
Arrdc4,1.743145158,0.625519021,2.595607246,0.909576536,0.94628272,66.8004767,0,62.39965012,335.8325388,44.18108557,7.344149262,34.86861083,297.7132949,122.1318715,140.4984843,82.71232509,88.49131504,617.5452366,484.708215,795.8970956,723.404058,120.7742544,132.2371375,111.0321673,260.8686142,209.4106132,215.9169566,110.0843344,106.4089115,58.82178937,166.4892299,131.26224,235.8889441,1,1,1,1,0,1,1,1,0,1,1,1,0,0,0,0,0,0,ENSMUSG00000042659,ENSG00000140450
Wdr55,-0.687092233,0.687117086,0.63775176,1.153085445,1.390255896,899.5797529,511.78232,725.7350612,338.5852645,505.4615721,403.9282094,503.8705851,459.5139987,177.7869015,232.1279306,232.1749476,224.4212732,362.2932055,329.2561372,316.1098355,339.8196999,136.8774883,193.9478016,152.9310984,387.8091452,369.0981584,322.0140818,44.37508052,68.29228649,38.82238098,171.7329852,102.688147,126.7903074,1,1,1,1,0,1,1,1,0,1,1,1,0,1,1,0,0,0,ENSMUSG00000042660,ENSG00000120314
Mapk6,-0.068559855,0.980811374,2.14516263,0.655545178,0.490965459,492.8390726,197.4317568,367.6153301,327.5743616,309.267599,340.0341108,283.1637737,420.6818298,723.5153905,617.8442663,689.9949225,665.0532852,2639.564783,1994.968333,3390.996417,3905.352157,520.3357459,583.6065667,708.0919351,1131.983451,1000.198636,723.1356691,659.6526392,691.6579248,764.6832617,1026.465095,1067.956729,877.7034461,1,1,1,1,0,1,1,1,0,1,1,1,0,1,1,0,0,0,ENSMUSG00000042688,ENSG00000069956
Naa25,0.64426806,0.756532229,2.315246094,0.845635262,0.830060754,406.7406804,355.6572073,157.3556394,667.535989,537.6613464,469.2911379,317.6492129,404.5017594,330.0652476,374.3717376,348.2624214,390.4565241,1598.559955,1389.352946,2006.61026,2186.94572,385.4711619,368.5008231,329.9540822,731.3637934,703.7726543,514.6641249,494.0994542,539.1914247,459.9863928,977.9603584,787.5734403,893.4293757,1,1,1,1,0,1,1,1,0,1,1,1,0,1,1,0,0,0,ENSMUSG00000042719,ENSG00000111300
Wdr74,-0.020784953,0.993570211,0.869490283,1.106390525,1.114312119,431.976416,470.4756758,434.0845226,393.6397791,631.2653412,378.223687,333.3592464,459.5139987,201.7494839,237.3638989,171.9545706,201.6142332,374.0559719,364.8805717,334.8515253,409.3282748,171.0968604,185.1319924,174.9280372,461.178443,377.704074,307.1232572,45.22844745,43.6752995,79.99763354,124.5391877,140.1916441,97.30418943,1,1,1,1,0,1,1,1,0,1,1,1,0,1,1,0,0,0,ENSMUSG00000042729,ENSG00000133316
Sgtb,0.270562033,0.941634097,-0.630744007,-0.565725626,-1.176821433,270.1708169,32.9052928,108.5211306,308.3052815,170.7336866,105.7557494,85.06408356,156.9466827,271.3182714,308.0494717,301.8274319,288.2809851,175.2652195,182.4402858,197.4124664,200.8025499,281.8065935,216.8689054,227.301701,161.8782919,160.643758,167.5217766,323.4260676,278.7278205,425.869755,131.0938818,165.1939756,156.2764254,1,1,1,0,1,1,1,0,1,1,1,0,1,1,1,0,0,0,ENSMUSG00000042743,ENSG00000197860
Apobr,21.23007965,2.07493E-10,1.2052524,1.547225764,2.374822424,0,0,0,202.325341,0,0,0,29.12412668,13.14077098,16.58056647,31.9240553,18.24563197,28.23063939,62.61264248,38.73282569,55.34942081,24.15485087,47.60536949,49.23124401,140.9156354,94.66507171,119.1265967,11.94713706,11.91144532,9.411486298,48.50473628,57.14818614,67.81807142,1,1,1,1,0,1,1,1,0,0,1,1,0,0,0,1,1,0,ENSMUSG00000042759,ENSG00000184730
9930038B18Rik,#N/A,#N/A,-3.398754879,-0.814883133,-1.599446533,#N/A,#N/A,#N/A,#N/A,#N/A,#N/A,#N/A,#N/A,79.61761242,78.53952537,67.47584415,32.84213754,3.528829923,14.03386814,3.74833797,2.574391666,86.5548823,89.03967256,102.6523811,47.74827314,38.24851382,71.66209334,62.29578611,83.38011723,63.52753251,9.176571728,18.75174858,40.29769461,1,1,0,0,1,1,1,0,1,1,0,0,1,0,0,0,0,0,ENSMUSG00000042976,#N/A
Sbk1,6.309684658,0.198994653,-0.87578288,-0.440604851,-2.021495375,0,0,0,0,14.22780722,0,0,67.95629559,343.9790051,253.9444654,512.2359782,369.4740473,258.780861,219.1442487,173.6729926,154.4634999,319.0453219,298.8559307,280.7228382,225.9308534,212.2792517,224.2930454,352.4405433,246.9639663,323.5198415,53.74849155,66.07759023,106.1500248,1,1,1,0,1,1,1,0,1,1,1,0,1,0,0,0,0,0,ENSMUSG00000042978,ENSG00000188322
Notum,-0.643266204,NA,-4.241212594,-1.186064947,-1.437500825,121.7253131,184.8297298,128.8688426,0,0,0,10.72880333,454.6599776,656.2655625,732.1629088,476.6841893,604.8426997,35.28829923,39.94254779,27.48781178,27.03111249,741.7552122,602.1197659,504.8821194,244.5643258,226.6224444,340.6276125,79.36312477,90.52698442,76.46832617,23.59689873,41.07525879,25.55463561,1,1,1,0,1,1,1,0,1,1,1,0,1,1,0,0,0,0,ENSMUSG00000042988,ENSG00000185269
Tuba1c,1.276206482,0.456762264,3.405744386,1.841940942,1.448517399,461.6655168,253.4407658,1216.793177,1088.703025,1717.820513,2643.893734,833.0149444,1512.83658,282.9130694,300.1955192,408.4827985,332.0705018,3093.607566,2890.976837,3163.597247,4887.482577,254.6323863,255.6584658,559.3507298,1406.82717,1490.735826,934.399243,46.08181438,71.46867191,44.70455992,166.4892299,177.6951413,101.2356718,1,1,1,1,0,1,1,1,0,1,1,1,0,1,1,0,0,0,ENSMUSG00000043091,ENSG00000167553
Exoc3l,#N/A,#N/A,-1.676201351,0.68142507,1.883698052,#N/A,#N/A,#N/A,#N/A,#N/A,#N/A,#N/A,#N/A,157.6892518,179.768247,99.39989945,58.38602229,48.22734229,43.18113274,37.4833797,25.74391666,118.7613501,115.4871,114.1745872,187.4993165,214.1916774,157.2843347,50.34864905,25.41108335,24.70515153,94.38759491,132.1551805,145.4648488,1,1,1,0,1,1,1,1,0,1,1,1,0,0,0,0,0,0,ENSMUSG00000043251,#N/A
Tmem64,-1.317860659,0.403053584,-0.642645853,-0.405117955,-0.681855371,307.2821928,408.8657659,1287.331912,268.3907584,369.1741557,293.7659705,237.5663595,169.890739,1368.959142,1826.480296,1537.433481,1354.738174,903.3804604,952.143977,1153.238649,890.7395163,1069.858603,1459.016417,1195.167009,911.8755577,933.2637372,967.9035983,588.8231838,824.272016,618.8052241,361.8191138,409.8596475,494.383912,1,1,1,0,1,1,1,0,1,1,1,0,1,1,1,0,0,0,ENSMUSG00000043252,ENSG00000180694
Fam13c,-3.434397132,0.090622645,-1.616528448,-0.50747828,-0.651600453,317.6733781,443.8713965,90.88644692,0,7.488319587,54.34670454,49.42912964,19.41608445,1886.087129,2342.223179,1591.123938,2310.809289,885.7363108,997.4841664,406.0699467,360.4148332,3013.317646,3214.244021,2383.001705,2099.759426,1834.972451,2123.803857,1478.884895,1653.30861,1701.126148,815.4039449,1355.48354,902.2752111,1,1,1,0,1,1,1,0,1,1,1,0,1,1,0,0,0,0,ENSMUSG00000043259,ENSG00000148541
Ifi209,#N/A,#N/A,3.45660045,3.581593547,4.159676526,#N/A,#N/A,#N/A,#N/A,#N/A,#N/A,#N/A,#N/A,12.36778445,24.43451901,10.88320067,17.33335037,108.217451,119.8276434,228.6486162,252.2903832,9.058069077,9.697390081,3.14241983,89.67358614,98.48992309,78.1768291,19.62743946,19.05831251,19.99940838,267.4315189,288.4197519,490.4524296,1,1,1,1,0,0,1,1,0,1,1,1,0,0,0,0,0,0,ENSMUSG00000043263,#N/A
Rhbdl2,-0.095661327,0.980141994,-1.926537767,3.205697813,3.442848299,56.40929144,100.1161036,54.26056532,97.72176333,59.15772474,24.23569257,17.24271964,132.6765771,15.45973057,27.05250318,14.51093423,20.07019516,1.176276641,7.55669823,6.24722995,5.148783331,11.07097332,15.8684565,10.47473277,139.7510433,106.1396259,103.3050956,11.94713706,4.764578127,9.411486298,99.63135019,99.11638534,82.56113043,1,1,0,0,1,1,1,1,0,0,1,1,0,1,1,0,0,0,ENSMUSG00000043333,ENSG00000158315
Tril,1.44154675,0.723443124,-2.334091767,-1.076823166,-1.399910968,26.72019068,0,0,17.89271723,35.94393402,13.21946867,11.87831797,40.45017594,2192.962781,2674.70717,1625.224633,1887.510627,456.3953367,419.9365159,386.0788109,399.0307082,1283.226453,975.9100745,1091.467154,497.2807959,401.6093951,688.7006373,687.813748,691.6579248,582.3357147,167.8001687,249.130374,324.3472981,1,1,1,0,1,1,1,0,1,1,1,0,1,0,1,0,0,0,ENSMUSG00000043496,ENSG00000255690
Mmp3,2.574904415,NA,6.189786636,7.310026684,11.57427837,0,0,0,0,1.497663917,0,0,4.854021113,0,0.872661393,0.725546711,0,22.34925618,9.715754867,11.24501391,75.94455414,2.012904239,6.171066415,24.09188536,1872.663981,1929.637522,1290.848357,0,0,0,343.4659704,1065.277907,151.3620724,1,0,0,1,0,0,1,1,0,0,1,1,0,0,0,0,0,0,ENSMUSG00000043613,ENSG00000149968
Ecm2,-0.828616621,0.863947453,-0.638354786,-0.867644304,-1.469138765,141.0232286,0,17.63468373,8.258177183,50.92057319,12.48505375,40.99935559,35.59615483,2148.902549,2691.287736,1650.618768,2267.932053,1242.148133,1189.640207,1545.56469,1650.185058,1113.136044,1142.528868,878.8300792,511.2559002,414.0401621,792.0057329,2337.372029,2721.368207,2288.167606,781.3195357,871.5098387,999.5794005,1,1,1,0,1,1,1,0,1,1,1,0,1,0,0,0,0,0,ENSMUSG00000043631,ENSG00000106823
Tox3,1.011756501,0.900490387,-0.789275706,-0.972276871,-1.10611761,10.39118527,227.5365992,0,165.1635437,0,0,13.02783262,622.9327095,85.80150464,72.43089562,50.06272308,65.68427508,41.16968244,29.1472646,48.72839361,39.90307082,63.40648354,65.23698781,54.46861039,29.11480069,32.51123675,31.64300225,81.92322557,71.46867191,123.5257577,36.70628691,44.64702043,46.19491821,1,1,1,0,1,1,1,0,1,1,1,0,1,0,0,0,0,0,ENSMUSG00000043668,ENSG00000103460
Ptpn11,0.243037248,0.932713965,0.265234151,-0.366480192,-0.655878162,1065.838717,1338.615316,613.1443881,1680.539057,1049.862406,1319.009208,1272.129538,631.0227447,5469.652674,5379.084827,4870.595073,4774.881886,6042.533105,6134.959435,6042.320807,6411.522443,4797.757255,4238.641046,4956.643545,3561.322421,3585.798171,3705.023293,2791.363238,3022.330725,2861.091835,1494.470253,2266.282757,1741.646704,1,1,1,1,0,1,1,0,1,1,1,0,1,1,1,0,0,0,ENSMUSG00000043733,ENSG00000179295
Trem6l,#N/A,#N/A,4.205538625,2.685290313,2.993764536,#N/A,#N/A,#N/A,#N/A,#N/A,#N/A,#N/A,#N/A,2.318959585,5.235968358,2.902186845,5.47368959,43.52223572,97.15754867,79.96454336,66.93418331,5.032260599,14.98687558,7.332312937,66.38174558,69.80353772,42.8111207,3.413467732,7.146867191,2.352871575,34.08440927,26.78821226,45.21204761,1,0,1,1,0,0,1,1,0,0,1,1,0,0,0,0,0,0,ENSMUSG00000043740,#N/A
Wdfy3,0.457849247,0.887410902,-0.358486233,-0.491790517,-0.731255977,158.8366891,387.8623875,48.83450879,100.4744891,364.6811639,265.8582033,371.2932296,262.1171401,1157.933819,1008.79657,1418.443821,1215.159089,971.6045056,904.644731,884.6077609,984.7048121,2215.201115,1947.412244,1781.752044,1412.65013,1374.077859,1440.687279,4259.154363,4003.039723,4646.92136,2241.705379,2791.331717,2739.260363,1,1,1,0,1,1,1,0,1,1,1,0,1,1,1,0,0,0,ENSMUSG00000043940,ENSG00000163625
S100a1,NA,NA,-0.791705634,0.34358707,-0.687410222,0,0,0,0,0,0,0,0,1276.973745,1348.261852,1307.435174,1409.475069,761.0509868,865.7817115,739.6720261,716.9680789,655.2003299,647.9619736,722.7565609,922.356886,831.9051756,817.1339994,611.864091,665.4527451,565.8656137,313.3143776,528.6207218,300.7584037,1,1,1,0,1,1,1,1,0,1,1,0,1,0,0,0,0,0,ENSMUSG00000044080,ENSG00000160678
Ctla2a,#N/A,#N/A,2.183350918,1.753343592,1.862736306,#N/A,#N/A,#N/A,#N/A,#N/A,#N/A,#N/A,#N/A,3975.469715,4790.911048,5171.696958,3844.354655,26053.35132,17920.17009,11914.71696,24882.78264,9478.766063,8864.296114,12894.39604,40220.35027,46942.40101,18150.05382,151.0459471,152.4665001,168.2303176,544.0396096,825.0769375,344.0047101,1,1,1,1,0,1,1,1,0,1,1,1,0,0,0,0,0,0,ENSMUSG00000044258,#N/A
Rps2,0.639606551,0.847579467,0.874166883,1.632016489,1.139526625,1833.301972,18053.80395,41677.54022,51481.47656,24653.79458,43137.32952,24990.06516,15589.49781,4740.726378,5961.149976,5806.550331,6075.795445,9866.608466,9500.928732,10264.19881,11763.68272,2627.846485,2928.611804,3321.53776,8992.979638,10827.19805,7695.764283,279.0509871,285.0805913,198.8176481,749.857004,485.7595822,452.1204761,1,1,1,1,0,1,1,1,0,1,1,1,0,1,1,0,0,0,ENSMUSG00000044533,ENSG00000140988
Kcnj10,-1.273577812,NA,0.466058549,-0.630268144,-1.396312408,2.968910076,109.2175676,1.356514133,0,0.748831959,0,7.280259404,71.19230966,2372.295655,1275.830957,1633.931194,1487.931287,2326.675196,2439.734,2157.793225,2428.938537,1005.445668,930.9494477,1199.356902,652.1715355,764.9702764,607.7317786,1851.806245,1223.702482,1756.41863,606.9646728,652.7394386,574.9793012,1,1,1,1,0,1,1,0,1,1,1,0,1,0,0,0,0,0,ENSMUSG00000044708,ENSG00000177807
Macir,0.544755077,0.865234816,0.696012909,0.430650696,0.604316489,127.6631333,25.90416667,154.6426112,143.1417378,222.4030917,38.92399109,112.652435,231.3750064,251.9936082,294.9595508,372.2054629,395.9302137,468.1581032,499.8216115,587.2396153,575.3765373,265.7033596,276.8164078,294.3399908,370.3402648,405.4342465,351.7957309,384.0151199,342.2555288,403.517475,576.81308,617.9147627,520.9214182,1,1,1,1,0,1,1,1,0,1,1,1,0,1,1,0,0,0,ENSMUSG00000044768,ENSG00000181751
Tlr1,-0.88651704,0.801744502,2.229040398,1.524474357,2.798295208,212.2770704,333.2536037,223.824832,23.39816869,143.7757361,195.3543704,324.9294723,4.854021113,5.410905698,12.2172595,4.353280268,11.85966078,29.40691603,37.78349115,44.98005564,43.76465832,9.058069077,17.63161833,20.94946553,41.925313,35.37987528,59.56329836,14.50723786,11.91144532,5.882178937,64.23600209,90.18698126,74.69816562,1,0,1,1,0,0,1,1,0,0,1,1,0,1,0,0,0,0,ENSMUSG00000044827,ENSG00000174125
Ankrd50,1.507691581,0.368614695,-0.424752277,-0.59543064,-1.254338156,182.5879697,139.32241,56.97359359,428.0488507,349.7045247,685.2091262,230.2861001,101.9344434,1566.070706,1823.862311,1399.579606,1511.650608,1315.077285,1164.811056,1146.991419,1065.79815,1896.155794,2144.004789,1855.075173,1318.318175,1094.863708,1489.082459,1985.784853,2556.990262,2250.521661,820.6477002,992.9497343,1032.01413,1,1,1,0,1,1,1,0,1,1,1,0,1,1,1,0,0,0,ENSMUSG00000044864,ENSG00000151458
Prkce,0.274570276,0.937105038,0.731600595,-0.502358413,-1.409568203,123.2097681,185.5298424,206.1901482,240.8635012,323.4954062,295.9692153,133.7268701,43.68619002,935.3136992,712.9643581,1016.490943,956.071115,1576.210699,1287.877284,1578.050285,1572.953308,720.6197177,676.1725629,725.8989808,534.5477407,546.9537476,417.8737651,2505.485315,2161.530277,3146.965731,912.4134175,985.806211,1040.859966,1,1,1,1,0,1,1,0,1,1,1,0,1,1,1,0,0,0,ENSMUSG00000045038,ENSG00000171132
Dpy19l4,-1.131290288,0.459226247,-0.576023754,-0.451817662,-0.446335418,415.6474106,293.3471848,846.464819,173.4217208,250.1098742,220.3244779,183.9223428,355.9615483,799.2680703,917.1671241,779.9627147,906.8079087,482.2734229,603.4563301,570.9968174,625.5771747,778.9939407,637.3830026,567.730516,453.0262988,492.4496154,504.426683,1500.219068,1566.752108,1316.431646,1069.726076,1010.808542,1138.164155,1,1,1,0,1,1,1,0,1,1,1,0,1,1,1,0,0,0,ENSMUSG00000045205,ENSG00000156162
Lhfpl2,-1.32901693,0.491935175,-2.680214096,-0.70504266,-0.578219569,807.5435406,1117.37973,100.3820458,249.1216784,267.3330093,269.5302779,427.6194471,129.440563,2712.409728,3465.338392,1170.306845,1911.229948,292.8928836,290.3931177,354.8426611,507.1551581,1511.691084,1136.357801,1009.764239,773.2891064,670.3052047,800.3818217,825.2058242,929.0927348,761.1539544,481.1145463,661.6688427,540.5788302,1,1,1,0,1,1,1,0,1,1,1,0,1,1,1,0,0,0,ENSMUSG00000045312,ENSG00000145685
Penk,4.800452291,NA,-0.694749156,-1.280069803,-2.693737112,0,0,0,0,12.7301433,0,0,16.18007038,511.7170817,453.7839244,967.8793129,488.0706551,344.6490558,418.8569876,403.5710548,329.5221332,242.5549609,224.8031337,311.0995632,95.49654628,94.66507171,129.3640386,613.5708248,404.9891408,939.9721941,86.521962,111.6175511,103.201413,1,1,1,0,1,1,1,0,1,1,1,0,1,0,0,0,0,0,ENSMUSG00000045573,ENSG00000181195
Mtus1,-1.104459708,0.578343918,-0.593466855,-0.45205188,-0.821040402,12825.69153,16320.32512,4198.411242,4105.690423,5318.953403,6031.749789,8927.513887,1461.060355,7016.398717,7572.082907,8655.046719,8741.482275,5380.289356,6174.901982,5127.726343,4512.90859,8802.430239,8642.137724,9211.479996,5856.733308,6893.338403,6732.514068,4603.061237,5477.676654,4473.985299,1986.07231,3347.633591,2901.434012,1,1,1,0,1,1,1,0,1,1,1,0,1,1,1,0,0,0,ENSMUSG00000045636,ENSG00000129422
C2cd4c,1.358671075,0.619185023,-2.953997402,-1.162830394,-1.437334849,37.11137595,0.700112613,86.81690452,57.80724028,157.2547113,161.5712838,74.33528023,79.28234485,105.8991544,141.3711457,81.26123167,99.43869422,12.93904305,23.74962301,13.74390589,3.861587498,66.4258399,47.60536949,50.27871728,15.13969636,24.86153398,32.57367879,77.6563909,45.26349221,39.99881677,22.28595991,20.5376294,17.69167081,1,1,0,0,1,1,1,0,1,1,1,0,1,0,1,0,0,0,ENSMUSG00000045912,ENSG00000183186
Ifit2,-2.541794796,0.180189912,5.691888112,-0.652127668,1.423367198,2446.381902,4886.786038,1268.340714,451.4470193,523.4335392,757.181789,717.6803086,11.32604926,729.6992827,927.6390608,571.0052618,744.4217842,35491.79509,28931.35894,45659.75426,43532.96307,523.3551023,498.0932178,521.6416918,255.0456541,436.9892704,288.5097264,661.3593731,875.0941827,805.8585143,2014.912964,2110.911126,2155.435226,1,1,1,1,0,1,1,0,1,1,1,1,0,1,1,0,0,0,ENSMUSG00000045932,ENSG00000119922
Cavin2,-2.544740446,0.295030606,-3.115943142,-0.623951797,-1.318914509,49092.41256,6772.189304,1347.018534,1888.369849,6366.569313,2167.992862,5873.636653,43.68619002,6744.307459,7163.677376,8525.173858,12927.03025,813.9834356,1762.869744,655.9591447,844.4004663,7807.049093,5118.458801,7588.94389,4038.805152,4064.860806,5206.204547,6192.030466,7176.248756,5428.074723,1641.2954,3150.293761,2739.260363,1,1,1,0,1,1,1,0,1,1,1,0,1,1,1,0,0,0,ENSMUSG00000045954,ENSG00000168497
Slc25a51,-0.707251836,0.853768955,-0.699273553,-0.291081946,-0.68436455,133.6009534,246.4396397,321.4938495,1.376362864,211.1706124,219.5900629,162.0815646,121.3505278,1705.208281,2011.484511,1767.431789,1934.94927,1123.344192,1243.616623,1145.741973,1054.213387,1560.000786,1544.529766,1609.966426,1196.036013,1306.186747,1348.550302,1265.543162,1536.576446,1234.081141,726.2601053,905.4415742,878.6863167,1,1,1,0,1,1,1,0,1,1,1,0,1,1,0,0,0,0,ENSMUSG00000045973,ENSG00000122696
Lrrc8d,-0.055244575,0.98732988,0.592893562,0.842613366,1.01252083,350.3313889,189.7305181,54.26056532,74.32359465,183.4638299,270.2646929,239.8653888,184.4528023,234.2149181,276.6336616,265.5500963,241.7546236,378.7610784,429.6522708,331.1031873,395.1691207,345.2130771,424.0404208,361.3782805,694.0968485,816.6057701,518.386831,246.6230436,257.2872189,298.81469,610.8974893,506.2972116,501.2640062,1,1,1,1,0,1,1,1,0,1,1,1,0,1,1,0,0,0,ENSMUSG00000046079,ENSG00000171492
Plaur,3.732696987,0.0011648,5.346028315,2.185621307,2.093597882,279.0775471,72.81171173,387.9630421,2686.66031,4036.204258,3042.681039,1583.648006,5028.765873,197.1115647,235.6185761,325.0449267,530.0356086,11735.71205,9417.805051,7772.803504,23442.41051,564.6196392,463.711562,1294.67697,4659.532703,4230.285629,1677.079119,133.1252415,204.0827631,197.6412123,600.4099788,1126.890796,551.3904068,1,1,1,1,0,1,1,1,0,1,1,1,0,1,1,1,1,0,ENSMUSG00000046223,ENSG00000011422
Pilra,7.725861064,NA,2.897109122,2.58000379,4.898203685,0,0,0,0,1.497663917,0,3.831715476,213.576929,10.04882487,20.07121204,11.60874738,4.561407992,62.34266198,117.6685867,82.46343534,82.3805333,12.07742544,16.75003741,11.52220604,111.8008347,46.85442943,84.69156485,0.853366933,5.558674482,0,74.72351264,46.43290124,89.44122463,1,0,1,1,0,1,1,1,0,0,1,1,0,0,0,0,0,0,ENSMUSG00000046245,ENSG00000085514
Stxbp6,-3.820041467,0.021998805,-2.248830425,-0.817828153,-0.691124641,2268.247298,3810.712952,5728.559184,293.16529,56.91122886,125.5849524,882.4440741,33.97814779,840.2363563,839.5002601,1238.508236,1462.387402,211.7297954,302.2679292,222.4013862,184.0690041,832.335903,678.8173056,777.2251713,399.4550655,386.3099896,510.9414187,545.3014702,630.5125055,501.1616454,234.6580485,474.1513569,327.2959099,1,1,1,0,1,1,1,0,1,1,1,0,1,1,1,1,0,1,ENSMUSG00000046314,ENSG00000168952
Ppm1e,6.20276884,0.051582027,0.630843408,-1.024427687,-1.868831236,0,0,0,41.29088591,6.739487629,0,15.3268619,12.9440563,377.2174258,295.8322122,451.2900544,304.7020538,524.6193819,479.3105735,637.2174549,575.3765373,453.909906,479.5800185,466.1256081,187.4993165,190.2863563,308.9846102,1146.071791,1102.999836,1271.727086,318.5581328,265.2033013,380.3709223,1,1,1,1,0,1,1,0,1,1,1,0,1,0,0,0,0,0,ENSMUSG00000046442,ENSG00000175175
Ar,4.242272349,0.12880698,0.994682051,-1.025872069,-2.074927068,1.484455038,0,1.356514133,0,20.96729484,11.75063882,11.49514643,37.21416187,108.218114,65.44960448,89.24224549,65.68427508,163.5024531,130.6229265,196.1630204,167.3354583,94.60649925,111.0791955,72.27565609,38.43153692,38.24851382,59.56329836,380.6016521,344.6378179,388.2238098,49.81567509,89.29404085,122.858825,1,1,1,1,0,1,1,0,1,1,1,0,1,0,0,0,0,0,ENSMUSG00000046532,ENSG00000169083
Hmga1,1.393388722,0.48946119,3.07780889,1.635524012,1.382421223,238.9972611,796.7281534,207.5466624,615.2342001,431.3272082,1786.831516,381.2556898,2232.849712,218.7551875,228.637285,216.9384667,231.719526,1830.286454,1274.922944,1473.096822,2987.581528,296.9033753,216.8689054,373.9479598,1148.287739,1103.469624,505.3573595,57.17558451,49.23397398,63.52753251,169.1111076,149.1210482,123.8416956,1,1,1,1,0,1,1,1,0,1,1,1,0,1,1,0,0,0,ENSMUSG00000046711,ENSG00000137309
Bst2,-2.061269198,0.341515704,3.732646268,1.022553166,1.689527527,15709.98767,11915.91667,25903.99389,2606.831264,6915.463139,6653.799232,5152.5078,46.9222041,2684.582213,3278.588854,1384.343125,2238.739042,32146.46432,28386.19714,23859.42062,43032.24389,893.7294823,1092.278755,1035.951071,1756.204778,2617.154558,1765.49339,191.154193,263.6399897,196.4647765,922.900928,547.3724704,636.900149,1,1,1,1,0,1,1,1,0,1,1,1,0,1,1,0,0,0,ENSMUSG00000046718,ENSG00000130303
Mpeg1,2.872758583,0.655426844,3.072129635,1.391984368,3.285188612,0,2.800450451,0,0,14.22780722,0,0,22.65209853,463.791917,584.6831333,542.7089401,467.0881783,3992.28292,3216.994389,4669.179664,5434.540806,389.4969703,539.5275208,565.6355694,1367.231041,1176.1418,1380.193304,228.702338,196.1417996,136.4665513,1854.978428,1360.841183,2278.294052,1,1,1,1,0,1,1,1,0,1,1,1,0,0,0,0,0,0,ENSMUSG00000046805,ENSG00000197629
Ckap4,1.059611624,0.508995707,0.814487161,0.792440091,1.677923662,843.1704615,1297.308672,435.4410367,1105.21938,1516.384716,2657.113203,1542.648651,2129.297262,932.9947397,1073.373513,1252.293624,1148.562532,1920.859755,1838.436727,1962.87965,2029.907828,948.0778968,1037.620739,1093.562101,1723.596201,1946.849353,1662.188295,283.3178218,426.4297424,312.9319194,1423.679557,901.8698126,953.3844823,1,1,1,1,0,1,1,1,0,1,1,1,0,1,1,0,0,0,ENSMUSG00000046841,ENSG00000136026
Fbl,0.22132272,0.943863171,1.109927146,1.554617792,1.376552643,529.9504485,831.733784,2037.484228,1898.004389,954.7607474,1250.708619,985.5172204,1516.072594,309.9675978,385.7163357,288.7675911,385.8951161,723.4101343,647.7169912,678.4491725,906.1858663,177.1355731,207.1715154,229.3966476,683.6155203,648.3123093,471.8530042,56.32221758,81.79192452,69.40971145,188.7751898,175.9092605,174.9509669,1,1,1,1,0,1,1,1,0,1,1,1,0,1,1,0,0,0,ENSMUSG00000046865,ENSG00000105202
Atxn1,-0.719712594,0.745413554,-0.956477419,-0.599242016,-1.235409563,570.0307345,793.2275903,697.2482644,300.0471043,600.5632309,573.5780574,480.4971207,129.440563,571.2370444,443.3119877,482.488563,530.0356086,252.8994778,250.4505699,309.8626055,231.6952499,348.2324334,335.0007482,370.80554,189.8285005,258.1774683,245.6986057,1777.563321,1650.926321,1747.007144,656.7803479,685.7782337,854.1145517,1,1,1,0,1,1,1,0,1,1,1,0,1,1,1,0,0,0,ENSMUSG00000046876,ENSG00000124788
Tshz1,-0.176592196,0.960764134,-1.270176451,-0.47567335,-0.792184267,463.1499718,446.671847,103.0950741,539.5342426,225.3984196,229.137457,331.8265602,168.2727319,932.9947397,794.9945291,949.7406451,777.2639218,441.1037404,303.3474575,288.6220237,400.317904,1053.755369,861.3045553,953.2006818,680.1217442,641.6188193,739.8878468,1003.559513,1166.527545,962.324474,492.9129957,705.4229227,608.3969016,1,1,1,0,1,1,1,0,1,1,1,0,1,1,1,0,0,0,ENSMUSG00000046982,ENSG00000179981
Neurl3,-1.453998759,0.807980604,5.625731907,2.133544961,3.602212896,35.62692091,0,56.97359359,0,1.497663917,0,25.67249369,29.12412668,40.968286,82.03017095,36.27733557,25.54388475,1803.232091,1246.855208,3152.352233,2918.072953,26.16775511,37.90797941,47.13629745,189.8285005,164.4686094,134.0174213,11.09377013,18.26421615,7.058614724,127.1610654,132.1551805,194.6083789,1,1,1,1,0,1,1,1,0,0,1,1,0,0,0,0,0,0,ENSMUSG00000047180,ENSG00000163121
Tgif1,0.169651531,0.95826911,2.22668366,0.969073715,1.585523188,1000.522696,497.0799551,1835.363622,1021.261245,1341.158038,934.9102011,1055.637614,1894.686241,261.2694466,345.5739116,229.9983075,279.1581691,1175.100364,929.4738823,1473.096822,1643.749078,197.2646155,226.5662955,288.0551511,499.6099799,536.4354063,357.3797902,81.06985864,88.14469536,44.70455992,247.7674366,216.9845193,183.7968023,1,1,1,1,0,1,1,1,0,1,1,1,0,1,1,0,0,0,ENSMUSG00000047407,ENSG00000177426
Flrt2,3.574080154,0.054484681,-1.572470153,-0.747859259,-1.183867808,11.8756403,2.800450451,54.26056532,375.7470618,315.2582546,566.9683231,67.05502083,35.59615483,1756.998379,2292.48148,1164.502472,1405.825943,564.6127877,487.9468,702.1886464,471.1136748,1225.858682,1553.345575,1408.851557,723.2116492,620.5821367,1149.385523,1810.844632,2580.813152,2017.587375,781.3195357,979.5556281,1058.551637,1,1,1,0,1,1,1,0,1,1,1,0,1,0,1,0,0,0,ENSMUSG00000047414,ENSG00000185070
Arl4a,-2.002893144,0.130096583,-0.618765212,-0.455034762,-0.801975745,5985.322713,6978.722525,20343.64245,2038.393401,2165.622025,2176.805841,4583.881224,2884.906548,5539.994448,6206.367827,3769.940712,7654.954892,3811.136317,3612.101754,3439.72481,4225.863919,3623.227631,2761.993011,3589.690919,2284.929558,2705.12614,2284.810898,2426.122191,2725.338689,2291.696914,1334.535717,1700.158538,1233.502603,1,1,1,0,1,1,1,0,1,1,1,0,1,1,1,0,0,0,ENSMUSG00000047446,ENSG00000122644
Rnf152,0.396465338,0.921208867,-0.641162223,-0.694844509,-1.456971047,118.756403,7.001126128,33.91285333,118.3672063,99.59465051,63.15968366,19.54174893,48.54021113,847.9662215,908.4405102,721.9189778,708.8428019,476.3920396,530.0484044,529.7650997,507.1551581,689.419702,531.5932926,722.7565609,349.3776083,297.382195,552.8218629,1318.451911,1584.222227,1258.786292,353.9534809,574.1606827,584.8080072,1,1,1,0,1,1,1,0,1,1,1,0,1,0,1,0,0,0,ENSMUSG00000047496,ENSG00000176641
Baiap3,1.971730755,NA,0.884591219,-0.908562999,-1.773861819,50.47147129,0,17.63468373,0,8.237151546,0,22.22394976,414.2098017,84.25553158,67.19492726,55.86709677,103.0878206,174.0889429,138.1796248,118.697369,140.3043458,201.2904239,253.8953039,181.2128769,117.6237948,81.27809187,140.5321571,247.4764106,134.9963803,176.4653681,60.30318564,42.86113961,60.93797722,1,1,1,1,0,1,1,0,1,1,1,0,1,0,0,0,0,0,ENSMUSG00000047507,ENSG00000007516
Flrt1,2.133059001,0.661212483,1.058262699,-1.267779543,-2.158288903,0,0,14.92165546,0,2.995327835,4.406489557,12.26148952,88.99038708,24.73556891,11.34459811,36.27733557,19.15791356,43.52223572,48.57877434,47.47894762,52.77502915,38.24518055,56.42117865,64.94334316,15.13969636,14.34319268,36.29638494,349.0270756,262.8458934,431.7519339,72.101635,57.14818614,104.1842836,1,1,1,1,0,1,1,0,1,1,1,0,1,0,0,0,0,0,ENSMUSG00000047787,ENSG00000126500
Sned1,-0.210605795,0.959491189,-1.39962482,-1.052222759,-1.038215931,636.8312112,829.6334462,157.3556394,579.4487657,568.3634567,281.2809167,844.5100908,64.72028151,224.9390797,173.6596172,275.7077503,169.6843773,65.8714919,116.5890584,76.21620539,60.49820414,416.6711776,323.5401963,311.0995632,152.5615556,137.6946498,215.9169566,634.9049982,640.8357581,659.9804767,196.6408227,333.9597128,408.8741697,1,1,1,0,1,1,1,0,1,1,1,0,1,1,1,0,0,0,ENSMUSG00000047793,ENSG00000162804
Cd300lf,4.203564843,NA,5.382836115,2.616660259,5.283459083,0,0,0,0,15.72547113,0,0,3.236014076,1.545973057,1.745322786,4.353280268,5.47368959,134.0955371,98.23707699,136.1896129,176.3458291,9.058069077,18.51319924,13.6171526,117.6237948,71.71596341,66.07803412,5.973568531,8.7350599,12.94079366,332.9784598,335.7455936,374.4736987,1,0,1,1,0,0,1,1,0,0,1,1,0,0,0,0,0,0,ENSMUSG00000047798,ENSG00000186074
Ccdc88b,-0.344983027,0.919044598,2.326001613,1.423251857,2.93989429,44.53365114,196.7316442,217.0422613,114.2381177,152.7617196,116.0375583,35.25178238,184.4528023,19.32466321,29.67048736,23.94304147,19.15791356,96.45468457,136.0205681,94.95789524,133.8683666,29.18711147,35.26323666,33.51914486,96.6611383,84.14673041,82.83021178,18.77407253,13.49963803,18.8229726,86.521962,147.3351674,154.3106842,1,1,1,1,0,1,1,1,0,1,1,1,0,1,1,0,0,0,ENSMUSG00000047810,ENSG00000168071
Tnrc6b,0.081505764,0.979452049,-0.623968498,-0.525955587,-0.575543116,1540.864329,1867.900451,413.7368106,1551.160948,1251.298203,1245.567715,1326.923069,1367.215947,501.6682569,485.1997345,496.2739505,396.8424953,338.7676726,265.5639664,281.1253477,335.9581124,836.3617115,737.0016461,717.5191946,522.9018205,530.6981293,537.0003618,3097.721967,3231.178067,3154.024346,1999.181698,1955.539495,2408.032971,1,1,1,0,1,1,1,0,1,1,1,0,1,1,1,0,0,0,ENSMUSG00000047888,ENSG00000100354
Marcksl1,3.316827023,0.008192947,2.489565308,1.130778528,2.21314189,332.5179285,1736.979392,1045.872397,12837.33643,11976.06952,15430.79202,8053.882758,3452.827019,267.4533388,315.9034243,264.8245496,328.4213754,1391.535266,1255.491435,1461.851808,2497.159916,166.0645998,237.1452665,349.8560744,612.5754066,564.1655789,471.8530042,58.88231838,92.11517713,97.64417035,439.1645041,308.9573813,401.9940755,1,1,1,1,0,1,1,1,0,1,1,1,0,1,1,1,1,0,ENSMUSG00000047945,ENSG00000175130
Ldlrad3,-1.110474221,0.71339137,-1.702334637,-0.656663925,-0.909385259,3255.409898,2920.169708,1899.119786,820.3122668,1262.530682,1872.023647,2260.712131,16.18007038,3147.601143,4120.707098,2321.749476,4247.583122,976.3096121,925.155769,1218.20984,1132.732333,2009.884883,1729.661758,1636.153258,1098.210282,1019.322893,1291.779033,1472.057959,1747.01198,1394.076408,655.4694091,1048.31204,749.930268,1,1,1,0,1,1,1,0,1,1,1,0,1,1,1,0,0,0,ENSMUSG00000048058,ENSG00000179241
Gng7,0.349517245,0.925893957,-0.678047992,-0.78760325,-1.990505602,93.52066739,57.40923425,294.3635669,165.1635437,257.5981938,211.5114988,277.0330289,32.36014076,973.1900391,691.1478233,1290.022053,793.6849905,735.1729007,657.432746,516.0211939,433.7849957,521.342198,472.5273712,456.6983487,296.9709671,213.2354646,330.3901706,321.7193337,241.4052918,495.2794665,87.83290082,89.29404085,88.45835403,1,1,1,0,1,1,1,0,1,1,1,0,1,1,1,0,0,0,ENSMUSG00000048240,ENSG00000176533
Syngr2,-1.048961931,0.55717058,0.342090294,0.401217053,0.720799048,10414.93655,13176.11937,34934.30847,14950.05343,5160.94986,9705.29325,10450.62079,6876.529911,2045.322354,2685.179106,2030.805245,2252.423266,2699.554891,2899.613064,2939.946414,2884.605861,1398.968446,1618.582563,1605.776533,2083.455138,2030.996084,1992.578465,170.6733866,250.934448,202.3469554,306.7596835,298.2420964,423.6172287,1,1,1,1,0,1,1,1,0,1,1,1,0,1,1,0,0,0,ENSMUSG00000048277,ENSG00000108639
Frmd6,0.268216568,0.963264564,-0.529630126,-0.43783579,-0.676347252,280.5620022,0,120.7297578,83.95813469,185.7103258,268.795863,236.4168449,29.12412668,1120.05748,1274.958295,888.0691747,709.7550835,651.6572592,634.7626513,720.9303362,759.4455414,1053.755369,1206.002694,987.7673,776.7828825,721.9406984,899.0335346,758.6432034,1006.120081,834.0929732,498.1567509,575.9465635,551.3904068,1,1,1,0,1,1,1,0,1,1,1,0,1,0,1,0,0,0,ENSMUSG00000048285,ENSG00000139926
Omd,-3.52732085,NA,1.410598389,-1.312069892,-1.025224035,7542.516047,1038.967117,1292.757969,77.07632037,22.46495876,11.01622389,1299.334718,16.18007038,63.38489532,58.46831333,108.8320067,96.70184942,203.4958589,141.4182097,228.6486162,298.6294332,113.7290895,134.8818802,99.50996129,52.40664125,19.12425691,68.87006373,111.7910682,204.0827631,123.5257577,78.65632909,61.61288819,76.66390682,1,1,1,1,0,1,1,0,1,1,1,0,1,1,1,0,0,0,ENSMUSG00000048368,ENSG00000127083
Msx1,1.090020366,0.719206678,-0.705511532,-0.705420191,-0.777385868,192.9791549,679.1092345,169.5642666,1194.682966,1216.851933,562.5618335,705.4188191,17.79807742,675.5902257,793.2492063,649.3643066,773.6147954,464.6292732,400.5050062,498.52895,409.3282748,631.0454791,692.9226003,568.7779893,349.3776083,319.3750904,491.3972115,193.7142938,246.1698699,212.9348775,89.14383964,158.0504523,131.7046604,1,1,1,0,1,1,1,0,1,1,1,0,1,1,1,0,0,0,ENSMUSG00000048450,ENSG00000163132
Tlcd5,-1.893200663,0.50116318,0.53448003,-0.823260674,-1.112628855,249.3884464,607.6977479,1364.653218,0,220.1565959,284.9529914,356.7327108,134.2945841,137.591602,180.6409084,158.8947298,156.9124349,224.6688385,226.7009469,246.14086,220.1104874,217.3936579,241.5531711,197.9724493,104.8132825,119.5266057,146.1162163,162.1397173,215.9942084,158.8188313,103.5641666,66.07759023,80.59538922,1,1,1,1,0,1,1,0,1,1,1,0,1,1,0,0,0,0,ENSMUSG00000048503,ENSG00000181264
Nog,2.532605368,NA,-2.260861142,-1.273676277,-3.170611691,17.81346045,0,0,0,8.985983505,158.6336241,0.383171548,1.618007038,81.936572,82.03017095,102.3020863,141.4036477,28.23063939,28.06773628,11.24501391,16.73354583,93.60004713,74.05279698,58.6585035,22.12724853,43.02957805,27.92029611,117.7646368,116.7321641,91.76199141,5.243755273,14.28704654,15.7259296,1,1,1,0,1,1,1,0,1,1,0,0,1,0,0,0,0,0,ENSMUSG00000048616,ENSG00000183691
A730049H05Rik,#N/A,#N/A,4.42354915,4.298441566,2.696155852,#N/A,#N/A,#N/A,#N/A,#N/A,#N/A,#N/A,#N/A,1.545973057,2.617984179,4.353280268,5.47368959,64.69521526,46.4197177,53.72617757,133.8683666,3.019356359,9.697390081,26.18683192,241.0705497,368.1419455,153.5616286,17.92070559,14.29373438,22.35227996,76.03445146,181.2669029,91.40696583,1,0,1,1,0,0,1,1,0,1,1,1,0,0,0,0,0,0,ENSMUSG00000048636,#N/A
Arhgap30,1.78178539,0.766716644,1.13315853,1.310489541,3.304783256,22.26682557,0,35.26936746,0,8.985983505,30.8454269,0,289.6232598,89.66643728,90.75678488,87.06560536,90.31587823,214.0823487,165.1678327,188.6663445,217.5360957,74.47745686,129.5923947,106.8422742,328.4149518,174.0307379,270.8268722,55.46885065,79.40963546,101.1734777,789.1851686,721.4958501,802.0224098,1,1,1,1,0,1,1,1,0,1,1,1,0,0,0,0,0,0,ENSMUSG00000048865,ENSG00000186517
Ndnf,-1.405054712,0.534104727,-2.401779561,-1.115961053,-1.118620113,109.8496728,79.81283786,85.46039038,107.3563034,5.99065567,21.29803286,13.79417571,25.8881126,2857.731195,3684.376401,1686.896104,1862.879024,522.2668287,509.5373664,442.3038804,435.0721915,2648.981979,2733.782422,1320.863802,937.4965823,692.2981002,1463.023516,1799.750862,2674.516522,2582.276553,955.6743985,1330.481209,961.2474471,1,1,1,0,1,1,1,0,1,1,1,0,1,1,0,0,0,0,ENSMUSG00000049001,ENSG00000173376
Clec4a1,#N/A,#N/A,0.977561932,0.936643251,1.380103414,#N/A,#N/A,#N/A,#N/A,#N/A,#N/A,#N/A,#N/A,68.02281449,98.61073741,87.79115207,106.736947,179.9703261,114.4300018,176.1718846,240.7056207,63.40648354,111.0791955,99.50996129,194.4868686,131.9573727,199.1647789,26.45437492,43.6752995,50.58673885,82.58914555,108.0457894,120.8930838,1,1,1,1,0,1,1,1,0,1,1,1,0,0,0,0,0,0,ENSMUSG00000049037,#N/A
Ptgr3,-0.872304431,0.690094167,-1.68492255,-0.411063568,-0.631841897,730.3518786,764.5229732,750.1523156,528.5233397,524.9312031,540.5293857,379.7230036,69.57430262,1637.185467,2016.720479,1361.12563,1498.878666,443.4562937,574.3090655,532.2639917,474.9752623,1078.916672,932.7126096,977.2925672,733.6929775,692.2981002,820.8567055,485.5657849,496.3102216,375.2830162,298.8940506,275.0256458,303.7070155,1,1,1,0,1,1,1,0,1,1,1,0,1,1,1,0,0,0,ENSMUSG00000049090,ENSG00000180011
Ccr2,3.772000411,NA,1.071730979,2.716486639,3.910385033,0,0,0,0,2.995327835,0,0,11.32604926,39.42231294,72.43089562,42.08170926,57.47374069,64.69521526,85.28273717,153.6818568,140.3043458,59.38067506,103.1449672,92.17764835,610.2462225,400.6531823,666.3644004,35.84141119,34.9402396,19.99940838,356.5753586,376.8208524,650.6603374,1,1,1,1,0,1,1,1,0,1,1,1,0,0,0,0,0,0,ENSMUSG00000049103,ENSG00000121807
Hcar1,0.072348696,0.985412714,-1.827757029,-0.996988304,-1.555557126,97.9740325,22.40360361,46.12148052,67.44178033,23.21379072,18.36037316,148.6705605,32.36014076,273.637231,418.0048073,245.2347884,246.3160315,55.28500213,107.9528319,99.9556792,69.50857497,329.1098431,425.8035826,295.387464,179.3471723,102.3147745,244.7679292,51.20201598,109.5852969,61.17466094,14.420327,23.21645062,37.34908281,1,1,1,0,1,1,1,0,1,1,1,0,1,1,1,0,0,0,ENSMUSG00000049241,ENSG00000196917
Scn3b,-0.949003841,0.862078359,-1.437813994,-0.850621829,-1.869066905,11.8756403,103.6166667,9.495598932,1.376362864,47.92524536,4.406489557,0,55.01223928,309.9675978,299.3228578,241.6070549,300.1406458,102.3360678,137.1000965,96.20734123,87.52931663,134.864584,133.1187184,121.5069001,59.39419342,85.10294325,70.7314168,431.8036681,288.2569767,334.1077636,124.5391877,67.86347105,98.28706003,1,1,1,0,1,1,1,0,1,1,1,0,1,0,0,0,0,0,ENSMUSG00000049281,ENSG00000166257
Fut4,1.846513308,0.419466554,2.508211477,1.438815607,2.760429548,32.65801083,59.50957209,1.356514133,88.08722329,21.7161268,113.0998986,74.33528023,266.9711612,23.96258238,28.79782597,25.3941349,21.89475836,110.5700043,150.0544363,169.9246546,139.0171499,33.21291995,38.78956032,39.80398452,104.8132825,120.4828185,78.1768291,26.45437492,22.23469793,11.76435787,140.2704536,148.2281078,128.7560486,1,1,1,1,0,1,1,1,0,1,1,1,0,0,1,0,0,0,ENSMUSG00000049307,ENSG00000196371
Aff4,0.702527154,0.773615859,0.374146546,-0.441964933,-0.567526364,881.7662925,650.4046173,283.5114538,725.3432292,687.4277381,525.8410872,849.8744925,2137.387297,1711.392174,1747.94077,1995.979003,1984.212476,2487.825096,2084.569183,2260.247796,2811.235699,2751.640095,2557.466239,2896.26361,1943.704094,1966.929823,2127.526563,3742.014001,4080.06707,3729.301446,2438.346202,2856.516367,2498.457066,1,1,1,1,0,1,1,0,1,1,1,0,1,1,1,0,0,0,ENSMUSG00000049470,ENSG00000072364
Ctu2,-0.340555726,0.90075183,0.933249294,0.730656492,1.090794936,158.8366891,165.2265766,337.7720191,82.58177183,244.8680505,185.8069763,177.4084265,179.5987812,251.9936082,276.6336616,200.2508923,206.1756412,483.4496995,406.9821761,464.7939083,429.9234082,228.4646312,230.9742001,231.4915942,411.1009858,367.1857327,369.4785851,61.44241918,29.38156512,37.64594519,87.83290082,116.9751935,68.80094202,1,1,1,1,0,1,1,1,0,1,1,1,0,1,1,0,0,0,ENSMUSG00000049482,ENSG00000174177
Tecrl,3.408352304,NA,-4.944872223,-1.313260549,-0.943856973,0,0,0,0,1.497663917,0,0,9.708042227,143.0025077,164.9330033,281.512124,391.3688057,8.233936488,12.95433982,6.24722995,3.861587498,289.8582105,163.0924695,179.1179303,59.39419342,55.46034504,138.670804,371.2146159,293.0215548,227.0521069,196.6408227,173.2304392,95.33844823,1,1,0,0,1,1,1,0,1,1,1,0,1,0,0,0,0,0,ENSMUSG00000049537,ENSG00000205678
Polr1a,0.960368368,0.62515193,0.765548122,0.635489323,0.497124658,141.0232286,296.8477478,47.47799466,267.0143956,376.6624752,288.625066,246.7624766,398.0297313,335.4761533,363.0271395,401.2273314,358.5266681,606.9587468,600.2177451,673.4513886,599.8332581,385.4711619,455.7773338,456.6983487,766.3015543,612.932434,639.3747808,696.3474173,763.1265967,843.5044595,1109.05424,1075.993192,1063.46599,1,1,1,1,0,1,1,1,0,1,1,1,0,1,1,0,0,0,ENSMUSG00000049553,ENSG00000068654
Gpr55,5.379013275,0.162131213,2.713916181,2.316742149,4.451173079,0,0,0,0,0.748831959,2.203244779,6.513916309,33.97814779,1.545973057,0.872661393,6.529920402,5.47368959,19.9967029,25.90867965,22.49002782,27.03111249,9.058069077,11.46055191,5.237366384,53.57123328,59.28519642,16.75217766,8.53366933,2.382289064,10.58792209,191.3970675,150.0139886,111.0643778,1,0,1,1,0,0,1,1,0,0,1,1,0,0,0,0,0,0,ENSMUSG00000049608,ENSG00000135898
Tifab,0.254776195,NA,1.015203363,1.271402106,2.638761734,0,0,0,0,0,0,0,1.618007038,34.78439377,65.44960448,31.19850859,69.33340147,91.74957801,111.1914168,107.4523551,92.67809996,30.19356359,51.13169315,48.18377073,119.9529789,65.97868634,127.5026856,22.18754026,21.44060157,24.70515153,106.1860443,145.5492866,171.0194845,1,1,1,1,0,1,1,1,0,1,1,1,0,0,0,0,0,0,ENSMUSG00000049625,ENSG00000255833
Mmp12,1.48995732,NA,1.823344885,3.346332412,4.036011867,0,0,0,0,1.497663917,0,0,1.618007038,8.502851811,7.853952537,3.627733557,3.649126393,19.9967029,18.35198142,33.73504173,11.5847625,7.045164838,10.578971,14.66462587,126.940531,137.6946498,63.28600451,6.826935464,9.529156255,0,47.19379746,188.4104262,37.34908281,1,0,1,1,0,0,1,1,0,0,1,1,0,0,0,0,0,0,ENSMUSG00000049723,ENSG00000262406
Sertad2,0.037745536,0.992450645,-0.837863943,-0.386695522,-0.661465965,240.4817161,768.7236489,65.11267839,239.4871383,417.099401,453.8684244,401.9469534,326.8374216,1511.188663,1889.311916,1467.05545,1656.703383,766.93237,913.2809575,1050.784078,919.0578246,1401.987803,1176.028942,1201.451848,901.3942295,935.1761629,1052.595163,993.31911,1162.557063,934.0900151,550.5943037,681.3135317,720.44415,1,1,1,0,1,1,1,0,1,1,1,0,1,1,1,0,0,0,ENSMUSG00000049800,ENSG00000179833
Rasl11b,1.961064624,NA,0.785759537,-0.796136122,-1.03581109,1.484455038,0,0,0,0,0,3.448543928,4.854021113,195.5655917,168.4236489,214.7618266,209.8247676,421.1070375,316.3017973,318.6087274,303.7782165,136.8774883,149.8687558,225.2067545,102.4840984,84.14673041,107.9584783,176.6469551,161.9956563,156.4659597,65.54694091,109.8316702,64.86945962,1,1,1,1,0,1,1,0,1,1,1,0,1,0,0,0,0,0,ENSMUSG00000049907,ENSG00000128045
Tdrp,-1.3079683,0.576567414,-1.728933895,-0.723062164,-0.635780111,714.0228732,1171.988514,3853.856652,984.0994476,738.3483113,707.9759889,1366.006567,66.33828855,3697.194565,4721.970798,2727.330088,3302.459386,1113.933979,1095.721243,1094.514687,1054.213387,2249.420488,2152.820598,2044.667836,1333.457872,1155.105117,1417.420366,1607.743302,2132.148712,1761.124374,863.9086812,1667.119743,1006.459495,1,1,1,0,1,1,1,0,1,1,1,0,1,1,1,0,0,0,ENSMUSG00000050052,ENSG00000180190
Gpr171,5.157921159,NA,5.079634563,3.050278982,3.006423585,0,0,0,0,8.237151546,22.03244779,0,6.472028151,0.772986528,5.235968358,2.902186845,0.912281598,68.22404518,37.78349115,114.9490311,110.6988416,2.012904239,0.881580916,2.094946553,15.13969636,17.21183122,8.376088832,36.69477812,15.88192709,23.52871575,183.5314346,196.4468899,230.9745911,1,0,1,1,0,0,0,1,0,1,1,1,0,0,0,0,0,0,ENSMUSG00000050075,ENSG00000174946
Heatr1,1.668715949,NA,1.286750937,1.018749116,0.630704481,90.55175731,170.8274775,59.68662186,118.3672063,172.9801825,207.8394241,149.4369036,1056.558596,313.059544,303.6861648,307.6318056,323.8599674,664.5963022,685.5004823,844.6254892,852.1236413,333.1356516,349.9876238,378.1378529,780.2766586,736.283891,634.7213981,564.9289096,615.4246748,576.4535358,939.9431327,831.3275203,950.4358705,1,1,1,1,0,1,1,1,0,1,1,1,0,1,1,0,0,0,ENSMUSG00000050244,ENSG00000119285
Synpo2,-1.123344975,0.634323993,-0.924432563,-0.759138037,-0.879225245,195.948065,366.1588965,32.55633919,143.1417378,123.5572732,33.78308661,112.652435,42.06818298,2230.839121,2405.054799,1627.401273,1156.773067,853.9768414,912.2014292,1120.753053,1023.320687,1789.471869,2269.189279,1461.225221,934.0028063,814.6933444,1512.349372,2459.403501,3124.769155,2466.985846,797.0508015,1735.876154,1840.916634,1,1,1,0,1,1,1,0,1,1,1,0,1,1,1,0,0,0,ENSMUSG00000050315,ENSG00000172403
Lgals3,-1.523192127,0.457356669,1.86694148,1.904368811,4.680854292,12052.29045,18454.26836,68255.72163,31081.02619,4300.541939,4731.100955,6423.870995,10732.24068,77.29865283,97.73807602,110.2831001,56.5614591,258.780861,247.211985,391.0765949,353.978854,100.645212,81.10544431,159.2159381,472.8243633,344.2366244,456.0315031,5.120201598,7.146867191,3.529307362,117.9844936,158.0504523,140.5504958,1,1,1,1,0,1,1,1,0,0,1,1,0,1,1,0,0,0,ENSMUSG00000050335,ENSG00000131981
Fam171a1,-0.116320453,0.974039868,-0.931453116,-0.280362786,-0.955344711,874.3440173,677.0088966,248.2420864,737.730495,390.1414505,907.0024339,569.7760912,161.8007038,2088.609599,2501.047552,2159.95256,2293.475938,1219.798877,1361.28521,1246.947098,911.3346496,1811.613815,1733.188082,1837.268127,1378.876961,1547.152384,1503.042607,1434.509814,1606.456925,1436.428096,748.5460652,763.4640493,797.1080568,1,1,1,0,1,1,1,0,1,1,1,0,1,1,1,0,0,0,ENSMUSG00000050530,ENSG00000148468
Vstm4,0.519383968,0.869617451,0.827341723,-0.904391721,-1.53806392,181.1035146,21.00337839,42.05193813,88.08722329,152.7617196,149.08623,79.69968189,111.6424856,437.510375,669.3312885,629.7745454,684.2111987,1035.123444,1013.677091,1135.746405,1109.562808,788.0520097,1150.463096,789.7948507,470.4951792,341.3679858,645.8895166,349.8804425,410.5478153,341.1663783,117.9844936,107.152849,154.3106842,1,1,1,1,0,1,1,0,1,1,1,0,1,1,1,0,0,0,ENSMUSG00000050666,ENSG00000165633
2310061I04Rik,#N/A,#N/A,-0.771147691,0.431103776,1.053311791,#N/A,#N/A,#N/A,#N/A,#N/A,#N/A,#N/A,#N/A,320.7894092,304.5588262,360.5967155,383.1582713,222.3162852,221.3033053,189.9157905,167.3354583,253.6259342,261.8295322,303.7672503,383.1507771,382.4851382,338.7662594,52.90874985,44.46939586,48.23386728,119.2954325,77.68581554,106.1500248,1,1,1,0,1,1,1,1,0,1,1,1,0,0,0,0,0,0,ENSMUSG00000050705,#N/A
Plekho2,1.034830696,0.638610396,2.608672854,0.99582851,1.928736829,302.8288277,309.4497749,379.8239573,703.3214234,1006.430153,885.704401,718.4466517,72.8103167,277.5021637,287.1055983,306.1807122,212.5616124,1563.271656,1443.329362,1565.555825,2044.066983,340.1808165,406.4088025,450.413509,803.5684992,850.0732197,733.373111,91.31026183,119.9085495,136.4665513,351.3316033,481.2948802,484.5552059,1,1,1,1,0,1,1,1,0,1,1,1,0,1,1,0,0,0,ENSMUSG00000050721,ENSG00000241839
Zfp366,#N/A,#N/A,-2.3495979,-0.619723397,-0.695400204,#N/A,#N/A,#N/A,#N/A,#N/A,#N/A,#N/A,#N/A,3471.482499,4009.00644,5801.471504,6626.81353,1018.655571,1155.095301,1020.797374,710.5320997,5233.551023,3969.758867,4577.458219,2885.859045,3216.700012,2864.62238,6000.022906,6968.989608,5263.373712,2730.685558,5012.967453,3512.779525,1,1,1,0,1,1,1,0,1,1,1,0,1,0,0,0,0,0,ENSMUSG00000050919,#N/A
Prkca,2.922376474,0.134978096,0.648157131,-0.514862961,-1.438855918,65.31602167,17.50281532,1.356514133,140.3890121,192.4498134,86.6609613,70.12039321,571.1564843,320.7894092,205.9480888,309.082899,228.0703996,501.0938491,385.3916097,367.337121,415.764254,297.9098274,277.6979887,313.1945097,196.8160527,197.936059,226.1543985,1008.679715,861.5945447,1236.434012,418.189483,311.6362026,416.7371345,1,1,1,1,0,1,1,0,1,1,1,0,1,0,1,0,0,0,ENSMUSG00000050965,ENSG00000154229
Gimap9,#N/A,#N/A,2.551642132,1.11853383,0.707491145,#N/A,#N/A,#N/A,#N/A,#N/A,#N/A,#N/A,#N/A,270.5452849,301.0681806,300.3763385,361.2635129,1746.770812,1498.385306,1726.734358,2255.167099,208.3355888,204.5267726,202.1623424,427.4052742,577.5525587,330.3901706,93.87036263,135.7904766,116.4671429,184.8423734,205.376294,174.9509669,1,1,1,1,0,1,1,1,0,1,1,1,0,0,0,0,0,0,ENSMUSG00000051124,#N/A
Plcb1,1.775779796,0.430588847,-0.866441428,-0.921585988,-0.943055814,132.1164984,415.866892,135.6514133,1007.497616,1597.258568,743.2279054,536.4401666,19.41608445,1551.383962,1545.483327,1734.05664,1851.019363,943.3738662,753.5107664,965.8217502,1004.01275,1845.833188,1325.897698,1555.497816,660.3236797,1007.848339,825.5100882,2864.752794,2626.076645,3809.299079,1563.95001,1710.873823,1559.815643,1,1,1,0,1,1,1,0,1,1,1,0,1,1,1,0,0,0,ENSMUSG00000051177,ENSG00000182621
Islr2,0.339681173,0.953267818,-1.755752209,-1.129082508,-1.85401096,2.968910076,32.9052928,0,8.258177183,24.71145464,4.406489557,4.598058571,35.59615483,1525.10242,1549.846634,1358.223444,2026.17743,366.998312,590.5019903,503.526734,450.5185415,843.4068763,355.2771093,1073.660109,277.1729026,362.4046685,398.3295578,630.6381635,615.4246748,592.9236368,120.6063713,205.376294,179.8653199,1,1,1,0,1,1,1,0,1,1,1,0,1,0,0,0,0,0,ENSMUSG00000051243,ENSG00000167178
Pcmtd1,-1.23225785,0.352024009,-0.792928417,-0.946828694,-0.790561956,1533.442054,1961.715541,3393.998361,1030.895785,983.2163618,713.8513083,812.3236809,1347.799862,4236.739162,4687.064342,4655.1077,4300.495454,2356.082112,2884.499667,2697.553892,2380.025095,5038.299311,4084.364386,3864.128918,2332.677832,1766.125126,2638.467982,4585.993898,5561.056771,5352.782832,2257.436645,3805.712021,2893.571047,1,1,1,0,1,1,1,0,1,1,1,0,1,1,1,0,0,0,ENSMUSG00000051285,ENSG00000168300
Rab11fip5,0.131270965,0.974039868,-1.390804207,-0.336973023,-0.850524799,1371.636455,1417.027928,580.588049,1768.62628,1650.425637,1274.944312,1370.221454,85.754373,2161.270333,2665.980556,2441.464684,2315.370697,909.2618436,1056.858224,783.4026357,903.6114746,1782.426704,1470.476969,1607.87148,1276.392862,1265.069595,1305.739181,749.2561672,831.4188832,931.7371435,338.2222151,590.23361,460.9663115,1,1,1,0,1,1,1,0,1,1,1,0,1,1,1,0,0,0,ENSMUSG00000051343,ENSG00000135631
Cd14,0.263582738,0.965883674,8.18562469,1.804095764,2.327971654,253.8418115,0,415.0933247,267.0143956,361.6858361,311.3919287,385.8537484,11.32604926,112.8560331,157.0790507,203.8786259,96.70184942,36824.51653,36415.72877,43750.60078,49461.78707,306.9678965,818.9886713,1490.554473,2990.672327,3581.973319,2564.013859,32.42794345,51.61626305,36.46950941,237.2799261,180.3739625,191.6597671,1,1,1,1,0,1,1,1,0,1,1,1,0,0,1,0,0,0,ENSMUSG00000051439,ENSG00000170458
Spn,4.284007441,0.278934262,1.682957729,2.072139581,3.655572107,0,0,2.713028266,0,11.23247938,35.98633139,0,37.21416187,27.05452849,29.67048736,21.04085463,11.85966078,39.9934058,120.9071717,62.4722995,64.35979164,11.07097332,30.85533207,15.71209915,129.2697151,46.85442943,68.87006373,48.64191518,41.29301044,17.64653681,322.4909493,474.1513569,581.8593954,1,1,1,1,0,1,1,1,0,1,1,1,0,0,0,0,0,0,ENSMUSG00000051457,ENSG00000197471
Treml4,3.600871044,NA,3.46408365,3.119556484,2.971886844,0,0,0,4.129088591,3.744159794,0,0,4.854021113,9.27583834,13.0899209,8.706560536,8.210534385,74.10542839,168.4064177,93.70844925,95.25249163,3.019356359,13.22371375,2.094946553,75.6984818,35.37987528,53.0485626,3.413467732,8.7350599,3.529307362,26.21877636,62.5058286,36.36621221,1,0,1,1,0,0,1,1,0,0,1,1,0,0,0,0,0,0,ENSMUSG00000051682,ENSG00000188056
Nlgn2,0.97057377,0.766127959,0.652445899,-0.490561335,-1.143226913,99.45848754,4.90078829,13.56514133,85.33449756,97.34815464,140.2732509,45.21424261,14.56206334,720.4234444,498.2896554,699.4270297,503.5794423,1216.270047,795.6123708,887.1066529,910.0474538,693.4455105,736.1200652,762.5605455,525.2310045,535.4791935,499.7733003,609.3039902,508.2216669,704.6850366,243.8346202,259.8456589,319.4329451,1,1,1,1,0,1,1,0,1,1,1,0,1,0,1,0,0,0,ENSMUSG00000051790,ENSG00000169992
Babam2,0.263888497,0.921222424,0.30319851,0.601195471,0.864191958,1042.087437,1029.165541,679.6135807,1322.684712,899.3471824,1316.805963,1347.614333,618.0786884,734.3372019,802.8484816,820.5933305,875.7903344,1039.828551,972.655015,1013.300698,962.8224829,546.503501,557.1591392,614.8668134,873.4440208,986.8116566,746.4025826,97.28383036,120.7026459,125.8786292,238.5908649,203.5904131,183.7968023,1,1,1,1,0,1,1,1,0,1,1,1,0,1,1,0,0,0,ENSMUSG00000052139,ENSG00000158019
Cd177,3.187551014,NA,4.170061912,2.653511529,5.601941909,0,0,0,0,0,0,0,9.708042227,6.956878755,2.617984179,7.981013825,4.561407992,62.34266198,167.3268894,103.7040172,70.7957708,5.032260599,9.697390081,4.189893107,36.10235286,41.11715236,43.74179723,0,0,1.176435787,17.04220464,20.5376294,10.8115766,1,0,1,1,0,0,1,1,0,0,1,1,0,0,0,0,0,0,ENSMUSG00000052212,ENSG00000204936
Tbc1d30,0.765619917,0.832477737,-1.086139281,-0.780699417,-1.159487714,17.81346045,96.61554057,54.26056532,6.881814319,82.37151546,93.27069563,37.16764011,260.4991331,366.3956144,342.0832661,321.4171931,372.2108921,204.6721356,125.225285,157.4301947,173.7714374,378.425997,323.5401963,320.5268227,187.4993165,180.7242278,226.1543985,407.056027,388.3131174,661.1569125,229.4142932,159.8363331,262.4264503,1,1,1,0,1,1,1,0,1,1,1,0,1,1,0,0,0,0,ENSMUSG00000052302,ENSG00000111490
Slc39a1,0.244482418,0.953481576,1.178085326,0.709410501,0.621559892,29.68910076,40.60653154,31.19982506,8.258177183,17.22313505,33.04867168,23.75663595,119.7325208,1661.921036,2143.256381,1607.085966,1719.650813,3744.088549,4057.94695,3917.013179,4416.368902,1670.710519,2063.780925,1910.591257,3020.95172,3430.89169,2779.930816,526.5273977,575.7198571,574.1006642,802.2945568,959.0179987,815.7825983,1,1,1,1,0,1,1,1,0,1,1,1,0,1,0,0,0,0,ENSMUSG00000052310,ENSG00000143570
Epha3,-3.085428404,0.172565877,-0.705282243,-0.901732747,-1.724528744,227.1216208,745.6199327,667.4049535,0,38.93926185,42.59606572,211.8938658,27.50611964,190.9276725,212.0567185,224.1939338,236.280934,103.5123444,114.4300018,182.4191145,130.0067791,140.9032968,192.1846398,156.0735182,57.06500936,70.75975057,133.0867448,332.8131039,382.7544429,323.5198415,87.83290082,145.5492866,79.61251862,1,1,1,0,1,1,1,0,1,1,1,0,1,1,0,0,0,0,ENSMUSG00000052504,ENSG00000044524
St6galnac3,-1.167066535,0.706313876,-3.366729085,-0.625982117,-1.292249439,4126.785005,1952.614077,4230.967581,2130.609713,910.5796618,2155.507809,2441.952273,12.9440563,1587.714329,1868.368043,1618.694713,2336.353173,145.8583035,248.2915133,214.9047103,108.12445,962.1682264,839.2650324,1002.431926,549.6874371,627.2756267,637.5134278,673.3065101,818.7133416,654.0982977,235.9689873,325.9232491,312.5528509,1,1,1,0,1,1,1,0,1,1,1,0,1,1,1,0,0,0,ENSMUSG00000052544,ENSG00000184005
Trim30b,#N/A,#N/A,7.035342896,3.182395699,3.017712947,#N/A,#N/A,#N/A,#N/A,#N/A,#N/A,#N/A,#N/A,1.545973057,0,1.451093423,5.47368959,279.9538406,209.4284938,311.1120515,271.5983207,4.025808479,2.644742749,3.14241983,34.93776083,32.51123675,21.40556035,5.120201598,6.352770837,5.882178937,35.39534809,31.2529143,73.71529502,1,0,1,1,0,0,1,1,0,0,1,1,0,0,0,0,0,0,ENSMUSG00000052749,#N/A
A630001G21Rik,#N/A,#N/A,2.282305828,2.073247659,2.173412146,#N/A,#N/A,#N/A,#N/A,#N/A,#N/A,#N/A,#N/A,18.55167668,21.81653483,18.13866778,22.80703996,70.57659847,76.64651062,99.9556792,148.0275208,9.058069077,18.51319924,15.71209915,52.40664125,75.5408148,54.90991567,12.800504,24.61698699,10.58792209,69.47975737,57.14818614,93.37270703,1,1,1,1,0,0,1,1,0,1,1,1,0,0,0,0,0,0,ENSMUSG00000052760,#N/A
Junb,-0.700459251,0.712334241,2.836687342,1.126467637,1.177275422,12892.492,15002.71318,31658.32684,9360.643837,16788.81251,10404.45626,11935.41054,12589.71276,1590.806275,2097.877989,1969.133775,2698.528968,14830.49589,11802.48311,12525.69605,20530.77353,1262.090958,2095.517838,3164.416769,5060.152361,5651.217917,3527.264075,167.2599189,206.4650522,192.9354691,363.1300527,524.1560198,392.1653695,1,1,1,1,0,1,1,1,0,1,1,1,0,1,1,0,0,0,ENSMUSG00000052837,ENSG00000171223
Lamb2,-0.513534881,0.893090261,-0.502596874,-0.329982965,-1.12101394,9540.592528,2389.484348,588.7271338,3864.826922,2969.867548,3281.36589,4082.692839,415.8278087,12830.80338,13877.06147,12686.90979,12646.04752,9556.071432,9320.647503,8351.296997,9503.366834,17156.98928,16471.45784,17400.62607,13466.17762,12152.50905,14976.44683,6510.336332,9069.374465,6305.69582,2220.730358,4008.409494,3830.246729,1,1,1,0,1,1,1,0,1,1,1,0,1,1,1,0,0,0,ENSMUSG00000052911,ENSG00000172037
Gpr141,5.146007272,NA,5.544773972,2.445430701,5.064501429,0,0,0,0,0,12.48505375,0,24.27010557,6.956878755,6.108629751,4.353280268,1.824563197,151.7396867,231.0190602,297.3681456,229.1208582,7.045164838,10.578971,13.6171526,79.19225789,44.94200374,46.53382684,10.2404032,10.32325261,4.705743149,267.4315189,191.0892474,413.7885227,1,0,1,1,0,0,1,1,0,0,1,1,0,0,0,0,0,0,ENSMUSG00000053101,ENSG00000187037
Mapk11,0.655763599,0.851402955,1.443634371,1.683863156,1.103857054,166.2589642,23.10371622,295.720081,550.5451455,150.5152237,279.8120869,242.9307612,48.54021113,206.3874031,233.0005919,267.0011898,158.7369981,645.775876,614.2516133,568.4979254,527.7502915,214.3743015,194.8293825,194.8300295,619.5629588,843.3797297,477.4370634,97.28383036,75.43915368,70.58614724,133.7157595,229.485685,159.2250372,1,1,1,1,0,1,1,1,0,1,1,1,0,1,1,0,0,0,ENSMUSG00000053137,ENSG00000185386
Bcl3,3.504833314,0.013661531,3.590198113,0.633427772,2.001747152,44.53365114,317.1510136,192.6250069,2299.902345,2617.916528,3865.960172,1264.849279,449.8059565,119.8129119,110.8279969,264.0990029,285.5441403,2507.821799,2039.228994,2521.382008,2328.537262,345.2130771,605.6460896,620.1041798,855.9751404,860.591561,721.2743161,29.86784266,34.14614325,28.2344589,115.362616,131.26224,123.8416956,1,1,1,1,0,1,1,1,0,1,1,1,0,1,1,1,1,0,ENSMUSG00000053175,ENSG00000069399
Sec61b,0.26806614,0.930345548,0.464491091,0.964612712,1.128929678,1131.154739,2082.134911,5582.055658,4001.086845,3586.905082,3415.029407,3739.371133,2909.176654,739.7481076,887.4966367,634.8533724,769.965669,993.9537617,1020.154261,1144.492527,1023.320687,484.1034696,593.3039567,434.7014098,1024.840984,966.7311868,963.2502157,36.69477812,37.32252866,37.64594519,111.4297996,87.50816003,46.19491821,1,1,1,1,0,1,1,1,0,1,1,1,0,1,1,0,0,0,ENSMUSG00000053317,ENSG00000106803
Slamf8,6.296714648,0.040969311,5.861397533,2.154881693,6.477201786,0,0,0,0,47.1764134,14.68829852,9.196117142,9.708042227,0.772986528,7.853952537,1.451093423,2.736844795,156.4447933,141.4182097,227.3991702,191.7921791,2.012904239,2.644742749,4.189893107,11.64592028,18.16804406,9.306765369,2.560100799,0,0,78.65632909,65.18464982,99.26993063,1,0,1,1,0,0,0,1,0,0,1,1,0,0,0,1,1,0,ENSMUSG00000053318,ENSG00000158714
Tarm1,3.606215797,NA,6.867100334,3.719261545,7.548692467,0,0,0,0,1.497663917,0,0,11.32604926,0,0,0,0,4.705106564,24.82915133,17.49224386,23.16952499,1.00645212,6.171066415,2.094946553,60.55878544,23.90532114,41.88044416,0,0,0,31.46253164,45.53996083,18.67454141,1,0,0,1,0,0,1,1,0,0,1,1,0,0,0,0,0,0,ENSMUSG00000053338,ENSG00000248385
Cbx7,-1.486598447,0.246315893,-0.513942612,-0.734701115,-0.609754599,356.2692091,723.9164417,577.8750207,278.0252985,131.7944247,170.3842629,254.042736,152.0926616,936.8596723,1113.515938,970.7814998,1054.597528,618.7215132,782.658031,735.9236881,715.680883,1481.49752,1262.423872,1243.350779,838.50626,620.5821367,937.1912726,412.1762286,439.9293804,384.6945024,262.1877636,250.0233144,298.7926625,1,1,1,0,1,1,1,0,1,1,1,0,1,1,1,0,0,0,ENSMUSG00000053411,ENSG00000100307
Tll1,5.473203776,0.011780255,2.221489094,2.044723303,1.503412047,13.36009534,0,0,251.8744041,250.1098742,348.84709,93.87702916,12.9440563,38.64932642,30.54314876,61.67147046,31.92985594,138.8006437,166.2473611,264.8825499,194.3665708,31.20001571,29.97375116,14.66462587,100.1549144,120.4828185,93.99833022,39.25487892,92.90927348,68.23327566,171.7329852,158.9433927,237.8546853,1,1,1,1,0,1,1,1,0,1,1,1,0,0,1,1,1,0,ENSMUSG00000053626,ENSG00000038295
Nebl,-1.972821638,0.109001439,-1.435997651,-0.781764334,-1.237792042,1025.758431,3020.285812,1547.782626,408.7797706,342.2162051,368.676293,586.2524678,669.8549136,6753.583298,8208.253063,6102.573389,7272.708902,2002.022843,3216.994389,2988.674808,2264.17747,5696.518998,3632.994957,4652.876295,2133.532595,3210.006522,2787.376228,5051.078876,5794.521099,4315.166468,1506.268702,2753.82822,2165.263932,1,1,1,0,1,1,1,0,1,1,1,0,1,1,1,0,0,0,ENSMUSG00000053702,ENSG00000078114
Grwd1,-0.500666595,0.83839465,1.662979501,1.473267187,0.982228902,1040.602982,742.8194822,1973.728064,912.5285787,935.2911165,1295.50793,802.3612206,478.9300832,210.2523357,213.8020413,185.7399581,167.8598141,611.6638534,519.2531212,658.4580367,675.7778122,136.8774883,182.4872497,164.4533044,501.939164,460.8945915,383.4387332,74.24292317,87.350599,91.76199141,220.2377215,142.8704654,138.5847546,1,1,1,1,0,1,1,1,0,1,1,1,0,1,1,0,0,0,ENSMUSG00000053801,ENSG00000105447
Pde5a,-0.539079634,0.885192825,0.644312665,-0.790769745,-1.385297881,50.47147129,176.4283784,39.33890986,27.52725728,88.36217113,11.01622389,32.95275309,147.2386404,870.3828309,693.7658075,1003.431102,720.7024627,1150.398555,1073.051149,1299.42383,1620.579554,1260.078054,1287.108138,1214.021528,690.6030725,439.8579089,1043.288398,1767.322918,2290.173887,1664.656639,437.8535653,986.6991514,762.7075858,1,1,1,1,0,1,1,0,1,1,1,0,1,1,1,0,0,0,ENSMUSG00000053965,ENSG00000138735
Utp18,-0.191475892,0.944120985,0.993960547,0.795787075,0.599052625,559.6395493,647.6041669,957.6989779,733.6014064,521.1870433,497.1989051,572.0751205,836.5096385,450.651146,533.1961112,446.2112275,593.8953205,1068.05919,931.6329389,958.3250743,1069.659737,398.5550394,436.3825536,392.8024788,716.2240971,748.714658,668.2257535,263.6903823,253.3167371,207.0526986,361.8191138,415.21729,321.3986863,1,1,1,1,0,1,1,1,0,1,1,1,0,1,1,0,0,0,ENSMUSG00000054079,ENSG00000011260
Lifr,-1.083550477,0.720090308,-1.002752185,-0.677614597,-1.309199425,1892.680173,4878.384686,1451.470122,919.410393,476.2571258,827.6856219,4148.215174,93.84440819,1623.271709,1663.292615,1856.674034,2109.195055,888.088864,830.157277,1010.801806,890.7395163,2031.020378,1374.384649,1689.574395,981.7510794,948.5631428,1253.621295,4240.38029,5245.006422,3650.480248,1297.82943,1897.498368,2103.343085,1,1,1,0,1,1,1,0,1,1,1,0,1,1,1,0,0,0,ENSMUSG00000054263,ENSG00000113594
Taf4b,2.150762371,0.294368752,2.2907841,0.857471244,1.363067926,8.906730227,25.90416667,2.713028266,152.7762779,61.40422062,12.48505375,33.33592464,22.65209853,92.7583834,117.8092881,102.3020863,118.5966078,545.7923615,464.197177,541.0101137,556.0685998,68.43874414,96.97390081,101.6049078,189.8285005,175.9431636,119.1265967,60.58905224,74.64505733,87.05624826,204.5064556,227.6998042,137.601884,1,1,1,1,0,1,1,1,0,1,1,1,0,0,1,0,0,0,ENSMUSG00000054321,ENSG00000141384
Cklf,-0.617197422,NA,1.080311095,1.439164625,1.102718115,2.968910076,0,6.782570665,0,2.995327835,4.406489557,1.149514643,1.618007038,47.15217823,47.12371522,40.63061583,57.47374069,98.80723785,76.64651062,102.4545712,128.7195833,57.36777082,44.07904582,32.47167158,137.4218593,151.0816296,75.38479949,64.85588691,56.38084117,62.35109673,137.6485759,115.1893127,141.5333664,1,1,1,1,0,1,1,1,0,1,1,1,0,0,0,0,0,0,ENSMUSG00000054400,ENSG00000217555
Gimap4,-1.053009249,0.748625542,3.462825722,1.373598741,2.251877611,8753.831358,12873.67072,4918.720247,4387.84481,4436.829355,6271.90347,6192.43538,33.97814779,229.5769989,308.0494717,322.8682865,346.6670074,3050.08533,3061.542312,4251.864704,2939.955282,141.9097489,160.4477268,162.3583579,368.0110808,532.610555,303.400551,135.6853423,166.7602345,164.7010102,682.9991243,786.6804999,751.8960092,1,1,1,1,0,1,1,1,0,1,1,1,0,1,1,0,0,0,ENSMUSG00000054435,ENSG00000133574
Gm9946,#N/A,#N/A,-5.560132185,-1.521612502,-1.673071351,#N/A,#N/A,#N/A,#N/A,#N/A,#N/A,#N/A,#N/A,251.2206217,358.6638325,153.0903561,248.1405947,1.176276641,8.636226549,3.74833797,7.723174997,107.6903768,59.0659214,101.6049078,26.78561664,42.0733652,24.19758996,155.3127818,173.9071016,201.1705196,39.32816455,83.9363984,41.28056521,1,1,0,0,1,1,1,0,1,1,1,0,1,0,0,0,0,0,ENSMUSG00000054488,#N/A
Sh3bp2,1.551370561,0.301219697,1.969030993,1.165416188,2.532412678,387.4427649,550.2885137,107.1646165,1224.962949,1406.306419,1106.028879,819.2207687,550.1223928,41.74127253,58.46831333,44.9838961,55.6491775,199.967029,174.8835876,196.1630204,212.3873124,54.34841446,63.47382598,127.7917398,185.1701324,186.4615049,177.7592185,26.45437492,22.23469793,25.88158732,116.6735548,133.0481209,179.8653199,1,1,1,1,0,1,1,1,0,1,1,1,0,1,1,0,0,0,ENSMUSG00000054520,ENSG00000087266
Phactr1,-0.05599508,0.989068615,0.689790989,-0.831007893,-1.516536087,580.4219198,584.5940317,16.2781696,330.3270873,557.8798093,406.1314542,400.4142672,199.0148656,1885.314143,1148.422393,1917.619958,1492.492695,2941.867879,2545.527775,2650.074945,2259.028687,1754.246045,1536.595537,1578.542228,942.1549505,837.6424527,957.6661564,1977.251184,1600.898251,3010.49918,707.9069619,744.7123007,848.2173281,1,1,1,1,0,1,1,0,1,1,1,0,1,1,1,0,0,0,ENSMUSG00000054728,ENSG00000112137
Set,-0.173209427,0.955368415,0.341709853,0.620383167,0.456620265,5765.623367,6904.510588,6303.721176,6667.101712,6555.274967,7264.83245,5641.817866,1915.720333,1561.432787,1533.266068,1689.072744,1792.633341,2151.409977,1975.536823,1975.37411,2231.997574,1263.09741,1250.96332,1288.39213,1978.641855,2094.106132,1772.938803,1017.213384,1193.526821,1135.260535,1599.345358,1710.873823,1281.663263,1,1,1,1,0,1,1,1,0,1,1,1,0,1,1,0,0,0,ENSMUSG00000054766,ENSG00000119335
Usp46,-0.890792998,0.631626463,-1.253122271,-0.477459092,-0.891673078,451.2743315,439.6707209,474.7799466,165.1635437,280.8119845,210.0426689,459.8058571,110.0244786,2056.917152,2281.136881,2027.903058,2568.984981,923.3771633,964.0187885,1027.044604,832.8157038,1355.691005,1096.68666,1454.940381,810.5560513,1039.403363,953.9434503,941.2637271,1178.43899,924.6785288,490.291118,597.3771333,552.3732774,1,1,1,0,1,1,1,0,1,1,1,0,1,1,1,0,0,0,ENSMUSG00000054814,ENSG00000109189
Atrnl1,0.59231534,NA,0.580981681,0.586807292,-0.516853752,4.453365114,0,4.069542399,0,3.744159794,0,0,17.79807742,1162.571739,1296.77483,1301.6308,1295.43987,1716.187619,1794.176065,1922.897379,2131.596299,1134.271539,1146.055191,1186.787223,1902.943373,1976.491952,1329.006095,1283.463867,1392.05091,1151.730636,833.7570884,955.4462371,885.5664109,1,1,1,1,0,1,1,1,0,1,1,0,1,0,0,0,0,0,ENSMUSG00000054843,ENSG00000107518
Rnd1,0.431047421,0.90075183,5.872448827,1.520224603,1.163262968,399.3184052,181.3291667,820.6910505,591.8360314,836.4452979,128.5226121,302.7055226,1289.551609,365.6226279,393.5702883,452.7411479,303.7897722,19690.87097,14789.53796,26045.95111,28319.59552,436.80022,700.8568285,1160.600391,2386.249065,2587.51196,1617.515821,58.02895144,61.93951566,56.46891779,119.2954325,151.7998694,123.8416956,1,1,1,1,0,1,1,1,0,1,1,1,0,1,1,0,0,0,ENSMUSG00000054855,ENSG00000172602
Miga1,-0.723489044,0.724184947,-0.782834779,-0.616832979,-0.454884253,470.572247,492.8792794,828.8301353,289.0362014,536.9125144,364.2698034,462.1048864,155.3286756,635.3949263,636.1701555,671.130708,775.4393586,361.1169288,421.0160442,427.3105286,369.425204,665.2648511,742.2911316,641.0536454,436.7220104,437.9454832,461.6155623,1007.826348,1147.469232,1219.963911,895.3712129,768.8216917,799.073798,1,1,1,0,1,1,1,0,1,1,1,0,1,1,1,0,0,0,ENSMUSG00000054942,ENSG00000180488
Pdlim1,4.516119296,0.00129028,2.20661798,1.897612794,1.9058654,663.5514019,420.7676803,621.2834729,15892.86199,15706.0015,24314.27496,8520.585703,603.5166251,274.4102175,259.1804337,243.0581483,237.1932156,1251.558346,912.2014292,1079.521335,1439.084941,255.6388384,287.3953787,342.5237615,951.4716867,1636.080179,711.0368742,59.73568531,95.29156255,50.58673885,245.145559,289.3126924,241.7861677,1,1,1,1,0,1,1,1,0,1,1,1,0,1,1,1,1,0,ENSMUSG00000055044,ENSG00000107438
C1ra,#N/A,#N/A,3.835683974,0.611427476,0.837444654,#N/A,#N/A,#N/A,#N/A,#N/A,#N/A,#N/A,#N/A,239.6258238,235.6185761,443.3090406,237.1932156,4282.82325,3915.449212,3833.300297,4493.600652,189.2129985,242.434752,240.9188536,273.6791265,371.0105841,381.5773801,88.75016103,170.7307162,92.9384272,226.7924156,164.3010352,241.7861677,1,1,1,1,0,1,1,1,0,1,1,1,0,0,0,0,0,0,ENSMUSG00000055172,#N/A
Tmem245,-0.890293376,0.686399125,-1.140097731,-0.704182982,-0.469607053,3481.047064,817.7315318,2174.492155,1374.986501,993.7000092,1302.852079,1802.822131,344.635499,1186.534321,1545.483327,1392.324139,1539.019056,655.1860891,663.9099159,660.9569287,588.2484956,1854.891257,1440.503217,1339.718321,949.1425026,901.7087133,993.9625414,2359.55957,2739.632423,2442.280694,2071.283333,1491.210482,1887.111553,1,1,1,0,1,1,1,0,1,1,1,0,1,1,1,0,0,0,ENSMUSG00000055296,ENSG00000106771
Pprc1,1.646957844,0.424037647,2.235450329,1.061389545,1.422290829,201.8858851,375.9604731,24.4172544,389.5106905,677.6929227,301.8445347,270.5191126,1507.982559,254.3125678,293.2142281,338.8303142,309.2634618,1289.199199,1223.105585,1658.014829,1462.254466,326.0904868,416.1061925,438.8913029,867.6210607,914.1394803,684.0472546,278.1976202,225.5233647,258.8158732,726.2601053,693.8146974,623.1399606,1,1,1,1,0,1,1,1,0,1,1,1,0,1,1,0,0,0,ENSMUSG00000055491,ENSG00000148840
Epm2a,-1.519229657,0.432691146,-0.889645057,-0.712652476,-1.413177895,132.1164984,263.2423424,183.129408,9.634540047,76.38085979,45.53372543,158.2498491,45.30419706,541.0905698,510.5069149,393.2463175,483.5092471,250.5469246,288.2340611,293.6198076,207.2385291,360.3098589,317.3691299,274.4379985,177.0179882,153.9502681,249.4213119,302.9452612,321.6090236,344.6956857,77.34539028,125.0116572,159.2250372,1,1,1,0,1,1,1,0,1,1,1,0,1,1,0,0,0,0,ENSMUSG00000055493,ENSG00000112425
Nap1l3,-1.405553033,0.592880609,-0.501574245,-0.763490205,-1.618877964,328.0645634,16.80270271,88.17341865,20.64544296,65.14838041,41.8616508,131.8110124,11.32604926,252.7665948,184.1315539,220.5662002,228.9826812,195.2619224,156.5316062,134.9401669,139.0171499,175.1226688,205.4083535,138.2664725,101.3195064,109.0082644,95.8596833,304.6519951,225.5233647,312.9319194,85.21102319,101.7952066,86.49261283,1,1,1,0,1,1,1,0,1,1,1,0,1,1,1,0,0,0,ENSMUSG00000055733,ENSG00000186310
Fmnl1,3.51803484,0.18197525,0.636775851,1.371013328,1.057965539,8.906730227,0.700112613,0,2.752725728,66.64604433,8.078564189,4.981230118,95.46241523,176.2409285,113.4459811,158.8947298,110.3860734,214.0823487,216.985192,202.4102504,238.1312291,118.7613501,149.8687558,144.5513122,411.1009858,317.4626647,342.4889656,187.7407253,152.4665001,212.9348775,275.2971518,404.5020051,466.8635351,1,1,1,1,0,1,1,1,0,1,1,1,0,0,0,0,0,0,ENSMUSG00000055805,ENSG00000184922
S100a9,3.247204914,0.216800058,4.028646179,2.812419758,3.527274942,11.8756403,67.21081083,0,352.3488931,801.2501958,30.11101198,52.87767356,22.65209853,64.93086838,99.48339881,323.5938333,185.1931645,1680.89932,4610.665449,2532.627022,2166.350587,63.40648354,450.4878483,227.301701,2607.52155,1624.605625,976.2796872,8.53366933,4.764578127,1.176435787,55.05943037,87.50816003,30.46898861,1,1,1,1,0,1,1,1,0,0,1,1,0,0,1,0,0,0,ENSMUSG00000056071,ENSG00000163220
Fez2,-0.613235717,0.796737378,0.393393869,0.498876238,-0.57736966,765.9787995,1412.12714,1340.235963,851.9686127,855.9149288,730.7428516,1147.981957,245.9370697,2411.717968,2617.984179,1900.206837,1991.510729,2968.922242,2670.75306,2791.262342,3287.498157,1500.62011,1654.72738,1715.761227,2494.556123,2297.779468,2093.091531,1045.374493,1276.112842,1051.733594,563.7036918,968.8403432,725.358503,1,1,1,1,0,1,1,1,0,1,1,0,1,1,1,0,0,0,ENSMUSG00000056121,ENSG00000171055
Npm3,1.482637134,0.566833841,1.925879421,1.148309037,1.183819967,11.8756403,4.200675677,86.81690452,121.119932,43.43225361,67.56617321,24.90615059,221.6669642,144.5484808,164.9330033,186.4655048,180.6317565,601.0773636,732.9997283,657.2085907,577.9509289,127.8194192,149.8687558,160.2634113,343.5546482,337.5431345,290.3710795,25.60100799,57.96903388,27.05802311,110.1188607,83.04345799,60.93797722,1,1,1,1,0,1,1,1,0,1,1,1,0,0,1,0,0,0,ENSMUSG00000056209,ENSG00000107833
Adgrf5,-0.96896915,0.780851869,0.450161684,-0.613055415,-0.777181329,19073.76278,14399.21611,5149.327649,6961.643365,8622.051173,7123.09037,10123.77546,53.39423225,35487.81151,38740.92988,43468.95457,47324.60791,54434.55412,52340.93053,55292.98284,63384.0972,50816.77398,39508.93035,47323.79517,28574.42999,29457.09292,31963.15498,38919.50571,46074.26459,40416.45147,20288.08915,29237.5478,23648.84951,1,1,1,1,0,1,1,0,1,1,1,0,1,1,1,0,0,0,ENSMUSG00000056492,ENSG00000069122
Cebpb,2.328952118,0.076599542,4.811923062,1.769972275,1.720904539,80.16057204,271.6436938,326.9199061,885.0013214,2135.668746,915.0809981,842.5942331,907.7019482,78.07163936,56.72299055,78.35904482,110.3860734,2042.016249,1852.470595,1752.972724,3431.66409,124.8000628,195.7109634,327.8591356,823.3665636,801.3063645,585.3955417,79.36312477,88.14469536,45.8809957,205.8173945,243.7727315,259.4778385,1,1,1,1,0,1,1,1,0,1,1,1,0,1,1,0,0,0,ENSMUSG00000056501,ENSG00000172216
Pign,0.347166772,0.897196601,1.735476351,0.390728679,0.981997679,329.5490184,163.8263514,495.1276586,268.3907584,386.3972907,513.3560334,432.6006772,493.4921465,231.122972,269.6523705,266.2756431,212.5616124,741.0542839,689.8185956,974.5678722,859.8468163,260.671099,270.6453413,239.8713804,342.3900562,337.5431345,332.2515237,545.3014702,547.9264846,495.2794665,1257.190327,800.074606,1085.089143,1,1,1,1,0,1,1,1,0,1,1,1,0,1,1,0,0,0,ENSMUSG00000056536,ENSG00000197563
Fry,-1.793130944,0.283125548,-0.902913967,-0.701001049,-0.993278338,6041.732004,5187.834461,10115.52589,2255.858734,1998.632498,1368.215008,4330.221659,310.6573513,4123.110142,4118.961775,5373.398944,6095.86564,2893.640537,3020.520235,2307.726743,2318.239695,7166.945544,6085.553066,7388.876494,4193.695892,4030.437144,4471.90076,9696.80846,11183.25896,10244.40284,4319.543406,6000.559545,5311.432724,1,1,1,0,1,1,1,0,1,1,1,0,1,1,1,0,0,0,ENSMUSG00000056602,ENSG00000073910
Gulp1,-0.249241245,0.945140487,-1.468404034,-0.955840366,-1.175310981,400.8028602,334.6538289,377.110929,129.3781092,238.1285629,177.7284121,162.0815646,854.3077159,663.9954278,813.3204183,871.3816003,1070.106315,302.3030968,404.8231195,331.1031873,195.6537666,875.6133442,579.1986621,673.5253169,306.2877033,268.6958096,521.1788606,392.5487892,601.1309404,478.8093654,200.5736392,258.9527185,191.6597671,1,1,1,0,1,1,1,0,1,1,1,0,1,1,1,0,0,0,ENSMUSG00000056870,ENSG00000144366
Jmjd6,0.433565805,0.885517018,0.852296431,0.550639981,0.64638776,426.0385959,292.6470722,522.2579412,244.9925898,572.8564484,323.1425675,352.1346522,1300.877658,441.3753077,454.6565858,478.8608295,601.1935733,1012.774188,679.0233124,893.3538828,982.1304204,530.4002671,553.6328155,517.4517987,816.3790115,893.1027977,637.5134278,146.7791125,200.1122814,218.8170564,301.5159282,339.3173552,242.7690383,1,1,1,1,0,1,1,1,0,1,1,1,0,1,1,0,0,0,ENSMUSG00000056962,ENSG00000070495
Ebf1,-2.361855898,0.157789682,-0.905642061,-0.49854758,-1.031271069,2519.120199,2235.459573,453.0757204,216.0889696,432.0760402,575.0468872,417.2738153,46.9222041,2197.6007,2186.889451,2061.278207,2581.756923,1199.802174,1198.276434,1145.741973,1274.323874,2093.420409,1559.516641,2104.373813,1216.998669,1310.011598,1545.853728,2732.480919,3426.52577,2482.279511,984.5150525,1775.165532,1465.460065,1,1,1,0,1,1,1,0,1,1,1,0,1,1,1,0,0,0,ENSMUSG00000057098,ENSG00000164330
Npm1,0.206985675,0.938873285,0.73735668,0.863799748,1.135802269,3466.202513,5070.215542,7085.073317,7247.926841,5995.148662,6132.364634,4666.646278,6010.896145,3558.05699,3786.477784,3719.152442,4390.811333,6161.337046,5612.467728,6557.092555,7433.555934,2274.581791,2247.149756,2464.70462,4335.776119,4411.009856,3966.5434,2925.341846,3401.908783,2825.798761,7780.421886,6709.554229,5628.899928,1,1,1,1,0,1,1,1,0,1,1,1,0,1,1,0,0,0,ENSMUSG00000057113,ENSG00000181163
Chd6,1.014339153,0.668355752,-0.317558992,-0.547914719,-0.502473761,685.8182275,776.4248876,111.2341589,918.0340302,540.6566742,602.9546544,754.4647772,2483.640803,814.7278008,699.0017758,740.7831923,724.3515891,646.9521526,572.1500088,574.7451554,597.2588664,1287.252261,1116.08144,1140.698398,755.820226,792.7004489,873.9052681,1944.82324,1768.452582,1918.766769,1321.426329,1317.980043,1335.721146,1,1,1,0,1,1,1,0,1,1,1,0,1,1,1,0,0,0,ENSMUSG00000057133,ENSG00000124177
Scimp,4.928382379,NA,3.762880826,3.306514642,4.44222417,0,0,0,0,12.7301433,0,2.682200833,16.18007038,0.772986528,4.363306965,0.725546711,1.824563197,27.05436275,20.51103805,26.23836579,27.03111249,0,0.881580916,3.14241983,17.46888042,7.649702764,13.96014805,3.413467732,0,0,34.08440927,9.822344494,34.40047101,1,0,1,1,0,0,0,1,0,0,0,1,0,0,0,0,0,0,ENSMUSG00000057135,ENSG00000161929
5730455P16Rik,#N/A,#N/A,-0.579853615,-0.476543354,-0.660580118,#N/A,#N/A,#N/A,#N/A,#N/A,#N/A,#N/A,#N/A,316.9244766,295.8322122,293.8464181,242.6669052,219.9637319,183.5198142,212.4058183,153.1763041,419.6905339,345.5797192,335.1914486,243.3997338,249.5715527,296.8858153,597.3568531,581.2785315,594.1000726,388.0378902,320.5656067,413.7885227,1,1,1,0,1,1,1,0,1,1,1,0,1,0,0,0,0,0,ENSMUSG00000057181,#N/A
AB124611,#N/A,#N/A,2.685329451,1.752531267,1.927771731,#N/A,#N/A,#N/A,#N/A,#N/A,#N/A,#N/A,#N/A,48.69815128,72.43089562,49.33717637,53.8246143,351.7067157,267.723023,401.0721628,419.6258415,26.16775511,59.0659214,54.46861039,179.3471723,136.7384369,156.3536582,38.40151199,47.64578127,37.64594519,166.4892299,128.5834188,177.8995787,1,1,1,1,0,1,1,1,0,1,1,1,0,0,0,0,0,0,ENSMUSG00000057191,#N/A
Fam136a,0.970488161,0.576156834,-0.663271106,0.390085832,0.581667075,224.1527107,246.4396397,477.4929748,580.8251285,571.3587845,549.3423648,327.6116732,1067.884645,495.4843646,667.5859657,470.8798156,568.3514358,354.059269,329.2561372,387.3282569,319.2245665,320.0517741,315.6059681,343.5712348,448.3679307,431.2519933,403.913617,205.6614309,205.6709558,190.5825975,327.7347046,293.7773944,281.1009917,1,1,1,0,1,1,1,1,0,1,1,1,0,1,1,0,0,0,ENSMUSG00000057497,ENSG00000035141
Pus7,0.332699806,0.938212696,0.463801104,1.068944362,1.310739917,274.624182,109.9176802,31.19982506,16.51635437,259.8446897,131.4602718,134.4932132,330.0734357,263.5884062,252.1991426,277.8843904,292.8423931,379.9373551,327.0970805,392.3260408,400.317904,267.7162638,227.4478764,211.5896019,517.0788603,497.2306797,469.0609746,184.3272575,162.7897527,199.9940838,558.4599366,413.4314091,385.2852753,1,1,1,1,0,1,1,1,0,1,1,1,0,1,1,0,0,0,ENSMUSG00000057541,ENSG00000091127
Eif1a,#N/A,#N/A,2.411878511,0.565924879,1.021500652,#N/A,#N/A,#N/A,#N/A,#N/A,#N/A,#N/A,#N/A,791.538205,950.328257,1196.426527,1265.334577,5174.440944,4318.113274,6297.207789,6580.145097,881.6520569,1007.646987,1490.554473,1728.254569,1812.979555,1461.162163,546.1548371,555.0733518,450.5749065,1076.28077,1151.000187,926.8469761,1,1,1,1,0,1,1,1,0,1,1,1,0,0,0,0,0,0,ENSMUSG00000057561,#N/A
Sptan1,-0.715387705,0.81992681,-0.675101655,-0.318624374,-0.726658152,4429.613833,5794.131984,249.5986005,3526.241657,1788.959549,1849.256784,2302.094658,1164.965067,18765.02096,18506.53016,23032.48035,20373.07265,13809.48777,13009.39577,10977.63247,12730.36679,23340.63111,18881.70007,21288.84688,17022.84167,16854.20762,17047.20213,20590.89073,21766.18108,25056.90583,13024.17716,14898.71072,12812.70115,1,1,1,0,1,1,1,0,1,1,1,0,1,1,1,0,0,0,ENSMUSG00000057738,ENSG00000197694
Megf6,-3.610161178,0.032178278,-4.451127681,-1.226569232,-0.685686346,2395.910431,968.9558562,317.4243071,79.8290461,8.985983505,38.18957616,135.2595563,241.0830486,1377.461993,1547.22865,1306.709627,1698.668336,47.05106564,158.6906628,33.73504173,30.89269999,1862.942874,1680.293227,1796.41667,652.1715355,719.0720598,908.3403,313.1856644,312.0798673,287.0503321,180.9095569,218.7704001,167.0880021,1,1,1,0,1,1,1,0,1,1,1,0,1,1,0,1,0,1,ENSMUSG00000057751,ENSG00000162591
Bak1,0.067105695,0.984292436,0.883639438,0.739052683,1.202539686,320.6422882,121.119482,773.2130559,434.930665,480.7501175,533.9196514,274.3508281,396.4117243,538.7716102,687.6571777,510.7848848,720.7024627,1150.398555,1038.506242,1193.22092,1149.465879,359.3034067,385.2508605,400.1347917,701.0844007,668.392779,542.584421,64.85588691,72.26276827,57.64535358,187.464251,145.5492866,117.944472,1,1,1,1,0,1,1,1,0,1,1,1,0,1,1,0,0,0,ENSMUSG00000057789,ENSG00000030110
Mdn1,1.111515205,0.455757603,1.073548674,0.445298826,0.829736418,231.5749859,154.7248874,189.9119786,572.5669514,599.8143989,390.7087408,276.2666858,234.6110205,158.4622383,161.4423577,205.3297193,149.6141821,371.7034186,314.1427407,332.3526333,405.4666873,291.8711147,321.7770345,301.6723037,482.1410995,409.2590979,357.3797902,1362.826992,1122.058149,1356.430463,2620.566698,1765.343188,2442.433442,1,1,1,1,0,1,1,1,0,1,1,1,0,1,1,0,0,0,ENSMUSG00000058006,ENSG00000112159
Palld,1.468310041,0.599519736,0.622190488,-0.610329536,-1.259070963,155.867779,140.7226352,1.356514133,239.4871383,263.5888495,126.3193673,87.74628439,658.5288644,1343.450586,1103.044001,1473.585371,1076.492286,1586.797189,1850.311538,2242.755552,2014.461478,972.2327476,845.4360988,1171.075123,548.5228451,537.3916192,870.182562,1770.736386,2655.45821,1696.420405,492.9129957,979.5556281,1083.123402,1,1,1,1,0,1,1,0,1,1,1,0,1,0,1,0,0,0,ENSMUSG00000058056,ENSG00000129116
Zfp729b,#N/A,#N/A,-0.520232515,-0.460490043,-0.58885394,#N/A,#N/A,#N/A,#N/A,#N/A,#N/A,#N/A,#N/A,222.6201202,231.2552692,235.0771345,228.9826812,171.7363896,127.3843416,177.4213306,164.7610666,253.6259342,217.7504864,238.8239071,165.3720679,173.074525,176.828542,530.7942323,617.0128675,568.2184853,398.5254007,422.3608132,320.4158157,1,1,1,0,1,1,1,0,1,1,1,0,1,0,0,0,0,0,ENSMUSG00000058093,#N/A
Nfam1,5.625687693,0.198293314,0.488642405,1.089589933,1.144583968,0,0,0,0,1.497663917,20.56361793,0,29.12412668,136.045629,178.8955856,182.8377713,137.7545213,231.7264983,240.734815,228.6486162,190.5049833,110.7097332,248.6058184,148.7412053,381.9861851,261.0461068,440.2100019,101.550665,86.55650265,62.35109673,132.4048206,208.0551152,214.2657909,1,1,1,1,0,1,1,1,0,1,1,1,0,0,0,0,0,0,ENSMUSG00000058099,ENSG00000235568
Tpm3-rs7,#N/A,#N/A,1.877254756,0.827183354,2.094676086,#N/A,#N/A,#N/A,#N/A,#N/A,#N/A,#N/A,#N/A,49.47113781,58.46831333,68.20139086,66.59655668,218.7874552,184.5993425,209.9069263,279.3214957,58.37422294,58.18434048,85.89280869,133.9280832,129.0887341,95.8596833,2.560100799,7.146867191,15.29366523,55.05943037,26.78821226,22.60602381,1,1,1,1,0,1,1,1,0,0,1,1,0,0,0,0,0,0,ENSMUSG00000058126,#N/A
Spock2,-1.761567078,0.276776036,-3.634152362,-1.215704574,-1.298152701,18453.26058,11255.71048,2558.385655,4058.894085,1714.076354,1738.36013,5656.761557,2692.363711,90817.41422,121996.3174,78668.12772,115518.5697,6574.210147,12246.16925,9004.75725,4953.129565,50579.25128,42955.91173,43504.7076,17995.27601,16492.75916,24514.95066,46825.09698,46407.78506,44823.37993,15230.48719,23082.50956,17823.37547,1,1,1,0,1,1,1,0,1,1,1,0,1,1,1,0,0,0,ENSMUSG00000058297,ENSG00000107742
Samd12,0.111863048,0.974039868,-1.479107987,-0.650101225,-1.361594963,699.1783228,382.9615992,307.9287082,527.1469768,153.5105515,331.9555467,641.8123422,849.4536948,936.0866858,1017.523184,1152.893724,1222.457342,323.4760763,451.2428372,436.0566505,341.1068957,819.2520254,643.554069,698.6646756,376.163225,501.0555311,497.9119472,1332.959149,1443.667173,1111.731819,374.928502,549.1583512,586.7737484,1,1,1,0,1,1,1,0,1,1,1,0,1,1,1,0,0,0,ENSMUSG00000058656,ENSG00000177570
Tubb2a,1.007974384,0.753718444,1.047551516,0.679219731,-0.849538787,182.5879697,21.703491,177.7033514,89.46358615,147.5198959,146.8829852,50.19547273,846.2176808,1563.751747,1480.906384,2281.11886,3191.161031,4431.034107,4110.843837,4271.85584,4789.655694,1397.961994,1312.673985,1883.356952,2573.748381,2770.148613,2011.191996,1176.793001,1222.11429,1077.615181,515.1989556,809.0040101,602.499678,1,1,1,1,0,1,1,1,0,1,1,0,1,1,1,0,0,0,ENSMUSG00000058672,ENSG00000137267
Fcer1g,-0.206963409,0.972852384,1.636897943,1.061998556,2.132046078,22.26682557,163.1262388,0,9.634540047,172.9801825,16.15712838,22.60712131,46.9222041,345.5249782,568.1025669,488.2929367,505.4040055,1304.490795,1279.241058,1623.030341,1723.55522,251.6130299,469.8826284,515.3568521,867.6210607,758.2767865,956.7354799,69.12272157,100.0561407,72.93901881,441.7863817,263.4174205,361.6963809,1,1,1,1,0,1,1,1,0,1,1,1,0,0,0,0,0,0,ENSMUSG00000058715,ENSG00000158869
Kcnt1,7.051342269,0.065928065,1.590772613,-0.816976939,-0.816072816,0,0,0,16.51635437,0,0,17.24271964,103.5524504,88.89345075,46.25105383,142.9327021,62.03514869,282.3063939,288.2340611,234.8958461,222.6848791,291.8711147,220.3952291,232.5390674,156.0553317,98.48992309,168.4524532,244.0629428,177.0834871,235.2871575,106.1860443,128.5834188,136.6190134,1,1,1,1,0,1,1,0,1,1,1,0,1,0,0,0,0,0,ENSMUSG00000058740,ENSG00000107147
Thra,-0.986761504,0.640275867,-0.429461365,-0.737604013,-1.335996163,274.624182,1538.847523,420.5193813,227.0998725,330.2348938,352.5191646,666.3353212,302.5673161,2936.575821,2776.808553,3097.358911,2900.143201,2269.037641,2259.452771,2174.036023,1992.579149,3008.285386,2776.098306,2613.445825,1658.379048,1474.480208,1903.233518,4061.173234,4305.590434,4430.457175,1291.274736,1985.899469,1787.841622,1,1,1,0,1,1,1,0,1,1,1,0,1,1,1,0,0,0,ENSMUSG00000058756,ENSG00000126351
Pirb,#N/A,#N/A,3.422518706,2.645234941,2.739393769,#N/A,#N/A,#N/A,#N/A,#N/A,#N/A,#N/A,#N/A,10.8218114,19.19855065,29.02186845,35.57898233,216.434902,265.5639664,251.138644,276.7471041,23.14839875,63.47382598,40.85145779,316.7690316,215.1478902,270.8268722,18.77407253,23.82289064,12.94079366,73.41257382,123.2257764,177.8995787,1,1,1,1,0,1,1,1,0,1,1,1,0,0,0,0,0,0,ENSMUSG00000058818,#N/A
Rpl18,0.107276305,0.974039868,0.422044782,0.751182937,1.078396413,2759.601915,4786.669934,12965.56208,10490.63775,5506.161393,7393.355062,6715.464543,6719.583228,4346.503249,5119.904393,3866.438425,4892.566212,6081.350235,6425.352552,5547.540195,6361.321806,2728.491697,3029.112029,3296.398402,5249.980861,5364.354063,4625.462388,178.353689,227.9056538,221.169928,534.8630378,417.0031708,374.4736987,1,1,1,1,0,1,1,1,0,1,1,1,0,1,1,0,0,0,ENSMUSG00000059070,ENSG00000063177
Fcgr4,#N/A,#N/A,6.061720446,2.88510396,4.985195675,#N/A,#N/A,#N/A,#N/A,#N/A,#N/A,#N/A,#N/A,15.45973057,19.19855065,24.66858818,20.98247676,1317.429838,1030.949544,1358.147791,1669.492995,10.0645212,22.92110383,27.23430519,182.8409484,159.6875452,103.3050956,2.560100799,3.176385418,5.882178937,128.4720042,96.43756412,127.773178,1,1,1,1,0,1,1,1,0,0,1,1,0,0,0,0,0,0,ENSMUSG00000059089,#N/A
Ifitm6,#N/A,#N/A,3.493129879,3.212919388,5.783057885,#N/A,#N/A,#N/A,#N/A,#N/A,#N/A,#N/A,#N/A,11.59479792,13.96258229,10.15765396,10.03509758,91.74957801,154.3725496,127.443491,140.3043458,12.07742544,14.10529466,4.189893107,144.4094114,56.41655789,84.69156485,0,0,1.176435787,6.554694091,32.14585471,15.7259296,1,1,1,1,0,0,1,1,0,0,0,1,0,0,0,0,0,0,ENSMUSG00000059108,#N/A
Skap2,-0.355794729,0.893090261,0.68577768,0.697129173,1.278462459,1861.506617,1234.998649,851.8908756,751.4941237,1007.178984,854.1245592,781.2867855,1749.065608,399.6340351,433.7127123,378.7353833,449.754828,570.4941709,675.7847274,700.9392004,724.6912539,325.0840347,427.5667445,360.3308072,583.4606059,572.7714945,649.6122227,358.4141119,493.9279325,348.224993,1005.490074,949.1956542,963.2131883,1,1,1,1,0,1,1,1,0,1,1,1,0,1,1,0,0,0,ENSMUSG00000059182,ENSG00000005020
Csf2ra,NA,NA,1.342723836,1.263667923,1.414610134,0,0,0,0,0,0,0,0,77.29865283,71.55823423,70.378031,56.5614591,184.6754327,193.235569,149.9335188,172.4842416,70.45164838,89.03967256,85.89280869,243.3997338,158.7313324,188.927337,74.24292317,57.17493753,76.46832617,204.5064556,147.3351674,201.4884731,1,1,1,1,0,1,1,1,0,1,1,1,0,0,0,0,0,0,ENSMUSG00000059326,ENSG00000198223
Eif4a1,0.835582502,NA,0.931056109,1.10509345,1.134214219,224.1527107,530.6853605,284.8679679,227.0998725,292.0444639,342.2373556,292.3598908,1941.608445,1664.239995,2107.477264,1853.046301,2348.212834,3168.889271,3192.165238,4054.452237,4785.794106,1254.039341,1410.529466,1527.216037,3231.742877,3148.8089,2637.537305,270.5173178,355.7551668,270.5802311,774.7648416,547.3724704,651.643208,1,1,1,1,0,1,1,1,0,1,1,1,0,1,1,0,0,0,ENSMUSG00000059796,ENSG00000161960
Chpt1,-0.538991163,0.888185847,-0.425443253,-0.422944782,-1.181208848,280.5620022,674.9085588,2201.622438,715.7086892,897.8495185,1219.863192,741.8201161,45.30419706,954.6383625,842.9909057,907.6589359,943.2991727,677.5353453,658.5122743,665.9547126,715.680883,694.4519626,631.2119361,604.3920807,517.0788603,436.9892704,486.7438288,1332.959149,1247.525373,1278.785701,519.131772,659.8829619,520.9214182,1,1,1,0,1,1,1,0,1,1,1,0,1,1,1,0,0,0,ENSMUSG00000060002,ENSG00000111666
Alox5ap,3.155444447,0.266753841,1.175757298,1.8904142,1.938482103,16.32900542,0,0,2.752725728,88.36217113,79.31681203,13.02783262,53.39423225,75.75267977,104.7193672,84.16341851,61.12286709,185.8517093,161.9292478,198.6619124,190.5049833,58.37422294,96.97390081,97.41501474,380.8215931,229.4910829,328.5288175,27.30774186,46.05758856,8.235050511,74.72351264,123.2257764,119.9102132,1,1,1,1,0,1,1,1,0,0,1,1,0,0,0,0,0,0,ENSMUSG00000060063,ENSG00000132965
Atp8b4,4.843196381,NA,2.740408048,2.25768727,3.477184853,0,0,0,0,5.99065567,2.937659705,0,21.03409149,3.091946113,6.108629751,5.078826979,5.47368959,24.70180946,38.86301947,19.99113584,47.62624581,12.07742544,12.34213283,14.66462587,76.86307383,52.5917065,57.70194529,9.387036263,5.558674482,9.411486298,70.79069619,78.57875595,117.944472,1,0,1,1,0,1,1,1,0,0,1,1,0,0,0,0,0,0,ENSMUSG00000060131,ENSG00000104043
Golm2,-0.209514541,0.938963423,-0.483749065,-0.540734725,-0.723123882,1515.628594,2330.674888,1922.180527,1882.864398,1729.801825,1993.20211,1758.757403,949.7701312,481.5706071,431.0947282,400.5017847,485.3338103,366.998312,254.7686832,307.3637135,357.8404415,428.748603,437.2641345,384.4226926,259.7040222,265.8271711,333.1822002,1116.203948,1111.734896,1222.316783,726.2601053,707.2088035,656.557561,1,1,1,0,1,1,1,0,1,1,1,0,1,1,1,0,0,0,ENSMUSG00000060227,ENSG00000166734
Gtf2i,-0.244696571,0.949609268,-1.843191496,-0.512573138,-0.698853093,436.4297811,193.2310811,65.11267839,111.485392,107.0829701,114.5687285,170.8945102,474.0760621,5352.158722,6118.229027,5059.962765,5859.584706,1525.630804,1743.438235,1554.310812,1414.62822,4714.221729,4775.523824,3990.873184,3149.056843,2578.906044,3721.775471,3542.326139,4199.975619,4239.874577,2130.27558,2766.329386,2481.748266,1,1,1,0,1,1,1,0,1,1,1,0,1,1,1,0,0,0,ENSMUSG00000060261,ENSG00000263001
Ppih,-0.033224931,0.993074769,-0.601253749,0.901528377,1.472779442,133.6009534,125.3201577,689.1091796,407.4034077,310.7652629,221.7933077,254.4259076,349.4895202,147.6404269,164.0603419,128.4217679,146.8773373,68.22404518,116.5890584,106.2029091,95.25249163,90.58069077,92.56599622,64.94334316,161.8782919,162.5561837,140.5321571,22.18754026,45.26349221,24.70515153,108.8079219,74.11405391,75.68103622,1,1,1,0,1,1,1,1,0,1,1,1,0,1,1,0,0,0,ENSMUSG00000060288,ENSG00000171960
Tnfrsf19,-2.190984128,0.249241546,-2.515940815,-0.802661938,-1.017702827,709.5695081,630.8014642,1916.75447,107.3563034,167.7383588,528.044332,368.2278572,16.18007038,6761.313163,9028.554772,4617.379271,4961.899613,1164.513875,1083.846432,1153.238649,1033.618254,5263.744586,4461.681018,3797.090628,2477.087243,2149.566477,3125.211811,2189.73955,2783.307723,2397.576135,907.1696622,1450.135223,1279.697522,1,1,1,0,1,1,1,0,1,1,1,0,1,1,1,0,0,0,ENSMUSG00000060548,ENSG00000127863
Gmfg,0.65598647,0.861735034,1.019565021,0.816435429,2.038392292,739.2586089,1086.574775,2494.629491,1976.457072,3267.902668,2736.430015,3314.050715,50.15821817,40.19529947,76.79420259,58.04373691,61.12286709,125.8616006,131.7024549,112.4501391,106.8372541,41.26453691,61.71066415,59.70597677,109.4716506,77.45324049,100.513066,9.387036263,12.70554167,16.47010102,58.99224682,62.5058286,35.38334161,1,1,1,1,0,1,1,1,0,0,1,1,0,1,1,0,0,0,ENSMUSG00000060791,ENSG00000130755
Ctnna3,4.218517933,0.34519712,1.22383962,-1.127307817,-1.699954796,0,0,2.713028266,1.376362864,7.488319587,0,0,72.8103167,84.25553158,104.7193672,132.7750482,73.89480946,190.5568159,223.4623619,283.6242397,229.1208582,112.7226374,94.32915806,142.4563656,37.26694489,33.46744959,88.414271,399.3757246,549.5146774,365.8715299,69.47975737,190.196307,142.516237,1,1,1,1,0,1,1,0,1,1,1,0,1,0,0,0,0,0,ENSMUSG00000060843,ENSG00000183230
Ube2s,1.786963894,0.19562222,0.942447209,0.571037211,1.353889403,69.76938678,196.0315316,268.5897983,600.0942086,547.3961618,971.6309474,331.4433886,624.5507166,226.4850528,260.9257565,208.2319061,213.473894,458.74789,361.6419867,408.5688387,518.7399206,179.1484773,157.802984,175.9755105,287.6542309,259.1336811,215.9169566,100.6972981,150.8783074,96.46773456,359.1972362,285.7409307,249.6491325,1,1,1,1,0,1,1,1,0,1,1,1,0,1,1,0,0,0,ENSMUSG00000060860,ENSG00000108106
Rrs1,1.554367387,0.390392823,0.727612068,0.972684968,1.089410844,93.52066739,79.81283786,10.85211306,322.0689101,109.329466,173.3219226,85.06408356,213.576929,204.0684435,245.2178514,209.6829996,268.2107899,359.9406522,338.971892,431.0588665,404.1794915,130.8387756,179.8425069,199.0199226,381.9861851,333.7182831,285.7176968,63.14915304,56.38084117,30.58733047,99.63135019,114.2963723,108.115766,1,1,1,1,0,1,1,1,0,1,1,1,0,1,1,0,0,0,ENSMUSG00000061024,ENSG00000179041
Prcp,-0.065470229,0.987109412,-1.117783822,1.309520011,0.783556,7195.153569,5038.710475,12134.01892,6614.799924,7821.549809,17449.69865,6352.601087,571.1564843,1225.183647,1583.007767,792.2970088,1272.63283,548.1449148,554.8775558,678.4491725,463.3904998,586.7615858,693.8041812,636.8637522,1709.621097,1594.006813,1452.786074,331.10637,496.3102216,334.1077636,690.8647572,611.6641798,700.786738,1,1,1,0,1,1,1,1,0,1,1,1,0,1,1,0,0,0,ENSMUSG00000061119,ENSG00000137509
H2-K1,#N/A,#N/A,2.354791896,0.700826779,1.352212532,#N/A,#N/A,#N/A,#N/A,#N/A,#N/A,#N/A,#N/A,12341.50291,16122.41924,10072.03945,15506.05033,74345.38882,56805.85965,68099.80424,77176.40055,5482.144696,5619.196761,6467.100011,7922.719565,12894.53022,7737.644727,1329.545682,1497.665725,949.3836804,3365.179946,2593.991887,3691.661975,1,1,1,1,0,1,1,1,0,1,1,1,0,0,0,0,0,0,ENSMUSG00000061232,#N/A
Exosc5,0.537293539,0.848306553,-0.47761136,0.565649727,1.0478439,228.6060758,193.2310811,949.5598932,896.0122244,676.9440907,706.507159,380.1061752,656.9108573,374.8984662,394.4429497,281.512124,332.9827834,241.1367114,290.3931177,214.9047103,245.8544041,254.6323863,308.5533207,230.4441209,441.3803785,345.1928372,390.8841455,54.61548371,63.52770837,79.99763354,152.0689029,96.43756412,160.2079078,1,1,1,0,1,1,1,1,0,1,1,1,0,1,1,0,0,0,ENSMUSG00000061286,ENSG00000077348
Cxcl12,0.911987238,0.803248745,-3.860698149,-1.2118622,-1.484866637,2286.060758,7956.779845,632.135586,6896.954311,15707.49917,4560.716692,6743.052894,197.3968586,29868.19945,42575.40404,26095.01302,32984.45347,2043.192526,2669.673532,2287.735608,2051.790157,17384.44746,14419.13747,13117.50784,6138.564578,6436.268663,6817.205633,15375.9654,15659.58011,15872.47164,4834.742362,6947.076378,4974.308108,1,1,1,0,1,1,1,0,1,1,1,0,1,1,1,0,0,0,ENSMUSG00000061353,ENSG00000107562
Zic2,-1.416286704,0.628526155,-1.550034758,-0.477832441,-0.738978306,408.2251354,1788.087613,210.2596906,268.3907584,166.9895268,400.2561348,661.7372627,4.854021113,1613.995871,1751.431416,2572.788638,2264.282927,781.0476897,802.0895407,620.974657,595.9716706,2187.020456,1953.583311,2011.148691,1327.634912,1438.14412,1649.158823,1342.346186,1802.598725,1115.261126,719.7054112,931.3368461,901.2923405,1,1,1,0,1,1,1,0,1,1,1,0,1,1,0,0,0,0,ENSMUSG00000061524,ENSG00000043355
Akap6,6.49212531,0.006645191,0.609735009,-1.177941148,-2.523064363,0,0,2.713028266,94.9690376,37.44159794,13.9538836,4.214887023,226.5209853,578.9669097,282.7422913,573.1819019,293.7546747,646.9521526,598.0586885,708.4358763,687.3625747,524.3615544,460.1852384,467.1730814,206.1327889,182.6366535,252.2133415,3425.414869,2526.020504,4855.150494,533.552099,625.058286,719.4612794,1,1,1,1,0,1,1,0,1,1,1,0,1,0,0,1,1,0,ENSMUSG00000061603,ENSG00000151320
Cd2ap,0.451472894,0.882538407,-1.527919552,-0.690907348,-0.564648676,506.1991679,1206.294032,311.9982506,883.6249586,560.8751371,478.8385319,768.2589529,1925.428375,4575.307261,4500.314804,5291.412166,5989.128693,1611.498998,1725.086253,2040.345302,1682.364953,5466.041462,3787.271617,4443.38164,2465.441323,2664.9652,3352.296886,6031.597482,6398.034329,5966.882313,3352.070558,4987.072181,4095.621791,1,1,1,0,1,1,1,0,1,1,1,0,1,1,1,0,0,0,ENSMUSG00000061665,ENSG00000198087
Ext1,2.300624206,0.101921947,1.033798417,0.545966247,0.662246625,51.95592633,252.0405406,84.10387625,393.6397791,1023.653288,502.3398095,872.8647854,401.2657454,394.2231294,420.6227914,436.7791202,395.0179321,745.7593905,783.7375593,858.3693951,985.9920079,393.5227788,394.9482506,506.9770659,674.2987841,673.1738432,543.5150975,395.9622569,414.5182971,372.9301446,807.538312,493.7960459,575.9621718,1,1,1,1,0,1,1,1,0,1,1,1,0,1,1,0,0,0,ENSMUSG00000061731,ENSG00000182197
Cyp2d22,#N/A,#N/A,-1.2709481,-0.598252993,-0.79677542,#N/A,#N/A,#N/A,#N/A,#N/A,#N/A,#N/A,#N/A,1637.185467,1985.304669,1992.351269,2739.58164,1045.709934,988.8479398,653.4602528,772.3174997,2700.311037,2664.137529,2576.784261,1748.052634,1601.656516,1895.788106,407.056027,397.0481773,365.8715299,197.9517616,235.7362678,238.8375559,1,1,1,0,1,1,1,0,1,1,1,0,1,0,0,0,0,0,ENSMUSG00000061740,#N/A
Rpl34,-0.913723698,NA,-0.913027829,0.526511445,0.879139398,4472.663029,4809.77365,26005.73245,6958.89064,4677.204414,4275.763701,5816.160921,9491.229284,6778.318867,7369.625464,5121.634235,6827.515482,2747.782234,3220.232974,5296.401551,2594.986799,3799.356752,4029.706369,4414.052388,6041.90344,6283.274608,5310.440319,466.7917124,523.3094977,537.6311548,1175.91212,902.762753,733.2214678,1,1,1,0,1,1,1,1,0,1,1,1,0,1,1,0,0,0,ENSMUSG00000062006,ENSG00000109475
Rapgef2,-0.402344295,0.894811762,-0.963569711,-0.733204688,-0.746398423,1043.571892,978.0573201,223.824832,304.1761929,952.5142515,466.3534782,696.989045,410.9737876,2270.261434,2197.361388,2596.006133,2590.879739,1157.456215,1192.878792,1185.724244,1415.915416,2577.523879,1905.09636,2265.684698,1227.479997,1387.464839,1442.548632,4147.363294,4551.760304,4843.386136,2288.899177,3010.995057,2768.746481,1,1,1,0,1,1,1,0,1,1,1,0,1,1,1,0,0,0,ENSMUSG00000062232,ENSG00000109756
Nectin2,0.529485735,0.824343071,0.714089949,0.630987222,1.383190828,3671.057309,4237.081533,2778.140945,5259.082503,5059.108713,6919.657435,6600.513078,1868.798129,351.7088704,453.7839244,539.8067532,343.017881,709.2948146,696.2957655,592.2373992,773.6046955,566.6325434,697.3305049,634.7688057,1044.639049,1059.483833,838.5395597,132.2718746,169.1425235,187.0532902,466.6942193,406.2878859,399.0454637,1,1,1,1,0,1,1,1,0,1,1,1,0,1,1,0,0,0,ENSMUSG00000062300,ENSG00000130202
Serpinb2,7.363963903,0.065606058,7.409794714,5.821346268,5.876715936,0,0,0,0,2.995327835,150.5550599,0,16.18007038,0,0.872661393,0,0,57.63755541,14.03386814,17.49224386,79.80614163,0,0,0,4.658368111,20.08046976,5.584059221,0,0,0,3.932816455,5.357642451,20.64028261,1,0,1,1,0,0,0,1,0,0,0,1,0,0,0,0,0,0,ENSMUSG00000062345,ENSG00000197632
Rpl7a,0.72740249,0.697132996,0.582182604,1.128263084,0.644750534,6228.773339,8998.547413,13995.15631,25737.98555,13401.84557,14628.0765,11573.31342,15296.63854,6571.158477,8046.810705,6801.274872,8165.832587,11184.0383,10502.73101,10654.02596,11949.03892,3316.259734,3813.719044,4043.246848,8655.24795,8669.025657,7101.061976,1133.271287,1446.049462,1111.731819,1990.005126,2284.141565,1498.877665,1,1,1,1,0,1,1,1,0,1,1,1,0,1,1,0,0,0,ENSMUSG00000062647,ENSG00000148303
Phactr2,0.574055238,0.872790817,-1.180661037,-0.405370992,-0.842111431,2389.972611,1114.57928,267.2332842,1969.575258,2782.659559,2361.878403,2061.846097,181.2167882,2096.339465,2018.465802,2006.862204,1972.352816,852.8005648,964.0187885,807.1421095,946.0889371,2092.413957,2173.97854,1780.70457,1489.513204,1462.049441,1614.723791,5191.88442,5801.667966,5305.725401,2330.849219,3617.301595,3140.271568,1,1,1,0,1,1,1,0,1,1,1,0,1,1,1,0,0,0,ENSMUSG00000062866,ENSG00000112419
Impdh2,0.813226751,0.831917081,1.056303005,1.004140772,0.633736247,77.19166197,2.800450451,20.347712,30.279983,29.95327835,13.9538836,45.98058571,173.126753,901.302292,1237.433855,1069.455852,1320.071473,2390.194135,2268.088997,2154.044887,2601.422778,804.1552437,916.8441531,1062.137903,1919.247662,1967.886036,1694.761974,180.0604229,172.3189089,150.5837808,294.9612341,216.9845193,271.2722857,1,1,1,1,0,1,1,1,0,1,1,1,0,0,1,0,0,0,ENSMUSG00000062867,ENSG00000178035
Klhl24,-0.426909293,0.866503869,-0.943795914,-0.943465682,-0.887079271,687.3026825,740.7191444,1660.373299,689.5577948,542.9031701,831.3576965,619.971564,1145.548983,2199.91966,2664.235233,2080.142421,2415.721672,1079.821957,1382.875776,1251.944882,1149.465879,2156.826893,1974.741253,1886.499371,932.8382142,981.0743795,1213.602204,3033.719447,3521.817332,2826.975197,1486.60462,1656.404458,1929.374988,1,1,1,0,1,1,1,0,1,1,1,0,1,1,1,0,0,0,ENSMUSG00000062901,ENSG00000114796
Mtap,0.380171,0.886201699,-0.920470145,0.448184649,0.667721125,434.9453261,223.3359235,355.4067029,275.2725728,500.2197484,329.017887,333.7424179,760.4633078,719.6504578,785.3952537,529.6490993,677.8252276,314.0658632,361.6419867,372.334905,384.871554,486.1163738,483.9879231,424.2266771,682.4509283,598.5892413,623.5532797,258.5701807,262.051797,224.6992354,406.3910337,429.5043365,349.9019337,1,1,1,0,1,1,1,1,0,1,1,1,0,1,1,0,0,0,ENSMUSG00000062937,ENSG00000099810
Kcnma1,1.257603102,0.65180508,0.826895439,-1.244623987,-2.538048805,7.422275189,168.0270271,16.2781696,275.2725728,119.8131134,173.3219226,31.80323845,168.2727319,315.3785035,163.1876805,296.7486049,139.5790845,449.3376769,372.4372699,397.3238248,406.7538832,281.8065935,228.3294574,241.9663269,95.49654628,87.97158179,133.0867448,2490.124711,1864.538241,3430.486756,477.1817298,333.0667724,530.7501242,1,1,1,1,0,1,1,0,1,1,1,0,1,0,1,0,0,0,ENSMUSG00000063142,ENSG00000156113
Rpl27,-0.4904573,0.884460152,0.459762482,0.861068484,1.018330206,2339.50114,4821.675565,28636.01335,8669.709679,6790.408202,6048.641332,8137.414156,12821.08777,2386.982399,2885.891227,1746.390934,2343.651426,3066.553203,3317.390523,3257.305696,3233.435932,1381.85876,1544.529766,1650.817884,2803.173011,3047.450339,2463.500793,98.99056423,121.4967422,77.64476196,216.304905,216.9845193,173.9680963,1,1,1,1,0,1,1,1,0,1,1,1,0,1,1,0,0,0,ENSMUSG00000063316,ENSG00000131469
Syne2,-0.511153784,0.855620347,-0.798705856,-0.628931054,-0.489762618,3016.412637,3761.705069,569.7359359,2443.044083,1730.550657,1169.188563,1369.455111,1881.742185,1126.241372,890.9872823,1063.651479,735.2989682,609.3113001,538.684631,462.2950163,584.3869081,2217.21402,1582.437745,1934.683142,1116.843755,1192.397418,1396.945482,6810.721492,8399.951239,7842.120958,4977.634693,5249.596662,6188.1533,1,1,1,0,1,1,1,0,1,1,1,0,1,1,1,0,0,0,ENSMUSG00000063450,ENSG00000054654
Snrnp70,1.410539558,0.455757603,0.657164752,0.478613235,1.072942496,92.03621235,889.8431309,172.2772949,1112.101194,1148.708225,1366.011763,973.6389024,517.7622521,1107.689695,1227.83458,1467.780997,1485.194442,2257.274874,1914.003709,1976.623556,2192.094503,1504.645919,1374.384649,1270.585085,1876.157757,2009.959401,1895.788106,581.1428814,561.4261227,629.3931462,1230.97155,1403.702322,1090.003496,1,1,1,1,0,1,1,1,0,1,1,1,0,1,1,0,0,0,ENSMUSG00000063511,ENSG00000104852
Slc22a8,2.799936383,0.584468403,-3.213958869,-1.003004961,-1.302704425,0,0,5.426056532,0,2.995327835,15.42271345,0,43.68619002,8372.990075,10862.01636,7658.145538,14542.68096,897.4990772,1455.204173,1293.1766,818.6565497,5124.854194,6388.816901,4507.27751,2735.626673,1677.197331,3581.243314,1676.012656,2019.38703,1447.016018,618.7631222,734.8899562,730.272856,1,1,1,0,1,1,1,0,1,1,1,0,1,0,0,0,0,0,ENSMUSG00000063796,ENSG00000149452
Klk8,20.43927425,NA,-2.873863031,0.881757139,1.705571171,0,0,0,0,0,0,0,131.0585701,231.122972,289.7235825,145.1093423,194.3159804,36.46457587,34.54490619,22.49002782,23.16952499,82.52907382,81.10544431,73.32312937,143.2448194,158.7313324,134.9480978,48.64191518,39.70481773,29.41089468,221.5486603,72.32817309,94.35557763,1,1,1,0,1,1,1,1,0,1,1,1,0,0,0,0,0,0,ENSMUSG00000064023,ENSG00000129455
Gpn1,-0.91086872,0.60264444,0.384769046,0.488275538,0.609930893,1021.305066,924.8487616,2624.854847,1055.670317,822.2174907,831.3576965,837.2298314,504.8181958,548.8204351,602.1363612,486.8418433,574.7374069,722.2338576,736.2383133,712.1842143,715.680883,402.5808479,396.7114124,403.2772115,532.2185567,612.932434,540.7230679,179.2070559,196.9358959,174.1124965,281.8518459,265.2033013,293.8783095,1,1,1,1,0,1,1,1,0,1,1,1,0,1,1,0,0,0,ENSMUSG00000064037,ENSG00000198522
Fbln2,-4.34708362,0.011870958,-1.444012609,-0.743695521,-1.50619224,4474.147484,4155.86847,733.874146,19.26908009,265.0865134,246.0290003,227.2207277,8.090035189,4510.376393,4364.179627,2427.679296,3806.95111,1159.808768,1463.8404,1845.431727,1083.818891,1784.439608,1721.72753,1988.104279,915.3693338,914.1394803,1449.994044,3560.246844,4920.221013,2785.799944,932.0774998,1342.982374,1689.554562,1,1,1,0,1,1,1,0,1,1,1,0,1,1,0,1,0,1,ENSMUSG00000064080,ENSG00000163520
Rab44,6.14809122,0.043357383,4.32078646,3.979770821,7.331626294,0,0,0,1.376362864,2.995327835,9.547394041,3.448543928,56.63024632,0,0,0,0,3.528829923,2.159056637,2.49889198,3.861587498,0,1.763161833,2.094946553,25.62102461,20.08046976,15.82150113,0,0,0,15.73126582,34.82467593,31.45185921,1,0,0,1,0,0,1,1,0,0,1,1,0,0,0,1,1,0,ENSMUSG00000064147,ENSG00000255587
mt-Rnr1,0.946224868,0.781753575,1.219680557,1.280948152,1.448326829,23524.15899,47868.09956,306323.952,158625.8201,62712.43005,92874.84599,117292.2593,781471.5111,13160.86863,14247.0699,14599.45093,18511.10591,32408.77402,29432.26008,38625.37333,40477.16016,6935.461557,5906.59214,8890.953173,26548.03986,15986.92256,10276.53032,72424.39824,80935.88865,109294.4139,245136.3824,314596.3,157022.4242,1,1,1,1,0,1,1,1,0,1,1,1,0,1,1,0,0,0,ENSMUSG00000064337,ENSG00000211459
mt-Rnr2,0.558453894,0.854285639,1.336178543,1.435630353,1.080424473,602132.0747,883624.0306,1754024.322,1597732.938,543867.6656,821338.0737,1122538.216,3866452.72,22030.88904,25778.41755,22770.55799,28848.1687,54733.32839,50023.18323,73050.10925,73229.85812,12228.39325,10429.98382,14604.9199,47964.88726,33116.51948,19716.38243,1499449.331,1765418.339,1475790.461,2483568.347,5080375.525,2460922.221,1,1,1,1,0,1,1,1,0,1,1,1,0,1,1,0,0,0,ENSMUSG00000064339,ENSG00000210082
Selenop,-1.681295495,0.307664447,-0.770596201,-1.110646797,-0.897196387,2210.353551,760.3222975,1583.051993,368.8652475,156.5058794,212.9803286,620.7379071,1008.018385,52371.38327,66356.29967,64949.4905,74781.54718,43877.47127,49479.10095,28442.38852,29700.75665,85093.51382,70756.56593,95729.63023,39303.81634,36690.8431,40507.69627,14578.06732,17002.39705,12964.32238,7914.137646,9383.017813,6620.616364,1,1,1,0,1,1,1,0,1,1,1,0,1,1,1,0,0,0,ENSMUSG00000064373,ENSG00000250722
Adamtsl1,2.505498948,0.422516655,1.323420284,-1.004159534,-1.725750923,0,0,44.76496639,128.0017463,55.41356495,132.1946867,9.196117142,97.08042227,657.8115356,570.7205511,737.1554587,472.5618679,1432.704949,1388.273418,1634.275355,1652.759449,722.632622,657.6593636,738.4686601,323.7565837,194.1112076,537.9310383,796.1913485,1073.618271,664.6862198,144.20327,254.4880164,365.6278633,1,1,1,1,0,1,1,0,1,1,1,0,1,0,0,0,0,0,ENSMUSG00000066113,ENSG00000178031
Wdr6,-0.513516406,0.86295651,-1.26709935,-0.470211164,-0.905324989,1968.38738,947.9524778,415.0933247,560.1796856,497.9732526,749.1032248,442.5631374,1640.659136,861.8799791,1075.991498,653.7175869,608.4918261,297.5979902,403.7435912,276.1275638,351.4044624,693.4455105,945.0547424,846.3584076,610.2462225,539.3040449,644.95884,392.5487892,357.3433596,389.4002456,184.8423734,208.9480556,213.2829203,1,1,1,0,1,1,1,0,1,1,1,0,1,1,1,0,0,0,ENSMUSG00000066357,ENSG00000178252
Tecpr1,-0.242297414,0.938053149,-1.205540171,-0.352506714,-0.611058901,1785.799411,1064.171172,401.5281834,960.701279,889.612367,727.8051919,736.838886,1266.899511,2317.413612,2307.316723,1845.790834,1747.019261,1052.767594,1005.040865,705.9369843,798.0614163,2225.265637,1949.175406,1834.125708,1631.593431,1548.108597,1527.240197,860.1938685,952.9156255,924.6785288,524.3755273,644.7029749,621.1742194,1,1,1,0,1,1,1,0,1,1,1,0,1,1,1,0,0,0,ENSMUSG00000066621,ENSG00000205356
Pilrb2,#N/A,#N/A,2.095399495,2.27231641,3.825097428,#N/A,#N/A,#N/A,#N/A,#N/A,#N/A,#N/A,#N/A,0,5.235968358,2.902186845,2.736844795,4.705106564,19.43150973,7.49667594,14.15915416,3.019356359,1.763161833,4.189893107,17.46888042,10.5183413,14.89082459,0,2.382289064,0,5.243755273,10.7152849,20.64028261,1,0,0,1,0,0,1,1,0,0,0,1,0,0,0,0,0,0,ENSMUSG00000066682,#N/A
Pilrb1,#N/A,#N/A,2.322749662,2.757561101,4.235682034,#N/A,#N/A,#N/A,#N/A,#N/A,#N/A,#N/A,#N/A,1.545973057,7.853952537,1.451093423,7.298252787,17.64414962,32.38584956,14.99335188,23.16952499,1.00645212,2.644742749,2.094946553,19.79806447,7.649702764,12.09879498,0,1.588192709,0,3.932816455,16.96586776,11.7944472,1,0,1,1,0,0,0,1,0,0,0,1,0,0,0,0,0,0,ENSMUSG00000066684,#N/A
Hmcn1,-0.546140108,0.857100818,-5.438172247,-1.217165749,-0.854569942,369.6293044,798.1283786,248.2420864,363.3597961,353.4486845,205.6361793,617.2893631,76.04633078,689.5039832,705.983067,584.7906493,895.8605296,12.93904305,26.98820796,8.74612193,16.73354583,1359.716814,1153.107839,998.2420327,593.9419342,502.9679567,415.0817354,2754.66846,2736.456038,2905.796395,1221.794979,2203.776928,1214.828062,1,1,0,0,1,1,1,0,1,1,1,0,1,1,1,0,0,0,ENSMUSG00000066842,ENSG00000143341
Ppp1r3c,-0.919068375,0.799193138,1.008864655,-0.764713289,-1.313224617,48.98701625,252.0405406,55.61707946,77.07632037,14.22780722,4.406489557,42.53204178,177.9807742,504.760203,394.4429497,503.5294177,360.3512313,904.556737,851.7478434,1047.03574,747.8607789,409.6260127,376.4350513,527.9265315,220.1078932,234.2721472,317.3606991,286.7312895,324.785409,252.9336943,73.41257382,122.332836,150.3792018,1,1,1,1,0,1,1,0,1,1,1,0,1,1,0,0,0,0,ENSMUSG00000067279,ENSG00000119938
Zfp763,#N/A,#N/A,-1.572447672,-0.595083758,-0.679092866,#N/A,#N/A,#N/A,#N/A,#N/A,#N/A,#N/A,#N/A,262.0424331,287.1055983,208.2319061,251.7897211,90.57330137,78.80556726,88.71066529,81.09333747,180.1549294,199.2372871,173.8805639,115.2946107,123.3514571,127.5026856,211.6349994,235.052521,247.0515153,145.5142088,129.4763592,158.2421666,1,1,1,0,1,1,1,0,1,1,1,0,1,0,0,0,0,0,ENSMUSG00000067430,#N/A
Zic3,-2.695816037,0.070804807,-1.556997024,-0.800343046,-0.572490143,941.144494,1862.999663,940.0642942,169.2926323,96.59932268,276.1400123,385.8537484,33.97814779,1542.88111,1889.311916,2048.218366,2400.212885,783.400243,864.7021832,472.2905842,556.0685998,2215.201115,1690.872198,2038.382997,1177.40254,1049.921704,1185.681908,1171.672799,1557.222951,1247.021935,781.3195357,1192.968386,697.8381262,1,1,1,0,1,1,1,0,1,1,1,0,1,1,1,0,0,0,ENSMUSG00000067860,ENSG00000156925
Il2rb,3.015106893,0.552720873,1.849781188,1.401331349,4.473823211,4.453365114,0,0,0,2.246495876,7.344149262,0,48.54021113,10.04882487,17.45322786,7.981013825,5.47368959,28.23063939,26.98820796,46.22950163,46.33904998,9.058069077,14.98687558,14.66462587,30.27939272,50.67928081,21.40556035,7.680302397,11.11734896,7.058614724,138.9595147,213.4127576,229.9917205,1,0,1,1,0,0,1,1,0,0,1,1,0,0,0,0,0,0,ENSMUSG00000068227,ENSG00000100385
Shroom4,0.128882894,0.975889838,-0.3654033,-0.399851695,-0.548738517,1888.226808,1150.285023,246.8855722,885.0013214,2434.452698,707.241574,1815.466792,144.0026264,3244.997446,3414.724031,3439.816958,3153.757485,2485.472543,2438.654472,2446.415248,2919.360149,3582.969546,2931.256547,3313.157974,2301.233847,2617.154558,2527.717474,2718.827049,3389.203241,2538.748429,1730.43924,2128.769934,2051.250943,1,1,1,0,1,1,1,0,1,1,1,0,1,1,1,0,0,0,ENSMUSG00000068270,ENSG00000158352
Usf3,0.001753059,0.999682704,-0.767420219,-0.42232806,-0.572333928,378.5360347,410.2659911,151.9295829,235.3580497,249.3610423,254.1075645,341.7890204,490.2561324,664.7684143,662.3499973,758.92186,562.8777462,430.5172506,349.7671752,388.5777029,388.7331415,1172.516719,975.0284935,1005.574346,810.5560513,742.977381,799.4511452,1648.704915,1710.483548,1696.420405,970.0947255,1175.109578,1252.177145,1,1,1,0,1,1,1,0,1,1,1,0,1,1,1,0,0,0,ENSMUSG00000068284,ENSG00000176542
Nat8f4,#N/A,#N/A,-1.595238182,-1.061096306,-1.370412625,#N/A,#N/A,#N/A,#N/A,#N/A,#N/A,#N/A,#N/A,370.2605471,405.7875478,193.7209719,228.0703996,97.63096121,127.3843416,106.2029091,64.35979164,269.7291681,218.6320673,221.0168614,115.2946107,78.40945333,146.1162163,193.7142938,145.3196329,132.937244,52.43755273,69.64935186,59.95510662,1,1,1,0,1,1,1,0,1,1,1,0,1,0,0,0,0,0,ENSMUSG00000068299,#N/A
Htra2,-0.535599327,0.850045786,-0.670443815,0.52057914,1.534942075,397.8339501,172.2277028,1188.306381,271.1434842,481.4989495,490.5891707,447.161196,330.0734357,201.7494839,250.4538198,167.6012903,124.982579,101.1597911,136.0205681,126.194045,104.2628625,173.1097646,182.4872497,153.9785717,280.6666787,217.0603159,235.4611638,29.86784266,30.96975783,29.41089468,110.1188607,64.29170941,88.45835403,1,1,1,0,1,1,1,1,0,1,1,1,0,1,1,0,0,0,ENSMUSG00000068329,ENSG00000115317
Il3ra,NA,NA,2.435630751,0.679482383,1.628488655,0,0,0,0,0,0,0,0,165.4191171,221.6559938,201.7019857,174.2457853,1105.700043,834.4753903,957.0756283,1231.846412,191.2259027,216.8689054,187.4977165,284.1604548,370.0543712,299.6778449,5.973568531,26.99927606,9.411486298,36.70628691,33.03879511,62.90371842,1,1,1,1,0,1,1,1,0,0,1,1,0,0,0,0,0,0,ENSMUSG00000068758,ENSG00000185291
H2bc21,1.422548706,0.456741,-0.537128096,-0.636022098,-1.051028177,424.5541408,320.6515767,59.68662186,379.8761504,557.8798093,535.3884812,423.7877316,1700.525397,786.1272993,897.0959121,551.4155006,582.9479413,388.1712916,468.5152903,588.4890613,496.8575915,404.5937521,398.4745742,317.3844028,179.3471723,228.5348701,311.7766398,186.0339914,208.8473413,174.1124965,60.30318564,78.57875595,134.6532722,1,1,1,0,1,1,1,0,1,1,1,0,1,1,1,0,0,0,ENSMUSG00000068854,ENSG00000184678
Msi2,0.105847435,0.969227118,-0.93060917,-0.368513695,-0.655911511,561.1240043,569.8916668,516.8318847,595.96512,587.0842556,368.676293,608.4764175,796.0594626,1552.929935,1700.817055,1673.836263,2156.633698,689.2981117,863.6226549,1085.768565,1078.670108,1498.607206,1321.489794,1499.981732,1133.148043,1123.550093,1088.891548,5336.956799,5708.758693,4759.859195,2731.996497,4273.612795,3023.309967,1,1,1,0,1,1,1,0,1,1,1,0,1,1,1,0,0,0,ENSMUSG00000069769,ENSG00000153944
Irgm2,#N/A,#N/A,3.072597761,-0.489258519,0.881423809,#N/A,#N/A,#N/A,#N/A,#N/A,#N/A,#N/A,#N/A,2305.045827,3049.951569,2130.930691,3104.494279,22082.24138,18762.20218,27686.47369,20551.36867,1064.826343,1025.278606,1207.736688,628.879695,900.7525005,817.1339994,1042.814392,1190.350435,721.1551376,1823.515896,1470.672853,2154.452356,1,1,1,1,0,1,1,0,1,1,1,1,0,0,0,0,0,0,ENSMUSG00000069874,#N/A
Sp110,-0.630615737,0.830630774,2.8540848,0.88873692,1.091656832,1638.838362,1932.310811,162.781696,659.2778118,1077.569189,935.644616,911.5651117,435.2438932,364.8496414,380.4803674,230.7238542,345.7547258,2550.167758,2111.557391,2325.218987,2561.519707,122.7871586,116.368681,104.7473277,214.2849331,228.5348701,194.5113962,153.6060479,161.9956563,167.0538818,325.1128269,347.3538189,354.8162867,1,1,1,1,0,1,1,1,0,1,1,1,0,1,1,0,0,0,ENSMUSG00000070034,ENSG00000135899
Mfhas1,-0.281084332,0.931529296,-0.827170061,-0.521046882,-0.868908959,359.2381192,205.1329956,88.17341865,122.4962949,247.8633783,192.4167107,248.2951628,82.51835893,1348.861492,1440.76396,1382.892032,1494.317258,775.1663065,772.9422761,864.6166251,781.3278705,1721.033125,1369.095163,1419.32629,986.4094475,1013.585616,1141.009434,679.2800787,813.1546671,685.862064,275.2971518,473.2584165,441.3088995,1,1,1,0,1,1,1,0,1,1,1,0,1,1,1,0,0,0,ENSMUSG00000070056,ENSG00000147324
Gmppb,1.022870135,0.818424634,1.254519932,0.984356584,0.833446909,429.0075059,0,336.415505,132.1308349,421.5923928,663.9110933,315.3501837,1058.176603,202.5224704,248.708497,211.134093,255.4388475,545.7923615,472.8334035,580.9923853,588.2484956,164.0516955,212.4610009,175.9755105,384.3153692,364.3170941,347.1423482,82.7765925,89.73288807,81.17406932,178.2876793,133.0481209,142.516237,1,1,1,1,0,1,1,1,0,1,1,1,0,0,1,0,0,0,ENSMUSG00000070284,ENSG00000173540
Scn2b,2.393974896,NA,0.816164578,-0.797429982,-2.62180587,2.968910076,0,0,2.752725728,0,0,0,22.65209853,521.7659066,400.5515794,650.0898533,416.0004088,862.2107779,913.2809575,885.8572069,843.1132705,450.8905496,521.8959025,448.3185624,299.3001511,211.3230389,308.0539337,989.9056423,871.9177973,1341.136798,154.6907806,169.6586776,194.6083789,1,1,1,1,0,1,1,0,1,1,1,0,1,0,0,0,0,0,ENSMUSG00000070304,ENSG00000149575
Eif3g,0.088544242,0.973500013,0.343739324,0.573707078,0.989405375,2127.224069,2184.351352,2029.345143,2577.927644,2402.252924,2375.097871,2305.543202,1575.938855,1934.012294,2319.533983,1945.91628,2380.14269,2839.531812,2665.355419,2608.843227,2771.332628,1507.665275,1566.569288,1768.134891,2619.16747,2426.868202,2161.961595,256.8634468,267.6104715,290.5796395,541.4177319,676.8488296,398.0625931,1,1,1,1,0,1,1,1,0,1,1,1,0,1,1,0,0,0,ENSMUSG00000070319,ENSG00000130811
Ccnd1,0.941986255,0.694686686,-0.794052129,0.740615412,1.016421105,3449.873508,1108.278266,1049.941939,1008.873979,7131.875575,4624.610791,1607.404642,3582.267582,2186.778889,2948.722847,1616.518073,2142.037193,956.3129092,1447.647475,1755.471616,969.2584621,1012.490832,944.1731615,878.8300792,1946.033278,1347.303899,1447.202015,841.4197959,1112.528993,705.8614724,2052.930189,1683.19267,1652.205479,1,1,1,0,1,1,1,1,0,1,1,1,0,1,1,0,0,0,ENSMUSG00000070348,ENSG00000110092
Il18bp,1.645785199,0.456588435,4.161262143,0.839330118,1.780439477,336.9712936,1636.863289,402.8846975,2558.658564,4170.245178,3281.36589,2281.020223,106.7884645,173.1489823,231.2552692,211.134093,250.8774395,4362.810062,3241.823541,3699.609576,4176.950477,123.7936107,175.4346024,99.50996129,182.8409484,309.8129619,221.5010158,109.2309674,97.67385161,96.46773456,393.2816455,284.8479903,366.6107339,1,1,1,1,0,1,1,1,0,1,1,1,0,1,1,0,0,0,ENSMUSG00000070427,ENSG00000137496
Rasal2,-0.268229687,0.937620853,-1.015417268,-0.572819057,-0.85970292,694.7249577,2244.561037,470.7104042,1147.886628,1499.910413,933.4413712,656.7560325,482.1660973,1374.370047,1335.171931,2691.778299,1559.089252,872.7972677,857.145485,870.863855,843.1132705,2041.084899,2149.294274,1598.44422,1285.709599,1104.425837,1502.11193,4270.248133,4720.902828,4123.407435,2131.586518,2612.743635,2480.765395,1,1,1,0,1,1,1,0,1,1,1,0,1,1,1,0,0,0,ENSMUSG00000070565,ENSG00000075391
Lrrc8b,-0.211313316,0.937970246,-0.994582817,-0.431050346,-0.670638008,374.0826695,612.5985362,401.5281834,344.090716,518.1917154,425.2262423,300.7896648,410.9737876,1436.981956,1792.446501,1215.290741,1273.545111,715.1761978,813.9643522,613.4779811,725.9784497,1336.568415,1366.45042,1135.461032,910.7109657,965.774974,970.6956279,1152.04536,1143.498751,1143.495585,723.6382277,649.167677,788.2622214,1,1,1,0,1,1,1,0,1,1,1,0,1,1,1,0,0,0,ENSMUSG00000070639,ENSG00000197147
Runx3,2.949761384,0.4317605,2.246053876,3.343069184,4.849371848,5.937820151,0,0,30.279983,5.241823711,26.43893734,0,11.32604926,6.956878755,1.745322786,6.529920402,8.210534385,27.05436275,23.74962301,24.9889198,36.04148332,6.038712718,4.407904582,6.28483966,66.38174558,38.24851382,64.21668104,3.413467732,4.764578127,3.529307362,102.2532278,108.0457894,130.7217898,1,0,1,1,0,0,1,1,0,0,1,1,0,0,0,0,0,0,ENSMUSG00000070691,ENSG00000020633
Rasgrp3,0.549006269,0.884460152,-2.025531203,-0.802517425,-0.818856613,1248.426687,586.6943696,1085.211306,1443.804644,2230.021573,1565.772623,1841.139286,38.83216891,3755.941541,4285.640101,3172.815769,5168.075254,952.7840793,1116.232281,1079.521335,874.0059705,3300.156501,2648.269073,2725.525466,1688.65844,1605.481368,1678.940472,2163.285175,2280.64473,2129.348775,956.9853373,1580.504523,1185.341944,1,1,1,0,1,1,1,0,1,1,1,0,1,1,1,0,0,0,ENSMUSG00000071042,ENSG00000152689
Treml2,4.517239812,NA,3.474196607,1.564119833,3.101619797,0,0,0,0,4.492991752,0,0,19.41608445,2.318959585,7.853952537,4.353280268,3.649126393,56.46127877,43.18113274,34.98448772,65.64698747,7.045164838,12.34213283,18.85451898,41.925313,45.89821658,25.1282665,6.826935464,14.29373438,7.058614724,45.88285864,93.75874289,105.1671542,1,0,1,1,0,0,1,1,0,0,1,1,0,0,0,0,0,0,ENSMUSG00000071068,ENSG00000112195
Srsf3,-0.827780366,0.668543144,0.715989229,0.504442617,0.644200881,8367.873048,4634.045384,14180.99875,3178.021853,5909.781818,3600.836383,4595.37637,8240.509843,1752.36046,1931.199663,2276.76558,3068.915297,3327.686618,3239.664484,4059.450021,4203.98159,1382.865212,1354.989869,1565.972549,1990.287775,2306.385383,1807.373835,921.6362876,867.1532192,729.3901881,1274.232531,1269.761261,1394.693382,1,1,1,1,0,1,1,1,0,1,1,1,0,1,1,0,0,0,ENSMUSG00000071172,ENSG00000112081
Arhgef10,0.828594031,0.759952039,-1.727418748,-0.391710598,-0.783104453,23.75128061,203.7327703,39.33890986,74.32359465,191.7009814,131.4602718,135.2595563,260.4991331,1386.737832,1414.584118,1406.109527,1196.001175,389.3475682,483.6286867,413.5666227,343.6812874,1295.303878,1121.370926,1129.176192,901.3942295,836.6862398,964.1808922,914.8093522,942.5923729,997.6175476,452.2738923,577.7324443,626.0885724,1,1,1,0,1,1,1,0,1,1,1,0,1,1,1,0,0,0,ENSMUSG00000071176,ENSG00000104728
C1qtnf9,-0.946742445,0.834824981,-1.071263067,-0.947517622,-1.006072381,7.422275189,0,21.70422613,8.258177183,1.497663917,4.406489557,4.598058571,6.472028151,738.9751211,709.4737125,594.9483033,443.3688568,256.4283078,335.7333071,376.083243,214.9617041,776.9810364,523.6590643,775.1302248,391.3029213,240.9656371,443.9327081,128.8584069,139.7609584,130.5843724,48.50473628,93.75874289,55.04075362,1,1,1,0,1,1,1,0,1,1,1,0,1,0,0,0,0,0,ENSMUSG00000071347,ENSG00000240654
Psmg4,0.07793899,0.980240067,1.57606872,0.832535433,1.379180588,274.624182,495.6797299,945.4903508,473.4688252,518.9405474,484.7138513,551.7670285,990.2203071,258.950487,305.4314876,229.9983075,277.3336059,718.7050277,754.5902947,870.863855,848.2620538,151.9742701,176.3161833,189.5926631,319.0982156,332.7620702,270.8268722,37.54814505,43.6752995,59.99822515,125.8501266,164.3010352,74.69816562,1,1,1,1,0,1,1,1,0,1,1,1,0,1,1,0,0,0,ENSMUSG00000071451,ENSG00000180822
Eef1g,2.088482491,NA,0.33448763,0.702610695,0.61023696,0,0,0,1.376362864,0,0.734414926,0.766343095,1.618007038,4090.644708,4836.28944,4473.721022,5195.443702,5515.56117,5835.93009,6121.035905,5973.87586,2452.723816,2719.677127,2852.269733,4214.658548,4893.897343,3950.721899,1136.684755,1264.995493,1298.785109,2008.35827,1855.530169,1784.89301,1,1,1,1,0,1,1,1,0,1,1,1,0,0,0,0,0,0,ENSMUSG00000071644,ENSG00000254772
Csf2rb,1.433647067,0.628526155,4.364293804,2.253145467,3.744848004,53.44038136,84.01351354,0,192.6908009,169.9848546,154.9615494,57.47573214,45.30419706,38.64932642,43.63306965,60.94592375,41.05267192,1122.167916,983.4502982,902.1000048,804.4973955,46.29679751,123.4213283,128.839213,554.3458052,433.164419,437.4179723,24.74764106,57.17493753,15.29366523,344.7769092,485.7595822,500.2811356,1,1,1,1,0,1,1,1,0,1,1,1,0,0,1,0,0,0,ENSMUSG00000071713,ENSG00000100368
Csf2rb2,#N/A,#N/A,6.243179609,1.417562823,3.307559014,#N/A,#N/A,#N/A,#N/A,#N/A,#N/A,#N/A,#N/A,19.32466321,14.83524368,34.82624214,36.49126393,2460.770733,1959.343898,2044.09364,1533.050237,73.47100474,120.7765855,102.6523811,289.9834149,257.2212554,248.4906353,23.89427412,30.96975783,22.35227996,183.5314346,280.3832883,304.6898861,1,1,1,1,0,1,1,1,0,1,1,1,0,0,0,0,0,0,ENSMUSG00000071714,#N/A
Ncf4,6.729595179,0.030849498,2.967034317,2.52971723,3.411729606,0,0,0,60.55996601,17.97196701,18.36037316,0,12.9440563,8.502851811,27.92516458,19.58976121,11.85966078,124.685324,145.736323,114.9490311,144.1659333,15.0967818,12.34213283,25.13935864,122.2821629,87.97158179,91.20630061,8.53366933,5.558674482,2.352871575,43.260981,78.57875595,57.98936542,1,0,1,1,0,1,1,1,0,0,1,1,0,0,0,1,1,0,ENSMUSG00000071715,ENSG00000100365
Apcdd1,-1.782041271,0.340934112,-2.170202339,-0.361090638,-0.562941844,2769.993101,4725.760137,3535.075831,678.5468919,1332.920887,1337.369581,1929.268742,66.33828855,14892.35845,17897.41251,12909.65263,13243.59196,3658.220354,3899.256287,2931.200292,2605.284366,11547.02517,12540.48854,10139.54132,9498.412578,8010.195007,9142.035622,3353.732047,3821.191658,3459.89765,2198.444398,2763.650564,2235.047745,1,1,1,0,1,1,1,0,1,1,1,0,1,1,1,0,0,0,ENSMUSG00000071847,ENSG00000154856
Mcc,-1.085833794,0.66746537,-1.703122974,-0.924973106,-0.829518217,1600.242531,1791.588176,340.4850474,580.8251285,596.8190711,611.0332186,1084.37548,56.63024632,1227.502607,1240.924501,837.2809049,1007.158885,374.0559719,317.3813257,316.1098355,316.6501749,1562.01369,1252.726482,1079.944948,661.4882718,589.0271128,800.3818217,1862.046648,2167.883048,2099.93788,905.8587234,1355.48354,1184.359073,1,1,1,0,1,1,1,0,1,1,1,0,1,1,1,0,0,0,ENSMUSG00000071856,ENSG00000171444
Klf12,-1.665826074,0.363348242,-2.043994317,-0.602675581,-1.239756901,442.3676013,1174.088852,139.7209557,249.1216784,86.86450721,228.4030421,301.1728364,56.63024632,886.615548,1129.223843,729.8999916,906.8079087,196.4381991,177.0426442,263.6331039,249.7159916,815.226217,603.0013468,744.7534998,371.5048569,481.9312741,568.643364,2214.487191,2147.236543,2202.287794,819.3367614,977.7697473,979.9219885,1,1,1,0,1,1,1,0,1,1,1,0,1,1,1,0,0,0,ENSMUSG00000072294,ENSG00000118922
Nanos1,4.408438877,0.129909064,-1.218066279,-0.961083595,-1.02353001,5.937820151,0,0,0,72.6367,12.48505375,39.84984095,74.42832374,557.3232869,616.9716049,521.6680854,727.0884339,236.4316049,251.5300982,251.138644,302.4910207,513.2905811,357.9218521,295.387464,210.791157,119.5266057,268.9655192,209.0748986,190.5831251,177.6418039,76.03445146,90.18698126,116.9616014,1,1,1,0,1,1,1,0,1,1,1,0,1,0,0,0,0,0,ENSMUSG00000072437,ENSG00000188613
Slfn2,#N/A,#N/A,3.841386493,0.994577681,1.600237728,#N/A,#N/A,#N/A,#N/A,#N/A,#N/A,#N/A,#N/A,990.1957428,1438.145976,1107.184281,1535.36993,17155.99481,15167.37288,20568.37989,19771.32799,354.2711461,400.237736,536.3063177,800.0747231,1055.658981,714.7595803,305.505362,410.5478153,371.7537088,1006.801012,1321.551805,968.1275413,1,1,1,1,0,1,1,1,0,1,1,1,0,0,0,0,0,0,ENSMUSG00000072620,#N/A
G530011O06Rikx,#N/A,#N/A,1.308024666,1.751061488,4.996405365,#N/A,#N/A,#N/A,#N/A,#N/A,#N/A,#N/A,#N/A,22.41660932,20.07121204,20.31530792,19.15791356,52.93244885,50.73783097,26.23836579,73.37016247,7.045164838,2.644742749,21.99693881,31.44398475,39.20472667,34.43503186,14.50723786,8.7350599,9.411486298,534.8630378,96.43756412,413.7885227,1,1,1,1,0,0,1,1,0,0,1,1,0,0,0,0,0,0,ENSMUSG00000072844,#N/A
H2-Q6,#N/A,#N/A,3.927643187,1.276489356,2.283456433,#N/A,#N/A,#N/A,#N/A,#N/A,#N/A,#N/A,#N/A,71.1147606,113.4459811,26.11968161,42.87723512,1052.767594,698.4548221,1079.521335,1019.4591,16.10323392,12.34213283,12.56967932,37.26694489,27.73017252,34.43503186,83.62995943,73.85096097,43.52812413,340.8440927,235.7362678,410.8399109,1,1,1,1,0,1,1,1,0,1,1,1,0,0,0,0,0,0,ENSMUSG00000073409,#N/A
H2-D1,#N/A,#N/A,2.006903473,0.537198706,0.92329893,#N/A,#N/A,#N/A,#N/A,#N/A,#N/A,#N/A,#N/A,19173.15785,24900.52019,15248.81523,20745.28355,85204.77478,69630.65608,71846.89276,95119.91046,9730.379093,9767.034973,11679.32704,13468.5068,19335.57995,12436.63056,3367.385918,3930.776955,2788.152816,6702.830178,5407.647114,7024.57618,1,1,1,1,0,1,1,1,0,1,1,1,0,0,0,0,0,0,ENSMUSG00000073411,#N/A
Ifi204,#N/A,#N/A,6.252069823,1.655139547,3.453593009,#N/A,#N/A,#N/A,#N/A,#N/A,#N/A,#N/A,#N/A,44.06023211,54.97766776,55.86709677,41.05267192,5332.062014,2532.573435,3769.578552,3323.53964,36.23227631,60.82908323,81.70291558,181.6763563,210.366826,170.3138062,131.4185077,133.4081876,91.76199141,1342.40135,1050.09792,1538.192489,1,1,1,1,0,1,1,1,0,1,1,1,0,0,0,0,0,0,ENSMUSG00000073489,#N/A
Ecscr,0.467077154,0.913267489,1.158262116,2.024598728,1.192365478,786.7611701,411.6662163,2829.688482,2002.607967,2887.496033,1981.451471,2369.916022,37.21416187,1312.531125,1450.363235,1644.088848,1209.685399,3537.06386,3213.755804,2688.80777,3098.28037,1058.78763,1084.344527,1022.333918,4228.633653,5277.338694,3374.633123,354.1472772,503.4570888,359.9893509,1004.179135,1039.382635,743.0501738,1,1,1,1,0,1,1,1,0,1,1,1,0,1,1,0,0,0,ENSMUSG00000073599,ENSG00000249751
Hspe1,0.632580137,0.835711888,1.522620645,1.091019757,1.566440626,339.9402037,653.9051804,2205.69198,1326.813801,1287.990969,884.9699861,928.8078313,3839.530701,460.6999709,446.8026332,370.0288228,522.7373558,1163.337598,834.4753903,1701.745438,1472.552033,245.5743172,281.2243123,241.9663269,611.4108146,536.4354063,493.2585645,105.8174997,129.4377058,162.3481386,618.7631222,285.7409307,273.2380269,1,1,1,1,0,1,1,1,0,1,1,1,0,1,1,0,0,0,ENSMUSG00000073676,ENSG00000115541
Lmbrd1,-1.714460379,0.287695004,-0.436751345,-0.383440247,-0.97929343,2314.265404,2392.284798,8423.952766,1392.879218,1313.451256,1487.190226,2133.882348,339.7814779,3133.687386,3674.777126,3188.05225,3849.828345,2480.767436,2516.380511,2548.86982,2682.516116,2736.543314,2635.045359,2763.234504,1993.781552,2098.887196,2141.486711,2176.085679,2584.783634,2056.409756,1046.129177,1290.29889,1120.472484,1,1,1,0,1,1,1,0,1,1,1,0,1,1,1,0,0,0,ENSMUSG00000073725,ENSG00000168216
8030451A03Rik,#N/A,#N/A,4.35977386,4.357201071,3.98498767,#N/A,#N/A,#N/A,#N/A,#N/A,#N/A,#N/A,#N/A,2.318959585,0,0,0,7.057659847,19.43150973,6.24722995,16.73354583,0,0,2.094946553,8.152144194,21.99289545,10.23744191,4.266834665,0,0,22.28595991,16.07292735,32.43472981,1,0,0,1,0,0,0,1,0,0,1,1,0,0,0,0,0,0,ENSMUSG00000073821,#N/A
Gvin3,#N/A,#N/A,3.385297196,1.161562872,3.124848175,#N/A,#N/A,#N/A,#N/A,#N/A,#N/A,#N/A,#N/A,15.45973057,10.47193672,7.981013825,2.736844795,116.4513875,72.32839735,97.45678722,101.6884708,23.14839875,30.85533207,23.04441209,51.24204922,52.5917065,68.87006373,56.32221758,72.26276827,32.94020204,365.7519303,397.3584818,661.471914,1,0,1,1,0,1,1,1,0,1,1,1,0,0,0,0,0,0,ENSMUSG00000073902,#N/A
I830077J02Rik,#N/A,#N/A,1.687621473,2.061485164,2.883149477,#N/A,#N/A,#N/A,#N/A,#N/A,#N/A,#N/A,#N/A,18.55167668,20.94387343,8.706560536,10.03509758,39.9934058,47.49924602,67.47008346,32.17989582,9.058069077,19.39478016,15.71209915,81.52144194,37.29230098,67.00871065,4.266834665,11.91144532,10.58792209,60.30318564,54.46936492,81.57825983,1,0,1,1,0,0,1,1,0,0,1,1,0,0,0,0,0,0,ENSMUSG00000074342,#N/A
Pira12,#N/A,#N/A,4.443160341,3.715295095,6.197756615,#N/A,#N/A,#N/A,#N/A,#N/A,#N/A,#N/A,#N/A,0.772986528,1.745322786,2.902186845,0.912281598,18.82042626,47.49924602,17.49224386,56.63661664,2.012904239,2.644742749,0,36.10235286,7.649702764,19.54420727,0,0,0,3.932816455,20.5376294,12.7773178,1,0,1,1,0,0,0,1,0,0,0,1,0,0,0,0,0,0,ENSMUSG00000074417,#N/A
Eif2s2,1.160193814,0.387678303,1.937758751,0.772509736,0.87013874,277.5930921,635.7022525,496.4841727,1124.48846,965.9932268,857.7966338,911.1819401,1394.722067,1016.477285,1191.182802,1083.966787,1136.702872,4056.978135,3411.309487,4213.131878,5283.938894,947.0714447,1050.844452,1006.621819,1693.316808,1925.812671,1514.210725,523.9672969,585.2490133,596.4529442,1165.424609,922.407442,1031.03126,1,1,1,1,0,1,1,1,0,1,1,1,0,1,1,0,0,0,ENSMUSG00000074656,ENSG00000125977
Sirpb1c,#N/A,#N/A,2.51700801,3.656633196,7.404540048,#N/A,#N/A,#N/A,#N/A,#N/A,#N/A,#N/A,#N/A,0.772986528,2.617984179,2.176640134,6.385971188,12.93904305,20.51103805,13.74390589,19.30793749,4.025808479,7.052647331,4.189893107,66.38174558,43.02957805,85.62224139,0,0,0,24.90783755,21.4305698,40.29769461,1,0,1,1,0,0,1,1,0,0,1,1,0,0,0,0,0,0,ENSMUSG00000074677,#N/A
Ptar1,-0.998879805,0.508995707,-0.52395084,-0.476935501,-1.004017329,543.3105439,995.5601355,1351.088077,421.1670363,383.4019629,398.05289,636.4479405,571.1564843,877.3397096,884.0059912,938.8574445,1044.56243,584.6094906,580.7862354,682.1975105,758.1583455,1116.155401,915.9625721,924.9189033,712.730321,726.7217626,684.9779311,3017.505475,3402.702879,3197.55247,1384.351392,1857.31605,1550.969807,1,1,1,0,1,1,1,0,1,1,1,0,1,1,1,0,0,0,ENSMUSG00000074925,ENSG00000188647
Qser1,0.379831689,0.90075183,-0.575033724,-0.449717934,-0.487117999,133.6009534,450.1724101,84.10387625,481.7270023,256.1005299,215.9179883,225.6880415,271.8251823,725.8343501,713.8370195,885.1669878,901.3342191,589.3145972,518.1735929,506.0256259,552.2070123,887.6907696,742.2911316,832.741255,595.1065262,588.0709,618.899897,2347.612433,2513.314962,2166.99472,1435.478006,1873.388977,1703.31475,1,1,1,0,1,1,1,0,1,1,1,0,1,1,1,0,0,0,ENSMUSG00000074994,ENSG00000060749
Cd80,5.015883519,NA,1.284485449,0.91595888,1.413720855,0,0,0,0,2.995327835,0,0,30.74213372,46.3791917,47.12371522,44.9838961,51.08776951,97.63096121,69.08981239,89.96011128,205.9513332,38.24518055,44.96062674,50.27871728,90.83817817,80.32187902,80.96885871,52.05538291,39.70481773,44.70455992,87.83290082,156.2645715,117.944472,1,1,1,1,0,1,1,1,0,1,1,1,0,0,0,0,0,0,ENSMUSG00000075122,ENSG00000121594
Amd1,-0.264199863,0.921069691,-1.331731927,-0.734649373,-0.782217158,1061.385352,673.5083335,1300.897054,1051.541228,1055.10423,589.7351858,654.0738317,862.3977511,1396.01367,1791.57384,1993.076816,2536.142843,713.9999212,831.2368053,735.9236881,783.9022622,1258.06515,1013.818054,1344.955687,599.7648943,713.3347828,858.083767,1034.280723,929.0927348,754.0953397,469.3160969,650.0606174,459.9834409,1,1,1,0,1,1,1,0,1,1,1,0,1,1,1,0,0,0,ENSMUSG00000075232,ENSG00000123505
Nynrin,-0.792861884,0.745731141,-1.365425855,-0.337486735,-0.897526694,638.3156663,1330.213964,150.5730688,422.5433992,279.3143206,616.908538,322.6304431,398.0297313,1007.201446,1231.325226,1302.356347,1443.229489,436.3986339,611.0130283,482.2861521,402.8922957,1100.052167,1049.962871,986.7198267,789.5933948,836.6862398,855.2917374,888.3549773,1059.324537,763.506826,372.3066244,554.5159937,526.8186418,1,1,1,0,1,1,1,0,1,1,1,0,1,1,1,0,0,0,ENSMUSG00000075592,ENSG00000205978
Zfp652,#N/A,#N/A,-0.490311332,-0.47112284,-0.777348364,#N/A,#N/A,#N/A,#N/A,#N/A,#N/A,#N/A,#N/A,1392.148737,1278.448941,1298.003067,1182.316951,1099.818659,920.8376558,789.6498657,855.9852288,1592.207253,1306.502918,1378.474832,1008.536696,996.373785,1079.584783,2693.226041,3041.389038,2657.568444,1384.351392,1727.83969,1781.944398,1,1,1,0,1,1,1,0,1,1,1,0,1,0,0,0,0,0,ENSMUSG00000075595,#N/A
Sarnp,1.214495578,0.726300619,0.47430315,0.454357474,0.913868802,28.20464572,11.90191442,0,59.18360314,37.44159794,5.140904484,11.49514643,42.06818298,519.446947,630.0615258,563.024248,700.6322675,833.9801385,759.9879363,893.3538828,863.7084038,386.477614,363.2113376,384.4226926,542.6998849,520.179788,491.3972115,168.9666527,120.7026459,164.7010102,304.1378058,269.6680034,281.1009917,1,1,1,1,0,1,1,1,0,1,1,1,0,0,0,0,0,0,ENSMUSG00000078427,ENSG00000205323
Slfn1,#N/A,#N/A,6.842925991,3.743153542,6.439692949,#N/A,#N/A,#N/A,#N/A,#N/A,#N/A,#N/A,#N/A,1.545973057,5.235968358,4.353280268,3.649126393,328.1811829,359.4829301,466.0433543,531.611879,4.025808479,10.578971,14.66462587,165.3720679,125.2638828,101.4437425,5.120201598,3.176385418,1.176435787,222.8595991,265.2033013,376.4394399,1,0,1,1,0,0,1,1,0,0,1,1,0,0,0,0,0,0,ENSMUSG00000078763,#N/A
Eif5a,0.586356793,0.792876542,0.7336446,0.828808011,0.662665187,1873.382258,2554.010812,5710.9245,4998.949921,4990.965005,6919.657435,4854.783508,3604.91968,5141.906386,6557.177707,4959.111772,5857.760143,8784.433956,8043.565502,10149.24978,10462.32773,3014.324099,3307.691598,3317.347867,6215.427652,5596.713785,5312.301672,676.7199779,826.6543051,630.569582,1153.62616,1111.710809,1116.541002,1,1,1,1,0,1,1,1,0,1,1,1,0,1,1,0,0,0,ENSMUSG00000078812,ENSG00000132507
Naip2,#N/A,#N/A,-1.079983336,0.693466216,1.39236856,#N/A,#N/A,#N/A,#N/A,#N/A,#N/A,#N/A,#N/A,160.0082114,205.0754274,232.9004943,188.8422909,77.63425831,109.0323602,87.4612193,97.82688329,151.9742701,134.0002993,120.4594268,216.6141172,231.4035086,209.4022208,106.6708666,138.966862,97.64417035,321.1800105,278.5974075,305.6727567,1,1,1,0,1,1,1,1,0,1,1,1,0,0,0,0,0,0,ENSMUSG00000078945,#N/A
Ifi27l2a,#N/A,#N/A,2.080332107,2.053787144,2.681454682,#N/A,#N/A,#N/A,#N/A,#N/A,#N/A,#N/A,#N/A,364.8496414,379.607706,176.3078509,212.5616124,1088.055893,1096.800772,1474.346268,1132.732333,61.3935793,84.63176798,168.6431976,361.0235286,510.6176595,431.8339131,61.44241918,32.55795054,36.46950941,297.5831117,249.130374,293.8783095,1,1,1,1,0,1,1,1,0,1,1,1,0,0,0,0,0,0,ENSMUSG00000079017,#N/A
Psme2,-0.591416704,0.807117258,2.576575749,0.941396332,1.018912185,2127.224069,4052.251803,8559.60418,2643.993061,4828.46847,3871.835491,2418.578808,2540.271049,2240.114959,3032.498341,1587.496204,2328.142639,14154.13682,12086.39905,13526.50229,15034.44733,952.1037052,1041.147062,952.1532085,1915.753886,2010.915614,1731.989035,625.5179619,721.0394899,574.1006642,1318.804451,1292.977712,1284.611875,1,1,1,1,0,1,1,1,0,1,1,1,0,1,1,0,0,0,ENSMUSG00000079197,ENSG00000100911
Zfp664,#N/A,#N/A,-0.290976121,-0.469992733,-0.655659367,#N/A,#N/A,#N/A,#N/A,#N/A,#N/A,#N/A,#N/A,3108.17883,2926.906312,3256.979187,3063.441607,2627.802016,2590.867965,2421.426329,2458.544041,3603.098589,2859.848493,3228.312639,2248.827206,2398.181817,2348.096903,1829.618704,2080.532449,2061.115499,1157.558977,1479.602257,1150.941473,1,1,1,0,1,1,1,0,1,1,1,0,1,0,0,0,0,0,ENSMUSG00000079215,#N/A
Ccr5,4.844147705,NA,3.007674144,2.617230446,3.507273055,0,0,0,0,12.7301433,8.812979115,0,8.090035189,34.01140725,61.08629751,39.90506912,52.9123327,392.8763981,179.2017009,373.584351,562.5045789,15.0967818,45.84220765,48.18377073,245.7289179,168.2934608,256.8667242,53.76211678,24.61698699,18.8229726,380.1722573,290.2056328,449.1718643,1,1,1,1,0,1,1,1,0,1,1,1,0,0,0,0,0,0,ENSMUSG00000079227,ENSG00000160791
Clec7a,1.556211916,0.861735034,-0.938902795,1.160854292,4.745122947,0,0,6.782570665,0,10.48364742,0,0,22.65209853,81.16358547,120.4272722,57.31819019,38.31582713,25.8780861,53.97641593,36.23393371,38.61587498,64.41293566,57.30275957,67.03828971,166.53666,92.75264602,162.868394,37.54814505,35.73433596,37.64594519,975.3384808,1049.20498,945.5215175,1,1,1,0,1,1,1,1,0,1,1,1,0,0,0,0,0,0,ENSMUSG00000079293,ENSG00000172243
Ms4a6c,#N/A,#N/A,3.116259042,1.198656307,1.729340383,#N/A,#N/A,#N/A,#N/A,#N/A,#N/A,#N/A,#N/A,47.92516475,72.43089562,90.69333892,78.45621746,529.3244885,584.0248204,589.7385073,808.358983,77.49681322,109.3160336,141.4088924,262.0332062,224.7100187,266.1734895,58.88231838,88.14469536,36.46950941,203.1955168,194.6610091,217.2144027,1,1,1,1,0,1,1,1,0,1,1,1,0,0,0,0,0,0,ENSMUSG00000079419,#N/A
Ctsf,-1.136505259,0.455757603,-1.188550802,-0.700332004,-1.519756743,1877.835623,1689.371735,2783.567001,957.9485532,912.8261577,1507.753844,1038.394894,396.4117243,1074.451274,1358.733789,1031.727424,1191.439767,503.4464024,506.2987814,548.5067896,483.9856331,966.1940349,1163.68681,1057.948009,684.7801123,476.1939971,801.3124982,295.2649588,337.4909507,287.0503321,89.14383964,133.9410613,96.32131883,1,1,1,0,1,1,1,0,1,1,1,0,1,1,1,0,0,0,ENSMUSG00000083282,ENSG00000174080
Mir22hg,1.351983713,0.569890194,2.221826439,0.901779247,1.073399515,406.7406804,28.00450451,271.3028266,278.0252985,799.0037,175.5251674,393.5171794,1355.889898,81.16358547,83.77549373,90.69333892,79.36849905,412.873101,297.9498159,281.1253477,572.8021456,134.864584,120.7765855,210.5421286,323.7565837,308.8567491,237.3225169,46.08181438,44.46939586,64.7039683,116.6735548,99.11638534,109.0986366,1,1,1,1,0,1,1,1,0,1,1,1,0,1,1,0,0,0,ENSMUSG00000085148,ENSG00000186594
Snhg15,1.211409447,0.563464916,2.035140137,1.754633929,2.751368964,200.4014301,338.8545046,950.9164073,649.6432717,1205.619454,767.4635979,444.8621667,2684.273676,20.09764974,10.47193672,8.706560536,7.298252787,52.93244885,53.97641593,43.73060965,41.19026665,43.27744115,42.31588399,37.70903796,154.8907397,163.5123966,98.65171291,17.06733866,31.76385418,25.88158732,192.7080063,145.5492866,166.1051315,1,0,1,1,0,1,1,1,0,1,1,1,0,1,1,0,0,0,ENSMUSG00000085156,ENSG00000232956
4930430E12Rik,#N/A,#N/A,5.194909249,2.880110471,7.007995264,#N/A,#N/A,#N/A,#N/A,#N/A,#N/A,#N/A,#N/A,0.772986528,0.872661393,2.176640134,0,34.11202259,31.30632124,29.98670376,52.77502915,0,0.881580916,6.28483966,16.30428839,20.08046976,14.89082459,0,0,0,20.97502109,23.21645062,21.62315321,1,0,1,1,0,0,1,1,0,0,1,1,0,0,0,0,0,0,ENSMUSG00000085295,#N/A
Gm13861,#N/A,#N/A,0.560378088,-0.832048684,-1.107726259,#N/A,#N/A,#N/A,#N/A,#N/A,#N/A,#N/A,#N/A,562.7341926,589.9191017,477.4097361,587.5093493,741.0542839,795.6123708,989.561224,742.7119955,348.2324334,431.0930681,429.4640435,228.2600374,148.2129911,302.4698745,59.73568531,92.90927348,71.76258303,28.840654,24.10939103,51.10927122,1,1,1,1,0,1,1,0,1,1,1,0,1,0,0,0,0,0,ENSMUSG00000085382,#N/A
Snhg17,1.764276268,0.259272889,1.137225586,0.776414367,2.248960128,290.9531874,249.9402028,183.129408,699.1923348,677.6929227,306.9854392,394.666694,2022.508797,33.23842072,23.56185761,36.27733557,30.10529274,87.04447144,60.45358584,54.97562356,69.50857497,111.7161853,107.5528718,97.41501474,217.7787092,166.3810351,160.0763643,85.3366933,67.49819014,69.40971145,458.8285864,275.0256458,326.3130393,1,1,1,1,0,1,1,1,0,1,1,1,0,1,1,0,0,0,ENSMUSG00000085385,ENSG00000196756
Oip5os1,#N/A,#N/A,-0.681325959,-0.549116342,-0.807464572,#N/A,#N/A,#N/A,#N/A,#N/A,#N/A,#N/A,#N/A,5973.639891,6479.510843,6273.802413,6962.533158,3619.403225,4297.602236,4480.51332,3620.881878,5963.228809,5208.380054,5240.508803,3374.987696,3736.8798,4102.422174,7817.694473,8214.926788,7730.359558,3944.614904,5082.616805,4547.742268,1,1,1,0,1,1,1,0,1,1,1,0,1,0,0,0,0,0,ENSMUSG00000085438,#N/A
2610035F20Rik,#N/A,#N/A,-1.173325865,-0.694508193,-0.854987208,#N/A,#N/A,#N/A,#N/A,#N/A,#N/A,#N/A,#N/A,100.4882487,137.8805001,144.3837956,142.3159293,55.28500213,85.28273717,57.47451554,33.46709165,253.6259342,214.2241627,219.9693881,118.7883868,156.8189067,147.9775694,125.4449392,129.4377058,176.4653681,61.61412446,87.50816003,87.47548343,1,1,1,0,1,1,1,0,1,1,1,0,1,0,0,0,0,0,ENSMUSG00000085555,#N/A
Wipf3,-0.337864007,0.964558614,0.952771277,-1.147003512,-1.598064362,37.11137595,0,1.356514133,11.01090291,2.995327835,0,1.53268619,35.59615483,169.2840497,65.44960448,227.8216674,127.7194238,406.9917178,266.6434947,229.8980622,240.7056207,141.9097489,146.3424321,158.1684648,68.71092964,62.15383496,70.7314168,446.310906,281.1101095,527.0432327,142.8923312,140.1916441,130.7217898,1,1,1,1,0,1,1,0,1,1,1,0,1,0,0,0,0,0,ENSMUSG00000086040,ENSG00000122574
4933431E20Rik,#N/A,#N/A,-0.556558231,-0.752881065,-1.150055411,#N/A,#N/A,#N/A,#N/A,#N/A,#N/A,#N/A,#N/A,305.3296787,231.2552692,321.4171931,203.4387964,208.2009655,188.9174558,198.6619124,126.1451916,221.4194663,218.6320673,173.8805639,114.1300187,131.0011598,119.1265967,187.7407253,159.6133673,227.0521069,99.63135019,85.72227922,73.71529502,1,1,1,0,1,1,1,0,1,1,1,0,1,0,0,0,0,0,ENSMUSG00000086968,#N/A
Slfnlnc,#N/A,#N/A,2.118459485,2.364419441,5.43983856,#N/A,#N/A,#N/A,#N/A,#N/A,#N/A,#N/A,#N/A,4.63791917,10.47193672,23.94304147,21.89475836,37.64085252,32.38584956,99.9556792,95.25249163,3.019356359,4.407904582,9.427259491,31.44398475,21.0366826,33.50435533,9.387036263,10.32325261,3.529307362,490.291118,221.4492213,341.0560983,1,0,1,1,0,0,1,1,0,0,1,1,0,0,0,0,0,0,ENSMUSG00000087107,#N/A
2610035D17Rik,#N/A,#N/A,-0.799254671,-0.481702195,1.420473407,#N/A,#N/A,#N/A,#N/A,#N/A,#N/A,#N/A,#N/A,441.3753077,431.9673896,245.2347884,260.0002555,157.6210699,274.2001929,203.6596964,155.7506958,259.6646469,227.4478764,231.4915942,192.1576846,157.7751195,165.6604236,264.5437492,223.935172,319.9905341,791.8070462,629.522988,738.1358208,1,1,1,0,1,1,1,0,1,1,1,1,0,0,0,0,0,0,ENSMUSG00000087259,#N/A
Rasgef1b,0.601934267,0.800994238,0.389349336,-0.808759281,-0.959071482,421.5852308,306.6493244,260.4507135,463.8342851,171.4825185,449.4619349,760.5955219,655.2928503,194.0196186,156.2063894,171.9545706,160.5615613,229.373945,214.8261354,224.9002782,226.5464666,125.806515,165.7372123,209.4946553,72.20470572,89.88400748,122.8493029,252.5966122,231.8761355,279.9917174,81.27820673,138.4057633,171.0194845,1,1,1,1,0,1,1,0,1,1,1,0,1,1,1,0,0,0,ENSMUSG00000089809,ENSG00000138670
4930523C07Rik,#N/A,#N/A,0.676530101,-0.531363079,-0.886005623,#N/A,#N/A,#N/A,#N/A,#N/A,#N/A,#N/A,#N/A,489.3004724,652.750722,531.8257394,736.2112498,919.8483333,820.4415221,1093.265241,1016.884708,540.4647883,548.34333,605.4395539,371.5048569,327.0247932,472.7836807,772.2970744,1004.531889,762.3303902,271.3643354,567.0171594,532.7158654,1,1,1,1,0,1,1,0,1,1,1,0,1,0,0,0,0,0,ENSMUSG00000090394,#N/A
Rps13,-0.81703053,0.742286084,0.336414245,0.584060695,1.062894031,5324.740221,9317.098652,45931.56855,15058.78609,10223.80273,9928.555388,12867.28374,9224.258122,4964.892471,5555.362428,4057.25721,5530.251049,5724.938412,6673.644065,6713.273304,6273.792489,2843.227238,2995.611954,3451.424447,4618.771982,5057.40974,4249.469067,224.4355034,266.0222788,196.4647765,576.81308,463.436072,400.0283343,1,1,1,1,0,1,1,1,0,1,1,1,0,1,1,0,0,0,ENSMUSG00000090862,ENSG00000110700
Gm20655,#N/A,#N/A,-3.315152498,-0.754222217,-0.811429656,#N/A,#N/A,#N/A,#N/A,#N/A,#N/A,#N/A,#N/A,122.904858,151.8430824,167.6012903,195.228262,17.64414962,20.51103805,17.49224386,7.723174997,167.0710519,132.2371375,121.5069001,64.05256153,74.58460195,109.8198313,195.4210277,211.2296303,190.5825975,70.79069619,135.7269421,131.7046604,1,1,0,0,1,1,1,0,1,1,1,0,1,0,0,0,0,0,ENSMUSG00000093672,#N/A
Hmgcs1,0.186092835,0.959491189,0.777009731,0.328591605,-0.80629555,105.3963077,345.8556307,268.5897983,459.7051965,163.245367,124.1161225,154.4181337,465.9860269,1009.520406,904.9498646,1290.022053,1364.773271,1733.831769,1490.828608,2568.860955,2037.631003,658.2196863,654.13304,648.3859583,850.1521803,813.7371315,799.4511452,942.117094,873.50599,1028.204878,525.6864661,595.5912525,503.2297474,1,1,1,1,0,1,1,1,0,1,1,0,1,1,1,0,0,0,ENSMUSG00000093930,ENSG00000112972
Sirpb1b,#N/A,#N/A,3.018105071,2.957010554,4.55503511,#N/A,#N/A,#N/A,#N/A,#N/A,#N/A,#N/A,#N/A,0.772986528,0.872661393,2.902186845,0.912281598,5.881383206,11.8748115,18.74168985,9.01037083,2.012904239,3.526323666,4.189893107,38.43153692,11.47455415,26.05894303,0,0,2.352871575,15.73126582,7.143523268,23.58889441,1,0,0,1,0,0,1,1,0,0,0,1,0,0,0,0,0,0,ENSMUSG00000095028,#N/A
Zfp799,#N/A,#N/A,-0.692385816,-0.581113092,-1.348784199,#N/A,#N/A,#N/A,#N/A,#N/A,#N/A,#N/A,#N/A,228.8040124,219.910671,198.7997989,176.9826301,121.156494,127.3843416,148.6840728,113.2732333,158.0129828,157.802984,169.6906708,94.33195425,109.0082644,120.0572733,297.8250596,265.2281824,236.4635932,102.2532278,78.57875595,133.6704016,1,1,1,0,1,1,1,0,1,1,1,0,1,0,0,0,0,0,ENSMUSG00000095253,#N/A
Noc2l,-0.381174854,0.90075183,0.703237664,0.7777084,0.716210558,1095.527818,920.6480859,160.0686677,565.685137,696.4137216,715.3201382,412.6757567,394.7937172,565.8261387,757.4700892,597.1249434,682.3866355,1011.597911,947.8258637,1098.263025,1179.071383,542.4776925,520.1327407,530.021478,1012.030472,885.4530949,834.8168536,472.7652809,542.3678102,496.4559022,717.0835336,1013.487364,750.9131386,1,1,1,1,0,1,1,1,0,1,1,1,0,1,1,0,0,0,ENSMUSG00000095567,ENSG00000188976
Sirpb1a,#N/A,#N/A,2.980997294,3.081375937,2.360947486,#N/A,#N/A,#N/A,#N/A,#N/A,#N/A,#N/A,#N/A,0.772986528,4.363306965,2.902186845,0,5.881383206,23.74962301,18.74168985,15.44634999,2.012904239,8.815809164,6.28483966,60.55878544,44.94200374,41.88044416,4.266834665,2.382289064,4.705743149,15.73126582,16.07292735,25.55463561,1,0,0,1,0,0,1,1,0,0,1,1,0,0,0,0,0,0,ENSMUSG00000095788,#N/A
2700038G22Rik,#N/A,#N/A,2.00531923,1.870644456,3.910880016,#N/A,#N/A,#N/A,#N/A,#N/A,#N/A,#N/A,#N/A,2.318959585,6.108629751,7.255467113,2.736844795,22.34925618,12.95433982,14.99335188,24.45672082,6.038712718,6.171066415,5.237366384,23.29184056,28.68638537,12.09879498,6.826935464,5.558674482,10.58792209,183.5314346,64.29170941,91.40696583,1,0,1,1,0,0,1,1,0,0,1,1,0,0,0,0,0,0,ENSMUSG00000097180,#N/A
Snhg5,-0.085788916,0.977345895,0.967262303,0.541391663,2.287717063,271.6552719,350.0563064,203.47712,360.6070703,230.6402433,129.9914419,303.8550372,271.8251823,100.4882487,82.03017095,99.39989945,76.63165426,192.9093691,166.2473611,128.692937,214.9617041,197.2646155,163.9740505,151.8836251,280.6666787,246.7029141,220.5703392,60.58905224,73.85096097,44.70455992,461.450464,180.3739625,240.8032971,1,1,1,1,0,1,1,1,0,1,1,1,0,1,1,0,0,0,ENSMUSG00000097195,ENSG00000203875
6430562O15Rik,#N/A,#N/A,-4.598615579,1.794899357,1.309309429,#N/A,#N/A,#N/A,#N/A,#N/A,#N/A,#N/A,#N/A,11.59479792,18.32588925,20.31530792,7.298252787,0,1.079528319,1.24944599,0,21.13549451,20.27636108,29.32925175,94.33195425,107.0958387,43.74179723,23.04090719,28.58746876,27.05802311,86.521962,55.36230533,54.05788302,1,0,0,0,1,1,1,1,0,1,1,1,0,0,0,0,0,0,ENSMUSG00000097828,#N/A
Snhg6,0.431334697,0.901803832,0.998206329,1.042235834,1.070149396,142.5076836,197.4317568,864.0995028,582.2014914,310.7652629,232.0751167,314.9670121,1266.899511,163.873144,117.8092881,139.3049686,110.3860734,287.0115004,249.3710416,252.38809,275.4599082,123.7936107,124.3029092,143.5038389,276.0083106,298.3384078,231.7384577,47.78854825,54.79264846,43.52812413,146.8251476,64.29170941,98.28706003,1,1,1,1,0,1,1,1,0,1,1,1,0,1,1,0,0,0,ENSMUSG00000098234,ENSG00000245910
1700030F04Rik,#N/A,#N/A,-6.500873521,-2.267613426,-1.887856165,#N/A,#N/A,#N/A,#N/A,#N/A,#N/A,#N/A,#N/A,124.4508311,152.7157438,92.14443234,168.7720957,0,4.318113274,1.24944599,0,71.4581005,23.80268474,50.27871728,9.316736222,10.5183413,10.23744191,155.3127818,173.1130053,167.0538818,28.840654,66.97053064,36.36621221,1,1,0,0,1,1,0,0,1,1,1,0,1,0,0,0,0,0,ENSMUSG00000099869,#N/A
2810013P06Rik,#N/A,#N/A,-0.638206785,-0.556596334,-0.975019948,#N/A,#N/A,#N/A,#N/A,#N/A,#N/A,#N/A,#N/A,627.665061,700.7470986,424.4448261,457.0530808,330.5337362,362.721515,416.0655147,310.2141957,433.7808636,462.8299811,368.7105934,284.1604548,262.0023197,314.5686695,168.9666527,185.0244506,150.5837808,90.45477846,77.68581554,89.44122463,1,1,1,0,1,1,1,0,1,1,1,0,1,0,0,0,0,0,ENSMUSG00000099881,#N/A
Gm38197,#N/A,#N/A,2.980269371,1.657074938,1.558902935,#N/A,#N/A,#N/A,#N/A,#N/A,#N/A,#N/A,#N/A,2.318959585,8.72661393,2.176640134,7.298252787,39.9934058,48.57877434,32.48559574,36.04148332,9.058069077,7.052647331,5.237366384,29.11480069,20.08046976,18.61353074,63.14915304,78.6155391,55.292482,91.76571728,354.4973422,133.6704016,1,0,1,1,0,0,1,1,0,1,1,1,0,0,0,0,0,0,ENSMUSG00000102460,#N/A
AI506816,#N/A,#N/A,1.857764532,2.603290528,4.910164971,#N/A,#N/A,#N/A,#N/A,#N/A,#N/A,#N/A,#N/A,230.3499854,284.4876141,299.6507918,272.7721979,1024.536954,889.5313345,883.3583149,1144.317095,175.1226688,211.5794199,214.7320217,1353.255936,1393.202116,910.2016531,86.19006023,129.4377058,102.3499135,4256.618343,2716.324723,2609.521444,1,1,1,1,0,1,1,1,0,1,1,1,0,0,0,0,0,0,ENSMUSG00000105987,#N/A
Peg13,3.094941773,NA,-0.491702445,-0.67385593,-1.238957978,8.906730227,0,0,0,0,8.812979115,0,116.4965067,2678.398321,2678.197815,3172.090222,3396.424391,1805.584644,2434.336358,2346.459569,1893.46507,2370.194742,2211.886519,2417.568323,1368.395633,1301.405683,1716.167534,905.4223159,1075.206464,921.1492215,301.5159282,456.2925487,468.8292763,1,1,1,0,1,1,1,0,1,1,1,0,1,0,0,0,0,0,ENSMUSG00000106847,ENSG00000282164
Gm44220,#N/A,#N/A,-0.77838255,-1.255134097,-1.36997933,#N/A,#N/A,#N/A,#N/A,#N/A,#N/A,#N/A,#N/A,323.1083688,300.1955192,435.3280268,548.2812406,236.4316049,239.6552867,229.8980622,230.4080541,399.5614915,358.803433,352.9984943,146.7385955,108.0520515,210.3328973,226.1422372,204.0827631,150.5837808,44.57191982,90.18698126,88.45835403,1,1,1,0,1,1,1,0,1,1,1,0,1,0,0,0,0,0,ENSMUSG00000107655,#N/A
Gm44509,#N/A,#N/A,-0.841967942,-0.781595309,-1.302955523,#N/A,#N/A,#N/A,#N/A,#N/A,#N/A,#N/A,#N/A,149.9593865,92.50210766,154.5414495,122.2457342,65.8714919,91.75990708,67.47008346,64.35979164,121.7807065,105.78971,105.7948009,68.71092964,64.06626065,61.42465143,84.48332637,80.99782817,124.7021935,51.12661391,25.89527185,41.28056521,1,1,1,0,1,1,1,0,1,1,1,0,1,0,0,0,0,0,ENSMUSG00000108358,#N/A
Snhg1,0.240072654,0.959721441,0.91642514,0.831136359,1.744507875,130.6320433,60.2096847,446.2931498,26.15089441,560.1263051,116.0375583,83.91456892,467.6040339,234.2149181,221.6559938,186.4655048,206.1756412,362.2932055,377.8349115,356.0921071,505.8679623,237.5227003,289.1585406,314.241983,540.3707009,520.179788,436.4872958,95.5770965,102.4384297,103.5263493,415.5676054,304.4926793,291.9125683,1,1,1,1,0,1,1,1,0,1,1,1,0,1,1,0,0,0,ENSMUSG00000108414,ENSG00000255717
Igip,0.991701813,0.577304833,-0.493349693,-0.707968073,-1.693185169,60.86265655,46.20743245,36.62588159,112.8617548,68.8925402,141.0076658,110.3534057,42.06818298,622.2541553,462.5105383,534.0023795,535.5092982,415.2256543,356.2443451,371.085459,388.7331415,532.4131713,481.3431804,460.8882418,269.0207584,331.8058574,300.6085214,619.5443934,672.5996123,670.5683988,207.1283333,193.7680686,206.4028261,1,1,1,0,1,1,1,0,1,1,1,0,1,1,1,0,0,0,ENSMUSG00000110185,ENSG00000182700
Gm45552,#N/A,#N/A,-4.32351055,-1.109734342,-1.20818895,#N/A,#N/A,#N/A,#N/A,#N/A,#N/A,#N/A,#N/A,3256.592244,3995.916519,1885.695903,3344.424339,129.3904305,226.7009469,177.4213306,88.81651246,1237.936107,814.5807668,994.0521396,317.9336236,461.8508044,630.0680155,431.8036681,447.0762476,481.162237,140.2704536,262.5244801,182.8139317,1,1,1,0,1,1,1,0,1,1,1,0,1,0,0,0,0,0,ENSMUSG00000110279,#N/A
Gm20300,#N/A,#N/A,-0.582989544,-0.466349042,-1.215624887,#N/A,#N/A,#N/A,#N/A,#N/A,#N/A,#N/A,#N/A,560.415233,420.6227914,463.6243485,401.4039033,296.4217136,342.210477,279.8759018,314.0757832,296.9033753,284.750636,252.4410597,193.3222766,199.8484847,210.3328973,690.3738488,699.5988884,668.2155272,212.3720886,325.0303087,345.9704513,1,1,1,0,1,1,1,0,1,1,1,0,1,0,0,0,0,0,ENSMUSG00000111080,#N/A
Lilrb4b,#N/A,#N/A,3.764986352,2.348438352,3.710778579,#N/A,#N/A,#N/A,#N/A,#N/A,#N/A,#N/A,#N/A,1.545973057,6.981291144,8.706560536,16.42106877,117.6276641,57.21500088,117.4479231,159.6122833,14.09032968,12.34213283,33.51914486,132.7634912,76.49702764,93.99833022,9.387036263,11.11734896,9.411486298,115.362616,130.3692996,147.43059,1,0,1,1,0,1,1,1,0,0,1,1,0,0,0,0,0,0,ENSMUSG00000112023,#N/A
Lilrb4a,#N/A,#N/A,3.40478481,1.682016154,2.137114441,#N/A,#N/A,#N/A,#N/A,#N/A,#N/A,#N/A,#N/A,0,0.872661393,1.451093423,0,5.881383206,3.238584956,6.24722995,10.29756666,8.051616958,10.578971,11.52220604,33.7731688,25.81774683,37.22706147,44.37508052,35.73433596,29.41089468,165.1782911,96.43756412,223.1116263,1,0,0,1,0,0,1,1,0,1,1,1,0,0,0,0,0,0,ENSMUSG00000112148,#N/A
Gm19951,#N/A,#N/A,4.305304263,3.875665253,5.461920956,#N/A,#N/A,#N/A,#N/A,#N/A,#N/A,#N/A,#N/A,0,0.872661393,0,0,4.705106564,1.079528319,6.24722995,7.723174997,1.00645212,1.763161833,0,20.9626565,7.649702764,13.96014805,0.853366933,0.794096355,0,32.77347046,22.32351021,24.57176501,1,0,0,1,0,0,0,1,0,0,1,1,0,0,0,0,0,0,ENSMUSG00000113136,#N/A
Pnp,3.308643195,0.013351019,4.274009684,0.790053437,0.972349455,647.2223965,184.1296172,891.2297854,5868.811251,10932.9466,5740.187063,4475.443676,1418.992172,592.1076807,784.5225923,834.378718,853.895576,14427.033,11302.6615,16851.27807,16706.51471,550.5293095,766.0938164,827.5038886,1222.821629,1393.202116,1091.683578,129.7117738,161.20156,115.2907072,268.7424577,281.2762287,249.6491325,1,1,1,1,0,1,1,1,0,1,1,1,0,1,1,1,1,0,ENSMUSG00000115338,ENSG00000198805
Gm10791,#N/A,#N/A,3.48468522,1.267596237,1.020655116,#N/A,#N/A,#N/A,#N/A,#N/A,#N/A,#N/A,#N/A,19.32466321,14.83524368,25.3941349,15.50878717,215.2586253,158.6906628,224.9002782,251.0031874,21.13549451,29.97375116,23.04441209,48.91286517,89.88400748,40.01909109,46.93518132,46.05758856,59.99822515,114.0516772,89.29404085,106.1500248,1,1,1,1,0,1,1,1,0,1,1,1,0,0,0,0,0,0,ENSMUSG00000115518,#N/A
Afg2b,-0.739768797,0.747243076,0.849936485,0.606094157,0.777947689,203.3703402,591.5951578,330.9894485,467.9633737,188.7056536,160.1024539,164.3805939,144.0026264,221.8471336,268.7797091,253.941349,324.772249,494.0361893,423.1751009,487.2839361,521.3143123,269.7291681,283.8690551,261.8683192,432.0636423,476.1939971,334.1128767,168.9666527,127.8495131,142.3487303,281.8518459,227.6998042,244.7347795,1,1,1,1,0,1,1,1,0,1,1,1,0,1,1,0,0,0,ENSMUSG00000118663,ENSG00000171763
Gm56768,#N/A,#N/A,1.143936339,0.843499475,1.199237862,#N/A,#N/A,#N/A,#N/A,#N/A,#N/A,#N/A,#N/A,236.5338777,247.8358356,219.8406535,222.59671,531.6770418,400.5050062,508.5245179,608.8436289,266.7098117,318.2507108,388.6125857,545.029069,668.392779,532.3469791,118.6180037,162.7897527,170.5831892,386.7269514,316.1009046,334.1760041,1,1,1,1,0,1,1,1,0,1,1,1,0,0,0,0,0,0,ENSMUSG00000120849,#N/A
Gm56971,#N/A,#N/A,0.82895983,-1.519590599,-2.202416008,#N/A,#N/A,#N/A,#N/A,#N/A,#N/A,#N/A,#N/A,179.3328746,69.81291144,201.7019857,72.07024627,278.7775639,211.5875504,233.6464001,207.2385291,204.3097803,237.1452665,212.6370752,81.52144194,80.32187902,67.00871065,343.906874,191.3772214,408.2232182,95.69853373,51.79054369,58.97223602,1,1,1,1,0,1,1,0,1,1,1,0,1,0,0,0,0,0,ENSMUSG00000120976,#N/A
D17H6S56E-5,#N/A,#N/A,6.011584908,1.054972124,3.807663261,#N/A,#N/A,#N/A,#N/A,#N/A,#N/A,#N/A,#N/A,186.2897533,230.3826078,675.4839882,399.5793401,25626.3629,19289.012,25137.60387,26211.16874,936.0004713,1486.345425,1664.435037,2775.222802,3264.510655,2451.401998,120.3247376,103.2325261,56.46891779,1704.220464,1102.781404,1151.924344,1,1,1,1,0,1,1,1,0,1,1,1,0,0,0,0,0,0,ENSMUSG00000120992,#N/A
Ptprg,0.401515328,0.913267489,-1.176054811,-0.432960503,-0.938223457,2097.534969,1791.588176,687.7526655,2317.795063,2608.181712,2055.627379,2959.233862,134.2945841,12101.1041,12943.31378,12660.06457,14363.87377,5800.220117,5791.669429,6026.07801,5424.243239,12730.61286,9459.363233,11011.03908,7741.043209,8451.009129,8399.355745,11977.85827,14755.89846,12090.23059,5338.142868,8274.878766,6645.188129,1,1,1,0,1,1,1,0,1,1,1,0,1,1,1,0,0,0,ENSMUSG00000121513,ENSG00000144724
Gm57852,#N/A,#N/A,-0.402255427,-0.320032501,-0.841630493,#N/A,#N/A,#N/A,#N/A,#N/A,#N/A,#N/A,#N/A,1189.626267,1164.130298,1098.477721,1019.018545,879.8549275,819.3619938,857.1199491,827.6669205,876.6197963,912.4362485,876.7351326,696.4260326,693.254313,745.471906,302.0918943,336.6968543,297.6382542,183.5314346,166.9798564,172.9852257,1,1,1,0,1,1,1,0,1,1,1,0,1,0,0,0,0,0,ENSMUSG00000121583,#N/A
ENSMUSG00000123342,#N/A,#N/A,3.350703894,1.165341914,2.293675961,#N/A,#N/A,#N/A,#N/A,#N/A,#N/A,#N/A,#N/A,323.8813554,400.5515794,339.5558609,371.2986105,18.82042626,4464.929126,4955.302796,5202.845556,863.5359187,1014.699635,1302.009283,2974.368039,2919.317817,1239.661147,127.151673,195.3477032,104.7027851,644.9818986,919.7286208,538.613089,1,1,1,1,0,1,1,1,0,1,1,1,0,0,0,0,0,0,ENSMUSG00000123342,#N/A
Gm72665,#N/A,#N/A,-1.029039271,-1.355878988,-2.712019704,#N/A,#N/A,#N/A,#N/A,#N/A,#N/A,#N/A,#N/A,118.2669388,66.32226587,99.39989945,80.28078065,54.10872549,51.81735929,33.73504173,38.61587498,93.60004713,97.85548172,86.94028197,38.43153692,25.81774683,44.67247377,218.4619348,150.084211,379.9887593,39.32816455,40.18231838,34.40047101,1,1,1,0,1,1,1,0,1,1,1,0,1,0,0,0,0,0,ENSMUSG00000131039,#N/A
Gm59984,#N/A,#N/A,1.890389098,-1.240781183,-1.247963542,#N/A,#N/A,#N/A,#N/A,#N/A,#N/A,#N/A,#N/A,10.8218114,4.363306965,52.96490993,14.59650557,96.45468457,76.64651062,53.72617757,82.3805333,36.23227631,38.78956032,47.13629745,19.79806447,17.21183122,14.89082459,46.93518132,51.61626305,51.76317464,20.97502109,18.75174858,23.58889441,1,0,1,1,0,1,1,0,1,1,1,0,1,0,0,0,0,0,ENSMUSG00000133203,#N/A
Gm60090,#N/A,#N/A,-2.542032113,0.827823599,0.874148954,#N/A,#N/A,#N/A,#N/A,#N/A,#N/A,#N/A,#N/A,485.4355398,484.3270731,310.5339924,315.649433,71.75287511,89.60085044,54.97562356,56.63661664,183.1742858,189.539897,205.3047622,376.163225,354.7549657,295.9551387,69.97608851,73.05686462,81.17406932,116.6735548,150.906929,141.5333664,1,1,1,0,1,1,1,1,0,1,1,1,0,0,0,0,0,0,ENSMUSG00000134226,#N/A
Gm59199,#N/A,#N/A,3.584469424,1.532337125,1.265440559,#N/A,#N/A,#N/A,#N/A,#N/A,#N/A,#N/A,#N/A,56.42801657,72.43089562,60.94592375,66.59655668,702.2371547,600.2177451,685.9458485,1083.818891,128.8258713,199.2372871,237.7764338,688.2738884,626.3194138,322.9447583,157.8728826,218.3764975,210.5820059,350.0206645,674.1700084,383.3195341,1,1,1,1,0,1,1,1,0,1,1,1,0,0,0,0,0,0,ENSMUSG00000135122,#N/A
Gm75391,#N/A,#N/A,-0.621200848,-1.178579317,-0.862848298,#N/A,#N/A,#N/A,#N/A,#N/A,#N/A,#N/A,#N/A,122.904858,170.1689716,184.2888647,211.6493308,124.685324,132.7819832,84.96232732,104.2628625,335.1485559,260.0663703,298.5298839,171.1950281,82.23430471,142.3935101,116.9112698,122.2908386,165.877446,66.85787973,85.72227922,68.80094202,1,1,1,0,1,1,1,0,1,1,1,0,1,0,0,0,0,0,ENSMUSG00000137637,#N/A
Gm72884,#N/A,#N/A,-2.567691518,-1.158802226,-0.718719613,#N/A,#N/A,#N/A,#N/A,#N/A,#N/A,#N/A,#N/A,344.7519916,465.1285225,317.7894596,393.1933689,72.92915175,62.61264248,52.47673158,68.22137914,587.7680379,444.3167819,456.6983487,208.461973,195.0674205,262.4507834,430.9503012,514.5744378,536.454719,221.5486603,404.5020051,271.2722857,1,1,1,0,1,1,1,0,1,1,1,0,1,0,0,0,0,0,ENSMUSG00000138173,#N/A
Gm74259,#N/A,#N/A,2.315768041,2.027188761,2.08770892,#N/A,#N/A,#N/A,#N/A,#N/A,#N/A,#N/A,#N/A,15.45973057,12.2172595,13.0598408,12.77194238,78.81053495,47.49924602,54.97562356,86.2421208,13.08387756,17.63161833,12.56967932,64.05256153,72.67217626,40.94976762,11.94713706,14.29373438,9.411486298,35.39534809,91.97286208,24.57176501,1,1,1,1,0,1,1,1,0,0,1,1,0,0,0,0,0,0,ENSMUSG00000140627,#N/A
9530053H05Rik,#N/A,#N/A,1.893430925,2.151001333,3.505768604,#N/A,#N/A,#N/A,#N/A,#N/A,#N/A,#N/A,#N/A,13.14077098,15.70790507,5.804373691,16.42106877,23.52553282,51.81735929,59.97340752,52.77502915,6.038712718,14.10529466,9.427259491,50.07745719,33.46744959,49.32585645,2.560100799,3.176385418,3.529307362,32.77347046,31.2529143,40.29769461,1,0,1,1,0,0,1,1,0,0,1,1,0,0,0,0,0,0,ENSMUSG00000141856,#N/A
ENSMUSG00000142047,#N/A,#N/A,3.166840147,0.920025483,1.661287423,#N/A,#N/A,#N/A,#N/A,#N/A,#N/A,#N/A,#N/A,78.07163936,99.48339881,128.4217679,90.31587823,899.8516304,850.668315,802.1443256,1014.310316,125.806515,180.7240879,129.8866863,287.6542309,326.0685803,214.0556035,21.33417333,30.96975783,15.29366523,69.47975737,84.82933881,61.92084782,1,1,1,1,0,1,1,1,0,1,1,1,0,0,0,0,0,0,ENSMUSG00000142047,#N/A
