Genes,HGB-Log2FC,HGB-Padj,M_Log2FC,S_Log2FC,GB_log2FC,DT_GBLog2FC,DT_GB-Padj,H-GB-Control-1 Counts,H-GB-Control-2 Counts,H-GB-Control-3 Counts,H-GBM-1 Counts,H-GBM-2 Counts,H-GBM-3 Counts,H-GBM-4 Counts,H-GBM-5 Counts,H-GBM-6 Counts,H1,H2,H3,H4,M1,M2,M3,M4,S-SHAM-1,S-SHAM-2,S-SHAM-3,STROKE-1,STROKE-2,STROKE-3,GB-SHAM-1,GB-SHAM-2,GB-SHAM-3,GB-1,GB-2,GB-3,SHAM-1 DTGB,SHAM-2 DTGB,SHAM-3 GTGB,Double_Therapy-GB-1 Counts,Double_Therapy-GB-2 Counts,Double_Therapy-GB-3 Counts,rMSG,M_Control_Exp,Meningitis_Exp,M_UP,M_DOWN,S_Control_Exp,Stroke_Exp,S_UP,S_DOWN,GB_Control_Exp,Glioblastoma_Exp,GB_UP,GB_DOWN,"Control_(DT)Exp	",DT-GB_Exp,Regulated_DT-GB,UP-DT_GB,DOWN-DT_GB,Control_HGB,HGB,HGB_Regulated,UP_HGB,DOWN_HGB,Mus_GeneID,HomoSap_ID
Tfe3,0.767502264,0.773413473,0.909428376,0.34869781,0.618059188,0.453178724,0.112223718,388.1328741,298.876625,40.90217381,326.5010042,401.8989521,432.3175597,243.4726589,387.9616052,689.53441,707.2826734,917.1671241,687.0927356,825.6148465,1424.471012,1389.352946,1453.105686,1623.153945,697.471319,818.1070904,787.6999041,981.7510794,1036.534725,915.7857123,213.3417333,262.051797,243.522208,355.2644197,415.21729,332.2102629,230.25267,279.6533198,263.1283509,338.3662057,349.1082037,370.5014266,1,1,1,1,0,1,1,1,0,1,1,1,0,1,1,0,0,0,1,1,0,0,0,ENSMUSG00000000134,ENSG00000068323
Axin2,-0.798201006,0.893535027,-2.279812408,-1.158731589,-0.916939821,-0.181648031,0.563919688,384.2708555,532.1690376,25.04214723,116.8214602,60.89378062,472.2710783,199.9953984,230.6798734,0,1300.163341,1224.343934,1914.717771,1528.071677,343.4727792,315.222269,267.3814419,302.4910207,2179.975291,1987.083386,1605.776533,812.8852354,607.1951569,1165.207024,1020.626852,1141.116462,957.6187309,521.7536497,650.0606174,479.6408529,1101.528773,1217.763092,1034.717283,943.8136019,1110.259083,907.2643134,1,1,1,0,1,1,1,0,1,1,1,0,1,1,1,0,0,0,1,0,0,0,0,ENSMUSG00000000142,ENSG00000168646
Slfn4,#N/A,#N/A,12.92505927,4.04731456,5.766341558,4.989577003,3.81685E-15,#N/A,#N/A,#N/A,#N/A,#N/A,#N/A,#N/A,#N/A,#N/A,0,0,0,0,1295.080582,911.1219009,1028.29405,1444.233724,1.00645212,2.644742749,3.14241983,34.93776083,45.89821658,31.64300225,3.413467732,3.176385418,2.352871575,230.725232,89.29404085,176.9167081,3.684042719,3.389737209,2.542302907,110.2541569,117.5568441,83.55271351,1,0,1,1,0,0,1,1,0,0,1,1,0,0,1,1,1,0,0,0,0,0,0,ENSMUSG00000000204,#N/A
Mid2,-0.36292376,0.94344924,-0.539852094,-0.60887088,-0.899934802,-0.525756574,0.040578731,156.4117552,332.6056485,45.91060325,85.36952863,75.10232943,304.2614105,176.8075261,172.4273801,14.74939914,488.5274859,564.6119213,753.8430331,676.912946,338.7676726,450.1633088,433.5577585,486.5600248,578.7099688,444.3167819,494.4073866,302.7939272,317.4626647,373.2012913,632.3448974,661.4822634,558.806999,338.2222151,298.2420964,357.7648985,682.4689138,705.9127738,603.7969404,512.3016429,514.1627626,360.3738249,1,1,1,0,1,1,1,0,1,1,1,0,1,1,1,1,0,1,1,1,0,0,0,ENSMUSG00000000266,ENSG00000080561
Dgke,-1.388519883,0.649601372,-1.412137811,-0.639762014,-0.549189005,-0.330764249,0.162099222,351.443697,539.1959175,224.5445868,146.7756808,16.2383415,257.6489722,172.1699516,252.8158208,3.687349786,579.7398962,525.3421586,569.5541684,536.4215798,202.3195823,198.6332106,232.3969541,198.2281583,681.368085,538.6459399,552.0184168,376.163225,358.5798171,402.0522639,681.8401795,762.3325004,735.2723671,460.1395252,528.6207218,499.298265,735.8875332,813.5369302,794.4696584,598.7941281,596.0963207,667.5777413,1,1,1,0,1,1,1,0,1,1,1,0,1,1,1,0,0,0,1,0,0,0,0,ENSMUSG00000000276,ENSG00000153933
Itgb2,8.790053046,NA,1.975654295,2.220023198,3.333826144,2.929814871,1.00945E-17,11.58605594,1.40537598,0,11.98168823,11178.06833,77.85813872,3.478180841,142.1360836,0,102.0342217,188.4948609,127.6962212,132.2808318,457.5716134,669.3075575,488.5333821,545.7710331,103.6645683,196.5925444,174.9280372,917.6985179,574.6839202,724.9970222,54.61548371,97.67385161,65.88040409,658.0912868,744.7123007,806.9367628,58.94468351,104.2344192,71.18448139,738.512758,279.0490744,771.3856581,1,1,1,1,0,1,1,1,0,1,1,1,0,1,1,1,1,0,0,0,0,0,0,ENSMUSG00000000290,ENSG00000160255
Mcts1,-0.276407893,0.93862226,-0.320095253,0.563306965,0.990202233,0.052188644,0.95188361,679.7152821,1240.478531,2717.907713,1198.168823,655.623038,763.7268739,1454.459288,1551.846421,2039.104432,479.2516475,405.7875478,388.8930373,448.8425464,348.1778858,329.2561372,339.8493093,362.9892249,259.6646469,309.4349017,249.2986399,335.402504,480.0188485,393.6761751,179.2070559,192.1713178,150.5837808,443.0973206,291.9915136,306.6556273,193.4122428,205.0791012,162.707386,256.6260549,134.1810443,190.7364975,1,1,1,0,1,1,1,1,0,1,1,1,0,1,1,0,0,0,1,1,0,0,0,ENSMUSG00000000355,ENSG00000232119
Tbrg4,0.320310256,0.912460714,1.009130511,0.781734764,1.43978701,0.316261416,0.650330293,526.2000408,386.4783944,579.3083392,703.9241834,876.8704409,376.4850787,354.7744458,383.3014058,1036.14529,258.1775005,228.637285,268.4522832,228.0703996,465.8055499,472.8334035,502.277288,541.9094456,265.7033596,282.9874742,261.8683192,570.6500936,423.6022906,402.0522639,104.1107658,86.55650265,69.40971145,259.565886,215.1986384,234.9060735,112.3633029,92.37033895,74.99793575,138.768163,127.0563871,84.39668031,1,1,1,1,0,1,1,1,0,1,1,1,0,1,1,0,0,0,1,1,0,0,0,ENSMUSG00000000384,ENSG00000136270
Lck,9.303296058,0.026284938,4.184390912,1.461499401,4.624621189,4.336236055,8.7745E-09,0,0,0,53.91759703,385.6606106,0,0,64.0777426,0,13.14077098,13.96258229,12.33429409,14.59650557,204.6721356,163.0087761,374.833797,238.1312291,9.058069077,15.8684565,7.332312937,31.44398475,31.5550239,26.98961957,5.120201598,3.970481773,0,65.54694091,65.18464982,110.0815072,5.526064079,4.237171511,0,90.29435265,35.62328609,84.39668031,1,1,1,1,0,0,1,1,0,0,1,1,0,0,1,1,1,0,0,0,1,1,0,ENSMUSG00000000409,ENSG00000182866
Itga5,3.151568047,0.030052683,1.509301874,1.510769298,1.20704226,0.160670547,0.717535082,1887.561614,694.255734,113.5244008,19889.60246,4827.861907,2008.944869,5499.00391,8697.097246,6976.465795,1058.991544,1139.695779,1155.070364,1301.825841,3008.915648,2847.795704,3668.373427,3727.719132,1157.419938,1231.56854,1470.652481,3761.63225,4391.885599,2844.147497,586.263083,690.0697321,438.8105487,1388.284209,1323.337685,1256.108627,632.7343371,736.4204087,474.1394921,729.9585562,631.7196068,702.1803802,1,1,1,1,0,1,1,1,0,1,1,1,0,1,1,0,0,0,1,1,1,1,0,ENSMUSG00000000555,ENSG00000161638
Wdr77,-0.395780385,0.874653731,0.497973334,0.700961643,0.731630569,0.326782399,0.490147246,531.9930688,273.5798574,635.2358014,377.4231792,435.3905314,217.1832291,386.0780734,221.3594745,556.7898177,253.5395813,308.9221331,343.1835945,395.9302137,448.1614003,384.3120814,497.279504,508.442354,247.5872214,247.7242375,262.9157925,391.3029213,443.6827603,396.4682047,162.9930842,190.5831251,169.4067534,321.1800105,245.5586123,303.7070155,175.9130399,203.3842325,183.0458093,206.2513108,194.7406307,302.9840823,1,1,1,1,0,1,1,1,0,1,1,1,0,1,1,0,0,0,1,1,0,0,0,ENSMUSG00000000561,ENSG00000116455
Cd52,-0.647882603,0.916457221,2.130610247,2.17090069,4.675852285,4.432772113,2.26421E-13,29.93064452,149.9067712,137.7318098,19.47024337,152.2344515,184.9130795,16.23151059,30.2912965,0,72.66073366,123.9179178,38.4539757,88.49131504,248.1943713,403.7435912,359.8404451,400.317904,39.25163267,82.86860614,93.22512163,401.7842496,265.8271711,303.400551,1.706733866,3.970481773,8.235050511,108.8079219,108.9387298,116.9616014,1.84202136,4.237171511,8.898060174,119.7588256,70.05912932,114.7794852,1,1,1,1,0,1,1,1,0,0,1,1,0,0,1,1,1,0,1,0,0,0,0,ENSMUSG00000000682,ENSG00000169442
Polr3d,0.912095358,0.518988614,1.648559777,0.859345352,0.735576741,0.19357972,0.758333165,170.8943252,92.286356,67.61379752,268.0902741,298.379525,186.4497533,135.6490528,216.699275,136.4319421,158.4622383,175.40494,216.21292,198.8773884,571.6704476,489.0263283,600.9835212,688.6497706,172.1033125,215.1057436,174.9280372,393.6321054,346.1490501,282.9256672,151.8993141,171.5248126,185.8768544,300.2049894,266.0962417,281.1009917,163.939901,183.0458093,200.8419296,159.6784342,198.3029593,266.6935098,1,1,1,1,0,1,1,1,0,1,1,1,0,1,1,0,0,0,1,1,0,0,0,ENSMUSG00000000776,ENSG00000168495
Tcf7,-0.067310135,0.992552286,-2.554024744,-0.49508036,-0.602002966,-0.101177415,0.823898164,49.24073776,162.555155,3.338952964,65.89928526,22.32771956,163.3996464,113.0408773,44.27189489,0,1872.946358,2229.649859,2136.735065,2634.669256,431.6935273,431.8113274,308.6131595,337.2453082,1618.375008,1264.187034,1411.993977,903.7234135,1102.513411,1038.635015,571.7558451,631.3066019,530.5725401,300.2049894,463.436072,376.4394399,617.0771555,673.7102703,573.2893055,586.4380588,640.0317068,514.8197499,1,1,1,0,1,1,1,0,1,1,1,0,1,1,1,0,0,0,0,0,0,0,0,ENSMUSG00000000782,ENSG00000081059
Usp32,0.367151969,0.95077689,-0.36801886,-0.464439757,-0.659085245,-0.408494497,0.019878998,66.61982168,98.84477724,72.62222696,11.98168823,126.862043,262.7712182,85.21543061,124.6603356,0,977.8279583,814.1930797,1028.09969,943.2991727,755.1696036,629.3650097,738.4225801,795.4870247,1041.677944,992.6601119,1001.384453,751.1618579,665.5241405,783.629644,1687.959793,1647.749936,1843.474879,1042.196361,1074.207311,1161.75305,1821.759125,1758.426177,1991.894328,1429.502172,1417.806787,1349.502918,1,1,1,0,1,1,1,0,1,1,1,0,1,1,1,1,0,1,1,0,0,0,0,ENSMUSG00000000804,ENSG00000170832
Car4,#N/A,#N/A,-1.239818366,-0.588799817,-1.214224425,-0.152802331,0.715447207,#N/A,#N/A,#N/A,#N/A,#N/A,#N/A,#N/A,#N/A,#N/A,10737.55586,15730.59427,6894.870398,15528.85737,5205.024137,5417.073103,4846.600995,5232.45106,5865.602954,5888.960522,4663.351028,3723.200713,3305.627807,3888.366571,3526.112167,3336.792882,3872.826612,1542.974989,1770.70083,1312.132251,3805.616129,3560.918938,4184.630585,2906.527688,4550.281077,2936.160508,1,1,1,0,1,1,1,0,1,1,1,0,1,1,1,0,0,0,0,0,0,0,0,ENSMUSG00000000805,#N/A
Dlg3,0.962174797,0.927775849,0.562455743,-0.51095344,-0.701011359,-0.803149222,0.000122081,5.793027972,0,0.834738241,0,7.104274406,2.561122984,0,15.14564825,0,342.433032,279.2516458,436.7791202,340.2810362,498.7412958,494.4239699,595.9857372,478.8368498,377.4195449,439.0272964,398.0398452,294.641783,238.0969985,320.1527287,645.9987683,628.1302165,839.9751521,532.2411602,340.2102956,429.5144523,697.2050847,670.3205331,907.6021377,456.2240976,448.8534048,397.5083643,1,1,1,1,0,1,1,0,1,1,1,0,1,1,1,1,0,1,0,0,0,0,0,ENSMUSG00000000881,ENSG00000082458
Mmp14,4.622203887,6.12616E-05,1.071286412,0.64106355,2.121615462,1.054073381,5.92692E-05,12.55156061,8.900714538,3.338952964,130.3008595,184.7111345,35.85572178,102.6063348,505.6316416,261.8018348,320.0164227,371.7537534,290.9442312,288.2809851,674.0065154,519.2531212,610.9790891,867.5699913,425.7292466,583.6065667,711.2343549,894.4066773,926.5702473,861.8064731,512.0201598,628.1302165,529.3961043,2439.657141,2344.861513,2486.662619,552.6064079,670.3205331,572.018154,1208.043392,802.71138,1714.096577,1,1,1,1,0,1,1,1,0,1,1,1,0,1,1,1,1,0,0,1,1,1,0,ENSMUSG00000000957,ENSG00000157227
Ilf2,0.277148421,0.911425065,0.519230801,0.541956957,0.576160549,0.068080001,0.895568046,2170.45448,1662.091325,3640.293469,4000.386157,3554.166995,1980.260291,2875.296162,2335.92498,3366.550355,1096.094897,1343.898545,1149.265991,1346.527639,1791.469324,1729.404366,1737.979372,1812.371733,939.0198277,1102.857726,1088.324735,1615.289143,1484.042336,1460.231486,339.6400393,380.3721538,342.3428141,610.8974893,477.7231185,498.3153944,366.5622506,405.9210308,369.9050729,403.9484198,390.6687042,403.4161319,1,1,1,1,0,1,1,1,0,1,1,1,0,1,1,0,0,0,1,1,0,0,0,ENSMUSG00000001016,ENSG00000143621
S100a6,-0.925026376,0.78798305,0.730117042,1.034144437,1.460139092,0.62205797,0.134334999,1815.148765,2900.227563,6484.246656,333.9895594,2450.97467,5747.159977,979.1079068,532.4277885,1751.491148,717.3314983,821.1743709,784.3159949,900.4219375,1039.828551,1283.559171,1944.13796,1078.670108,732.6971432,722.8963515,1172.122597,1847.042956,1673.37248,1858.561044,121.1781045,138.966862,119.9964503,410.3238501,342.8891169,295.8440507,130.7835165,148.3010029,129.6574482,287.0409947,154.3675731,187.3606303,1,1,1,1,0,1,1,1,0,1,1,1,0,1,1,0,0,0,1,1,0,0,0,ENSMUSG00000001025,ENSG00000197956
Icam2,-1.79309976,0.265379466,-0.523855581,0.732961021,-0.584729663,-0.263746372,0.441746212,4688.490639,3915.845938,12758.13928,2087.809174,323.7519336,4007.645246,2766.892859,1455.147282,1685.118852,5803.582854,7306.793844,4717.504717,7024.568307,4409.861128,4617.142619,3875.781461,4380.327419,2716.414271,2583.913666,2695.148741,4333.446935,4966.56952,3987.94896,552.1284057,750.4210551,543.5133337,340.8440927,473.2584165,415.7542639,595.8939099,800.8254157,587.2719715,588.3389925,575.9097919,491.1886794,1,1,1,0,1,1,1,1,0,1,1,0,1,1,1,0,0,0,1,1,0,0,0,ENSMUSG00000001029,ENSG00000108622
Lgals9,-0.404874812,0.944402767,2.95267623,0.557451588,0.736809426,0.617976309,0.017251264,473.0972844,451.1256895,197.8329631,262.09943,395.809574,518.371292,234.19751,281.9420675,0,4849.717479,6040.562163,4750.879866,5776.567081,44289.16809,35725.91018,39261.34134,46524.40618,2095.433313,1929.780626,2252.067545,2722.816161,3968.283309,2545.400328,532.5009662,616.2187711,449.3984708,911.1024787,937.5874289,818.7312101,574.7106642,657.6090186,485.5798552,1036.008888,944.0170815,661.6699737,1,1,1,1,0,1,1,1,0,1,1,1,0,1,1,1,1,0,1,0,0,0,0,ENSMUSG00000001123,ENSG00000168961
Timp1,3.928708848,0.000164174,3.71331771,3.411594447,3.909089554,1.727123546,0.019367804,1230.052939,1258.27996,1132.739793,13701.06049,7884.729694,14547.69078,14220.54237,5369.71483,54572.77683,21.64362279,17.45322786,96.49771261,16.42106877,566.965341,474.9924602,468.5422462,490.4216123,58.37422294,113.7239382,155.026045,1009.701288,1542.37132,926.9538307,12.800504,19.05831251,17.64653681,403.769156,114.2963723,227.0431087,13.8151602,20.33842325,19.0672718,87.44295204,20.18652879,67.51734425,1,1,1,1,0,1,1,1,0,1,1,1,0,1,1,1,1,0,1,1,1,1,0,ENSMUSG00000001131,ENSG00000102265
Ramp2,-1.053963505,0.582949752,-2.733237164,0.372974946,-1.092112864,-0.460359381,0.040783726,7364.869562,13944.60893,8842.382187,5179.084737,1257.45657,10102.0935,6165.075541,3226.023078,3112.123219,12658.42739,15196.5255,16386.47248,17742.96481,2161.996466,3373.525996,1840.433943,1943.665708,8231.771887,6402.922196,7144.815221,8749.579905,9845.167457,9607.37389,3406.640797,4110.242731,2890.502729,1352.88886,1914.464236,1612.890655,3676.674634,4386.319949,3123.219121,2878.964149,2999.480689,2256.767232,1,1,1,0,1,1,1,1,0,1,1,0,1,1,1,1,0,1,1,1,0,0,0,ENSMUSG00000001240,ENSG00000131477
Lsr,-2.062367633,0.538695642,-1.018924122,-0.285293744,-0.671705211,-0.053096668,0.921448786,942.3325501,10222.23642,4394.0621,196.2001447,59.87888428,5373.236021,1288.666002,452.0393478,77.43434551,2989.138905,3778.623832,4728.387918,4451.9342,1832.639007,2554.164002,1707.992668,1773.755858,3295.12424,3029.112029,3458.75676,2799.679235,2596.117876,2631.953246,673.3065101,824.272016,575.2771,323.8018881,558.9806957,416.7371345,726.6774264,879.6368058,621.5930607,708.0978182,796.7741657,647.322538,1,1,1,0,1,1,1,0,1,1,1,0,1,1,1,0,0,0,1,1,0,0,0,ENSMUSG00000001247,ENSG00000105699
Snd1,0.816395689,0.761939376,0.666662847,0.761719518,0.773176422,0.199361664,0.458088111,1424.119376,955.6556662,157.7655275,2122.256528,2246.980505,605.9616981,1012.150625,1247.768406,1703.555601,1599.309127,1786.337872,1460.52553,1549.966436,2506.645522,2407.34815,2566.362063,2672.218549,1284.232905,1532.187633,1445.513122,2569.090013,2378.101347,2282.018868,1007.826348,1195.115014,1010.558341,2115.855253,1571.575119,1809.464775,1087.713613,1275.388625,1091.919098,1289.783543,1326.373686,1352.878785,1,1,1,1,0,1,1,1,0,1,1,1,0,1,1,0,0,0,1,1,0,0,0,ENSMUSG00000001424,ENSG00000197157
Tubb6,1.112565957,0.425414518,4.410593183,2.892379206,2.72081222,0.458359132,0.528728533,2137.627322,776.2359995,1547.604699,5456.161277,1888.722096,2310.645156,2643.417439,2284.662786,4712.433027,100.4882487,119.5546108,236.5282279,251.7897211,3852.306,2721.490891,2547.620374,5942.98316,226.4517269,181.6056688,842.1685145,3671.958664,3968.283309,1640.782734,56.32221758,43.6752995,49.41030307,327.7347046,433.0760981,223.1116263,60.78670487,46.60888663,53.38836104,81.74015082,83.12100089,56.54577581,1,1,1,1,0,1,1,1,0,1,1,1,0,1,1,0,0,0,1,1,0,0,0,ENSMUSG00000001473,ENSG00000176014
Fkbp10,3.772298133,0.006604697,-0.611238801,1.026232036,1.302147562,-0.149553744,0.840413721,185.3768951,44.50357269,39.23269733,1484.231629,828.1554164,102.4449194,537.9586368,1564.661969,2831.884636,346.2979647,484.3270731,568.103075,345.7547258,249.3706479,290.3931177,321.1076194,281.8958874,459.9486187,609.1724132,504.8821194,1078.412218,1051.83413,1078.654106,207.3681647,218.3764975,165.877446,620.074061,420.5749324,424.6000993,223.8055952,233.0444331,179.2323549,257.5765218,137.7433729,178.0769955,1,1,1,0,1,1,1,1,0,1,1,1,0,1,1,0,0,0,1,1,1,1,0,ENSMUSG00000001555,ENSG00000141756
Ifrd1,-0.09962417,0.98668794,3.199068966,0.682117763,0.695926033,0.532236931,0.02364271,213.3765303,371.0192586,108.5159713,205.1864109,628.2208367,141.8862133,99.70785078,198.0584771,18.43674893,599.837546,484.3270731,700.1525764,838.3867889,5727.290966,4463.849597,5612.511387,8281.817988,962.1682264,871.0019454,1593.206854,2025.225536,2015.696678,1455.578104,481.2989502,454.2231148,383.5180667,669.8897361,853.6510305,614.2941252,519.4500234,484.7324209,414.3953738,598.7941281,777.7750797,679.3932765,1,1,1,1,0,1,1,1,0,1,1,1,0,1,1,1,1,0,1,1,0,0,0,ENSMUSG00000001627,ENSG00000006652
Eef1e1,-0.9518639,0.545015366,1.78531874,1.702229361,1.03145397,0.280649351,0.767511625,229.7901096,351.8124536,898.1783473,211.177255,188.7707199,371.3628327,271.8778024,295.9226658,188.0548391,154.5973057,157.9517121,159.6202765,185.1931645,568.1416177,439.3680257,617.226319,641.0235247,81.5226217,108.4344527,91.13017508,333.0733199,321.2875161,263.3814599,67.41598771,73.85096097,45.8809957,142.8923312,138.4057633,104.1842836,72.75984371,78.81139011,49.57490668,76.0373496,115.1819584,55.70180901,1,1,1,1,0,1,1,1,0,1,1,1,0,1,1,0,0,0,1,1,0,0,0,ENSMUSG00000001707,ENSG00000124802
Rin2,0.250299787,0.948889739,0.367495383,-0.694995479,-0.73037739,-0.193202726,0.47551743,2850.169762,1770.305276,338.0689876,2653.943943,1598.461741,2159.5389,2049.807909,2589.905851,741.157307,2247.071838,2343.968502,1921.247692,2276.142588,2514.879459,2643.764852,3343.517469,2835.69242,2064.233298,2033.807174,2268.827117,1234.467549,1234.470784,1462.092839,2206.806889,2649.105439,2202.287794,1190.332447,1518.891635,1543.106842,2381.733618,2827.040832,2379.595521,2184.172867,2416.44624,2040.71173,1,1,1,1,0,1,1,0,1,1,1,0,1,1,1,0,0,0,1,1,0,0,0,ENSMUSG00000001768,ENSG00000132669
Rtcb,-0.525397805,0.775336721,0.338015255,0.267137607,0.530822793,0.120235466,0.745101328,1865.355007,2311.375028,2147.781494,2221.105455,1775.053705,1478.792411,1532.138661,984.4671364,792.780204,2725.550499,3358.873702,2484.27194,3184.77506,3579.409819,3664.998642,3843.295865,3766.335007,1890.117081,1977.385996,2058.284989,2425.845194,2381.926198,2323.899313,811.5519533,929.8868312,845.8573311,1347.645105,1267.08244,1125.386837,875.8811566,992.345568,913.957895,1118.699506,991.5147963,914.8600146,1,1,1,1,0,1,1,1,0,1,1,1,0,1,1,0,0,0,1,1,0,0,0,ENSMUSG00000001783,ENSG00000100220
Pwp1,-0.725319943,0.545063194,0.358766153,0.701509489,0.62734577,0.071543394,0.915274737,1308.258817,1185.20041,2509.223152,1120.287849,1000.687795,1179.653247,1055.627885,899.4184962,792.780204,486.9815128,613.4809593,465.8009887,507.2285687,675.182792,591.5815186,717.1819982,674.4906164,371.3808322,403.7640597,415.8468909,727.8700173,633.0129037,577.9501294,173.2334874,181.0539688,176.4653681,293.6502953,249.130374,278.1523799,186.965168,193.2150209,190.672718,189.1429071,224.4267024,187.3606303,1,1,1,1,0,1,1,1,0,1,1,1,0,1,1,0,0,0,1,1,0,0,0,ENSMUSG00000001785,ENSG00000136045
Uba1,0.722832466,0.77236722,0.838942176,0.429779918,-0.432137509,-0.285320445,0.237902049,3201.613459,1723.927868,439.0723148,3837.135655,4106.270606,1639.630935,2440.523557,2388.352224,3296.490709,5673.721118,7229.999641,6026.390984,6481.760756,10786.4568,10444.43648,11643.58718,12579.76487,4458.58289,4693.536799,4939.883973,6426.218809,6573.963313,5982.388779,2058.321042,2603.841947,2058.762628,1679.312626,1667.119743,1636.47955,2221.47776,2778.737077,2224.515043,2100.531783,2055.463608,1775.706154,1,1,1,1,0,1,1,1,0,1,1,0,1,1,1,0,0,0,1,1,0,0,0,ENSMUSG00000001924,ENSG00000130985
Ssr4,-0.075845338,0.987869484,0.303995253,1.016424138,0.836114346,0.303130581,0.524198703,1537.083422,2364.779315,10752.26328,3702.341663,1861.319894,3067.200886,5535.524809,3652.431328,9992.71792,1242.962338,1438.145976,1139.108337,1364.773271,1646.787298,1612.815308,1560.558041,1578.102091,784.0262013,963.5679416,897.6845982,1746.888042,1864.615049,1741.2958,148.4858463,138.1727657,127.055065,291.0284177,245.5586123,204.4370849,160.2558583,147.4535686,137.284357,168.232636,207.8025022,174.7011282,1,1,1,1,0,1,1,1,0,1,1,1,0,1,1,0,0,0,1,1,0,0,0,ENSMUSG00000002014,ENSG00000180879
Fam98a,0.519465644,0.820749104,0.536711585,0.416385455,0.712164471,0.115605271,0.858880245,355.3057156,462.3686973,176.1297688,760.8372025,311.5731775,324.2381698,555.9292378,575.5346336,320.7994314,385.7202776,431.0947282,444.0345873,544.6321142,669.3014088,585.1043487,704.6875383,659.0442664,390.5034224,415.2246116,394.8974253,607.9170385,528.7857036,468.130298,157.8728826,181.0539688,168.2303176,331.667521,286.6338711,214.2657909,170.3869758,193.2150209,181.7746578,188.1924403,181.6787591,220.2753356,1,1,1,1,0,1,1,1,0,1,1,1,0,1,1,0,0,0,1,1,0,0,0,ENSMUSG00000002017,ENSG00000119812
Spi1,6.875733145,NA,1.699303879,1.357357008,2.586984114,2.083197908,4.90551E-05,0,0,0,0,82.20660384,0,4.057877648,6.990299193,0,129.8617368,143.9891299,121.1663008,93.05272303,376.4085252,401.5845345,366.0876751,442.7953665,79.50971746,178.0793451,201.1148691,458.8492589,299.2946206,417.8737651,24.74764106,17.4701198,31.76376626,102.2532278,154.4786907,180.8481905,26.70930972,18.64355465,34.32108924,139.7186299,52.24748627,140.9424561,1,1,1,1,0,1,1,1,0,1,1,1,0,1,1,1,1,0,0,0,0,0,0,ENSMUSG00000002111,ENSG00000066336
Napsa,1.137008408,NA,1.787720485,1.03320656,2.769010593,1.642242039,0.20510866,0,0,0,1.497711029,0,0,0,0,0,71.1147606,90.75678488,334.4770339,77.54393586,486.9785294,603.4563301,443.5533264,449.2313457,93.60004713,115.4871,119.4119535,250.387286,191.2425691,231.7384577,5.973568531,5.558674482,4.705743149,27.52971518,39.28937797,44.22917701,6.447074759,5.932040116,5.084605814,24.71213862,9.499542959,20.25520328,1,1,1,1,0,1,1,1,0,0,1,1,0,0,0,0,0,0,0,0,0,0,0,ENSMUSG00000002204,ENSG00000131400
Rmnd5a,-0.462966222,0.836991208,-0.689685808,-0.641155269,-0.819222568,-0.391633982,0.054742568,1254.190556,1553.877375,974.1395272,1470.75223,752.0381906,811.3637614,1041.715162,1006.603084,401.9211267,2851.547303,3184.341423,2899.284658,3657.336928,1858.517093,1939.912388,2234.00943,1773.755858,3029.42088,2570.689952,2860.649519,1674.683336,1659.9855,2088.438149,2399.667816,2739.632423,2029.351733,1199.509019,1497.461065,1365.207264,2589.882032,2923.648343,2192.736257,1984.574825,2044.776622,1849.131266,1,1,1,0,1,1,1,0,1,1,1,0,1,1,1,0,0,0,1,1,0,0,0,ENSMUSG00000002222,ENSG00000153561
Ppm1j,-0.280942515,0.963964604,1.646721501,2.336909551,1.85044398,1.143424722,0.313985719,58.89578438,5.621503919,56.76220039,10.4839772,63.93846965,3.585572178,20.86908505,4.660199462,99.55844423,28.60050155,43.63306965,28.29632174,38.31582713,121.156494,91.75990708,86.21177331,133.8683666,28.18065935,28.21058933,42.94640435,229.4246295,186.4615049,85.62224139,8.53366933,13.49963803,11.76435787,22.28595991,64.29170941,34.40047101,9.210106799,14.40638314,12.71151453,29.46447297,13.06187157,37.13453934,1,1,1,1,0,1,1,1,0,0,1,1,0,0,1,0,0,0,0,0,0,0,0,ENSMUSG00000002228,ENSG00000155367
Ipo4,-1.094627736,NA,0.858586023,1.42476478,0.941588718,0.11757389,0.917011162,1.931009324,0,0,0,0,0,0,1.165049866,0,333.9301802,340.3379433,359.1456221,345.7547258,686.9455584,603.4563301,569.7473714,641.0235247,287.8453062,269.7637604,328.9066089,924.68607,829.9927499,625.4146328,86.19006023,104.0266224,69.40971145,214.9939662,163.4080948,123.8416956,93.02207867,111.0138936,74.99793575,104.5513557,52.24748627,145.1622901,1,1,1,1,0,1,1,1,0,1,1,1,0,1,1,0,0,0,0,0,0,0,0,ENSMUSG00000002319,ENSG00000196497
Snrpd1,0.14537339,0.972720671,0.615867914,1.126035566,1.116448295,0.139366204,0.845603566,567.7167413,357.9024162,1890.682116,925.5854157,643.4442819,653.5985856,763.4606946,1161.554716,2087.039979,679.4551584,811.5750955,749.4897528,874.8780528,1124.520469,1135.663791,1185.724244,1327.098904,400.5679436,423.1588399,427.3690969,959.6238309,983.943018,788.2830267,194.5676607,206.4650522,175.2889323,496.8458121,448.2560851,307.6384979,209.990435,220.3329186,189.4015666,232.8643832,157.9299017,290.3245803,1,1,1,1,0,1,1,1,0,1,1,1,0,1,1,0,0,0,1,1,0,0,0,ENSMUSG00000002477,ENSG00000167088
Lcp2,1.579216433,0.276192006,3.100916787,1.538787718,3.246941928,2.24990175,3.87572E-10,84.96441026,251.5623004,107.6812331,115.3237492,478.0161779,328.8481912,364.0495947,594.1754314,781.7181547,68.79580102,74.17621841,75.45685798,65.68427508,541.0872549,473.9129319,633.4691169,792.912633,62.40003142,96.97390081,101.6049078,289.9834149,235.22836,234.5304873,43.52171358,35.73433596,57.64535358,429.9879324,420.5749324,432.4630641,46.97154467,38.1345436,62.28642122,285.140061,138.9308158,269.2254102,1,1,1,1,0,1,1,1,0,1,1,1,0,1,1,1,1,0,1,1,0,0,0,ENSMUSG00000002699,ENSG00000043462
Ggct,0.58426324,0.831896978,1.911203759,0.689265299,2.547241072,1.085327473,0.005131961,162.2047832,57.62041517,385.6490673,365.441491,327.811519,164.4240956,405.208068,288.9323667,261.8018348,95.07734298,103.8467058,142.2071554,104.9123838,392.8763981,417.7774593,432.3083125,438.933779,85.54843018,99.61864355,90.0827018,139.7510433,174.9869507,129.3640386,60.58905224,46.85168492,70.58614724,470.6270358,230.3786254,336.1417453,65.39175827,49.99862383,76.26908721,144.4709642,147.2429159,113.0915516,1,1,1,1,0,1,1,1,0,1,1,1,0,1,1,1,1,0,1,1,0,0,0,ENSMUSG00000002797,ENSG00000006625
Epdr1,0.246518235,0.973251037,-0.56034672,-0.560763728,-1.695396357,-0.810300067,0.014699198,42.48220513,83.85410012,60.10115335,13.47939926,319.6923482,54.29580727,39.41938287,13.98059839,0,313.059544,308.9221331,311.2595392,292.8423931,216.434902,209.4284938,212.4058183,193.0793749,217.3936579,256.5400467,208.4471821,160.7136998,157.7751195,145.1855398,197.1277615,159.6133673,195.2883407,58.99224682,41.07525879,70.76668322,212.753467,170.3342948,211.0111413,95.99715387,131.8061586,111.403618,1,1,1,0,1,1,1,0,1,1,1,0,1,1,1,1,0,1,1,0,0,0,0,ENSMUSG00000002808,ENSG00000086289
Mcm2,1.521301944,0.812840515,-1.320376592,0.665898927,1.744318358,0.493181026,0.136748587,57.93027972,51.06199393,0,137.7894146,383.6308179,1.536673791,63.76664875,38.44664556,0,439.0563481,513.9975605,333.7514872,375.8600185,149.3871334,216.985192,151.1829648,146.7403249,324.0775825,339.4086528,271.2955787,476.3181394,523.0484265,484.8824757,161.2863503,196.9358959,148.2309092,625.3178163,550.944232,526.8186418,174.0710185,210.163707,160.1650831,270.883058,245.8006741,251.5021073,1,1,1,0,1,1,1,1,0,1,1,1,0,1,1,0,0,0,0,0,0,0,0,ENSMUSG00000002870,ENSG00000073111
Il17ra,0.461568377,0.923901084,2.650568579,0.953066644,1.40637679,1.05618215,2.15267E-05,548.406648,304.9665876,10.01685889,398.3911336,532.8205804,558.8370352,394.7735255,280.7770176,210.1789378,299.1457865,333.3566521,625.4212652,312.9125882,2578.398397,2535.81202,2181.532698,2576.966057,530.4002671,990.0153691,867.3078731,1441.76493,2011.871827,1169.860407,157.8728826,150.084211,155.2895239,423.4332383,382.1784948,422.6343581,170.3869758,160.1650831,167.7919919,371.6325462,384.7314898,281.0409454,1,1,1,1,0,1,1,1,0,1,1,1,0,1,1,1,1,0,1,1,0,0,0,ENSMUSG00000002897,ENSG00000177663
Lamb1,6.464018198,6.79647E-11,-0.420082874,0.916668093,1.297912376,0.098343631,0.850232695,66.61982168,18.26988774,18.3642413,5665.840821,2483.451353,633.6218263,2384.292967,5670.297696,1320.071223,426.6885636,584.6831333,465.8009887,490.8074999,431.6935273,304.4269858,347.3459852,387.4459457,480.0776611,939.7652569,785.6049575,1455.740035,1300.44947,1409.044277,674.1598771,870.3296046,670.5683988,2547.154124,1351.911778,1553.918419,727.5984371,928.7879953,724.5563284,962.8229393,673.2801072,912.3281142,1,1,1,0,1,1,1,1,0,1,1,1,0,1,1,0,0,0,1,1,1,1,0,ENSMUSG00000002900,ENSG00000091136
Relb,0.711423942,0.805341666,3.23589526,0.835355672,0.940053578,0.939545154,0.02044783,307.9959872,142.4114326,252.0909488,350.4643807,214.1431285,388.778469,261.4432599,103.689438,988.2097427,450.651146,569.8478897,194.4465186,323.8599674,3497.070454,3026.997405,3742.09074,4224.576723,432.7744115,457.5404956,649.4334316,1083.070586,951.4317813,712.8982272,87.8967941,123.8790313,104.7027851,114.0516772,266.9891821,224.0944969,94.86410003,132.1997512,113.1324794,286.0905279,127.0563871,237.9986385,1,1,1,1,0,1,1,1,0,1,1,1,0,1,1,1,1,0,1,1,0,0,0,ENSMUSG00000002983,ENSG00000104856
Hmgn2,0.403924645,0.880943603,-1.673216413,0.537070213,0.644347251,-0.249722325,0.697710941,1128.67495,1131.796122,1845.606251,2644.957676,2731.086061,1028.034766,1155.335736,1041.55458,2267.720118,892.0264537,1011.414555,871.3816003,967.0184942,221.1400085,329.2561372,259.8847659,362.9892249,502.2196077,573.0275957,526.8790582,726.7054253,842.4235169,755.7093479,135.6853423,119.1144532,136.4665513,216.304905,206.2692344,188.7111553,146.4406981,127.1151453,147.4535686,142.5700305,90.24565811,119.843286,1,1,1,0,1,1,1,1,0,1,1,1,0,1,1,0,0,0,1,1,0,0,0,ENSMUSG00000003038,ENSG00000198830
Hck,5.373245188,NA,3.59899366,1.712919852,3.307098768,2.819803723,5.36281E-06,11.58605594,4.684586599,0,0,1295.007734,0,0,51.26219408,0,35.5573803,47.99637662,41.35616255,38.31582713,384.6424616,494.4239699,486.0344901,611.4180206,25.16130299,72.28963515,56.56355694,197.9806447,142.475714,166.5911001,5.120201598,21.44060157,11.76435787,95.69853373,161.6222139,124.8245662,5.526064079,22.88072616,12.71151453,160.628901,48.68515766,82.70874671,1,1,1,1,0,1,1,1,0,0,1,1,0,0,1,1,1,0,0,0,0,0,0,ENSMUSG00000003283,ENSG00000101336
Fkbp11,1.340310052,0.341917486,0.909083889,1.773221062,2.260873658,0.846019415,0.641813661,120.6880828,41.69282073,56.76220039,224.6566543,186.7409272,122.9339032,113.0408773,104.8544879,361.360279,30.1464746,21.81653483,18.13866778,16.42106877,42.34595908,44.26066106,37.4833797,38.61587498,10.0645212,23.80268474,36.66156469,79.19225789,81.27809187,80.03818217,11.94713706,16.67602345,2.352871575,76.03445146,39.28937797,38.33195341,12.89414952,17.79612035,2.542302907,19.0093374,35.62328609,6.751734425,1,1,1,1,0,1,1,1,0,0,1,1,0,0,0,0,0,0,1,1,0,0,0,ENSMUSG00000003355,ENSG00000134285
Dusp3,0.713389461,0.659481784,-1.16995378,-0.426405773,-1.115776419,-0.19450282,0.466124023,1220.397893,603.374754,515.8682329,1855.663964,1290.948149,723.7733554,1064.323337,1212.81691,1526.562811,4965.665458,5127.758346,5324.787314,6178.883265,2369.021155,2587.62938,2308.976189,2331.111653,4161.679515,3659.442384,4339.681785,2998.824471,2933.66101,3114.974369,3392.986926,3770.369491,3437.545371,1303.073185,2051.977059,1533.278136,3661.938463,4023.618067,3714.304547,2978.763171,3824.753484,3162.343611,1,1,1,0,1,1,1,0,1,1,1,0,1,1,1,0,0,0,1,1,0,0,0,ENSMUSG00000003518,ENSG00000108861
Ier3,0.341428783,0.948675002,3.016935643,0.546938004,1.304442664,0.199368633,0.868821921,192.1354277,495.6292622,349.755323,154.2642359,1049.402819,1030.595889,76.5199785,245.8255216,70.05964594,812.4088412,988.7253583,905.4822957,1086.527384,8549.178628,5139.634325,7682.843392,9327.021005,1953.523564,2300.044611,2616.588245,3664.971111,3235.824269,3137.310606,40.10824585,59.55722659,42.35168834,97.00947255,193.7680686,59.95510662,43.28750195,63.55757267,45.76145232,83.64108456,46.31027192,45.57420737,1,1,1,1,0,1,1,1,0,1,1,1,0,1,1,0,0,0,1,1,0,0,0,ENSMUSG00000003541,ENSG00000137331
Has1,3.84676498,NA,2.741322657,2.604798236,1.281937522,0.861599856,0.101028093,3.862018648,0.93691732,0.834738241,0,151.2195552,0,1.159393614,6.990299193,0,3.091946113,0,0,3.649126393,5.881383206,12.95433982,8.74612193,16.73354583,7.045164838,0.881580916,4.189893107,27.95020867,27.73017252,16.75217766,46.08181438,34.14614325,48.23386728,108.8079219,129.4763592,72.73242442,49.73457671,36.439675,52.11720959,72.23548212,93.80798672,84.39668031,1,0,0,1,0,0,1,1,0,1,1,1,0,1,1,0,0,0,0,0,0,0,0,ENSMUSG00000003665,ENSG00000105509
Farsa,0.183985395,0.954082927,0.79357586,0.722087369,1.340567956,0.316695807,0.39183753,1054.331091,908.8098002,715.3706725,1481.236207,2000.360693,498.9067573,850.4152156,608.1560298,645.2862126,374.8984662,461.6378769,432.4258399,470.7373047,744.5831138,723.2839735,705.9369843,840.5388788,414.6582733,416.9877735,470.3155012,711.565729,764.0140636,671.0177831,207.3681647,201.7004741,208.2291344,605.653734,476.8301781,482.5894647,223.8055952,215.2483128,224.9938073,294.6447297,245.8006741,285.2607795,1,1,1,1,0,1,1,1,0,1,1,1,0,1,1,0,0,0,1,1,0,0,0,ENSMUSG00000003808,ENSG00000179115
Nfat5,0.207566842,0.952897363,-0.553687278,-0.592311247,-0.450119662,-0.194973162,0.342679811,337.9266317,549.0335494,208.6845602,259.1040079,246.6198115,499.4189819,300.2829459,969.3214881,254.4271352,1968.023701,2243.612442,2244.115978,2510.598959,1553.861443,1321.342662,1461.851808,1772.468662,3214.60807,2313.268325,2705.623474,1779.496618,1832.103812,1848.323602,6136.561615,6567.176852,6090.408071,4238.265199,4661.148932,4856.363636,6622.987799,7008.28168,6580.751074,5883.389925,6071.395393,5704.371622,1,1,1,0,1,1,1,0,1,1,1,0,1,1,1,0,0,0,1,1,0,0,0,ENSMUSG00000003847,ENSG00000102908
Nob1,0.303114993,0.897818156,0.597108454,0.691296225,0.908343337,0.182532406,0.82852076,380.4088368,304.0296703,154.4265746,380.4186013,261.8432567,344.7271537,286.3702226,361.1654583,438.7946245,285.2320289,380.4803674,289.4931378,351.2284154,494.0361893,458.7995354,529.7650997,491.7088081,325.0840347,352.6323666,324.7167158,623.0567349,518.2673623,480.229093,121.1781045,93.70336984,110.584964,229.4142932,178.5880817,203.4542143,130.7835165,99.99724767,119.4882366,127.3625606,180.4913162,91.14841474,1,1,1,1,0,1,1,1,0,1,1,1,0,1,1,0,0,0,1,1,0,0,0,ENSMUSG00000003848,ENSG00000141101
Il7r,4.79752071,NA,1.364031259,2.281478911,4.161530406,4.077679281,2.04439E-17,20.2755979,0,0,2.995422057,1065.641161,29.19680202,1.159393614,20.97089758,0,11.59479792,9.599275323,5.804373691,10.94737918,12.93904305,15.11339646,34.98448772,34.75428749,7.045164838,3.526323666,2.094946553,20.9626565,22.94910829,17.6828542,8.53366933,7.940963546,7.058614724,99.63135019,159.8363331,163.1565197,9.210106799,8.474343023,7.626908721,166.3317023,90.24565811,172.1692278,1,0,1,1,0,0,1,1,0,0,1,1,0,0,1,1,1,0,0,0,0,0,0,ENSMUSG00000003882,ENSG00000168685
Efnb3,8.93912692,0.001865749,-0.757401326,-1.065393841,-1.715534693,-1.09847302,0.001060992,0,0,0,19.47024337,30.44689031,0,205.2126696,131.6506348,3.687349786,429.0075232,275.7610002,423.7192794,329.333657,214.0823487,259.0867965,206.1585883,182.7818083,290.8646626,435.5009727,326.8116623,132.7634912,149.1692039,220.5703392,256.0100799,181.8480652,224.6992354,58.99224682,49.11172247,93.37270703,276.303204,194.0624552,242.7899276,105.5018226,79.55867228,146.0062569,1,1,1,0,1,1,1,0,1,1,1,0,1,1,1,1,0,1,0,0,1,1,0,ENSMUSG00000003934,ENSG00000108947
Mmd,-1.545839218,0.324503411,-0.87176196,-0.41769012,-0.940393648,-0.463541872,0.020638375,1618.185814,792.1635939,4586.886634,1091.83134,720.576404,1055.694894,1168.668763,464.8548963,287.6132833,1446.257794,1756.667384,1777.589443,2479.581384,989.2486552,1034.188129,1044.536848,1007.874337,1301.342591,1174.265781,1318.768855,953.8008707,884.4968821,1001.407954,821.7923565,949.7392401,789.3884133,415.5676054,525.9419006,392.1653695,886.9332847,1013.531426,852.9426252,674.8314777,662.5931214,660.8260068,1,1,1,0,1,1,1,0,1,1,1,0,1,1,1,1,0,1,1,1,0,0,0,ENSMUSG00000003948,ENSG00000108960
Hlf,-2.099174278,0.215612105,-0.985267159,-0.903126287,-1.877685476,-0.803520065,4.65976E-06,5199.242605,3634.302284,3334.779273,1000.470967,109.6088051,2720.424834,795.344019,601.1657306,449.8566739,1923.963469,2233.140505,1845.065287,2973.125729,1044.533657,1111.914168,1265.688788,1110.850004,1786.452512,1712.03014,1334.480955,808.2268673,524.9608522,1250.829266,1041.107658,1117.293571,1237.610448,300.2049894,290.2056328,333.1931335,1123.633029,1192.340063,1337.251329,746.116493,726.7150363,620.3156003,1,1,1,0,1,1,1,0,1,1,1,0,1,1,1,1,0,1,1,1,0,0,0,ENSMUSG00000003949,ENSG00000108924
Brinp2,23.03720644,NA,0.594563978,-1.127433389,-2.182140726,-1.137005301,6.55608E-05,0,0,0,11.98168823,649.5336599,0,6.956361682,1.165049866,0,121.3588849,70.68557284,137.8538752,87.57903344,151.7396867,157.6111345,162.4279787,160.8994791,122.7871586,111.0791955,109.9846941,64.05256153,37.29230098,56.77126875,258.5701807,205.6709558,316.4612268,64.23600209,47.32584165,60.93797722,279.066236,219.4854843,341.939741,118.8083588,119.9317299,141.7864229,1,1,1,1,0,1,1,0,1,1,1,0,1,1,1,1,0,1,0,0,0,0,0,ENSMUSG00000004031,ENSG00000198797
Gstm7,#N/A,#N/A,-2.983667313,-1.037839631,-1.037409637,-0.486311789,0.134219183,#N/A,#N/A,#N/A,#N/A,#N/A,#N/A,#N/A,#N/A,#N/A,1633.320534,2070.825486,1691.249384,2315.370697,222.3162852,328.1766088,201.1608044,221.3976832,1709.962151,1509.266529,1457.035328,894.4066773,451.3324631,932.5378899,286.7312895,322.40312,247.0515153,140.2704536,154.4786907,122.858825,309.4595884,344.0583267,266.9418052,244.2699856,229.1764739,185.6726967,1,1,1,0,1,1,1,0,1,1,1,0,1,1,1,0,0,0,0,0,0,0,0,ENSMUSG00000004035,#N/A
Ppan,-0.969413558,0.783817987,1.14004927,1.160800694,2.153800933,0.19890939,0.806344318,6.758532634,17.80142908,9.182120651,5.990844114,3.044689031,14.34228871,5.217271262,3.495149597,0,180.8788476,157.0790507,140.0305153,198.8773884,408.1679945,305.5065142,399.8227168,377.148379,209.3420409,207.1715154,238.8239071,549.6874371,529.7419164,386.2307628,90.4568949,87.350599,118.8200145,483.7364239,418.7890516,410.8399109,97.62713207,93.21777325,128.3862968,156.8270336,92.62054385,114.7794852,1,1,1,1,0,1,1,1,0,1,1,1,0,1,1,0,0,0,0,0,0,0,0,ENSMUSG00000004100,ENSG00000130810
Ptpn6,2.176456726,0.358837954,1.455389463,1.443640967,3.167524215,2.468039368,1.52299E-20,89.79193357,225.7970741,57.59693863,154.2642359,2267.278432,142.9106625,133.3302656,103.689438,575.2265666,98.16928909,130.0265476,89.9677922,88.49131504,268.1910742,269.8820796,274.8781178,301.2038249,75.48390898,143.6976894,97.41501474,302.7939272,246.7029141,314.5686695,52.05538291,50.82216669,44.70455992,449.6520147,413.4314091,468.8292763,56.18165147,54.23579535,48.30375523,322.2082689,255.300217,302.9840823,1,1,1,1,0,1,1,1,0,1,1,1,0,1,1,1,1,0,1,1,0,0,0,ENSMUSG00000004266,ENSG00000111679
Emg1,-1.441693027,0.345107772,0.344234158,0.637762541,0.674802922,0.343405862,0.285070861,143.8601946,223.9232394,891.5004414,133.2962815,90.32577458,184.4008549,129.2723879,149.1263828,243.3650859,1171.847577,1406.730166,1086.143427,1356.562737,1451.525375,1553.44125,1732.981588,1634.738708,799.1229831,1027.923349,1031.761178,1565.211685,1508.90387,1375.539921,308.0654628,262.8458934,247.0515153,443.0973206,455.3996083,408.8741697,332.4848554,280.5007541,266.9418052,374.4839468,352.6705323,389.912663,1,1,1,1,0,1,1,1,0,1,1,1,0,1,1,0,0,0,1,1,0,0,0,ENSMUSG00000004268,ENSG00000126749
Utp20,0.810100518,0.789554881,0.901798837,0.891912557,0.571273632,0.048554572,0.92793597,71.44734499,298.876625,64.27484455,94.3557948,124.8322503,197.7186944,158.8369251,485.8257939,468.2934228,241.9447834,355.173187,327.9471135,312.9125882,555.2025746,554.8775558,593.4868452,608.8436289,364.3356673,338.5270719,300.6248304,676.6279681,627.2756267,560.2672752,571.7558451,602.7191331,582.3357147,1069.726076,672.3841276,871.8062225,617.0771555,643.2026354,629.2199694,784.1351678,588.9716634,580.6491606,1,1,1,1,0,1,1,1,0,1,1,1,0,1,1,0,0,0,1,1,0,0,0,ENSMUSG00000004356,ENSG00000120800
Il11,1.627788747,NA,3.869370388,7.507588796,4.195683434,2.019573247,0.510536142,0,0.46845866,0,0,4.059585375,0,0,0,0,6.183892226,5.235968358,5.078826979,6.385971188,78.81053495,15.11339646,83.71288133,157.0378916,8.051616958,29.97375116,6.28483966,3060.547849,3164.108306,1913.47096,0,1.588192709,2.352871575,13.10938818,46.43290124,8.845835403,0,1.694868605,2.542302907,5.70280122,2.37488574,8.439668031,1,0,1,1,0,0,1,1,0,0,0,1,0,0,0,0,0,0,0,0,0,0,0,ENSMUSG00000004371,ENSG00000095752
Bid,2.217722946,0.230454761,3.331445201,1.04800318,1.22399095,0.461886385,0.644127315,368.8227809,65.58421239,702.0148607,1313.492572,1808.545284,269.4301379,1113.017869,1232.622758,4837.802919,99.71526215,95.99275323,56.59264348,64.77199348,730.4677941,620.7287832,927.0889246,912.6218455,62.40003142,93.44757714,57.61103022,161.8782919,140.5632883,141.4628336,33.28131039,35.73433596,25.88158732,79.96726791,69.64935186,73.71529502,35.91941651,38.1345436,27.96533198,59.87941281,30.87351462,49.79404138,1,1,1,1,0,1,1,1,0,1,1,1,0,1,1,0,0,0,1,1,0,0,0,ENSMUSG00000004446,ENSG00000015475
Ndrg2,-0.511747637,0.867581068,0.594401392,-0.611222514,-1.16648207,-0.502251814,0.009869813,2147.282368,1460.654102,1148.59982,741.3669591,2748.339299,417.4630464,805.7785615,867.9621498,1091.455537,6669.327766,4519.513355,5742.70222,3945.617913,8619.755226,7529.710022,7183.064996,8191.71428,4604.518448,4832.826584,5682.542526,3471.648835,2654.446859,3772.032004,1433.656447,1494.489339,1508.190679,494.2239345,738.4617178,740.101562,1547.297942,1594.871357,1629.616163,943.8136019,1259.876885,1166.362122,1,1,1,1,0,1,1,0,1,1,1,0,1,1,1,1,0,1,1,1,0,0,0,ENSMUSG00000004558,ENSG00000165795
Cd244a,#N/A,#N/A,2.03004374,2.691033135,5.03243454,4.032343482,1.08842E-06,#N/A,#N/A,#N/A,#N/A,#N/A,#N/A,#N/A,#N/A,#N/A,3.091946113,0.872661393,2.176640134,4.561407992,4.705106564,9.715754867,12.4944599,16.73354583,5.032260599,8.815809164,17.8070457,86.17981005,34.42366244,82.83021178,4.266834665,3.176385418,0,66.85787973,104.4740278,91.40696583,4.605053399,3.389737209,0,41.82054228,48.68515766,49.79404138,1,0,0,1,0,0,1,1,0,0,1,1,0,0,1,1,1,0,0,0,0,0,0,ENSMUSG00000004709,#N/A
Ulk2,-0.59243303,0.906479527,-0.697151355,-0.514624137,-0.921367069,-0.335812139,0.103051741,70.48184033,88.07022806,169.4518629,19.47024337,135.99611,86.56595687,133.9099624,55.92239355,0,1726.851904,1822.116989,1829.828806,1888.422909,1165.690151,1168.049641,1117.004715,1029.756666,1783.433156,1666.187932,1460.177748,1086.564362,1029.841235,1319.699329,1423.416044,1739.865113,1532.895831,765.5882699,870.6168983,842.3201045,1536.245814,1856.728556,1656.310344,1285.031208,1399.995144,1317.43218,1,1,1,0,1,1,1,0,1,1,1,0,1,1,1,0,0,0,1,0,0,0,0,ENSMUSG00000004798,ENSG00000083290
Plod3,0.695767803,0.782499141,1.547635954,0.772707748,0.608696287,0.200625291,0.585943782,1455.015526,824.4872414,176.9645071,1924.558672,1066.656057,923.0287235,1311.853874,1492.428878,1238.949528,1619.406777,2113.585894,1825.475526,1856.493053,5410.872549,4942.080642,5064.004597,6258.346139,1532.826578,1837.21463,1844.60044,3010.470392,3344.832534,2554.707094,401.0824585,482.8105836,365.8715299,713.1507171,606.3065374,590.7052308,432.8750195,515.2400558,395.328102,518.0044442,535.5367343,493.7205798,1,1,1,1,0,1,1,1,0,1,1,1,0,1,1,0,0,0,1,1,0,0,0,ENSMUSG00000004846,ENSG00000106397
Hspb1,-0.491167159,0.891729557,2.424582898,0.635737968,-1.247148907,-0.4397675,0.42891693,2573.069924,5014.849954,2298.869116,847.7044422,2284.53167,3691.60267,1717.641639,696.6998196,4834.11557,4912.329387,6891.407021,4097.162279,6217.199093,34323.75239,23797.12225,28186.25209,32430.89901,2568.46581,2456.966014,3198.983387,4957.668262,4524.799185,3296.456294,251.7432452,424.0474533,184.7004186,77.34539028,165.1939756,118.9273426,271.6981506,452.5299174,199.5707782,280.3877267,248.1755598,155.2898918,1,1,1,1,0,1,1,1,0,1,1,0,1,1,1,0,0,0,1,1,0,0,0,ENSMUSG00000004951,ENSG00000106211
Hnrnpa2b1,0.488140287,0.874497889,0.731276254,0.41300907,0.922442762,0.315652495,0.063993283,4483.80365,5765.320727,1116.045028,5871.027232,6544.051624,6052.958061,5221.908836,6482.337452,1707.242951,8669.043915,10403.86913,9724.502572,11741.97645,16507.86638,15152.25948,17184.88015,18453.23946,5402.634979,5609.499371,6042.873333,6812.863362,8895.648102,6997.756881,5033.158171,5231.506784,5152.788748,11200.66126,8440.965682,9582.988353,5432.12099,5582.897183,5567.643366,6955.516555,6370.630997,7309.596482,1,1,1,1,0,1,1,1,0,1,1,1,0,1,1,0,0,0,1,1,0,0,0,ENSMUSG00000004980,ENSG00000122566
Mri1,-0.540248295,0.924938907,-1.178886532,0.967068032,1.414943722,0.391369206,0.573758657,128.41212,204.7164344,86.81277706,145.2779698,181.6664455,177.7419351,22.02847866,48.93209435,0,187.0627398,266.1617249,133.5005949,133.1931134,78.81053495,109.0323602,73.71731341,55.34942081,127.8194192,167.5003741,152.9310984,306.2877033,291.6449179,280.1336376,59.73568531,61.93951566,62.35109673,204.5064556,119.6540147,168.0708727,64.47074759,66.09987558,67.37102703,83.64108456,67.68424358,107.183784,1,1,1,0,1,1,1,1,0,1,1,1,0,1,1,0,0,0,1,0,0,0,0,ENSMUSG00000004996,ENSG00000037757
Prkacb,-1.012291748,0.430933963,-0.620600298,-0.305053611,-0.946340287,-0.487161821,0.002268084,2178.178518,2060.281186,5003.421016,1157.730625,1749.681296,1434.228871,1746.626479,2200.779196,870.2145495,3321.523112,3469.701699,4431.639313,5491.02294,2567.811908,2621.094758,2898.714697,2782.917391,2764.723973,2531.018811,2778.946603,2149.836883,2057.770044,2326.691342,3892.206581,4279.385255,3844.592153,1727.817362,2287.713327,2217.356074,4200.729711,4566.823455,4154.12295,3217.330355,3231.032049,2773.274915,1,1,1,0,1,1,1,0,1,1,1,0,1,1,1,1,0,1,1,1,0,0,0,ENSMUSG00000005034,ENSG00000142875
Cstb,-0.413737194,0.867957005,-0.401045923,0.603742234,1.361880811,0.625410307,0.319185412,3264.371262,6193.491943,6199.600916,3684.36913,1871.468858,4991.628696,4935.538614,2551.459206,5475.714432,1140.928116,1394.512906,1139.833883,1359.299582,870.4447144,985.6093549,978.3162101,976.9816371,706.529388,854.251908,1099.846941,1326.47032,1427.625778,1288.056327,58.88231838,69.8804792,65.88040409,176.9767405,173.2304392,150.3792018,63.54973691,74.5742186,71.18448139,158.7279673,98.5577582,65.82941064,1,1,1,0,1,1,1,1,0,1,1,1,0,1,1,0,0,0,1,1,0,0,0,ENSMUSG00000005054,ENSG00000160213
Sh2b2,4.867491857,0.039386991,1.914472255,1.256543317,1.863151816,1.485051277,0.131514596,1.931009324,0.46845866,0,4.493133086,17.25323784,22.53788226,75.9402817,9.320398924,0,39.42231294,32.28847154,46.43498952,12.77194238,138.8006437,101.4756619,126.194045,131.2939749,37.23872843,68.76331148,54.46861039,135.0926752,129.0887341,120.9879498,11.94713706,3.176385418,19.99940838,36.70628691,37.50349716,50.12640062,12.89414952,3.389737209,21.60957471,29.46447297,40.37305757,33.75867213,1,1,1,1,0,1,1,1,0,0,1,1,0,0,1,0,0,0,0,0,1,1,0,ENSMUSG00000005057,ENSG00000160999
Cd44,3.070830211,0.270696116,2.703690038,2.68232794,3.540475625,2.571805816,1.00707E-17,52.13725175,182.6988774,32.5547914,10.4839772,2799.084116,33.2945988,135.069356,149.1263828,1371.69412,34.01140725,41.88774687,45.70944281,45.61407992,223.4925618,192.1560407,343.5976472,330.809329,50.32260599,77.57912064,126.7442665,706.9073608,417.8650135,508.1493891,93.0169957,114.3498751,59.99822515,1206.063713,834.8992819,1101.797943,100.3901641,122.0305395,64.82872412,740.4136917,350.2956466,627.9113015,1,1,1,1,0,1,1,1,0,1,1,1,0,1,1,1,1,0,1,1,0,0,0,ENSMUSG00000005087,ENSG00000026508
Mcm5,0.240478029,0.944117728,-1.001445912,1.080156599,2.701756864,0.99013928,0.005856353,660.4051888,345.722491,349.755323,609.5683886,1138.713698,312.9692287,383.1795893,348.3499098,409.2958263,204.0684435,245.2178514,155.2669962,223.5089916,95.27840793,119.8276434,116.1984771,81.09333747,111.7161853,111.9607764,104.7473277,197.9806447,255.3088298,240.1145465,89.60352797,88.93879171,105.8792209,736.7476159,528.6207218,580.8765248,96.70612139,94.91264186,114.4036308,236.6662506,235.1136882,135.8786553,1,1,1,0,1,1,1,1,0,1,1,1,0,1,1,1,1,0,1,1,0,0,0,ENSMUSG00000005410,ENSG00000100297
Hmox1,3.98541998,0.015337577,1.758118622,3.899685002,1.798147523,0.580866924,0.297374268,62.75780303,79.16951352,131.0539038,154.2642359,4614.733675,743.7501146,86.95452103,788.738759,2260.345419,233.4419315,309.7947945,200.2508923,348.4915706,835.1564152,820.4415221,918.3428026,1114.711591,237.5227003,391.4219269,407.4671046,6197.958772,7255.743072,2015.845379,86.19006023,61.1454193,94.11486298,321.1800105,281.2762287,233.9232029,93.02207867,65.25244128,101.6921163,176.7868378,98.5577582,111.403618,1,1,1,1,0,1,1,1,0,1,1,1,0,1,1,0,0,0,1,1,1,1,0,ENSMUSG00000005413,ENSG00000100292
Ddx39a,0.306086461,0.922911791,0.825769534,1.475259417,0.761392553,0.290166852,0.415008727,879.5747471,1246.100035,2368.987128,1659.46382,2286.561462,1033.669236,1368.084464,1453.982232,3318.614808,602.9294921,685.0391935,675.4839882,663.228722,1186.863131,1055.778696,1133.247513,1280.759854,538.451884,581.8434048,506.9770659,1530.273924,1675.284905,1321.560682,292.704858,312.0798673,264.6980521,470.6270358,537.5501259,466.8635351,315.9066632,333.0416808,286.009077,326.0101364,403.7305757,415.2316671,1,1,1,1,0,1,1,1,0,1,1,1,0,1,1,0,0,0,1,1,0,0,0,ENSMUSG00000005481,ENSG00000123136
Igf1r,-1.545993888,0.505066567,-1.917942985,-0.927189808,-0.792248729,-0.049212343,0.920444736,1987.008594,1713.153319,422.3775499,269.5879851,589.6547757,1063.890488,551.2916633,315.7285136,29.49879829,5243.940608,5260.402877,7225.719698,7477.05998,1796.174431,2004.684088,1350.651115,1517.603887,9514.99834,7191.937116,8182.861238,4387.018169,4166.219368,4535.186764,7763.932356,8786.676163,8287.990122,4718.068807,5360.321272,4263.692664,8379.355165,9376.860555,8955.261989,7668.366707,10879.35157,7272.461943,1,1,1,0,1,1,1,0,1,1,1,0,1,1,1,0,0,0,1,1,0,0,0,ENSMUSG00000005533,ENSG00000140443
Mthfd2,4.332140775,0.005149896,3.857978627,1.823750392,2.258098187,1.58766264,7.26057E-05,22.20660723,34.66594083,0,360.9483579,853.527825,199.2553682,113.0408773,248.1556214,527.2910194,71.88774713,78.53952537,42.80725597,35.57898233,790.4579028,680.1028407,758.4137159,1090.25487,76.4903611,114.6055191,135.1240527,449.5325227,405.4342465,300.6085214,39.25487892,62.73361201,32.94020204,247.7674366,211.6268768,193.6255083,42.36649127,66.94730988,35.5922407,188.1924403,127.0563871,124.0631201,1,1,1,1,0,1,1,1,0,1,1,1,0,1,1,1,1,0,0,1,1,1,0,ENSMUSG00000005667,ENSG00000065911
Kit,1.766229262,0.523483425,3.317133589,2.181219914,2.536748371,0.888224584,0.000496442,106.2055128,66.52112971,989.9995538,512.2171718,158.3238296,369.3139343,2576.752306,1378.253991,2916.693681,72.66073366,88.1388007,81.98677838,102.175539,843.3903517,808.5667106,875.861639,898.4626913,156.0000786,178.0793451,230.4441209,1044.639049,1203.871973,311.7766398,193.7142938,200.9063777,177.6418039,1304.384124,1126.890796,896.3779875,209.0694243,214.4008785,191.9438695,464.7782994,319.422132,355.3100241,1,1,1,1,0,1,1,1,0,1,1,1,0,1,1,1,1,0,1,1,0,0,0,ENSMUSG00000005672,ENSG00000157404
Ranbp1,-0.019072129,0.99624411,0.739647865,1.018057932,0.965390203,0.344630554,0.552928506,518.4760035,480.6385851,1282.992676,654.4997195,599.8037391,1004.472434,748.9682744,344.8547602,1154.140483,401.9529947,498.2896554,568.8286217,582.9479413,775.1663065,758.908408,913.3450187,979.5560288,253.6259342,256.5400467,317.3844028,598.6003023,594.7643899,482.0904461,116.0579029,167.5543308,142.3487303,394.5925843,195.5539495,244.7347795,125.2574525,178.8086378,153.8093259,268.0316573,144.8680301,167.9493938,1,1,1,1,0,1,1,1,0,1,1,1,0,1,1,0,0,0,1,1,0,0,0,ENSMUSG00000005732,ENSG00000099901
Mmp8,NA,NA,5.764608129,2.940712335,5.1103021,3.510833671,NA,0,0,0,0,0,0,0,0,0,1.545973057,4.363306965,11.60874738,5.47368959,203.4958589,467.4357619,298.6175916,299.916629,9.058069077,46.72378857,46.08882418,303.9585192,308.8567491,171.2444828,0,0.794096355,0,5.243755273,15.17998694,13.7601884,0,0.847434302,0,0.95046687,7.124657219,4.219834016,1,0,1,1,0,0,1,1,0,0,0,1,0,0,0,0,0,0,0,0,0,0,0,ENSMUSG00000005800,ENSG00000118113
Rsl1d1,0.936940963,0.60953112,0.803678505,0.619013895,0.834574496,-0.020152433,0.974078731,712.5424406,1292.945901,209.5192985,1234.113888,1644.132077,1779.468249,802.8800775,1162.719766,1862.111642,738.2021345,842.9909057,800.2780226,913.1938799,1415.060799,1204.753604,1463.101254,1668.205799,806.1681479,839.2650324,872.5452395,1395.181249,1350.172538,1123.32658,450.5777406,486.7810653,582.3357147,1092.012036,881.3321832,736.1700796,486.293639,519.4772273,629.2199694,528.4595797,491.6013481,588.2448618,1,1,1,1,0,1,1,1,0,1,1,1,0,1,1,0,0,0,1,1,0,0,0,ENSMUSG00000005846,ENSG00000171490
Ncoa2,0.009908602,0.998106216,-0.502650972,-0.431730236,-0.710287372,-0.238307576,0.280674058,156.4117552,191.5995919,74.29170345,92.85808377,67.99805502,163.911871,205.7923664,313.3984138,3.687349786,842.5553158,808.08445,830.7509845,832.0008177,581.0806607,538.684631,585.9901693,634.5875456,982.2972688,890.3967256,842.1685145,654.5007196,655.962012,701.7301088,1411.468907,1372.992597,1338.783926,810.1601897,845.6145669,863.9432577,1523.351665,1465.213909,1446.570354,1276.477006,1258.689442,1225.439798,1,1,1,0,1,1,1,0,1,1,1,0,1,1,1,0,0,0,1,0,0,0,0,ENSMUSG00000005886,ENSG00000140396
Htra1,2.217123855,0.119349366,-1.122635646,-0.400456926,-1.606663921,-0.559406037,0.001866454,372.6847995,1227.361689,1678.658603,3929.993739,2612.343189,2322.938547,13968.37426,5051.656217,2603.268949,3953.826092,4436.610522,2609.065974,3140.073261,1650.316127,1663.553139,1670.509289,1508.593516,1638.504051,1779.91187,1885.451898,1207.681933,1285.150064,1523.517491,1315.891811,1641.397165,1379.959179,380.1722573,444.6843234,597.585325,1420.198468,1751.646703,1491.060655,1002.742548,1040.199954,1121.631881,1,1,1,0,1,1,1,0,1,1,1,0,1,1,1,1,0,1,1,1,0,0,0,ENSMUSG00000006205,ENSG00000166033
Pgrmc1,-0.936810364,0.391244381,-0.330852061,-0.403642225,-0.834931462,-0.321980662,0.123577338,3611.952941,2792.013613,4154.492225,1954.512892,2339.336072,2268.130515,2144.298489,1007.768134,1312.696524,4545.933773,5331.961112,4895.263661,5501.970319,3826.427914,3906.812985,4031.96221,4354.583502,3983.53749,4291.535901,4241.219297,3112.95449,3079.005363,3269.466674,4455.428757,5444.324607,4304.578546,2429.16963,3090.466754,2442.433442,4808.59676,5810.009576,4651.143168,3871.251562,4467.160076,3881.403328,1,1,1,0,1,1,1,0,1,1,1,0,1,1,1,0,0,0,1,1,0,0,0,ENSMUSG00000006373,ENSG00000101856
Adamts4,5.271315441,0.000299927,6.42060747,2.796000493,2.440165349,0.838645924,0.017510994,1.931009324,12.64838382,93.49068299,681.458518,1164.086106,689.966532,459.119871,911.0689948,4439.569142,251.9936082,61.08629751,147.2859824,50.17548791,8397.438941,6490.124251,8922.293814,19954.1098,160.025887,126.066071,737.4211868,2569.090013,3338.139044,1199.642056,118.6180037,103.2325261,151.7602166,814.0930061,625.9512264,578.9107836,128.0204845,110.1664593,163.9785375,232.8643832,179.3038733,302.1401155,1,1,1,1,0,1,1,1,0,1,1,1,0,1,1,1,1,0,0,1,1,1,0,ENSMUSG00000006403,ENSG00000158859
Srm,1.169061398,0.622665171,0.819093319,1.705819016,1.199260992,0.158963388,0.910057265,225.9280909,745.7861866,236.2309222,414.8659549,445.5394949,1381.469738,2300.23693,295.9226658,593.6633156,414.3207792,461.6378769,401.9528781,447.0179832,819.8648189,676.8642558,778.4048517,767.1687164,323.0711304,322.6586154,293.2925175,1184.390092,962.9063354,919.5084184,30.72120959,38.91072137,30.58733047,89.14383964,81.25757717,60.93797722,33.15638448,41.52428081,33.04993779,28.5140061,40.37305757,51.48197499,1,1,1,1,0,1,1,1,0,1,1,1,0,1,1,0,0,0,1,1,0,0,0,ENSMUSG00000006442,ENSG00000116649
Cdk4,-0.73965627,0.709316426,-0.455107204,0.680625769,0.992697613,0.089074752,0.915274737,616.957479,726.5793815,2282.174351,726.3898489,760.1573614,444.0987255,910.1239868,516.1170904,988.2097427,1771.685123,2195.616065,1544.688948,1864.703587,1320.958668,1405.545871,1326.911641,1325.811708,1332.542607,1548.056089,1222.401314,2253.485574,2220.326227,2106.121003,249.1831444,301.7566147,175.2889323,563.7036918,433.0760981,455.0690879,268.9351185,322.0250349,189.4015666,340.2671395,317.0472462,176.3890619,1,1,1,0,1,1,1,1,0,1,1,1,0,1,1,0,0,0,1,1,0,0,0,ENSMUSG00000006728,ENSG00000135446
Mettl1,1.273774817,0.705002178,1.618705388,2.156149654,1.381468846,0.576382373,0.55543457,59.86128904,86.66485208,20.03371778,187.2138786,69.01295137,139.8373149,233.0381164,174.7574798,0,74.20670672,95.99275323,68.92693758,75.71937266,231.7264983,225.6214186,276.1275638,231.6952499,49.31615387,78.46070156,53.42113711,276.0083106,287.8200665,248.4906353,20.48080639,26.99927606,28.2344589,87.83290082,40.18231838,69.78381262,22.10425632,28.81276628,30.50763488,48.47381037,30.87351462,41.35437335,1,1,1,1,0,1,1,1,0,1,1,1,0,1,1,0,0,0,1,0,0,0,0,ENSMUSG00000006732,ENSG00000037897
Sod2,0.983691087,0.599370703,3.807640654,0.887961748,-0.72054069,-0.338844141,0.154530656,1832.527849,1299.035864,2747.123551,2014.421333,8799.151299,4904.03829,1906.622798,2817.090575,2806.073187,1196.583146,1387.531615,1277.687759,1311.860938,17166.5813,13602.05681,20267.2634,21406.0667,870.5810836,972.3837508,1025.476338,1898.285005,1827.322748,1584.011466,845.6866306,820.3015343,882.3268405,545.3505484,474.1513569,527.8015124,912.7215837,875.3996343,953.3635901,794.5903033,635.2819354,735.0950855,1,1,1,1,0,1,1,1,0,1,1,0,1,1,1,0,0,0,1,1,0,0,0,ENSMUSG00000006818,ENSG00000291237
Ezh1,-0.967124872,0.751876202,-0.937585237,-0.522847278,-0.564354209,-0.14681744,0.641687508,812.9549254,365.3977547,99.33385068,215.6703881,237.4857444,334.9948863,259.1244727,237.6701726,18.43674893,2027.543664,2395.455524,2119.321944,2469.546287,1209.212387,1273.843416,1131.998067,1087.680479,2166.891414,1963.280701,1957.727554,1394.016657,1295.668406,1546.784404,1472.057959,1587.398613,1376.429871,842.9336601,1047.419099,1107.695167,1588.743423,1694.02117,1487.2472,1313.545214,1605.42276,1393.389192,1,1,1,0,1,1,1,0,1,1,1,0,1,1,1,0,0,0,1,1,0,0,0,ENSMUSG00000006920,ENSG00000108799
Hap1,5.806719594,NA,2.495904178,-1.004210887,0.788707094,0.172218281,0.780105757,0,0,0,2.995422057,36.53626837,0,1.159393614,3.495149597,0,276.7291771,109.9553355,213.3107331,169.6843773,1108.052596,926.2352973,1059.530199,1255.015937,228.4646312,261.8295322,282.8177847,164.2074759,141.5195011,80.96885871,275.6375194,171.5248126,235.2871575,422.1222995,416.1102304,340.0732277,297.4864496,183.0458093,254.2302907,230.0129825,267.1746457,329.1470532,1,1,1,1,0,1,1,0,1,1,1,1,0,1,1,0,0,0,0,0,0,0,0,ENSMUSG00000006930,ENSG00000173805
Vars1,0.811183766,0.666137287,1.51865771,0.715491187,1.960052699,0.684785419,0.002473116,195.9974464,417.396666,137.7318098,363.9437799,190.8005126,577.7893453,570.4216579,328.5440621,608.4127147,768.3486091,815.9384025,1017.216489,790.9481457,2627.802016,2495.869473,2071.581451,2528.052616,1286.245809,1502.213882,1378.474832,2424.680602,2306.385383,2114.497092,250.0365114,281.1101095,301.1675616,1115.608934,1045.633218,1073.294696,269.8561292,299.991743,325.4147721,529.4100466,452.4157334,454.8981069,1,1,1,1,0,1,1,1,0,1,1,1,0,1,1,1,1,0,1,1,0,0,0,ENSMUSG00000007029,ENSG00000204394
Clic1,-0.387713238,0.899947864,1.204778484,1.040334875,0.770129822,0.302109568,0.359604116,7610.107746,7522.509161,24551.32114,11620.73987,6436.472611,7544.556087,11014.23933,6843.50291,17208.86145,3499.310014,4231.535095,4615.202631,4454.671045,10186.55571,8723.668342,7928.984252,11887.25352,2952.930519,2736.427165,3907.075322,6766.279681,7992.983176,4976.327443,420.709898,497.104318,431.7519339,850.799293,803.6463677,649.6774668,454.0582652,530.4938732,466.5125834,722.3548212,554.5358202,513.1318163,1,1,1,1,0,1,1,1,0,1,1,1,0,1,1,0,0,0,1,1,0,0,0,ENSMUSG00000007041,ENSG00000213719
Ppp2r1a,0.847225454,0.548284012,0.385738675,0.314557982,-0.537930415,-0.437243964,0.05279856,3355.128701,2427.552776,1366.4665,5164.107627,5506.827561,2134.439895,4128.600658,3625.635182,5165.97705,5323.55822,6012.636998,5473.52439,5501.970319,7238.806449,7157.272752,7143.082725,7611.188959,3885.911634,4136.37766,4447.571533,5365.275472,5185.542261,4957.713912,1111.083747,1198.291399,1070.556566,743.3023099,757.2134664,827.5770455,1199.155905,1278.778362,1156.747823,981.8322767,977.2654819,728.3433511,1,1,1,1,0,1,1,1,0,1,1,0,1,1,1,0,0,0,1,1,0,0,0,ENSMUSG00000007564,ENSG00000105568
Prpf31,0.806487048,0.64481049,0.540293496,0.679502347,0.67413935,0.468716639,0.165374034,645.9226189,279.2013613,170.2866012,729.3852709,985.4643497,412.3408005,552.4510569,531.2627387,619.4747641,695.6878755,712.0916967,624.6957184,691.5094515,1044.533657,952.143977,963.3228583,1000.151162,459.9486187,502.5011224,499.644753,795.416355,818.5181958,728.7197284,322.5727007,350.1964924,344.6956857,530.9302214,617.9147627,473.7436293,348.142037,373.7185273,372.4473759,354.5241425,520.099977,638.88287,1,1,1,1,0,1,1,1,0,1,1,1,0,1,1,0,0,0,1,1,0,0,0,ENSMUSG00000008373,ENSG00000105618
Rpl10,0.163470094,0.961345853,0.703156115,0.712008805,0.469124718,0.075798422,0.871820459,10903.44415,13077.96041,21328.3968,12297.70526,12169.62206,11563.47027,12401.45379,13248.94707,39819.69034,5744.062892,6945.512027,5160.813758,6114.111272,9333.755147,10444.43648,9614.486893,9619.214459,4616.595873,5018.840157,5385.060116,8074.116528,8647.032762,7882.830267,1375.627496,1597.721865,1234.081141,2052.930189,2091.266437,1683.657338,1484.669216,1705.037816,1333.437875,1816.342189,1607.797646,1346.971018,1,1,1,1,0,1,1,1,0,1,1,1,0,1,1,0,0,0,1,1,0,0,0,ENSMUSG00000008682,ENSG00000147403
Gprc5b,0.195281931,0.946977587,0.343305067,-0.428325305,-1.347575051,-0.682406462,0.005181662,1035.020998,1814.808848,836.4077175,1042.406876,1760.845156,925.5898465,1075.917274,2072.623711,1567.123659,1574.573558,1334.29927,1349.516883,1189.615204,1844.401773,1740.19965,1501.83408,1826.530887,1192.645762,1169.857876,1535.595824,1014.359656,991.5927208,890.6574458,1097.429876,870.3296046,1251.727678,348.7097257,456.2925487,457.0348291,1184.419734,928.7879953,1352.505146,556.9735858,754.0262223,846.4987035,1,1,1,1,0,1,1,0,1,1,1,0,1,1,1,1,0,1,1,1,0,0,0,ENSMUSG00000008734,ENSG00000167191
Hdac5,0.7419342,0.84814052,-0.400334405,-0.52897205,-0.769482179,-0.332376668,0.118597091,914.3329149,374.2984693,24.20740899,1139.758093,811.9170749,337.5560093,399.4110999,638.4473263,1065.644088,2352.970992,2191.252758,2167.208027,2130.177532,1647.963574,1624.690119,1571.803055,1856.136391,2407.43347,2111.386295,2255.209965,1565.211685,1355.909815,1772.938803,1292.850903,1405.550548,1292.90293,694.7975737,875.0816003,769.58768,1395.33118,1499.958715,1396.995447,1010.346283,1194.567527,1205.184595,1,1,1,0,1,1,1,0,1,1,1,0,1,1,1,0,0,0,1,1,0,0,0,ENSMUSG00000008855,ENSG00000108840
Ccl8,-1.487896772,0.831626591,2.93745795,1.577936757,2.653139116,3.236160058,6.52252E-17,2.896513986,0,310.5226256,8.986266172,34.50647568,110.6405129,7.536058489,60.58259301,0,17.00570362,30.54314876,74.73131127,29.19301115,272.8961807,224.5418903,391.0765949,278.0342999,9.058069077,17.63161833,21.99693881,16.30428839,65.97868634,62.35532797,19.62743946,17.4701198,19.99940838,153.3798417,101.7952066,104.1842836,21.18324564,18.64355465,21.60957471,266.1307236,179.3038733,131.6588213,1,1,1,1,0,0,1,1,0,1,1,1,0,1,1,1,1,0,0,0,0,0,0,ENSMUSG00000009185,ENSG00000108700
Met,-1.508933917,0.790775707,2.186376776,2.469966535,3.367444917,1.614664565,0.004952931,92.68844755,142.4114326,50.9190327,2.995422057,0,154.1796037,25.5066595,16.31069812,0,10.04882487,16.58056647,6.529920402,9.122815983,36.46457587,34.54490619,56.22506955,64.35979164,4.025808479,11.46055191,10.47473277,53.57123328,43.98579089,47.46450338,46.93518132,20.64650522,43.52812413,585.9896518,225.9139234,329.2616511,50.65558739,22.03329186,47.03260378,209.1027114,91.43310098,64.14147704,1,0,1,1,0,0,1,1,0,1,1,1,0,1,1,1,1,0,1,0,0,0,0,ENSMUSG00000009376,ENSG00000105976
G0s2,6.815050886,NA,0.703381748,0.760701588,-1.520844036,-1.210697011,0.147951491,0,0,16.69476482,0,3511.541349,3.073347581,0,129.3205351,106.9331438,138.3645886,169.2963103,165.4246502,188.8422909,216.434902,215.9056637,299.8670376,346.255679,165.0581476,303.2638352,175.9755105,376.163225,395.872118,322.0140818,41.81497972,55.58674482,116.4671429,17.04220464,25.00233144,31.45185921,45.12952331,59.32040116,125.8439939,38.96914167,8.312100089,50.63800819,1,1,1,1,0,1,1,1,0,1,1,0,1,1,0,0,0,0,0,0,0,0,0,ENSMUSG00000009633,ENSG00000123689
Ifrd2,-0.141305408,0.956958571,0.497983624,0.922397238,1.044560382,0.454077079,0.569794906,841.9200653,632.8876495,997.512198,1195.173401,783.4999773,473.2955275,630.130429,552.2336363,851.7778006,153.8243191,229.5099464,198.0742522,249.9651579,264.6622442,321.6994389,304.8648216,280.6086916,186.1936421,178.0793451,156.0735182,381.9861851,301.2070463,305.2619041,44.37508052,42.08710679,39.99881677,78.65632909,106.2599086,75.68103622,47.89255535,44.91401802,43.21914942,67.48314777,72.43401506,47.26214098,1,1,1,1,0,1,1,1,0,1,1,1,0,1,1,0,0,0,1,1,0,0,0,ENSMUSG00000010048,ENSG00000214706
Hyal1,-2.738061999,0.090050251,-2.22025691,-0.648974448,-1.184852503,-0.352025796,0.618088576,2731.412689,877.42307,561.7788362,197.6978558,51.75971353,684.3320614,139.1272336,67.5728922,106.9331438,184.7437803,205.9480888,214.0362798,193.4036988,47.05106564,46.4197177,41.23171767,36.04148332,190.2194506,178.0793451,172.8330907,94.33195425,108.0520515,141.4628336,87.04342717,112.7616823,97.64417035,38.01722573,36.61055675,56.02362422,93.94308935,120.3356709,105.5055706,87.44295204,108.0573012,56.54577581,1,1,1,0,1,1,1,0,1,1,1,0,1,1,1,0,0,0,1,1,0,0,0,ENSMUSG00000010051,ENSG00000114378
Ifi35,-2.183848579,0.040240513,2.482153856,0.508378013,0.991883335,0.956662507,1.7952E-05,2778.722417,2223.773259,5680.39373,585.6050122,547.0291292,1873.717575,549.5525729,531.2627387,612.1000645,1317.169044,1553.33728,1243.587063,1704.142026,8704.447144,7354.826435,7464.190344,8974.329346,752.8261855,832.2123851,856.8331404,1191.377644,1316.705088,966.0422453,215.0484671,204.8768595,205.8762628,397.2144619,453.6137275,393.1482401,232.0946913,218.63805,222.4515043,446.7194289,486.8515766,374.7212606,1,1,1,1,0,1,1,1,0,1,1,1,0,1,1,1,1,0,1,1,1,0,1,ENSMUSG00000010358,ENSG00000068079
Cars1,0.269925199,0.947385261,1.791001004,0.691525563,0.945221134,0.473190318,0.069553139,615.9919744,311.5250088,304.679458,512.2171718,1014.896344,610.0594949,461.4386583,279.6119677,88.49639487,397.3150755,371.7537534,367.8521826,409.6144376,1312.724731,1148.618131,1273.185464,1618.005162,466.9937835,481.3431804,536.3063177,915.3693338,868.2412637,615.1771909,343.906874,304.9330002,408.2232182,637.1162657,749.1770027,643.7802432,371.167304,325.4147721,441.0895543,502.7969742,504.6632197,567.1456917,1,1,1,1,0,1,1,1,0,1,1,1,0,1,1,0,0,0,1,1,0,0,0,ENSMUSG00000010755,ENSG00000110619
Mcoln2,5.526013629,NA,3.905630925,2.062927462,1.357742131,1.157481319,0.121625041,0,0,0,0,36.53626837,0,0,0,0,37.10335336,53.23234498,46.43498952,17.33335037,551.6737447,522.4917062,609.7296431,637.1619372,6.038712718,13.22371375,7.332312937,36.10235286,39.20472667,37.22706147,17.92070559,22.23469793,14.11722945,47.19379746,41.07525879,52.09214182,19.34122428,23.72816046,15.25381744,51.32521098,46.31027192,33.75867213,1,1,1,1,0,0,1,1,0,1,1,1,0,1,1,0,0,0,0,0,0,0,0,ENSMUSG00000011008,ENSG00000153898
Odc1,0.075183941,0.986560585,1.384941101,2.056360454,1.851311032,0.582711365,0.039537645,191.1699231,514.3676086,1141.087175,608.0706776,886.004508,719.163334,836.5024923,366.9907076,471.9807726,803.1330029,1041.957703,807.5334897,898.5973743,1836.167837,1650.598799,2270.243364,3517.906211,662.2454948,981.19956,2155.700004,6393.610232,6322.479335,3085.19272,276.4908863,380.3721538,245.8750795,1114.297996,1301.907116,848.2173281,298.4074603,405.9210308,265.6706538,536.0633147,491.6013481,429.5791028,1,1,1,1,0,1,1,1,0,1,1,1,0,1,1,1,1,0,1,1,0,0,0,ENSMUSG00000011179,ENSG00000115758
Evi5,0.000652388,0.999224311,-0.916588647,-0.355210188,-0.485102079,-0.148029697,0.599474829,251.9967168,322.299558,313.8615786,319.0124491,203.9941651,402.0963085,395.9329191,325.0489125,125.3698927,1515.053595,1615.296239,1430.778115,1634.808624,743.4068372,838.7935035,922.0911406,777.466283,1447.278148,1211.292179,1207.736688,1035.322313,989.6802951,997.6852475,2520.84592,2785.690012,2419.928414,1717.329852,2026.974727,1775.064304,2720.665548,2972.799532,2614.75854,2348.603636,2731.118601,2422.184725,1,1,1,0,1,1,1,0,1,1,1,0,1,1,1,0,0,0,1,1,0,0,0,ENSMUSG00000011831,ENSG00000067208
Mlkl,1.102843527,0.587526609,4.09575749,1.820724703,2.356334964,1.464577085,7.59822E-13,569.6477506,77.29567888,96.82963595,715.9058717,337.9604824,470.2221799,404.0486744,565.0491848,700.5964594,174.6949554,207.6934115,149.4626225,144.1404925,2978.332455,2394.393811,2557.615941,3624.743465,111.7161853,101.3818054,103.6998544,397.1258815,453.2448888,268.9655192,161.2863503,169.1425235,159.9952671,1022.532278,719.7099693,773.5191624,174.0710185,180.5035064,172.8765977,498.0446399,434.6040904,522.4154511,1,1,1,1,0,1,1,1,0,1,1,1,0,1,1,1,1,0,1,1,0,0,0,ENSMUSG00000012519,ENSG00000168404
Zfp715,#N/A,#N/A,-0.578615379,-0.443175227,-0.656201994,-0.2136649,0.651557725,#N/A,#N/A,#N/A,#N/A,#N/A,#N/A,#N/A,#N/A,#N/A,585.1508019,685.9118549,647.9132132,853.895576,491.683636,413.459346,517.2706398,433.7849957,656.2067821,553.6328155,586.585035,425.0760901,443.6827603,451.3781204,567.4890104,602.7191331,550.5719485,370.9956856,424.146694,296.8269213,612.4721021,643.2026354,594.8988802,500.8960405,714.8406076,384.0048954,1,1,1,0,1,1,1,0,1,1,1,0,1,1,1,0,0,0,0,0,0,0,0,ENSMUSG00000012640,#N/A
Zbtb47,-0.071297159,0.989401901,-0.48251174,-0.519715348,-1.34399373,-0.572501508,0.009063256,46.34422378,47.78278331,48.41481798,32.94964263,33.49157934,79.39481251,87.53421783,33.7864461,0,963.9142008,817.6837253,796.650289,656.8427508,637.5419395,554.8775558,595.9857372,527.7502915,928.9553065,948.5810661,844.263461,659.1590877,597.6330284,643.097487,1015.50665,954.5038182,1044.674979,268.7424577,488.4384035,426.5658405,1096.002709,1018.616031,1128.782491,572.1810557,796.7741657,811.8960646,1,1,1,0,1,1,1,0,1,1,1,0,1,1,1,1,0,1,1,0,0,0,0,ENSMUSG00000013419,ENSG00000114853
Cad,0.917127028,0.789554881,-0.384952482,0.727831823,0.690021301,0.127829242,0.780047089,214.342035,217.3648182,5.008429446,226.1543653,166.4430004,169.034117,254.4868982,375.1460567,460.9187233,561.9612061,704.2377442,660.973054,611.2286709,550.497468,495.5034982,436.0566505,460.8161081,597.8325591,637.3830026,555.1608367,1074.918442,925.6140345,967.9035983,337.9333055,304.9330002,316.4612268,579.4349577,417.8961112,552.3732774,364.7202292,325.4147721,341.939741,398.2456185,368.1072896,361.2177917,1,1,1,0,1,1,1,1,0,1,1,1,0,1,1,0,0,0,0,1,0,0,0,ENSMUSG00000013629,ENSG00000084774
Mcemp1,7.949568798,NA,4.471429629,3.739435552,3.822763933,3.847201378,2.55812E-05,0,0,0,1.497711029,183.6962382,0,0,11.65049866,0,1.545973057,10.47193672,5.804373691,0.912281598,72.92915175,124.1457566,101.2051252,117.1348208,5.032260599,12.34213283,6.28483966,147.9031875,77.45324049,96.79035983,3.413467732,3.176385418,2.352871575,36.70628691,27.68115266,63.88658902,3.684042719,3.389737209,2.542302907,60.82987968,11.8744287,66.67337745,1,0,1,1,0,0,1,1,0,0,1,1,0,0,1,1,1,0,0,0,0,0,0,ENSMUSG00000013974,ENSG00000183019
Mertk,0.417365786,0.939392456,0.650172165,-0.428623769,-0.953119994,-0.372941705,0.077122629,665.2327121,256.7153456,153.5918363,124.3100154,1792.306943,350.3616242,125.2145103,161.9419313,317.1120816,1600.8551,1638.858096,2128.754051,2169.405641,3015.973308,2756.035797,3051.147107,3006.889465,2512.104491,2203.952291,2986.346312,1963.502159,1749.869507,2008.399967,2580.581605,2921.480488,2134.054518,1034.330728,1417.096428,1491.014701,2785.136296,3117.710798,2305.868736,2194.628003,1990.15425,2156.335182,1,1,1,1,0,1,1,0,1,1,1,0,1,1,1,0,0,0,1,1,0,0,0,ENSMUSG00000014361,ENSG00000153208
Srp19,0.142924052,0.959807152,0.553810735,0.49865211,0.681793843,0.177755717,0.71840814,251.9967168,112.4300784,426.5512411,266.5925631,281.1262872,297.0902662,285.7905258,305.2430648,309.737382,520.9929201,558.5032915,550.6899539,686.0357619,853.9768414,734.0792566,879.6099769,931.929783,405.6002042,437.2641345,481.8377073,637.0318392,684.6483974,550.0298333,291.8514911,264.4340861,225.8756712,500.7786286,456.2925487,300.7584037,314.9856525,282.1956227,244.0610791,333.6138714,352.6705323,268.3814434,1,1,1,1,0,1,1,1,0,1,1,1,0,1,1,0,0,0,1,1,0,0,0,ENSMUSG00000014504,ENSG00000153037
Camta1,-1.062437193,0.52840362,0.840448355,-0.673107975,-2.165240348,-1.154592703,0.076135706,1086.192745,1342.602519,3786.372661,627.540921,473.9565925,1451.644507,1359.389012,774.7581606,1264.760977,711.9205926,382.2256902,757.4707666,551.930367,1213.917494,988.8479398,959.5745203,1144.317095,694.4519626,533.3564544,567.730516,395.9612894,376.7478611,353.657084,1406.348706,928.2986385,1978.764994,355.2644197,239.3080295,367.5936045,1517.8256,990.6506994,2138.076745,576.9333901,504.6632197,1004.320496,1,1,1,1,0,1,1,0,1,1,1,0,1,1,1,0,0,0,1,1,0,0,0,ENSMUSG00000014592,ENSG00000171735
Tppp3,1.89252258,0.503210191,-0.55088997,-0.673010919,-1.029230006,-0.796121051,0.010625179,34.75816783,70.26879899,88.48225354,44.93133086,452.6437693,25.61122984,71.88240405,32.62139623,814.9043027,613.7513035,580.3198264,514.4126183,605.7549813,457.5716134,409.1412327,357.3415531,353.978854,551.5357616,439.9088773,648.3859583,448.3679307,303.119472,278.2722845,202.2479631,212.0237267,188.229726,70.79069619,109.8316702,113.030119,218.2795311,226.2649587,203.3842325,129.2634943,142.4931444,102.96395,1,1,1,0,1,1,1,0,1,1,1,0,1,1,1,1,0,1,1,1,0,0,0,ENSMUSG00000014846,ENSG00000159713
E2f4,0.371337373,0.932530736,0.379104299,0.417611221,0.787940887,0.296936357,0.495832866,341.7886504,893.8191231,205.3456073,1283.538351,578.4909159,769.8735691,476.5107752,514.9520406,103.245794,567.3721118,623.0802346,665.3263343,655.9304692,798.6918393,876.5769947,800.8948796,789.0510455,585.7551337,635.6198407,652.5758514,857.1397324,883.5406693,763.1547602,201.3945962,272.3750496,323.5198415,485.0473628,445.5772638,443.2746407,217.3585204,290.6699657,349.5666497,308.9017328,339.6086608,401.7281983,1,1,1,1,0,1,1,1,0,1,1,1,0,1,1,0,0,0,1,1,0,0,0,ENSMUSG00000014859,ENSG00000205250
Ptgds,-1.152601284,0.785076096,1.16905438,-0.728064332,-2.020552111,-1.126732686,1.1229E-09,18.34458858,35.60285815,9.182120651,2.995422057,20.29792687,11.26894113,2.318787227,0,22.12409872,26297.77468,34667.3465,32582.85171,24394.40994,66133.80159,55944.39605,73927.22033,69207.37115,27008.14263,43343.80734,34984.55997,21950.23054,13277.97157,28365.15949,4399.10654,6248.744214,4881.032082,980.582236,1268.86832,1575.541572,4747.810055,6668.460525,5274.00738,3086.165927,2275.140539,2282.086236,1,1,1,1,0,1,1,0,1,1,1,0,1,1,1,1,0,1,0,0,0,0,0,ENSMUSG00000015090,ENSG00000107317
Actn1,0.634229583,0.863421152,0.907787532,0.566806709,-0.54837608,-0.306534807,0.223397191,4933.728823,1461.12256,221.2056339,5331.851262,3247.6683,2436.652407,1982.563079,2967.382008,4572.313735,2792.800327,3165.142873,3468.11328,2608.21309,4887.429444,5197.928854,6379.671225,6116.754598,2329.936657,2655.32172,2494.033872,3641.679271,3667.076263,3771.101327,2375.773541,3330.440111,2691.685081,1503.646825,2333.253287,1902.837482,2564.093733,3554.139464,2908.394525,2719.285715,2296.51451,2283.774169,1,1,1,1,0,1,1,1,0,1,1,0,1,1,1,0,0,0,1,1,0,0,0,ENSMUSG00000015143,ENSG00000072110
Nolc1,0.685214483,0.873476981,0.789918635,0.579164031,0.831087449,0.003470829,0.996298423,796.5413462,565.4296025,9.182120651,804.2708223,891.0789897,695.6010025,342.021116,740.9717145,936.5868457,708.8286465,750.488798,798.1013825,810.1060593,1402.121756,1222.026057,1231.953746,1448.095312,778.9939407,778.4359492,916.5391171,1359.078896,1206.740611,1130.771992,283.3178218,310.4916746,435.2812413,732.8147994,609.878299,485.5380765,305.7755457,331.3468122,470.3260378,362.1278775,364.544961,379.7850614,1,1,1,1,0,1,1,1,0,1,1,1,0,1,1,0,0,0,0,1,0,0,0,ENSMUSG00000015176,ENSG00000166197
Cybb,7.949355536,NA,2.57685457,0.952552272,2.447262633,2.330014698,1.35576E-06,9.65504662,1.40537598,0,0,5193.22459,27.14790363,14.49242017,189.9031281,0,177.7869015,343.8285889,224.9194805,197.9651068,904.556737,1455.204173,1489.33962,1784.053424,172.1033125,298.8559307,204.257289,468.1659952,320.3313032,520.2481841,277.3442532,415.3123934,291.7560753,1558.706255,1534.964562,2282.225534,299.328471,443.2081401,315.2455604,2307.73356,945.2045244,2066.874701,1,1,1,1,0,1,1,1,0,1,1,1,0,1,1,1,1,0,0,0,0,0,0,ENSMUSG00000015340,ENSG00000165168
Cd83,3.258153941,NA,-1.388379085,-1.054935137,0.708532849,1.082195547,3.55548E-05,141.9291853,51.06199393,170.2866012,58.41073011,6529.843075,154.6918282,35.94120202,170.0972804,0,1163.344725,1337.789916,449.1134143,717.0533363,214.0823487,254.7686832,452.2994484,480.1240456,355.2775983,309.4349017,482.8851806,187.4993165,156.8189067,207.5408677,187.7407253,187.4067397,137.6429871,207.1283333,290.2056328,341.0560983,202.6223496,199.9944953,148.72472,477.1343687,325.3593463,367.9695262,1,1,1,0,1,1,1,0,1,1,1,1,0,1,1,1,1,0,1,0,0,0,0,ENSMUSG00000015396,ENSG00000112149
Itga2,1.514139782,0.416301837,2.573276544,2.756979413,2.71860574,1.190397278,0.040896275,351.443697,534.5113309,126.8802126,1434.807165,378.5563362,707.3821683,1351.852954,1724.273801,188.0548391,13.91375751,1.745322786,3.627733557,6.385971188,29.40691603,44.26066106,31.23614975,48.91344165,3.019356359,6.171066415,2.094946553,19.79806447,39.20472667,18.61353074,26.45437492,38.11662502,29.41089468,205.8173945,166.9798564,248.6662619,28.55133108,40.67684651,31.77878634,105.5018226,46.31027192,78.48891269,1,0,1,1,0,0,1,1,0,1,1,1,0,1,1,1,1,0,1,1,0,0,0,ENSMUSG00000015533,ENSG00000164171
Steap2,-0.390538516,NA,1.069630466,-1.067119402,-0.525384181,0.14524892,0.674902991,0.965504662,0,0,0,0,0,0,0,0,99.71526215,61.08629751,93.59552576,62.03514869,171.7363896,218.0647204,127.443491,148.0275208,107.6903768,332.3560055,271.2955787,96.6611383,96.5774974,146.1162163,617.8376595,651.1590107,674.0977061,485.0473628,483.9737014,381.3537929,666.8117322,694.8961279,728.3697828,804.094972,702.9661789,801.768463,1,1,1,1,0,1,1,0,1,1,1,0,1,1,1,0,0,0,0,0,0,0,0,ENSMUSG00000015653,ENSG00000157214
Arnt2,-2.159102589,0.494160585,0.791494626,-0.728163134,-1.98818771,-1.123796482,4.1677E-06,996.4008112,2080.893367,200.3371778,98.84892789,344.0498605,786.7769808,175.0684357,60.58259301,0,555.7773138,277.506323,494.8228571,329.333657,796.339286,700.6138788,782.1531897,592.1100831,442.8389327,528.0669689,427.3690969,272.5145345,256.2650426,315.499346,632.3448974,528.0740758,830.5636658,149.4470253,154.4786907,196.5741201,682.4689138,563.543811,897.4329261,307.000799,273.1118601,400.0402647,1,1,1,1,0,1,1,0,1,1,1,0,1,1,1,1,0,1,1,0,0,0,0,ENSMUSG00000015709,ENSG00000172379
Fcgr1,#N/A,#N/A,3.064678252,1.5702533,2.799437907,2.358557771,1.98238E-09,#N/A,#N/A,#N/A,#N/A,#N/A,#N/A,#N/A,#N/A,#N/A,81.936572,154.4610666,81.98677838,121.3334526,881.0312042,661.7508593,1125.750837,1001.438358,46.29679751,118.1318428,115.2220604,286.4896388,266.7833839,278.2722845,20.48080639,37.32252866,28.2344589,187.464251,212.5198172,200.5056025,22.10425632,39.82941221,30.50763488,205.3008439,113.9945155,155.2898918,1,1,1,1,0,1,1,1,0,1,1,1,0,1,1,1,1,0,0,0,0,0,0,ENSMUSG00000015947,#N/A
Ncf1,6.13117739,NA,2.347449202,0.863802202,2.41093438,2.420167552,6.75362E-17,3.862018648,0.93691732,0,4.493133086,628.2208367,1.024449194,5.796968068,15.14564825,3.687349786,64.15788185,115.1913039,127.6962212,108.5615102,495.2124659,548.4003858,469.7916922,601.1204539,76.4903611,138.4082039,166.548251,235.2475896,212.2792517,246.6292823,93.0169957,128.6436094,67.05683988,422.1222995,561.6595169,562.2019834,100.3901641,137.284357,72.45563284,550.3203177,379.9817183,739.3149195,1,1,1,1,0,1,1,1,0,1,1,1,0,1,1,1,1,0,0,0,0,0,0,ENSMUSG00000015950,ENSG00000158517
Hsd11b1,4.748807042,NA,0.775581933,0.945693337,-1.17333552,-0.474127659,0.428700311,0,0,0,2.995422057,18.26813419,0,0,0,0,190.9276725,163.1876805,137.1283284,198.8773884,331.7100128,222.3828336,336.1009713,290.9062582,115.7419938,203.6451917,163.4058312,314.4398475,226.6224444,389.9534689,99.84393116,100.0561407,97.64417035,40.63910337,29.46703348,61.92084782,107.7582495,106.7767221,105.5055706,103.6008888,60.55958636,65.82941064,1,1,1,1,0,1,1,1,0,1,1,0,1,1,1,0,0,0,0,0,0,0,0,ENSMUSG00000016194,ENSG00000117594
H2-M3,#N/A,#N/A,1.935872365,0.354455877,1.142137006,1.110820095,0.000278641,#N/A,#N/A,#N/A,#N/A,#N/A,#N/A,#N/A,#N/A,#N/A,553.4583543,616.0989435,380.9120234,462.5267703,1998.494013,1578.270402,1765.467184,2358.142766,350.2453377,344.6981383,337.2863951,412.2655778,448.4638245,457.8928561,84.48332637,95.29156255,114.1142714,217.6158438,202.6974727,226.0602381,91.18005731,101.6921163,123.301691,247.1213862,179.3038733,252.3460741,1,1,1,1,0,1,1,1,0,1,1,1,0,1,1,1,1,0,0,0,0,0,0,ENSMUSG00000016206,#N/A
Lonrf3,-1.404819902,0.635629449,1.215385231,-1.228423426,-1.626565607,-0.299472738,0.508863872,53.10275641,184.1042533,131.8886421,20.9679544,94.38535996,16.9034117,90.43270187,53.59229381,0,28.60050155,38.39710129,39.17952241,31.92985594,96.45468457,50.73783097,63.72174549,110.6988416,94.60649925,65.23698781,81.70291558,36.10235286,31.5550239,35.3657084,196.2743946,196.9358959,175.2889323,34.08440927,70.54229227,77.64677742,211.8324564,210.163707,189.4015666,145.4214311,165.0545589,186.5166635,1,1,1,1,0,1,1,0,1,1,1,0,1,1,1,0,0,0,1,0,0,0,0,ENSMUSG00000016239,ENSG00000175556
Lnx2,-0.49246522,0.822862658,-2.056327053,-0.645182218,-0.5640994,-0.107564263,0.856933476,216.2730443,299.8135423,207.0150838,193.2047227,75.10232943,191.5719992,154.7790474,276.1168181,136.4319421,1603.947046,1884.948609,1819.671152,2578.107797,509.3277856,535.446046,457.2972323,392.594729,1575.097567,1243.910673,1493.696893,866.4564687,873.022328,1016.298778,1000.146045,1187.17405,934.0900151,551.9052425,894.7262893,662.4547846,1079.424517,1266.914282,1009.294254,1024.603286,1369.121629,725.8114507,1,1,1,0,1,1,1,0,1,1,1,0,1,1,1,0,0,0,1,1,0,0,0,ENSMUSG00000016520,ENSG00000139517
Scube1,-1.688863962,0.7625064,-0.726883641,-0.74317088,-1.765489193,-0.271706147,0.629054414,53.10275641,57.62041517,12.52107361,35.94506469,0,33.80682339,5.796968068,0,0,146.8674404,137.0078387,102.3020863,153.2633085,79.9868116,73.40792566,86.21177331,86.2421208,175.1226688,251.2505612,209.4946553,135.0926752,87.01536894,158.2150113,195.4210277,165.1720417,231.7578501,36.70628691,57.14818614,78.62964802,210.9114457,176.2663349,250.4168363,143.5204974,156.7424588,225.3391364,1,1,1,0,1,1,1,0,1,1,1,0,1,1,1,0,0,0,1,0,0,0,0,ENSMUSG00000016763,ENSG00000159307
Srsf6,-0.316169581,0.954082927,0.515829184,0.475871496,0.822878159,0.268816911,0.252834266,4247.255008,826.8295347,1032.571204,3354.872704,2941.169604,1050.572648,1108.380295,1330.486946,22.12409872,1271.562839,1533.266068,1216.016288,1399.439972,1922.036032,1553.44125,2480.15029,1794.350991,1282.220001,1228.923797,1221.353841,1623.441287,1910.513265,1655.673559,855.9270338,908.4462296,930.5607078,1601.967236,1567.110417,1597.164725,923.7737119,969.4648418,1005.4808,1165.272383,1249.189899,1078.589574,1,1,1,1,0,1,1,1,0,1,1,1,0,1,1,0,0,0,1,1,0,0,0,ENSMUSG00000016921,ENSG00000124193
Psmd11,0.136529404,0.95077689,0.783293616,0.809164108,0.543684158,0.159763925,0.657461248,1931.974829,1522.022186,1112.706075,2246.566543,1814.634662,1511.574785,1482.284735,1604.273665,1379.06882,1035.028961,1164.130298,1179.013406,1303.650404,1957.324331,1765.028801,1949.135744,2386.461074,985.3166252,969.7390081,1038.046017,1858.688876,1972.6671,1413.697659,606.7438894,737.7155134,611.7466094,946.4978268,965.2685816,941.5900351,654.8385934,787.2664668,660.9987558,804.094972,843.0844376,705.5562474,1,1,1,1,0,1,1,1,0,1,1,1,0,1,1,0,0,0,1,1,0,0,0,ENSMUSG00000017428,ENSG00000108671
Abr,-0.584139801,0.89245738,-0.430722544,-0.524471889,-1.034125506,-0.382890414,0.019989976,1203.984314,864.7746862,108.5159713,685.9516511,518.6120316,728.3833767,288.109313,625.6317778,55.31024679,3663.183158,3512.462107,4749.428772,3996.705682,2999.505435,3102.564388,2927.451954,2782.917391,4178.789201,3283.007333,4352.251465,2569.090013,2726.162823,2915.80959,2628.370154,2784.101819,2595.217347,976.6494196,1492.996363,1436.956818,2836.712894,2971.104664,2804.160106,2196.528937,2104.148765,2303.185406,1,1,1,0,1,1,1,0,1,1,1,0,1,1,1,1,0,1,1,1,0,0,0,ENSMUSG00000017631,ENSG00000159842
Pgs1,-0.335669418,0.902068562,1.629493185,1.020761331,1.392577168,0.439663933,0.285104931,1059.158614,671.7697183,370.623779,763.8326246,483.0906596,518.8835166,405.7877648,799.2242078,357.6729293,511.7170817,579.447165,610.1847842,504.4917239,1772.648898,1549.123137,1639.273139,1867.721153,587.7680379,613.5803178,635.816279,1313.659807,1446.750035,967.9035983,141.6589109,113.5557787,131.7608082,352.6425421,349.1396997,313.5357215,152.8877729,121.1831052,142.3689628,203.3999102,165.0545589,194.9563315,1,1,1,1,0,1,1,1,0,1,1,1,0,1,1,0,0,0,1,1,0,0,0,ENSMUSG00000017715,ENSG00000087157
Pltp,1.14539162,0.719022754,-2.074031924,-0.713203175,-1.807149878,-0.44973959,0.072516379,884.4022704,1043.257436,426.5512411,458.2995747,6263.940233,603.4005751,771.5764499,386.7965554,1932.171288,54922.23881,73454.52744,35641.0311,66968.76757,10591.19488,17751.76367,15835.47848,10678.57663,14623.7493,11977.15833,16248.40547,6430.877177,9118.445695,10584.58425,10070.58318,12631.69071,8145.641391,1997.870759,3474.431129,3339.7943,10868.84703,13480.13745,8801.452663,8010.53478,9601.663045,6665.649811,1,1,1,0,1,1,1,0,1,1,1,0,1,1,1,0,0,0,1,1,0,0,0,ENSMUSG00000017754,ENSG00000100979
Vmp1,0.718702495,0.778159401,1.363179442,0.902624166,0.907551347,0.253937127,0.34759462,1242.6045,1095.724806,3076.845156,2682.400452,2957.407945,927.6387449,1972.128537,3422.916505,5866.57351,980.1469179,1196.41877,951.1917385,1102.948452,2940.691603,2401.950509,2531.377576,3006.889465,717.6003614,807.5281194,866.2603999,1496.500756,1839.753515,1134.494698,568.3423774,649.570818,645.8632472,1400.082658,1166.180174,931.7613291,613.3931128,693.2012593,697.8621479,847.816448,783.7122941,757.8821892,1,1,1,1,0,1,1,1,0,1,1,1,0,1,1,0,0,0,1,1,0,0,0,ENSMUSG00000018171,ENSG00000062716
Ro60,-0.494667145,0.882340827,-0.626149875,-0.486797798,-0.619307908,-0.256559583,0.233292971,4379.529147,3525.151416,1373.144406,3288.973419,3034.540068,1840.935201,1842.856149,2727.381735,431.419925,1145.566035,1268.849665,1403.932886,1460.562839,738.7017306,802.0895407,940.8328304,939.652958,1260.078054,991.778531,1016.049078,748.8326738,802.2625774,779.9069379,2548.153662,2985.802293,2444.633566,1642.606339,1701.944419,1849.76247,2750.13789,3186.352977,2641.45272,2406.582115,2405.759254,2370.70275,1,1,1,0,1,1,1,0,1,1,1,0,1,1,1,0,0,0,1,1,0,0,0,ENSMUSG00000018199,ENSG00000116747
Pfn1,1.591724152,0.166118721,0.400107728,1.03736724,0.949470825,0.270478653,0.568315114,2183.971545,4134.616132,3172.005316,9821.988925,5794.043226,5477.217614,10570.19158,6000.006808,19557.70327,3146.05517,3926.976269,3768.489619,4162.740933,5200.31903,4524.303183,4750.393654,5323.841965,2213.188211,2393.492188,2489.843979,4964.655814,5075.577784,4525.879999,313.1856644,420.0769716,279.9917174,609.5865505,670.5982468,680.1464554,338.0109195,448.2927459,302.5340459,520.8558448,477.3520337,319.0194516,1,1,1,1,0,1,1,1,0,1,1,1,0,1,1,0,0,0,1,1,0,0,0,ENSMUSG00000018293,ENSG00000108518
Srsf1,-0.107939156,0.976797514,0.547322188,0.571546311,0.641015819,0.218278027,0.345262672,502.0624242,304.4981289,706.1885519,705.4218945,582.5505013,428.219763,502.5971315,447.3791484,136.4319421,2135.761778,2234.013166,2700.48486,3309.757639,3418.259919,3106.882501,4278.10307,4366.168265,1604.284679,1403.476819,1510.456465,2222.041589,2352.2836,2138.694682,1866.313482,2003.505103,1711.714071,3249.81733,2668.105941,2791.352505,2014.250357,2138.076745,1849.525365,2209.835473,2364.198754,2411.213157,1,1,1,1,0,1,1,1,0,1,1,1,0,1,1,0,0,0,1,1,0,0,0,ENSMUSG00000018379,ENSG00000136450
Shroom1,-0.890949031,0.869018402,-1.906946758,-0.580654884,-0.796979645,0.070133124,0.914994343,545.510134,955.6556662,357.2679671,298.0444947,76.11722577,971.1778356,475.9310784,180.5827292,0,756.7538112,746.9981524,1016.490943,1128.492337,272.8961807,355.1648168,136.1896129,207.2385291,1108.103784,930.9494477,1064.232849,667.3112319,692.2981002,713.8289038,372.9213497,421.6651643,289.4032037,191.3970675,253.595076,178.8824493,402.4816671,449.9876145,312.7032575,316.5054677,477.3520337,432.95497,1,1,1,0,1,1,1,0,1,1,1,0,1,1,1,0,0,0,1,0,0,0,0,ENSMUSG00000018387,ENSG00000164403
6330403K07Rik,#N/A,#N/A,2.396563262,-0.882378981,-1.304990699,-0.964218984,0.018588349,#N/A,#N/A,#N/A,#N/A,#N/A,#N/A,#N/A,#N/A,#N/A,305.3296787,151.8430824,395.4229577,363.0880761,2062.012952,1163.731527,1729.23325,1449.382508,167.0710519,211.5794199,196.924976,136.2572672,100.4023488,77.24615256,124.5915722,102.4384297,109.4085282,53.74849155,21.4305698,61.92084782,134.4675593,109.319025,118.2170852,69.38408151,48.68515766,66.67337745,1,1,1,1,0,1,1,0,1,1,1,0,1,1,1,1,0,1,0,0,0,0,0,ENSMUSG00000018451,#N/A
Chd3,0.681425561,0.836608709,-0.637892897,-0.535967924,-1.053042938,-0.489539843,0.030856071,311.8580058,340.5694457,18.3642413,411.8705329,255.7538786,289.4068972,317.6738502,392.6218047,486.7301718,2675.306374,1641.47608,2675.816271,1981.475632,1700.896023,1480.033325,1298.174384,1288.483029,3108.930598,3293.586304,3424.190142,2240.675061,2164.865882,2371.363816,4117.495452,3821.985755,5233.962818,1561.328133,2681.500047,2101.377343,4443.87653,4078.701297,5655.352816,2769.660459,3393.711722,3931.197369,1,1,1,0,1,1,1,0,1,1,1,0,1,1,1,1,0,1,1,1,0,0,0,ENSMUSG00000018474,ENSG00000170004
Ikzf1,22.12913758,NA,1.477368805,1.302712461,2.583382123,2.351512607,1.74769E-13,0,0,0,0,338.9753788,0,1.739090421,8.155349059,0,65.70385491,98.61073741,70.378031,78.45621746,194.0856458,214.8261354,252.38809,208.5257249,47.30324963,93.44757714,83.79786214,215.4495251,161.5999709,178.6898951,70.82945544,64.32180472,52.93961043,272.6752742,306.2785601,551.3904068,76.44388643,68.64217848,57.2018154,426.7596246,200.677845,406.7919991,1,1,1,1,0,1,1,1,0,1,1,1,0,1,1,1,1,0,0,0,0,0,0,ENSMUSG00000018654,ENSG00000185811
Aatf,0.116822135,0.978295443,0.53336405,0.824403803,1.726264076,0.696363764,0.094170282,679.7152821,344.7855737,98.49911243,501.7331946,682.0103429,376.4850787,211.5893345,360.0004085,302.3626825,268.9993118,304.5588262,286.590951,232.6318076,423.4595908,400.5050062,388.5777029,369.425204,223.4323706,260.0663703,203.2098157,455.3554829,407.3466722,356.4491136,80.2164917,130.2318021,116.4671429,360.508175,392.0008393,328.2787805,86.57500391,138.9792256,125.8439939,154.9260998,170.9917733,242.2184725,1,1,1,1,0,1,1,1,0,1,1,1,0,1,1,0,0,0,1,1,0,0,0,ENSMUSG00000018697,ENSG00000275700
Zbtb4,-0.725652112,0.860668606,-0.671870979,-0.512285387,-1.001448402,-0.355697828,0.05873328,587.9923392,593.0686634,119.3675685,166.2459242,182.6813419,776.0202642,263.1823503,154.9516321,25.8114485,3054.069773,3134.599724,3559.532166,3483.091142,2092.596145,2083.489655,2007.859706,2121.298732,3917.11165,3685.889812,3501.703164,2530.658476,2358.97709,2895.334706,1989.198321,2263.968707,2054.056885,740.6804323,1395.665858,1010.390977,2146.875895,2416.035196,2219.430438,1627.199281,1790.663848,1882.889938,1,1,1,0,1,1,1,0,1,1,1,0,1,1,1,0,0,0,1,1,0,0,0,ENSMUSG00000018750,ENSG00000174282
Cd68,NA,NA,0.642833182,0.83769971,0.960558563,0.609999934,0.273399311,0,0,0,0,0,0,0,0,0,253.5395813,444.1846491,381.6375702,405.9653113,624.6028964,432.8908558,638.4669009,623.0027831,234.5033439,378.1982131,406.4196314,538.0415168,502.9679567,779.9069379,59.73568531,76.23325004,63.52753251,135.0266983,109.8316702,144.4819782,64.47074759,81.35369302,68.64217848,114.0560244,74.8089008,137.5665889,1,1,1,1,0,1,1,1,0,1,1,1,0,1,1,0,0,0,0,0,0,0,0,ENSMUSG00000018774,ENSG00000129226
Lsp1,6.784463798,NA,1.463958615,1.676305099,3.77203568,3.662317501,1.1332E-42,12.55156061,0,0,0,2691.505103,9.73226734,1.159393614,43.10684502,0,84.25553158,93.37476906,68.92693758,93.96500463,188.2042626,278.5183062,261.1342119,208.5257249,89.57423865,146.3424321,181.2128769,524.0664125,341.3679858,468.130298,38.40151199,69.8804792,43.52812413,507.3333227,772.3934534,806.9367628,41.44548059,74.5742186,47.03260378,807.8968395,502.2883339,768.8537576,1,1,1,1,0,1,1,1,0,1,1,1,0,1,1,1,1,0,0,0,0,0,0,ENSMUSG00000018819,ENSG00000130592
Rars1,0.519907562,0.814314426,1.299826555,1.036745481,1.357604523,0.420636685,0.10026276,813.9204301,396.3160263,1205.36202,1536.651515,1041.283649,702.2599223,990.1221461,949.5156404,1710.930301,1014.931312,1185.946833,1115.165295,1307.29953,2524.289672,2455.926925,3099.875501,3301.657311,806.1681479,818.1070904,847.4058809,1877.322349,1753.694359,1441.617956,333.6664708,424.8415497,405.8703466,1283.409103,830.4345799,872.7890931,360.1151758,453.3773517,438.5472514,580.7352576,573.5349061,521.5714843,1,1,1,1,0,1,1,1,0,1,1,1,0,1,1,0,0,0,1,1,0,0,0,ENSMUSG00000018848,ENSG00000113643
Ccl6,#N/A,#N/A,2.982730629,2.399590147,4.013058425,3.146580474,4.89831E-18,#N/A,#N/A,#N/A,#N/A,#N/A,#N/A,#N/A,#N/A,#N/A,96.62331604,143.9891299,146.5604357,89.40359664,665.7725789,837.7139752,1371.891697,895.8882996,140.9032968,177.1977642,270.2481054,1138.971003,960.0376969,1002.33863,11.09377013,32.55795054,25.88158732,329.0456434,508.0830924,283.0667329,11.97313884,34.74480639,27.96533198,230.9634494,197.1155164,232.0908709,1,1,1,1,0,1,1,1,0,1,1,1,0,1,1,1,1,0,0,0,0,0,0,ENSMUSG00000018927,#N/A
Ccl9,#N/A,#N/A,4.425744094,2.133628987,2.352581636,1.571004328,3.29769E-06,#N/A,#N/A,#N/A,#N/A,#N/A,#N/A,#N/A,#N/A,#N/A,49.47113781,70.68557284,87.06560536,46.52636151,978.6621654,1137.822848,1697.9971,1655.333841,116.7484459,144.5792703,469.268028,1223.986221,917.0081189,1063.763282,39.25487892,64.32180472,58.82178937,230.725232,365.2126271,230.9745911,42.36649127,68.64217848,63.55757267,192.9447746,169.8043304,155.2898918,1,1,1,1,0,1,1,1,0,1,1,1,0,1,1,1,1,0,0,0,0,0,0,ENSMUSG00000019122,#N/A
Scrn1,0.01408357,0.998022658,-0.854421514,-0.718474652,-1.636349133,-0.844369483,0.003387748,766.6107016,442.2249749,191.1550572,143.7802587,1392.437783,528.1035594,441.7289668,319.2236632,0,698.0068351,397.0609338,462.1732551,302.8774906,336.4151194,290.3931177,208.6574803,193.0793749,357.2905025,340.2902337,374.9954331,189.8285005,225.6662315,234.5304873,621.2511272,487.5751617,930.5607078,225.4814767,233.950387,195.5912495,670.4957749,520.3246616,1005.4808,357.3755431,376.4193897,486.1248786,1,1,1,0,1,1,1,0,1,1,1,0,1,1,1,1,0,1,1,0,0,0,0,ENSMUSG00000019124,ENSG00000136193
Atp6v0a1,0.209874158,0.9657168,-0.633317332,-0.360850011,-0.916488601,-0.459988608,0.005455341,762.748683,483.449337,182.8076748,648.5088754,1087.96888,366.7528113,700.8534395,461.3597468,36.87349786,2325.916464,2271.537606,2310.866276,2335.440892,1520.925697,1754.233518,1350.651115,1330.960491,2226.272089,2047.030888,2283.491743,1654.885271,1669.547628,1779.453538,3237.674144,3185.120478,3542.248156,1388.284209,2151.093444,1735.74948,3494.314519,3399.058986,3827.437026,2370.464374,2633.748285,2787.622351,1,1,1,0,1,1,1,0,1,1,1,0,1,1,1,1,0,1,1,1,0,0,0,ENSMUSG00000019302,ENSG00000033627
Akt3,-0.401024192,0.921604265,1.413763093,-0.445717617,-0.607636632,-0.108636646,0.711730848,432.5460886,1522.959103,489.1566092,227.6520763,157.3089333,1033.669236,786.6485669,738.6416147,759.5940559,2396.258238,2642.418698,2093.202262,2568.984981,5917.847781,5263.780081,7464.190344,7199.286293,2071.278462,1643.266828,1778.609624,1283.380415,1320.52994,1427.657808,3915.247489,4504.908619,4312.813596,2691.357394,3051.177376,2612.470056,4225.596999,4807.494797,4660.041228,4081.30474,4446.973548,4172.571875,1,1,1,1,0,1,1,0,1,1,1,0,1,1,1,0,0,0,1,1,0,0,0,ENSMUSG00000019699,ENSG00000117020
Mrpl24,-0.403219359,0.902068562,0.387185939,0.382575813,0.842177736,0.755299423,0.016106773,296.4099312,736.4170134,1269.636865,359.4506469,354.1988239,535.2747037,484.6265305,541.7481875,1213.13808,544.1825159,666.7133043,527.4724591,629.4743028,786.9290729,726.5225584,824.6343534,756.8711497,440.8260284,455.7773338,425.2741504,579.9668298,576.5963458,567.7126875,110.9377013,132.6140912,102.3499135,242.5236814,192.8751282,187.7282847,119.7313884,141.5215285,110.5901764,225.2606482,207.8025022,196.6442651,1,1,1,1,0,1,1,1,0,1,1,1,0,1,1,1,1,0,1,1,0,0,0,ENSMUSG00000019710,ENSG00000143314
Aig1,-0.758652504,0.618915297,1.190737744,0.917194685,1.610328638,0.515211487,0.06828209,1050.469072,569.6457304,1907.376881,635.0294761,842.3639652,578.8137944,862.0091518,517.2821403,733.7826074,750.569919,915.4218013,788.6692752,858.456984,1853.811986,1894.572199,2020.354166,1790.489403,559.5873786,610.9355751,666.193004,1119.172939,1427.625778,921.3697715,335.3732047,412.136008,302.3439973,1515.445274,758.9993472,938.6414233,361.9571972,439.8184029,326.6859235,589.2894594,431.0417617,593.3086626,1,1,1,1,0,1,1,1,0,1,1,1,0,1,1,0,0,0,1,1,0,0,0,ENSMUSG00000019806,ENSG00000146416
Ltv1,0.459367299,0.933808567,1.364700203,1.364220708,0.683117743,0.180026017,0.746930494,163.1702879,106.3401158,50.9190327,193.2047227,223.2771956,168.5218924,102.6063348,191.0681779,0,332.3842072,449.4206174,390.3441307,473.4741495,992.7774851,903.5652027,1080.770781,1258.877524,243.561413,310.3164826,299.5773571,826.8603397,711.4223571,661.7110177,156.1661487,209.6414376,218.8170564,343.4659704,353.6044018,240.8032971,168.5449544,223.7226558,236.4341703,254.7251212,208.9899451,246.4383065,1,1,1,1,0,1,1,1,0,1,1,1,0,1,1,0,0,0,1,0,0,0,0,ENSMUSG00000019814,ENSG00000135521
Utrn,-0.398876187,0.918262937,-0.709117744,-0.855264361,-0.939451881,-0.207403598,0.416033145,2617.483139,4000.636956,658.6084721,1565.108025,826.1256237,3546.130884,1148.379374,2859.03237,1091.455537,13062.69934,11136.03204,13188.98812,11241.13385,7188.226554,7087.103412,6959.414164,8513.513238,16340.75662,12809.37072,14770.42068,7847.021083,7735.76192,8693.449531,33433.2097,40485.41444,37649.4745,14963.05567,22826.23566,20381.78764,36083.35642,43204.74303,40680.65996,31616.32996,39772.21148,32518.88489,1,1,1,0,1,1,1,0,1,1,1,0,1,1,1,0,0,0,1,1,0,0,0,ENSMUSG00000019820,ENSG00000152818
Rab32,-0.618014045,0.871690721,1.314219066,1.168327066,2.510135405,2.061665226,0.000235603,309.9269965,679.2650569,2832.266852,413.3682439,564.2823671,1047.499301,1481.125341,238.8352224,1235.262178,162.3271709,196.3488134,112.4597403,92.14044143,276.4250107,277.4387779,444.8027724,402.8922957,72.46455262,95.21073897,107.8897475,207.2973809,193.1549948,218.7089862,15.36060479,35.73433596,11.76435787,112.7407384,85.72227922,166.1051315,16.57819224,38.1345436,12.71151453,101.6999551,56.99725775,126.5950205,1,1,1,1,0,1,1,1,0,1,1,1,0,1,1,1,1,0,1,1,0,0,0,ENSMUSG00000019832,ENSG00000118508
Tnfaip3,1.556493201,0.64481049,4.760763251,0.824360373,1.838254499,1.533775408,2.1668E-12,859.2991492,504.5299767,185.3118895,332.4918483,5710.821726,1359.956305,219.7050898,1417.865686,70.05964594,357.8927626,389.2069813,194.4465186,220.7721468,7103.534636,4783.38998,8627.424561,10991.36522,331.1227474,311.1980635,409.5620512,737.1867536,682.7359717,443.0020315,193.7142938,206.4650522,178.8182397,610.8974893,674.1700084,787.2793508,209.0694243,220.3329186,193.2150209,668.1782096,469.0399336,665.8898077,1,1,1,1,0,1,1,1,0,1,1,1,0,1,1,1,1,0,1,1,0,0,0,ENSMUSG00000019850,ENSG00000118503
Perp,-2.583688057,0.069104876,0.516279354,-0.777631164,-1.267765441,-0.381926007,0.124497184,5741.856225,4115.409327,9975.12198,396.8934226,249.6645005,3118.93557,1024.324258,553.3986861,1272.135676,1486.453094,2091.769359,1881.342622,1864.703587,2269.037641,2620.015229,2999.919822,2585.976428,2048.130064,2164.28115,2085.519294,1163.427436,795.5690875,1714.306181,1124.737618,1459.5491,1041.145672,377.5503797,640.2382729,485.5380765,1213.892076,1557.584248,1124.969036,1006.544415,1082.947897,904.732413,1,1,1,1,0,1,1,0,1,1,1,0,1,1,1,0,0,0,1,1,0,0,0,ENSMUSG00000019851,ENSG00000112378
Smpdl3a,-0.088357762,0.988640009,-2.287860897,-0.473598827,-0.840149689,-0.337029899,0.233128257,236.5486422,134.4476354,248.7519958,178.2276124,225.3069883,96.81044881,384.3389829,278.4469179,0,5283.362921,6361.701555,3743.095484,4982.88209,776.3425831,1353.728512,1228.205408,812.2205705,2512.104491,2455.202852,2437.470315,1637.416391,1658.073074,2035.389586,792.7778808,976.7385161,677.6270135,346.087848,526.834841,492.4181708,855.6189216,1042.344192,732.1832372,737.5622911,716.0280505,632.1311355,1,1,1,0,1,1,1,0,1,1,1,0,1,1,1,0,0,0,1,0,0,0,0,ENSMUSG00000019872,ENSG00000172594
Ppp1r12a,0.901368742,0.67340895,0.582377695,-0.411493428,-0.534029335,-0.164964571,0.502806149,914.3329149,896.6298751,147.7486687,823.7410657,906.3024349,1716.976849,677.6655672,1465.632731,1729.36705,1882.995183,1836.952232,2564.082078,2017.054614,2992.447775,2648.082965,2998.670376,3793.366119,2936.827285,2590.966313,2811.418275,2053.175745,1895.21386,2320.176606,7590.698869,9052.698442,7645.656182,4242.198016,6748.843607,5780.262,8192.389997,9660.751046,8261.213296,7928.79463,7518.888252,7846.359369,1,1,1,1,0,1,1,0,1,1,1,0,1,1,1,0,0,0,1,1,0,0,0,ENSMUSG00000019907,ENSG00000058272
Rhobtb1,-1.913005211,0.486927576,-0.934681664,-0.829366701,-0.566402923,0.148055945,0.6958536,1696.391691,1918.806671,1071.803901,440.3270424,235.4559517,920.4676005,569.8419611,320.388713,0,1320.26099,1345.643868,1342.986963,1262.597732,706.9422613,874.4179381,704.6875383,469.826479,1697.884726,1458.134836,1527.216037,871.1148368,918.9205445,845.0542955,754.3763688,799.655029,791.7412849,436.5426265,618.8077031,525.8357712,814.173441,853.3663424,855.4849281,809.7977732,1105.509312,882.7892761,1,1,1,0,1,1,1,0,1,1,1,0,1,1,1,0,0,0,1,0,0,0,0,ENSMUSG00000019944,ENSG00000072422
Kitl,#N/A,#N/A,-1.271159536,-0.615142414,-0.874942801,-0.259084772,0.33832184,#N/A,#N/A,#N/A,#N/A,#N/A,#N/A,#N/A,#N/A,#N/A,9403.381117,11338.48948,10501.5631,13246.32881,3872.302703,3792.382983,5585.023575,5184.824815,8161.320239,4726.155293,7633.985241,3957.28371,5406.427429,4032.621434,8377.503181,9691.151911,7275.078909,3643.098976,5844.294974,4329.544994,9041.561844,10342.08822,7860.800588,7001.138964,8977.068096,6793.932765,1,1,1,0,1,1,1,0,1,1,1,0,1,1,1,0,0,0,0,0,0,0,0,ENSMUSG00000019966,#N/A
Pde7b,1.004437023,0.797825114,-0.710358536,-0.614297314,-0.705467536,-0.406823612,0.096227326,84.96441026,397.7214023,396.5006645,152.7665249,32.476683,195.669796,795.9237158,1012.428333,1342.195322,516.3550009,620.4622505,363.4989024,652.2813428,356.4118223,302.2679292,357.3415531,298.6294332,581.7293252,722.8963515,687.1424695,457.6846669,441.7703346,402.9829405,835.4462274,950.5333364,1049.380722,469.3160969,581.3042059,685.0608084,901.6694556,1014.37886,1133.867096,754.6706948,883.4574952,663.3579073,1,1,1,0,1,1,1,0,1,1,1,0,1,1,1,0,0,0,1,1,0,0,0,ENSMUSG00000019990,ENSG00000171408
Nuak1,1.322764375,0.398172181,-0.9453168,-0.686040268,-0.920649694,-0.300793826,0.335825117,370.7537902,356.0285815,164.4434335,332.4918483,287.2156653,1360.980754,491.5828922,1131.263419,855.4651504,2029.862623,1808.154406,1806.611311,1403.089098,856.3293947,751.3517097,1159.485879,894.6011038,1402.994255,1438.740056,1034.903597,664.9820478,650.224735,1093.544931,1326.132214,1779.569931,1211.728861,579.4349577,805.4322485,894.4122463,1431.250597,1899.100271,1309.285997,1135.80791,1143.507484,1487.913474,1,1,1,0,1,1,1,0,1,1,1,0,1,1,1,0,0,0,1,1,0,0,0,ENSMUSG00000020032,ENSG00000074590
Tcp11l2,-1.442912183,0.332025711,-0.394291419,-0.624181803,-0.943690493,-0.407784146,0.184553016,100.4124848,368.6769653,267.9509754,62.9038632,26.38730493,122.4216786,85.79512741,135.1457844,110.6204936,1418.430279,1758.412707,1165.953565,1234.317003,1042.181104,1193.95832,969.5700882,1036.192645,1083.948933,1494.279653,1458.082801,802.4039071,868.2412637,947.4287145,442.0440713,503.4570888,383.5180667,220.2377215,252.7021356,218.1972733,477.0835322,537.2733476,414.3953738,335.5148051,428.666876,316.4875512,1,1,1,0,1,1,1,0,1,1,1,0,1,1,1,0,0,0,1,1,0,0,0,ENSMUSG00000020034,ENSG00000166046
Timp3,-0.303520756,0.940567137,0.698410048,-0.834496035,-1.213118209,-0.476218832,0.021283328,18290.52032,17628.09937,4693.733129,8695.710232,6395.876758,16138.14815,13582.87588,17785.65125,3211.681664,15069.37237,17965.4801,26512.20238,24137.14653,28025.96725,36893.95982,32320.66887,38555.37678,25401.84505,18300.73824,32499.95336,13357.87056,12806.55864,16566.97303,27073.91932,30421.83134,20260.57713,8605.002403,13521.79661,11410.1448,29219.98483,32465.20812,21891.77033,20774.35438,21175.6687,18135.15867,1,1,1,1,0,1,1,0,1,1,1,0,1,1,1,1,0,1,1,1,0,0,0,ENSMUSG00000020044,ENSG00000100234
Igf1,7.142594739,NA,-1.283127677,-0.81884422,-1.030469136,-0.699475148,0.041962975,0,0,0,0,110.6237015,0,0.579696807,1.165049866,0,149.9593865,195.476152,131.3239547,158.7369981,36.46457587,70.16934071,79.96454336,74.6573583,87.56133442,126.066071,94.27259491,41.925313,63.1100478,68.87006373,332.8131039,420.8710679,262.3451806,128.4720042,190.196307,177.8995787,359.1941651,449.1401802,283.4667741,298.4465972,176.9289876,197.4882319,1,1,1,0,1,1,1,0,1,1,1,0,1,1,1,1,0,1,0,0,0,0,0,ENSMUSG00000020053,ENSG00000017427
Ddx21,1.016999029,0.43530572,1.376214659,1.035282945,0.798378077,0.303543978,0.204539687,444.1321445,597.2847914,188.6508425,745.8600922,628.2208367,1097.697311,735.0555511,1188.350863,582.6012662,1120.830466,1285.430232,1401.0307,1738.808726,3448.843112,3052.906085,3553.424395,4340.424348,1184.594145,1202.47637,1394.186931,3045.408153,2511.014932,2194.535274,715.1214899,871.123701,767.0361333,1440.721761,1454.599925,1199.102132,771.8069497,929.6354296,828.7907476,1057.869626,972.5157104,1092.093043,1,1,1,1,0,1,1,1,0,1,1,1,0,1,1,0,0,0,1,1,0,0,0,ENSMUSG00000020075,ENSG00000165732
Ppa1,-1.270021262,0.268807967,3.799598897,1.593034048,1.274063651,0.330430347,0.334255245,6636.879047,6289.057509,14637.13506,3676.880575,2062.26937,5905.437377,3623.105043,2970.877157,4620.249282,210.2523357,333.3566521,282.2376707,250.8774395,3587.643755,2961.146178,4071.944481,4368.742657,170.0904082,193.9478016,180.1654036,611.4108146,539.3040449,494.1892411,232.9691727,219.9646902,244.6986438,684.3100631,543.8007088,459.9834409,251.4359156,234.7393017,264.3995023,311.7531334,289.7360602,340.1186217,1,1,1,1,0,1,1,1,0,1,1,1,0,1,1,0,0,0,1,1,0,0,0,ENSMUSG00000020089,ENSG00000180817
Eif4ebp2,-0.877667801,0.727258325,-0.424694806,-0.344877116,-0.657974008,-0.316889127,0.29261593,1287.017714,4490.644714,3719.593602,979.5030127,751.0232943,2362.892065,4116.427025,1246.603356,877.5892491,3368.67529,4363.306965,3463.034453,3519.582406,2796.009576,2694.502683,2756.277854,2714.696011,3455.150127,3611.837015,3334.10744,2686.713808,2462.248077,3040.520246,1332.959149,1704.924873,1285.844316,827.2023943,893.8333489,1019.236813,1438.618682,1819.441447,1389.368539,1410.492835,1347.747657,976.4695912,1,1,1,0,1,1,1,0,1,1,1,0,1,1,1,0,0,0,1,1,0,0,0,ENSMUSG00000020091,ENSG00000148730
Sgpl1,0.323642026,0.935552924,0.693000695,0.516539968,0.727855249,0.400754135,0.146762127,1525.497366,732.2008854,619.3757748,1220.634488,2707.743445,350.8738488,616.2177057,946.0204908,1360.632071,713.4665656,959.054871,687.8182823,855.7201392,1202.154727,1114.073225,1405.626739,1476.41362,637.0841918,726.4226751,826.4564153,1127.325083,1066.177323,939.9833022,530.7942323,644.0121436,521.1610538,977.9603584,895.6192297,938.6414233,572.8686429,687.2692191,563.1200939,965.6743399,675.6549929,766.3218572,1,1,1,1,0,1,1,1,0,1,1,1,0,1,1,0,0,0,1,1,0,0,0,ENSMUSG00000020097,ENSG00000166224
Unc5b,0.087530338,0.988640009,-2.757814985,-0.567421137,-0.673471873,-0.361035107,0.133620907,351.443697,4297.171287,71.78748872,1758.312748,900.2130568,715.0655372,3765.13076,1956.118724,936.5868457,2960.538403,3514.20743,1956.79948,2582.669205,471.6869331,454.4814221,306.1142675,395.1691207,2122.60752,1869.833124,1903.258944,1395.181249,1419.976076,1164.276348,790.21778,872.7118937,769.3890049,389.348829,577.7324443,555.3218892,852.8558896,931.3302982,831.3330505,589.2894594,740.9643508,708.0881478,1,1,1,0,1,1,1,0,1,1,1,0,1,1,1,0,0,0,1,1,0,0,0,ENSMUSG00000020099,ENSG00000107731
Pno1,-0.087573535,0.984343247,1.298460096,1.609427906,0.884789913,0.224048027,0.71656443,275.1688287,116.1777477,816.3739997,588.6004342,327.811519,236.1355391,329.8474831,382.1363559,409.2958263,298.3727999,378.7350446,352.6157017,413.263564,789.2816262,748.1131248,1012.051252,998.8639663,210.348493,251.2505612,251.3935864,770.9599224,827.1241114,578.8808059,108.3776005,131.8199949,102.3499135,235.9689873,251.8091952,146.4477194,116.9683563,140.6740942,110.5901764,149.2232986,129.4312728,151.9140246,1,1,1,1,0,1,1,1,0,1,1,1,0,1,1,0,0,0,1,1,0,0,0,ENSMUSG00000020116,ENSG00000115946
Plek,6.011702517,NA,2.67743259,1.073871416,1.786499011,1.391217815,6.24767E-09,15.44807459,28.10751959,17.52950306,22.46566543,7436.14551,0,4.057877648,174.7574798,250.7397855,238.8528372,408.4055319,221.291747,166.9475325,1116.286532,1298.672567,1661.763167,2547.360553,185.18719,275.0532459,580.3001953,770.9599224,555.5596632,862.7371497,211.6349994,353.3728778,225.8756712,749.857004,924.1933228,1058.551637,228.4106486,377.1082645,244.0610791,873.4790535,638.844264,720.7476499,1,1,1,1,0,1,1,1,0,1,1,1,0,1,1,1,1,0,1,0,0,0,0,ENSMUSG00000020120,ENSG00000115956
Ptprr,-1.199456693,0.677089095,-2.479451098,-0.809676561,-1.382523296,-0.486269252,0.053340763,183.4458858,95.56556662,117.698092,25.46108749,77.13212212,119.3483311,53.33210623,66.40784234,0,3612.939033,4199.246623,3507.292803,3322.529581,601.0773636,837.7139752,471.0411382,714.3936872,1561.007238,1464.305902,1803.748983,749.9972659,781.2258948,1221.978293,588.8231838,755.9797295,571.7477926,180.9095569,286.6338711,265.3750621,635.4973691,806.7574558,617.7796064,473.3325013,559.2855917,441.394638,1,1,1,0,1,1,1,0,1,1,1,0,1,1,1,0,0,0,1,0,0,0,0,ENSMUSG00000020151,ENSG00000153233
Ptprb,-0.497859616,0.916377562,-3.761484395,-0.578212263,-1.036847998,-0.405415446,0.045099591,4022.292422,5377.436957,1694.518629,1526.167538,538.9099585,5095.098065,2249.223611,5898.647469,401.9211267,32469.29912,31348.61522,33773.47387,30766.6969,2122.003061,3363.810241,1859.175633,2117.437145,39107.71002,32607.91494,35520.86629,21840.75889,22801.85151,27181.33894,54018.12686,70963.62663,51522.00531,20227.78597,33236.13494,32559.55438,58299.97604,75730.11899,55670.0779,44934.27175,52433.9148,45863.68798,1,1,1,0,1,1,1,0,1,1,1,0,1,1,1,1,0,1,1,1,0,0,0,ENSMUSG00000020154,ENSG00000127329
Phlda1,2.683569475,0.006489054,1.948290488,0.595785468,1.733482771,0.251889165,0.715596114,185.3768951,60.89962579,116.8633537,310.0261829,1163.07121,531.1769069,551.8713601,702.5250689,1404.880269,209.4793492,212.0567185,207.5063594,239.9300604,883.3837575,443.6861389,773.4070678,1253.728741,224.4388227,300.6190925,400.1347917,485.6348756,421.6898649,490.4665349,145.0723786,147.7019219,110.584964,724.9491665,224.1280425,398.0625931,156.5718156,157.6227802,119.4882366,241.418585,123.4940585,151.9140246,1,1,1,1,0,1,1,1,0,1,1,1,0,1,1,0,0,0,1,1,1,1,0,ENSMUSG00000020205,ENSG00000139289
Vps13d,0.366403465,0.947281648,-0.804710814,-0.475738671,-0.567474496,-0.133462138,0.65106334,219.1695583,164.8974483,108.5159713,143.7802587,104.5343234,312.9692287,140.8663241,561.5540352,3.687349786,1671.969861,1811.645052,1672.38517,1484.28216,1001.011422,1002.881808,859.6188411,937.0785663,2325.910849,1734.069663,2073.997088,1374.218593,1564.364215,1470.468928,4118.348819,4160.270802,4452.809455,2349.202362,3275.305418,2962.371989,4444.797541,4439.70831,4811.308251,3755.294603,4670.212807,4061.168257,1,1,1,0,1,1,1,0,1,1,1,0,1,1,1,0,0,0,1,0,0,0,0,ENSMUSG00000020220,ENSG00000048707
Ncln,0.770602699,0.659567113,0.294533826,0.672935324,0.848873389,0.083924505,0.892166269,555.1651807,583.6994902,246.2477811,1073.858807,932.6897398,496.3456344,1042.874556,805.0494571,372.4223284,844.8742754,998.3246336,933.0530708,842.0359153,1118.639086,1133.504735,1123.251945,1061.936562,844.4133284,841.9097752,775.1302248,1412.65013,1397.026967,1116.811844,262.8370154,293.0215548,252.9336943,557.1489978,430.3972769,472.7607587,283.6712894,312.7032575,273.2975625,330.7624708,248.1755598,341.8065553,1,1,1,1,0,1,1,1,0,1,1,1,0,1,1,0,0,0,1,1,0,0,0,ENSMUSG00000020238,ENSG00000125912
Txnrd1,0.283627713,0.888222498,2.104266971,0.933583473,1.042956237,0.143862142,0.721068254,847.7130932,843.6940465,1243.759979,1485.72934,1427.959156,974.2511832,1217.942991,1162.719766,873.9018993,1041.212854,1248.778453,1081.790147,995.2992238,4406.332298,3837.723173,4706.663044,5828.422731,1157.419938,1265.068615,1331.338535,2662.257375,2642.972305,1866.006456,529.9408654,640.0416618,725.8608808,1449.898333,1280.476546,1173.547497,571.9476322,683.0320476,784.3004468,756.5716285,796.7741657,697.9605462,1,1,1,1,0,1,1,1,0,1,1,1,0,1,1,0,0,0,1,1,0,0,0,ENSMUSG00000020250,ENSG00000198431
Cpeb4,0.490818735,0.836478317,0.863047812,-0.50348077,-0.817959311,-0.373162495,0.027229444,535.8550874,282.4805719,267.1162371,402.8842667,420.1670863,761.1657509,357.6729298,801.5543075,302.3626825,714.2395522,643.1514467,770.5306074,690.5971699,1111.581426,972.655015,1490.589066,1554.932566,767.9229673,659.4225255,682.9525764,485.6348756,478.1064228,523.9708903,2077.948482,2271.115574,2143.466004,1120.85269,1207.255432,1353.412817,2242.661005,2423.662105,2316.037948,1846.757128,1751.478233,1792.58549,1,1,1,1,0,1,1,0,1,1,1,0,1,1,1,1,0,1,1,1,0,0,0,ENSMUSG00000020300,ENSG00000113742
Sptbn1,-0.657965796,0.843536444,-0.708050777,-0.559157198,-1.001323815,-0.307480975,0.17661614,11368.8174,17243.96327,3429.939432,5662.845399,2857.948104,16349.69691,6714.628114,6817.871813,2208.722522,43957.4249,36638.68859,44181.44144,40252.60096,27440.18148,24046.4933,22215.1497,27322.01875,56839.38346,48605.96383,48414.21485,34711.82998,34976.35346,34735.64039,80845.42313,86558.09084,95328.94472,38444.59178,52010.20703,40787.16417,87253.78878,92372.03382,103003.9446,66189.56236,90537.76905,71653.62555,1,1,1,0,1,1,1,0,1,1,1,0,1,1,1,0,0,0,1,1,0,0,0,ENSMUSG00000020315,ENSG00000115306
Nudcd2,-0.353638675,0.909474572,-0.591423904,0.550154697,1.306016954,0.511198901,0.115340232,575.4407786,753.7499838,1777.157715,528.6919931,561.237678,612.1083932,628.9710354,1028.739031,1508.126063,380.3093719,475.6004592,351.890155,398.6670585,255.2520311,273.1206646,296.1186996,240.7056207,285.832402,318.2507108,265.010739,433.2282343,448.4638245,392.7454986,149.3392133,184.2303543,170.5831892,542.7286708,371.4632099,335.1588747,161.176869,196.6047581,184.3169607,229.0625157,279.0490744,265.0055762,1,1,1,0,1,1,1,1,0,1,1,1,0,1,1,0,0,0,1,1,0,0,0,ENSMUSG00000020328,ENSG00000170584
Hcn2,NA,NA,-1.191987528,-1.093711075,-1.6089411,-0.637549437,0.053042239,0,0,0,0,0,0,0,0,0,1358.13733,1130.096504,1036.80625,848.4218864,554.026298,557.0366124,418.5644066,383.5843582,705.5229359,625.0408697,662.0031109,265.5269823,332.7620702,333.1822002,365.2410473,354.1669741,550.5719485,117.9844936,140.1916441,156.2764254,394.192571,377.9556988,594.8988802,248.0718531,254.1127741,373.033327,1,1,1,0,1,1,1,0,1,1,1,0,1,1,1,0,0,0,0,0,0,0,0,ENSMUSG00000020331,ENSG00000099822
Cyfip2,1.798600084,0.439970746,0.640729579,-1.006697238,-1.352533822,-1.274125109,0.035334842,154.4807459,37.94515145,27.54636195,94.3557948,629.2357331,150.0818069,51.59301581,64.0777426,542.0404186,748.2509594,396.1882724,864.8516799,457.0530808,1125.696746,944.5872788,943.3317224,834.1028997,542.4776925,637.3830026,545.7335772,295.8063751,282.0827894,281.9949907,2147.071203,1678.719694,3590.482023,1153.62616,825.9698779,924.8812349,2317.262871,1791.476115,3879.554236,1121.550907,726.7150363,1453.310835,1,1,1,1,0,1,1,0,1,1,1,0,1,1,1,1,0,1,1,1,0,0,0,ENSMUSG00000020340,ENSG00000055163
Hnrnpab,0.570313711,0.868855828,0.812434168,0.621210039,0.855112551,0.315117156,0.174331588,55.03376573,110.0877851,278.8025725,91.36037274,110.6237015,322.701496,417.9613977,113.009837,261.8018348,2509.887257,3160.779566,2861.556229,3457.547258,5337.943397,4780.151395,5067.752935,5868.325802,2175.949483,2164.28115,2434.327895,3526.38466,3679.50703,3213.626082,955.770965,1230.84935,1172.90648,2309.874198,2048.405297,1720.023551,1031.531961,1313.523169,1267.337999,1532.152594,1413.057015,1546.99115,1,1,1,1,0,1,1,1,0,1,1,1,0,1,1,0,0,0,1,1,0,0,0,ENSMUSG00000020358,ENSG00000197451
Havcr2,5.599419921,NA,0.894589568,1.404549615,3.013141009,2.244519382,2.1879E-07,0,30.91827155,0,11.98168823,2922.90147,0,17.97060101,58.25249328,0,13.91375751,16.58056647,22.49194805,15.50878717,39.9934058,25.90867965,36.23393371,25.74391666,19.12259027,35.26323666,40.85145779,100.1549144,66.93489919,85.62224139,25.60100799,17.4701198,23.52871575,167.8001687,161.6222139,205.4199555,27.6303204,18.64355465,25.42302907,131.1644281,79.55867228,126.5950205,1,1,1,1,0,1,1,1,0,1,1,1,0,1,1,1,1,0,0,0,0,0,0,ENSMUSG00000020399,ENSG00000135077
Upp1,1.579880723,0.16170697,8.101408178,3.859169444,3.889008524,2.859427649,5.70432E-18,439.3046212,505.466894,1136.913484,1156.232914,1517.270034,2140.58659,1792.422527,1939.808026,3904.903424,30.91946113,29.67048736,128.4217679,27.36844795,14221.18459,11495.89706,15558.10147,18305.21194,66.4258399,52.01327407,133.0291061,1084.235178,1858.877772,701.7301088,23.89427412,36.52843231,21.17584417,393.2816455,450.0419659,383.3195341,25.78829904,38.9819779,22.88072616,239.5176512,184.0536448,220.2753356,1,1,1,1,0,1,1,1,0,1,1,1,0,1,1,1,1,0,1,1,0,0,0,ENSMUSG00000020407,ENSG00000183696
Myo1g,9.004521268,NA,2.474103603,2.40712708,3.756025287,3.849396735,2.07423E-24,0,0,0,5.990844114,388.7052996,0,1.739090421,12.81554852,0,20.87063626,29.67048736,18.13866778,10.03509758,88.22074808,168.4064177,76.21620539,104.2628625,17.10968604,38.78956032,27.23430519,196.8160527,99.44613593,147.9775694,11.94713706,23.82289064,15.29366523,156.0017194,205.376294,333.1931335,12.89414952,25.42302907,16.52496889,301.2979978,168.6168875,326.6151528,1,1,1,1,0,1,1,1,0,1,1,1,0,1,1,1,1,0,0,0,0,0,0,ENSMUSG00000020437,ENSG00000136286
Pnpt1,0.178555502,0.957492848,1.902694345,0.653944741,1.001302199,0.296344002,0.307427418,632.4055536,381.7938078,258.7688547,579.6141681,714.4870259,547.568094,295.6453715,584.8550325,154.868691,299.918773,356.9185098,301.1018852,376.7723001,1023.360678,879.8155796,1581.798623,1504.731929,303.9485402,264.4742749,274.4379985,455.3554829,477.1502099,393.6761751,451.4311076,485.986969,544.6897695,1202.130896,826.8628183,938.6414233,487.2146497,518.629793,588.5431229,691.9398814,572.3474633,689.5208782,1,1,1,1,0,1,1,1,0,1,1,1,0,1,1,0,0,0,1,1,0,0,0,ENSMUSG00000020464,ENSG00000138035
Shmt1,-0.20004837,0.979147904,1.56309894,1.368221712,2.161832761,0.75478721,0.247493897,246.2036888,135.8530114,108.5159713,103.342061,583.5653976,65.5647484,46.37574455,53.59229381,0,15.45973057,20.94387343,19.58976121,29.19301115,58.81383206,41.02207611,59.97340752,91.39090413,19.12259027,37.90797941,28.28177847,80.35684992,67.89111203,73.52344641,34.13467732,41.29301044,28.2344589,196.6408227,138.4057633,133.6704016,36.84042719,44.06658372,30.50763488,55.12707846,62.9344721,70.89321146,1,1,1,1,0,1,1,1,0,1,1,1,0,1,1,0,0,0,1,0,0,0,0,ENSMUSG00000020534,ENSG00000176974
Tspan13,3.149876838,0.034756211,-2.39304889,-0.673942847,-0.585532958,0.069955205,0.879818029,29.93064452,111.0247024,357.2679671,3593.008758,1374.169649,307.3347581,727.5194926,2119.225705,722.7205581,13382.71576,17457.59117,9000.406954,16314.33182,2373.726262,3594.829301,2665.068297,2055.651745,5925.990081,5078.787659,5482.47513,3246.882573,3177.495286,3907.910778,4244.647125,4935.308844,4376.341129,2982.385812,3259.232491,2792.335375,4581.107122,5266.804189,4728.683407,4518.5195,6298.196982,4489.059426,1,1,1,0,1,1,1,0,1,1,1,0,1,1,1,0,0,0,1,1,1,1,0,ENSMUSG00000020577,ENSG00000106537
Snx13,0.394918822,0.808713729,-0.33144871,-0.526129274,-0.750880643,-0.363589627,0.060415856,368.8227809,411.7751621,235.396184,410.3728218,506.4332755,464.0754847,347.8180841,516.1170904,427.7325752,1413.019374,1492.250982,1505.509426,1771.650864,1085.70334,1315.94502,1263.189896,1247.292762,1801.549294,1526.898147,1679.099663,1140.135595,1225.864868,1110.297108,2306.65082,2705.48628,2274.050377,1415.813924,1593.005689,1320.978087,2489.491868,2887.208668,2457.135759,2112.887852,2129.085066,1849.975232,1,1,1,0,1,1,1,0,1,1,1,0,1,1,1,0,0,0,1,1,0,0,0,ENSMUSG00000020590,ENSG00000071189
Ntsr2,NA,NA,0.84648748,-1.329364505,-1.930369012,-0.301087329,0.713271064,0,0,0,0,0,0,0,0,0,864.9719252,480.8364276,632.6767323,411.4390008,1182.158024,1055.778696,1023.296266,1038.767037,636.0777397,535.1196163,802.36453,248.0581019,293.5573436,242.9065761,292.704858,139.7609584,287.0503321,70.79069619,43.75408002,74.69816562,315.9066632,149.1484372,310.1609546,99.79902135,251.7378884,276.8211114,1,1,1,1,0,1,1,0,1,1,1,0,1,1,1,0,0,0,0,0,0,0,0,ENSMUSG00000020591,ENSG00000169006
Lpin1,-0.116346863,0.976496097,0.701832409,-0.909643899,-0.760582149,-0.221222647,0.47216858,262.6172681,287.6336172,129.3844274,287.5605175,277.0667018,136.7639674,150.7211698,336.6994111,62.68494636,404.2719543,457.27457,410.6594386,614.8777973,841.0377984,962.9392602,575.9946014,686.0753789,566.6325434,588.0144712,942.7259491,376.163225,344.2366244,395.5375282,727.9219939,676.5700941,652.921862,321.1800105,486.6525226,403.9598167,785.6221099,722.0140255,705.4890566,575.0324564,708.9033933,616.9397331,1,1,1,1,0,1,1,0,1,1,1,0,1,1,1,0,0,0,1,1,0,0,0,ENSMUSG00000020593,ENSG00000134324
Mboat2,-0.834960832,0.545393028,0.502443756,-0.988119946,-1.333484592,-0.642623101,0.005025968,700.9563846,378.5145972,436.5681,278.5742513,273.0071164,214.1098815,289.2687066,167.7671806,483.042822,406.5909139,346.446573,362.7733557,332.0705018,666.9488555,470.6743469,424.8116366,489.1344165,289.8582105,352.6323666,340.4288149,146.7385955,167.337248,180.5512482,741.5758648,549.5146774,691.7442429,291.0284177,217.8774597,279.1352505,800.3582808,586.4245372,747.4370546,398.2456185,482.1018052,486.1248786,1,1,1,1,0,1,1,0,1,1,1,0,1,1,1,1,0,1,1,1,0,0,0,ENSMUSG00000020646,ENSG00000143797
Ncoa1,-0.265682393,0.954085537,-0.801140224,-0.571950405,-0.774900844,-0.275553625,0.253154169,1008.952372,1087.29255,90.98646827,564.6370578,350.1392386,1261.609182,686.3610193,676.8939719,95.87109444,893.5724267,795.8671905,895.3246418,883.0885872,555.2025746,485.7877434,502.277288,446.656954,1097.03281,1042.028643,825.4089421,652.1715355,597.6330284,744.5412295,1669.185721,1559.60524,1925.825384,856.0430483,1111.710809,1040.859966,1801.49689,1664.36097,2080.874929,1420.947971,1667.169789,1492.977275,1,1,1,0,1,1,1,0,1,1,1,0,1,1,1,0,0,0,1,1,0,0,0,ENSMUSG00000020647,ENSG00000084676
Klf11,-0.446877004,0.867581068,-0.898683408,-0.407983551,-0.921723812,-0.142552263,0.775233075,738.6110664,487.665465,256.26464,413.3682439,189.7856163,634.1340509,305.5002172,378.6412063,250.7397855,1278.519718,1515.81284,1103.556548,1987.861603,789.2816262,759.9879363,797.1465416,809.6461788,1002.426311,833.9755469,886.1623921,677.7925602,646.3998836,726.8583753,472.7652809,566.1907008,424.6933192,192.7080063,331.2808916,246.7005207,510.2399166,604.2206575,458.8856747,471.4315675,569.9725775,388.2247294,1,1,1,0,1,1,1,0,1,1,1,0,1,1,1,0,0,0,1,1,0,0,0,ENSMUSG00000020653,ENSG00000172059
Efr3b,-0.75848519,0.873476981,-2.712108329,-0.932969665,-1.242244538,-0.121483607,0.749906084,7109.010826,1327.611842,373.1279937,5435.193323,730.7253674,967.0800389,1696.772554,1370.098642,213.8662876,5750.246784,6949.002673,4079.749158,5205.4788,830.4513086,1023.392846,764.6609459,734.9888205,4496.828071,3513.099952,3180.128868,1764.356922,1937.287225,2158.238889,3718.119727,3737.017445,3624.598661,1084.146403,1804.632566,1790.790234,4012.843532,3988.025827,3916.417628,2955.951966,4395.913504,3606.27015,1,1,1,0,1,1,1,0,1,1,1,0,1,1,1,0,0,0,1,1,0,0,0,ENSMUSG00000020658,ENSG00000084710
Ccl11,NA,NA,5.918112827,4.272731949,4.426305166,4.317631966,4.63609E-21,0,0,0,0,0,0,0,0,0,14.68674404,17.45322786,21.04085463,17.33335037,629.308003,559.195669,1378.138927,1704.247283,27.17420723,39.67114124,59.70597677,828.0249317,1291.843554,324.8061114,5.120201598,11.91144532,4.705743149,275.2971518,87.50816003,118.9273426,5.526064079,12.71151453,5.084605814,157.7775004,184.0536448,140.0984893,1,1,1,1,0,1,1,1,0,0,1,1,0,0,1,1,1,0,0,0,0,0,0,ENSMUSG00000020676,ENSG00000172156
Itgb3,3.2166593,0.012038444,2.054042658,1.237434513,1.669083327,0.415229654,0.20510866,1.931009324,20.61218104,1.669476482,110.8306161,64.95336599,97.834898,65.50573917,74.56319139,51.62289701,197.1115647,203.3301046,198.0742522,142.3159293,636.3656628,669.3075575,797.1465416,978.2688329,222.4259185,234.5005238,231.4915942,464.6722191,696.1229515,461.6155623,248.3297775,282.6983022,221.169928,909.7915399,634.8806304,854.1145517,268.0141078,301.6866116,238.9764732,361.1774106,303.9853747,413.5437335,1,1,1,1,0,1,1,1,0,1,1,1,0,1,1,0,0,0,0,1,1,1,0,ENSMUSG00000020689,ENSG00000259207
Mettl2,#N/A,#N/A,0.808878664,0.548311397,1.127669968,0.305075808,0.68518934,#N/A,#N/A,#N/A,#N/A,#N/A,#N/A,#N/A,#N/A,#N/A,136.045629,160.5696963,123.3429409,156.0001533,234.0790516,243.9734,292.3703617,236.8440332,146.9420095,144.5792703,122.5543734,207.2973809,207.4981875,191.7193666,77.6563909,66.70409378,52.93961043,158.623597,116.9751935,158.2421666,83.81197187,71.18448139,57.2018154,100.7494882,83.12100089,79.33287949,1,1,1,1,0,1,1,1,0,1,1,1,0,1,1,0,0,0,0,0,0,0,0,ENSMUSG00000020691,#N/A
Nle1,0.4354878,0.944153937,0.975245826,1.292946316,1.82871059,0.592444598,0.468574812,28.96513986,33.26056485,192.8245337,125.8077264,110.6237015,44.56353993,284.0514354,122.3302359,0,86.57449117,95.99275323,78.35904482,76.63165426,179.9703261,158.6906628,159.9290867,164.7610666,90.58069077,89.92125347,96.36754146,255.0456541,235.22836,188.927337,25.60100799,41.29301044,29.41089468,144.20327,97.33050453,103.201413,27.6303204,44.06658372,31.77878634,49.42427724,59.37214349,48.10610778,1,1,1,1,0,1,1,1,0,1,1,1,0,1,1,0,0,0,1,0,0,0,0,ENSMUSG00000020692,ENSG00000073536
Ftsj3,0.401784355,0.955466547,1.31286373,1.144270363,1.70987055,0.218170538,0.596960417,787.8518042,403.8113648,3.338952964,784.800579,806.8425932,531.1769069,363.4698979,669.9036727,0,388.0392372,493.0536871,499.9016841,649.544498,1329.192604,1100.039357,1245.697652,1367.001974,428.748603,506.9090269,527.9265315,1205.352749,1079.564303,952.0820972,238.0893743,242.1993881,242.3457722,845.5555378,937.5874289,580.8765248,256.9619797,258.4674622,261.8571994,276.5858592,331.2965607,297.0763147,1,1,1,1,0,1,1,1,0,1,1,1,0,1,1,0,0,0,0,0,0,0,0,ENSMUSG00000020706,ENSG00000108592
Adap2,5.487724615,0.032596531,0.674709054,-0.648852086,-0.569014143,0.21952598,0.461318166,22.20660723,3.747669279,0,4.493133086,1085.939088,7.683368953,25.5066595,131.6506348,1061.956738,142.2295212,152.7157438,237.2537746,195.228262,316.4184165,260.1663248,248.639752,337.2453082,603.8712718,655.0146209,632.6738591,393.6321054,280.1703637,532.3469791,500.0730227,521.7213049,551.7483842,310.6924999,338.4244148,409.8570403,539.7122584,556.7643366,596.1700317,618.7539324,666.15545,684.4570773,1,1,1,1,0,1,1,0,1,1,1,0,1,1,1,0,0,0,0,0,1,1,0,ENSMUSG00000020709,ENSG00000184060
Jpt1,0.441440002,0.880943603,1.06479118,1.169991025,1.388784331,0.246764572,0.703360682,545.510134,677.3912222,1101.01974,988.4892789,2255.099676,842.0972372,1121.713321,566.2142347,534.665719,450.651146,599.518377,460.7221617,450.6671096,1058.648977,852.8273717,1025.795158,1166.199425,261.6775511,373.7903086,377.0903796,789.5933948,867.2850509,622.6226032,139.952177,169.9366199,122.3493219,395.9035231,375.927912,364.6449927,151.0457515,181.3509407,132.1997512,213.8550458,123.4940585,213.5236012,1,1,1,1,0,1,1,1,0,1,1,1,0,1,1,0,0,0,1,1,0,0,0,ENSMUSG00000020737,ENSG00000189159
Nup85,-0.01023945,0.99624411,-0.42224743,0.322847182,0.838526411,0.104456372,0.846989348,473.0972844,365.3977547,583.4820304,473.276685,337.9604824,390.3151428,453.9025998,346.0198101,829.6537019,703.4177408,791.5038835,688.543829,752.6323186,541.0872549,565.6728389,587.2396153,495.5703956,668.2842075,677.0541438,589.7274548,817.5436035,795.5690875,808.7579105,290.1447572,299.3743257,265.8744879,603.0318564,412.5384687,517.9728064,313.1436312,319.482732,287.2802285,369.7316124,314.6723605,305.5159827,1,1,1,0,1,1,1,1,0,1,1,1,0,1,1,0,0,0,1,1,0,0,0,ENSMUSG00000020739,ENSG00000125450
Atp2a3,-0.397526319,0.952897363,-1.117567658,-0.764796105,-1.571189835,-0.431614433,0.050877347,165.1012972,274.9852334,13.35581186,20.9679544,357.243513,181.3275073,43.47726051,83.88359032,0,6873.39621,8406.347199,6418.186208,7477.972261,2434.892647,3937.039778,3905.768165,3167.788945,4601.499091,4360.299213,4924.171874,2537.646028,2102.712047,3530.986781,3098.575334,4040.362252,2677.567852,690.8647572,1244.758929,1365.207264,3344.189779,4311.74573,2893.140708,2708.83058,2644.435271,2471.978766,1,1,1,0,1,1,1,0,1,1,1,0,1,1,1,0,0,0,1,0,0,0,0,ENSMUSG00000020788,ENSG00000074370
Kif1c,-0.479703323,0.923503541,-0.94808772,-0.316938662,-0.851584506,-0.221715446,0.397022731,445.0976492,557.9342639,106.0117566,350.4643807,139.0407991,461.5143618,376.2232276,249.3206712,11.06204936,11150.33067,10698.82868,10614.74839,9287.938953,5867.267886,5553.093671,5127.726343,5092.146715,10462.06978,8717.953682,9870.340687,7508.124803,7777.835285,8032.66919,4684.984462,5342.680274,5502.190177,2119.788069,3717.310921,2764.814999,5056.348632,5701.537986,5945.175348,4045.186999,5333.993371,4944.8015,1,1,1,0,1,1,1,0,1,1,1,0,1,1,1,0,0,0,1,1,0,0,0,ENSMUSG00000020821,ENSG00000129250
Doc2b,-0.55033911,0.924287378,2.40093536,-0.842585617,-0.950574339,-0.779417651,0.030293275,118.7570734,23.422933,68.44853576,64.40157423,3.044689031,145.4717855,51.59301581,12.81554852,7.374699572,99.71526215,66.32226587,638.481106,376.7723001,1627.966871,1953.946257,1112.006931,1545.922195,874.606892,543.9354254,1429.801023,472.8243633,612.932434,501.6346534,277.3442532,227.9056538,228.2285427,106.1860443,136.6198825,135.6361428,299.328471,243.2136448,246.603382,206.2513108,149.6178016,104.6518836,1,1,1,1,0,1,1,0,1,1,1,0,1,1,1,1,0,1,1,0,0,0,0,ENSMUSG00000020848,ENSG00000272636
Lrrc59,0.747959975,0.529275692,1.098962341,0.802170446,0.635599715,0.203417208,0.462564568,344.6851643,433.3242604,292.9931226,708.4173165,524.7014097,353.4349718,660.274663,560.3889853,796.4675538,1610.130938,1865.750058,1614.341433,1860.142179,3569.999606,3143.586464,3748.33797,4425.379273,1289.265165,1295.042366,1597.396747,2598.204814,2563.606639,2129.387916,793.6312477,920.3576749,784.6826701,1371.242004,1313.515341,1200.085003,856.5399323,982.1763563,847.8580194,1001.792081,1053.261826,1040.611068,1,1,1,1,0,1,1,1,0,1,1,1,0,1,1,0,0,0,1,1,0,0,0,ENSMUSG00000020869,ENSG00000108829
Fbxl20,0.325845564,0.959807152,-0.512589711,-0.646525882,-0.568716168,-0.293739262,0.252414175,586.0613298,353.6862882,44.24112677,581.1118791,750.008398,288.8946726,269.5590152,575.5346336,0,752.8888786,888.3692981,673.3073481,555.5794934,496.3887425,558.1161407,454.7983403,502.0063748,897.7552908,878.9361737,841.1210412,492.6224277,542.1726834,635.6520747,775.7105421,858.4181593,745.8602892,502.0895674,530.4066027,572.0306894,837.198708,916.0764808,805.9100215,757.5220954,626.9698353,703.024347,1,1,1,0,1,1,1,0,1,1,1,0,1,1,1,0,0,0,1,0,0,0,0,ENSMUSG00000020883,ENSG00000108306
Kat2a,0.374526973,0.948675002,-0.496913809,0.751152276,0.573276556,0.162226158,0.764472841,137.101662,29.98135423,25.87688547,83.8718176,55.8192989,121.9094541,183.7638878,51.26219408,0,728.9262962,885.7513139,1111.537562,920.4921327,657.5386424,769.7036912,644.7141308,511.0167456,537.4454319,566.8565293,506.9770659,929.3444382,936.1323758,848.7770016,194.5676607,193.7595105,201.1705196,312.0034387,311.6362026,253.5806149,209.990435,206.7739698,217.3668985,264.2297899,242.2383454,203.3959996,1,1,1,0,1,1,1,1,0,1,1,1,0,1,1,0,0,0,1,0,0,0,0,ENSMUSG00000020918,ENSG00000108773
Lsm12,0.633237365,0.741249566,0.456420747,0.728826045,0.517677435,0.072218446,0.895497637,86.89541958,119.4569583,85.14330058,127.3054374,128.8918356,81.9559355,150.7211698,125.8253855,298.6753327,281.3670963,336.8472977,368.5777294,446.1057016,445.808847,442.6066106,556.0034655,521.3143123,278.7872372,243.3163329,316.3369296,500.7745719,499.1431054,389.0227924,413.8829625,481.2223909,362.3422225,624.0068775,582.1971463,597.585325,446.6901797,513.5451872,391.5146477,506.5988417,416.7924473,498.7843806,1,1,1,1,0,1,1,1,0,1,1,1,0,1,1,0,0,0,1,1,0,0,0,ENSMUSG00000020922,ENSG00000161654
Strn3,0.05606347,0.988294603,-0.487819099,-0.418337578,-0.498969274,-0.072169679,0.841493571,915.2984196,397.2529436,151.9223599,590.0981453,639.3846965,632.5973771,374.4841372,429.9034004,376.1096782,1980.391486,2262.810992,2015.568764,2721.336008,1484.461121,1516.737288,1705.493776,1696.524108,2061.213941,1710.266978,1912.686203,1302.013887,1483.086123,1465.815546,2519.992553,2768.219892,2606.981705,1777.633038,2046.619416,1761.304116,2719.744538,2954.155978,2816.871621,2473.114796,2847.488002,2757.239546,1,1,1,0,1,1,1,0,1,1,1,0,1,1,1,0,0,0,1,1,0,0,0,ENSMUSG00000020954,ENSG00000196792
Pole2,0.209068628,0.980291826,-1.004535469,0.944320551,2.428874568,0.99704298,0.281153711,32.82715851,0,55.0927239,29.95422057,72.0576404,11.26894113,34.78180841,53.59229381,0,61.06593574,61.08629751,38.4539757,31.01757434,22.34925618,22.67009469,27.48781178,23.16952499,38.24518055,57.30275957,40.85145779,80.35684992,89.88400748,93.06765369,11.94713706,21.44060157,22.35227996,128.4720042,69.64935186,101.2356718,12.89414952,22.88072616,24.15187761,35.16727419,59.37214349,25.31900409,1,1,1,0,1,1,1,1,0,1,1,1,0,1,1,0,0,0,0,0,0,0,0,ENSMUSG00000020974,ENSG00000100479
Sptb,1.52587465,NA,1.251283009,-1.186464781,-2.471449923,-1.557837992,0.013157529,0,0,0,0,0,0,1.159393614,0,0,414.3207792,138.7531615,418.6404524,114.0351998,771.6374766,718.9658602,508.5245179,586.9612998,410.6324648,349.1060429,385.4701658,186.3347244,149.1692039,168.4524532,1723.801205,1162.557063,3201.081777,360.508175,369.6773291,366.6107339,1860.441573,1240.643819,3458.803105,601.6455287,698.2164075,927.5195166,1,1,1,1,0,1,1,0,1,1,1,0,1,1,1,1,0,1,0,0,0,0,0,ENSMUSG00000021061,ENSG00000070182
Fut8,-0.972093529,0.369429719,-2.253383657,-0.533791889,-1.342789421,-0.130945596,0.765115896,510.7519662,797.7850978,552.5967155,244.1268977,331.8711044,499.4189819,220.2847866,348.3499098,250.7397855,3193.980335,3965.37337,1995.253456,2658.388578,630.4842796,686.5800106,554.7540195,604.9820414,1641.523407,1608.885172,1263.252772,975.9281193,977.2495281,1164.276348,2035.280135,2402.935569,2192.876308,718.3944724,1112.603749,780.3992566,2196.610471,2564.336199,2369.426309,1829.648725,2799.990287,1886.265805,1,1,1,0,1,1,1,0,1,1,1,0,1,1,1,0,0,0,1,1,0,0,0,ENSMUSG00000021065,ENSG00000033170
Pygl,4.425630052,NA,0.783006938,0.620610839,0.976630552,0.27754861,0.723503883,47.30972844,0,0,14.97711029,1827.828315,42.51464154,11.59393614,80.38844072,47.93554722,91.98539687,101.2287216,108.10646,101.2632574,143.5057502,198.6332106,161.1785327,189.2177874,138.8903925,143.6976894,125.6967932,258.5394302,172.1183122,199.1647789,64.85588691,94.49746619,71.76258303,116.6735548,190.196307,147.43059,69.99681167,100.844682,77.54023866,110.2541569,71.24657219,118.9993192,1,1,1,1,0,1,1,1,0,1,1,1,0,1,1,0,0,0,0,1,0,0,0,ENSMUSG00000021069,ENSG00000100504
Hif1a,2.311403527,0.037404685,2.474400883,0.472144702,0.559632853,0.421228716,0.038662576,556.1306853,736.885472,218.7014191,2600.026346,5701.687659,1406.568743,1421.41657,2386.022125,1493.376663,1793.328746,1980.068701,2519.098182,2184.002146,9619.590371,9969.444022,12894.28262,14627.69344,2230.297897,2596.255799,2778.946603,3584.614261,3721.580395,3244.338408,1942.26314,2414.052918,1954.059843,2977.142056,3154.758463,3170.740557,2096.220307,2576.200279,2111.382564,3104.224797,2636.123171,3343.796474,1,1,1,1,0,1,1,1,0,1,1,1,0,1,1,1,1,0,1,1,1,1,0,ENSMUSG00000021109,ENSG00000100644
Pals1,0.145911839,0.968454838,0.375219463,-0.471304403,-0.478627704,-0.131834787,0.684826085,260.6862587,436.1350124,111.8549243,202.1909889,221.2474029,196.6942452,199.9953984,488.1558937,486.7301718,950.7734298,1058.53827,964.9771261,835.6499441,1142.164619,1034.188129,1398.130063,1369.576366,919.8972374,911.5546676,1023.381391,625.3859189,745.8460195,685.9086077,1366.24046,1631.073912,1325.843132,972.7166031,1154.571948,975.0076355,1474.538098,1740.630057,1432.587688,1359.167624,1446.305415,1438.963399,1,1,1,1,0,1,1,0,1,1,1,0,1,1,1,0,0,0,1,1,0,0,0,ENSMUSG00000021112,ENSG00000072415
Pcnx1,0.099070683,0.986410008,-0.353396656,-0.463546605,-0.578880347,-0.265493888,0.21126044,159.3082692,675.9858462,109.3507096,70.39241834,188.7707199,700.7232485,375.063834,459.029647,228.6156867,2306.5918,2561.261189,2824.553347,2672.072801,2245.512108,2066.217202,1684.253194,2116.149949,4139.537568,3415.24447,4486.328044,2920.796806,3330.489341,2480.252971,4137.976258,4751.078489,4525.748474,2666.449556,3446.749977,2865.0678,4465.980787,5070.199431,4890.119641,3674.504919,4446.973548,3882.247294,1,1,1,0,1,1,1,0,1,1,1,0,1,1,1,0,0,0,1,1,0,0,0,ENSMUSG00000021140,ENSG00000100731
Zmynd11,-0.220982913,0.954085537,-0.32439337,-0.362942333,-0.539657969,-0.104740425,0.754970908,1041.77953,503.5930594,139.4012862,636.5271871,396.8244704,515.2979444,467.2356263,731.6513156,140.1192919,1450.895714,1541.992682,1551.218869,1751.580669,1230.385367,1210.151245,1328.161087,1258.877524,1541.884647,1452.84535,1471.699954,1113.349979,1142.67435,1215.463557,1890.207757,1970.947152,2079.938472,1166.735548,1643.010352,1273.800298,2040.038656,2103.331938,2247.39577,1778.323514,2125.522737,2039.023796,1,1,1,0,1,1,1,0,1,1,1,0,1,1,1,0,0,0,1,1,0,0,0,ENSMUSG00000021156,ENSG00000015171
Esyt2,-1.397064522,0.55323843,-0.961872455,-0.618247116,-0.989527912,-0.080642898,0.846681075,3459.403204,4334.64798,1798.860909,998.9732561,483.0906596,3596.841119,1038.236981,1034.564281,129.0572425,11202.89375,14103.08077,8402.556464,13376.78508,5156.796795,5643.77405,7165.572752,6206.858306,8156.287978,6427.606462,7002.358855,4430.108074,4062.948381,5568.23772,8112.959432,9926.204432,7637.421131,3553.955136,5319.246013,4056.306967,8756.048534,10592.92878,8252.315236,8361.257055,9953.146135,7792.345493,1,1,1,0,1,1,1,0,1,1,1,0,1,1,1,0,0,0,1,1,0,0,0,ENSMUSG00000021171,ENSG00000117868
Rps6ka5,-1.223807992,0.518318614,-0.506308031,-0.516532536,-0.954775044,-0.456788878,0.046663682,202.755979,591.1948288,142.7402392,101.8443499,97.43004899,250.4778279,69.56361682,221.3594745,58.99759658,377.9904123,420.6227914,301.1018852,359.4389497,230.5502217,265.5639664,294.8692536,235.5568374,382.4518055,339.4086528,357.1883874,237.5767737,216.1041031,299.6778449,598.21022,756.7738259,671.7448346,205.8173945,407.1808263,429.5144523,645.6284866,807.6048901,725.8274799,518.954911,575.9097919,494.5645466,1,1,1,0,1,1,1,0,1,1,1,0,1,1,1,1,0,1,1,1,0,0,0,ENSMUSG00000021180,ENSG00000100784
Lgmn,1.609178161,0.324855304,0.724268711,0.815853712,1.239741625,0.323563373,0.194056462,1042.745035,860.5585582,327.2173905,1932.047227,6112.720678,825.7060501,1126.930593,1746.409748,1865.798992,1714.48412,2263.683654,2470.486552,1733.335037,3524.124817,3065.860425,3306.034089,3623.456269,1696.878274,2787.558858,2428.043055,4088.882609,4085.897489,3995.394373,755.2297357,852.0653884,867.0331752,2245.638196,1809.990208,1788.824493,815.0944517,909.2970063,936.8386212,1255.566735,961.8287246,1109.816346,1,1,1,1,0,1,1,1,0,1,1,1,0,1,1,0,0,0,1,1,0,0,0,ENSMUSG00000021190,ENSG00000100600
Fcf1,-0.185999075,0.943712767,0.660388945,0.491506835,0.723319648,0.271512326,0.592703779,137.101662,212.6802316,203.6761308,125.8077264,115.6981832,187.986427,139.1272336,173.59243,235.9903863,336.2491398,376.1170604,310.5339924,372.2108921,548.1449148,495.5034982,577.2440474,583.0997123,264.6969075,294.4480261,298.5298839,390.1383293,468.5442943,347.1423482,151.8993141,147.7019219,156.4659597,247.7674366,282.1691691,222.1287557,163.939901,157.6227802,169.0631433,182.489639,242.2383454,168.7933606,1,1,1,1,0,1,1,1,0,1,1,1,0,1,1,0,0,0,1,1,0,0,0,ENSMUSG00000021243,ENSG00000119616
Degs2,-3.709013872,0.228829121,-3.289923067,-0.50010504,-0.88164094,-0.457845603,0.220015057,6331.779573,12579.05194,8470.923669,320.5101601,35.52137203,3424.22143,384.3389829,20.97089758,0,4226.690337,5423.590558,4586.180762,4473.828958,474.0394864,820.4415221,297.3681456,319.2245665,3248.827442,2548.650429,3010.438197,2022.896352,1734.570102,2469.084852,273.9307855,355.7551668,221.169928,110.1188607,219.6633405,130.7217898,295.6444282,379.6505674,238.9764732,246.1709193,230.3639167,191.5804643,1,1,1,0,1,1,1,0,1,1,1,0,1,1,1,0,0,0,1,0,0,0,0,ENSMUSG00000021263,ENSG00000168350
Tnfaip2,4.723248475,0.030887007,3.301060573,1.105176557,1.51096172,1.166303364,0.000908483,25.10312121,0.46845866,0.834738241,251.6154528,469.8970071,164.4240956,233.0381164,258.6410701,0,166.9650901,201.5847818,191.5443318,168.7720957,1292.728029,1586.906628,1974.124664,2332.398849,191.2259027,168.381955,274.4379985,534.5477407,351.8863272,476.5063869,104.1107658,118.3203568,65.88040409,216.304905,272.3468246,337.1246159,112.3633029,126.267711,71.18448139,250.9232537,166.2420018,281.0409454,1,1,1,1,0,1,1,1,0,1,1,1,0,1,1,1,1,0,0,0,1,1,0,ENSMUSG00000021281,ENSG00000185215
Kif26a,-1.933429351,0.535776757,-3.162908715,-0.434865911,-0.833492739,-0.271432213,0.248688518,201.7904744,600.564002,70.11801224,43.43361983,28.41709762,294.0169186,46.37574455,41.94179516,0,3594.387357,3814.402949,3095.907817,2884.634414,344.6490558,537.6051027,274.8781178,335.9581124,3374.633957,3030.875191,2935.020121,2415.363866,2318.81615,2176.85242,1608.596669,1832.774386,1683.479612,630.5615716,1224.2213,1017.271071,1736.105132,1955.87837,1819.01773,1350.613422,1687.356318,1530.111814,1,1,1,0,1,1,1,0,1,1,1,0,1,1,1,0,0,0,1,0,0,0,0,ENSMUSG00000021294,ENSG00000066735
Gpr132,3.659383859,NA,3.742518112,2.584299548,4.619553714,4.979148858,9.25233E-08,1.931009324,23.89139166,3.338952964,0,720.576404,0,0,18.64079785,0,0.772986528,3.490645572,2.176640134,6.385971188,24.70180946,55.05594425,42.48116366,43.76465832,2.012904239,7.934228248,7.332312937,39.59612894,31.5550239,33.50435533,5.120201598,0,0,35.39534809,42.86113961,54.05788302,5.526064079,0,0,79.83921708,32.06095749,70.89321146,1,0,1,1,0,0,1,1,0,0,1,1,0,0,1,1,1,0,0,0,0,0,0,ENSMUSG00000021298,ENSG00000183484
Hivep1,0.066720483,0.992708987,0.594782081,-0.559364483,-0.872915029,-0.334792337,0.089024222,107.1710175,492.8185102,24.20740899,97.35121686,81.19170749,296.065817,239.994478,591.8453317,0,1162.571739,793.2492063,1203.681994,948.7728623,1715.011343,1393.671059,1348.152223,1750.586333,1995.794553,1675.885322,2032.098157,1339.280832,1309.055386,1221.978293,3232.553942,3278.029752,3586.952715,1396.149841,2100.195841,2012.918989,3488.788455,3498.2088,3875.740781,2524.440007,3100.413333,2987.642483,1,1,1,1,0,1,1,0,1,1,1,0,1,1,1,0,0,0,1,0,0,0,0,ENSMUSG00000021366,ENSG00000095951
Kif13a,0.552132984,0.882686876,-0.623678081,-0.421151931,-0.627200786,-0.213950042,0.393256855,75.30936364,98.84477724,139.4012862,41.9359088,37.55116471,197.2064698,117.098755,158.4467817,372.4223284,1079.089194,944.2196273,1197.152074,778.1762034,759.8747102,573.2295372,612.2285351,651.3210914,1359.716814,1232.450121,1255.920459,903.7234135,910.3146289,1058.179222,1279.197033,1420.638378,1235.257577,768.2101475,924.1933228,854.1145517,1380.595009,1516.059967,1334.709026,1158.619115,1274.126199,1217.844097,1,1,1,0,1,1,1,0,1,1,1,0,1,1,1,0,0,0,1,1,0,0,0,ENSMUSG00000021375,ENSG00000137177
Id4,2.823743571,0.318902115,-0.618934694,-1.203011789,-1.806239116,-0.898128961,0.025828452,8.689541958,14.99067712,9.182120651,4.493133086,271.9922201,142.9106625,13.91272336,31.45634637,0,344.7519916,164.0603419,380.1864767,259.0879739,203.4958589,189.9969841,188.6663445,166.0482624,228.4646312,214.2241627,173.8805639,92.00277019,115.7017543,60.4939749,498.3662889,249.3462553,510.5731317,102.2532278,119.6540147,136.6190134,537.870237,266.0943709,551.6797308,184.3905728,181.6787591,358.6858913,1,1,1,0,1,1,1,0,1,1,1,0,1,1,1,1,0,1,0,0,0,0,0,ENSMUSG00000021379,ENSG00000172201
Fam217a,1.812773897,NA,-2.741744381,-0.54068276,-1.183678882,-0.53611431,0.431351715,0,0,0,2.995422057,0,0,0,0,0,235.7608911,224.273978,235.8026812,258.1756923,31.75946931,55.05594425,33.73504173,20.59513332,193.238807,171.9082787,173.8805639,117.6237948,109.0082644,143.3241867,69.97608851,60.35132295,70.58614724,18.35314346,37.50349716,31.45185921,75.52287575,64.40500697,76.26908721,61.78034655,43.93538618,43.04230696,1,1,1,0,1,1,1,0,1,1,1,0,1,1,1,0,0,0,0,0,0,0,0,ENSMUSG00000021414,ENSG00000145975
Syk,23.64184746,NA,0.86895299,0.970532063,2.058848686,1.680708522,1.00359E-06,0,0,0,0,995.6133131,0,0,38.44664556,0,115.1749927,137.8805001,96.49771261,99.43869422,214.0823487,196.474154,186.1674525,222.6848791,118.7613501,178.960926,181.2128769,357.5297525,273.4768738,308.9846102,92.16362876,131.0258985,96.46773456,335.6003375,494.6889863,503.2297474,99.46915343,139.8266599,104.2344192,372.583013,201.8652879,526.6352852,1,1,1,1,0,1,1,1,0,1,1,1,0,1,1,1,1,0,0,0,0,0,0,ENSMUSG00000021457,ENSG00000165025
Ptch1,0.644536103,0.899947864,-0.997532691,-0.54563155,-0.723469663,-0.330501301,0.182983523,70.48184033,87.6017694,23.37267075,35.94506469,76.11722577,142.3984379,107.8236061,202.7186766,0,1173.39355,950.328257,996.1756346,924.1412591,459.9241667,566.7523673,526.0167618,472.4008706,1230.890942,1290.634462,989.8622465,789.5933948,687.5170359,928.8151838,1438.776649,1545.311506,1477.603349,869.1524365,892.9404085,939.6242939,1552.824006,1649.107152,1596.566225,1021.751885,1388.120715,1406.892661,1,1,1,0,1,1,1,0,1,1,1,0,1,1,1,0,0,0,1,0,0,0,0,ENSMUSG00000021466,ENSG00000185920
Habp4,-1.140723992,0.781341031,-0.592274669,-0.307843792,-1.13147385,-0.393065416,0.177190899,43.44770979,416.9282073,58.43167687,10.4839772,54.80440256,263.7956674,86.95452103,40.77674529,11.06204936,1300.163341,1338.662577,1226.899489,1247.088945,833.9801385,884.1336929,850.8727192,821.2309413,873.6004399,861.3045553,834.8362015,694.0968485,658.8306506,723.1356691,497.5129219,530.4563648,551.7483842,191.3970675,271.4538842,255.5463561,536.9492264,566.0861139,596.1700317,426.7596246,516.5376484,352.7781237,1,1,1,0,1,1,1,0,1,1,1,0,1,1,1,0,0,0,1,1,0,0,0,ENSMUSG00000021476,ENSG00000130956
Prxl2c,-1.240347613,0.376339622,-1.368278717,-0.563903461,-1.032970402,-0.270366758,0.347381039,1713.770775,1848.069413,4741.313209,1625.016466,1104.207222,1581.23733,1353.012347,933.2049423,427.7325752,1507.32373,1517.558163,1409.73726,1706.87887,595.1959804,613.172085,516.0211939,653.8954831,1220.826421,1190.134237,1048.52075,730.1992014,701.8602286,907.4096234,1962.743946,2506.168095,2061.115499,929.4556221,1186.717803,1073.294696,2118.324564,2674.502658,2227.057346,1571.121736,2187.269766,2064.3428,1,1,1,0,1,1,1,0,1,1,1,0,1,1,1,0,0,0,1,1,0,0,0,ENSMUSG00000021482,ENSG00000158122
Ddx41,1.142105201,0.627212598,0.507352876,0.549377553,0.579129686,0.189924422,0.703238935,888.2642891,371.956176,98.49911243,1410.843789,1629.923528,463.0510356,469.5544135,462.5247966,1563.436309,490.8464455,539.3047409,507.1571512,473.4741495,708.1185379,706.0115204,712.1842143,732.4144289,451.8970018,509.5537697,470.3155012,709.2365449,762.1016379,625.4146328,206.5147978,217.5824012,230.5814143,346.087848,324.1373683,307.6384979,222.8845845,232.1969988,249.1456849,278.4867929,302.7979318,222.807236,1,1,1,1,0,1,1,1,0,1,1,1,0,1,1,0,0,0,1,1,0,0,0,ENSMUSG00000021494,ENSG00000183258
Nkd2,-2.094207367,0.469130841,-1.08189956,-0.613777047,-1.080241486,-0.462814031,0.160887201,361.0987436,390.6945224,30.88531492,127.3054374,16.2383415,126.0072508,81.15755296,13.98059839,0,391.1311833,397.0609338,617.4402513,632.2111476,284.6589471,200.7922673,257.3858739,220.1104874,584.7486816,679.6988866,545.7335772,362.1881206,296.4259821,523.9708903,296.9716927,435.1648023,291.7560753,141.5813924,172.3374988,170.0366139,320.5117166,464.3939976,315.2455604,279.4372598,261.2374314,259.0978086,1,1,1,0,1,1,1,0,1,1,1,0,1,1,1,0,0,0,1,0,0,0,0,ENSMUSG00000021567,ENSG00000145506
Trip13,9.116713138,0.00099297,-1.804519659,1.541405974,3.672058221,1.109465788,0.28056464,0,0,0,71.89012937,219.2176102,0.512224597,117.6784518,32.62139623,0,18.55167668,27.05250318,21.76640134,20.98247676,3.528829923,4.318113274,8.74612193,9.01037083,13.08387756,6.171066415,5.237366384,27.95020867,20.08046976,23.26691342,14.50723786,14.29373438,9.411486298,225.4814767,91.07992167,178.8824493,15.65718156,15.25381744,10.16921163,39.91960854,17.81164305,31.22677172,1,1,0,0,1,0,1,1,0,0,1,1,0,1,1,0,0,0,0,0,1,1,0,ENSMUSG00000021569,ENSG00000071539
Glrx,-0.407616619,0.878725596,3.606791758,0.632888076,1.140054825,0.884683344,0.023615812,609.2334417,906.9359656,1862.301016,700.9287614,1507.12107,603.4005751,754.7652425,880.7776983,645.2862126,323.8813554,347.3192344,288.7675911,314.7371514,3179.475761,3628.294679,3628.391155,5089.572323,254.6323863,235.3821047,277.5804183,372.6694489,429.3395676,386.2307628,69.12272157,80.20373181,58.82178937,171.7329852,159.8363331,129.7389192,74.60186507,85.59086453,63.55757267,157.7775004,116.3694012,140.0984893,1,1,1,1,0,1,1,1,0,1,1,1,0,1,1,1,1,0,1,1,0,0,0,ENSMUSG00000021591,ENSG00000173221
Vcan,5.685730949,0.02008307,1.587627182,2.151684692,2.514329729,0.702981961,0.003387748,0,0,78.46539465,455.3041527,1832.902797,40.46574315,2156.472121,2052.817863,1530.250161,52.56308392,32.28847154,82.71232509,42.87723512,142.3294736,117.6685867,192.4146825,184.0690041,126.8129671,158.684565,152.9310984,703.4135848,570.8590688,676.6018423,622.9578611,544.7500992,643.5103757,5566.246222,2051.977059,2730.414528,672.3377963,581.3399314,695.319845,1367.721826,841.8969947,959.5902552,1,1,1,1,0,1,1,1,0,1,1,1,0,1,1,1,1,0,0,1,1,1,0,ENSMUSG00000021614,ENSG00000038427
Ocln,-1.758161349,0.236877146,-1.185396312,-0.531796172,-0.904871911,-0.183236623,0.506261635,2378.037983,1108.373189,1318.051682,672.4722518,69.01295137,698.1621255,472.4528976,627.9618775,298.6753327,9367.05075,12029.6373,10843.2956,13307.45167,5504.97468,6014.052263,3995.728276,4510.334198,8989.630333,7676.80662,7872.809148,5524.82458,5549.859355,5897.697214,6537.644074,8188.721608,6908.030943,2926.015442,5137.979111,3487.22489,7055.862818,8738.742525,7464.201334,6542.063466,7668.506053,6278.269048,1,1,1,0,1,1,1,0,1,1,1,0,1,1,1,0,0,0,1,1,0,0,0,ENSMUSG00000021638,ENSG00000197822
Btf3,0.436276621,0.887984807,0.5442068,0.63063531,0.637534001,0.317285831,0.380448073,2691.826998,3643.202998,5836.489781,4006.377001,2176.952657,4406.668207,4661.342024,5600.394704,12094.5073,2366.111763,2877.164613,2298.531981,2938.459028,3725.268122,3571.079678,3894.523151,4089.421161,1399.974899,1448.437446,1587.969488,2208.066485,2472.766419,2186.159185,226.9956042,231.8761355,197.6412123,350.0206645,385.7502565,286.9982153,244.9888408,247.4508163,213.5534442,283.2391273,279.0490744,318.1754848,1,1,1,1,0,1,1,1,0,1,1,1,0,1,1,0,0,0,1,1,0,0,0,ENSMUSG00000021660,ENSG00000145741
Polk,-0.068441961,0.988294603,-2.202438091,-0.914850178,-0.861083317,0.047478755,0.92198619,377.5123228,631.4822735,106.8464948,191.7070117,183.6962382,336.0193355,177.9669197,390.291705,855.4651504,2371.522669,2636.310068,2099.732183,2513.335803,571.6704476,588.3429336,402.3216088,526.4630956,2633.885197,1858.372572,1937.825562,1022.5118,1126.418732,1260.136031,1926.049168,2374.3481,2328.166423,1000.246318,1427.811713,1217.776674,2078.721104,2533.828564,2515.608726,2178.470066,2959.107632,2231.448227,1,1,1,0,1,1,1,0,1,1,1,0,1,1,1,0,0,0,1,1,0,0,0,ENSMUSG00000021668,ENSG00000122008
Cert1,-1.103953857,0.401887339,-1.035132692,-0.785239882,-0.846766685,-0.075952444,0.848958882,734.7490478,1257.811502,361.4416583,356.4552248,215.1580249,499.4189819,410.4253392,448.5441982,258.114485,4847.398519,5005.585751,4716.053624,5509.268572,2219.634022,2299.395319,2792.511788,2486.862349,5728.725465,4009.430008,4450.713953,2588.888078,2693.651586,2949.313945,6934.459698,8511.124728,7559.776369,3270.792352,5259.419006,4257.795441,7484.132785,9082.800852,8168.41924,6840.510063,8757.391165,7871.678373,1,1,1,0,1,1,1,0,1,1,1,0,1,1,1,0,0,0,1,1,0,0,0,ENSMUSG00000021669,ENSG00000113163
Scamp1,-1.147448566,0.174752682,-0.396495944,-0.463585594,-0.871224964,-0.352850686,0.06556131,2631.965709,1729.549372,2782.182557,1066.370252,1322.409936,1386.591984,733.8961575,1012.428333,925.5247963,3431.287199,3900.796427,3516.72491,4239.372587,2698.378615,2968.702876,3069.888797,2723.706382,2662.065857,2714.387642,2641.727604,1881.980717,1940.155864,1991.647789,2652.264428,3174.003129,2568.159324,1375.17482,1760.878486,1451.699877,2862.501193,3387.194906,2774.923623,2246.903681,2421.196012,2401.085555,1,1,1,0,1,1,1,0,1,1,1,0,1,1,1,0,0,0,1,1,0,0,0,ENSMUSG00000021687,ENSG00000085365
Jmy,0.574301496,0.850611742,-1.059302565,-0.804360536,-0.773841759,-0.201483641,0.402453617,191.1699231,269.8321881,75.96117993,100.3466389,120.7726649,483.0277948,291.007797,233.0099731,372.4223284,1627.136642,1720.888267,1596.928312,1513.475172,764.5798167,752.4312381,825.8837994,756.8711497,1819.665432,1637.095762,1551.307923,909.5463737,870.1536894,1087.030195,2476.47084,2879.393382,2570.512195,1482.671803,1634.973888,1517.552207,2672.772993,3072.79678,2777.465926,2324.841964,2645.622714,2444.127862,1,1,1,0,1,1,1,0,1,1,1,0,1,1,1,0,0,0,1,1,0,0,0,ENSMUSG00000021690,ENSG00000152409
Serinc5,-0.575112537,0.86994935,-0.601659746,-0.384578016,-0.523837696,-0.337223908,0.218842127,3241.19915,2123.991564,2783.017295,4009.372424,1434.048534,1136.62638,1139.104225,2937.090711,280.2385837,2592.596816,3383.308221,2125.851864,2872.774753,1516.22059,1692.700404,2020.354166,2002.876716,1957.549373,1861.017315,1653.960304,1317.153583,1432.406843,1441.617956,1599.209632,1769.246678,1342.313233,1157.558977,1015.273244,1106.712296,1725.974014,1888.083625,1450.383808,1351.563889,1572.17436,1090.40511,1,1,1,0,1,1,1,0,1,1,1,0,1,1,1,0,0,0,1,1,0,0,0,ENSMUSG00000021703,ENSG00000164300
Rasgrf2,-0.510927641,0.896738414,-0.563464529,-0.807888479,-1.830168313,-0.793375852,0.000526709,575.4407786,926.1427706,135.227595,244.1268977,81.19170749,615.6939654,314.1956693,647.7677252,394.5464271,479.2516475,413.6415003,468.7031755,508.1408503,299.9505435,334.6537788,364.8382291,265.1623416,530.4002671,358.803433,403.2772115,231.7538135,190.2863563,315.499346,722.8017923,921.9458676,710.5672155,149.4470253,216.9845193,293.8783095,780.0960458,983.8712249,767.7754779,604.4969293,413.2301187,443.0825716,1,1,1,0,1,1,1,0,1,1,1,0,1,1,1,1,0,1,1,1,0,0,0,ENSMUSG00000021708,ENSG00000113319
Nr1d2,-1.175305331,0.528459119,-0.621581669,-0.428031662,-0.95684421,-0.137771944,0.718079892,609.2334417,1684.577341,1075.977593,200.6932778,428.286257,924.0531727,254.4868982,912.2340447,261.8018348,3035.518097,3583.14768,3026.255333,4615.232606,1683.251873,2351.212678,2381.444057,2852.425966,2577.523879,2267.426117,2366.242132,1704.962729,1655.204436,1998.162525,1179.353101,1433.34392,1182.317966,583.3677741,634.8806304,736.1700796,1272.83676,1529.618916,1277.507211,1057.869626,1426.118887,1227.971699,1,1,1,0,1,1,1,0,1,1,1,0,1,1,1,0,0,0,1,1,0,0,0,ENSMUSG00000021775,ENSG00000174738
Ogdhl,6.652852853,0.181041314,1.024753347,-1.37217264,-1.229099745,-0.992986767,0.012674413,0,0,0,1.497711029,63.93846965,14.34228871,0,0,0,366.3956144,161.4423577,294.5719648,184.2808829,656.3623657,450.1633088,401.0721628,543.1966414,390.5034224,344.6981383,383.3752193,153.7261477,163.5123966,115.4038906,315.7457652,223.1410756,518.8081822,175.6658016,114.2963723,161.1907784,340.7739516,238.1290389,560.577791,137.8176962,166.2420018,265.849543,1,1,1,1,0,1,1,0,1,1,1,0,1,1,1,1,0,1,0,0,0,0,0,ENSMUSG00000021913,ENSG00000197444
Gdf10,-5.693070287,0.277713126,-1.224548729,-2.541584982,-3.41431091,-1.815117418,0.053619232,20.2755979,0,11.68633537,0,0,0,0,0,0,41.74127253,21.81653483,42.80725597,27.36844795,9.410213129,25.90867965,12.4944599,9.01037083,30.19356359,31.73691299,26.18683192,5.822960139,4.781064228,4.653382684,46.93518132,13.49963803,48.23386728,1.310938818,2.678821226,5.897223602,50.65558739,14.40638314,52.11720959,4.75233435,17.81164305,10.97156844,1,1,0,0,1,1,0,0,1,1,0,0,1,1,0,0,0,0,0,0,0,0,0,ENSMUSG00000021943,ENSG00000266524
Hmbox1,0.4709207,0.905861469,-0.733869014,-0.516008217,-0.588478497,-0.171459695,0.494492833,497.2349009,402.8744475,97.66437419,317.5147381,88.2959819,672.0386711,576.7983228,843.4961026,265.4891846,1137.83617,1270.594988,1126.774043,1193.264331,709.2948146,690.8981239,730.9259041,711.8192955,1438.220079,1233.331702,1380.569779,954.9654628,938.0448015,939.9833022,1829.618704,1750.982462,1705.831892,976.6494196,1222.435419,1314.097993,1974.646898,1868.592637,1843.169607,1635.753483,1755.040562,1660.082702,1,1,1,0,1,1,1,0,1,1,1,0,1,1,1,0,0,0,1,1,0,0,0,ENSMUSG00000021972,ENSG00000147421
Extl3,1.283788667,0.374013414,-0.67895409,-0.712357314,-0.84263548,-0.278993683,0.201310757,204.6869883,336.8217765,104.3422801,435.8339093,429.3011534,186.9619779,572.7404452,631.4570271,896.025998,5480.474486,6345.120989,6112.005496,6710.743437,3642.928758,4212.319499,3984.483262,3553.947694,7745.655513,6348.264179,7252.704968,4141.289251,3979.757863,4905.596026,3529.525635,4034.009481,3297.549512,1815.650263,2110.911126,2128.89772,3809.300172,4304.966256,3563.037524,3153.649075,3525.517881,2949.663977,1,1,1,0,1,1,1,0,1,1,1,0,1,1,1,0,0,0,1,1,0,0,0,ENSMUSG00000021978,ENSG00000012232
Cdadc1,0.076393892,0.981202697,-0.445653297,-0.368460151,-0.555698053,-0.271203982,0.390431265,152.5497366,74.01646826,123.5412597,74.88555143,111.6385978,186.4497533,106.0845157,114.1748868,143.8066417,875.7937366,1007.923909,870.6560536,926.8781039,742.2305605,708.170577,618.475765,632.0131539,747.7939249,727.304256,740.5636066,593.9419342,544.0851091,578.8808059,422.4166318,468.5168492,479.9858012,298.8940506,324.1373683,308.6213685,455.9002865,499.9862383,518.629793,425.8091578,431.0417617,365.4376258,1,1,1,0,1,1,1,0,1,1,1,0,1,1,1,0,0,0,1,1,0,0,0,ENSMUSG00000021982,ENSG00000102543
Amer2,0.817715131,NA,1.113554339,-1.103339422,-1.990469886,-0.680615226,0.004496187,0,45.44049001,43.40638853,1.497711029,304.4689031,0,3.478180841,3.495149597,0,360.2117222,150.0977596,261.9223628,106.736947,643.4233227,385.3916097,333.6020793,541.9094456,349.2388855,241.5531711,289.1026244,122.2821629,168.2934608,118.1959202,1006.119614,844.1244249,1145.848457,182.2204957,300.0279773,268.3236739,1085.871592,900.8226633,1238.101516,518.954911,689.9043074,800.9244962,1,1,1,1,0,1,1,0,1,1,1,0,1,1,1,1,0,1,0,0,0,0,0,ENSMUSG00000021986,ENSG00000165566
Epsti1,-1.113959776,0.649995886,4.347083927,1.020183733,3.84781874,3.175840121,6.92247E-22,1098.744305,579.4833623,200.3371778,118.3191713,192.8303053,788.8258792,102.6063348,255.1459206,276.551234,55.65503004,82.03017095,56.59264348,70.24568307,1175.100364,1159.413414,1588.045853,1440.372137,28.18065935,32.61849391,31.4241983,53.57123328,74.58460195,58.63262182,52.90874985,52.4103594,28.2344589,680.3772467,650.0606174,626.0885724,57.10266215,55.93066395,30.50763488,528.4595797,249.3630027,532.5430528,1,1,1,1,0,1,1,1,0,1,1,1,0,1,1,1,1,0,1,1,0,0,0,ENSMUSG00000022014,ENSG00000133106
Akap11,0.866468558,0.666137287,0.470509677,-0.592759504,-1.208883427,-0.674083897,9.40176E-07,279.0308473,198.1580131,189.4855807,196.2001447,247.6347078,427.7075384,209.2705473,420.5830015,936.5868457,1354.272398,1315.973381,1662.953062,1820.91407,1940.856458,1894.572199,2360.203475,2332.398849,1758.271853,1429.042665,1683.289556,1056.284969,1067.133536,1104.713049,6237.258913,6329.742042,7042.144623,2745.105885,2816.334048,2920.108553,6731.667059,6754.898823,7609.1126,4332.227993,4570.467606,4317.734165,1,1,1,1,0,1,1,0,1,1,1,0,1,1,1,1,0,1,1,1,0,0,0,ENSMUSG00000022016,ENSG00000023516
Dpysl2,-0.024336053,0.99624411,-0.401384733,-0.519513542,-1.402114576,-0.754596344,1.56634E-07,6293.159387,2912.407489,1438.253989,5141.641961,6790.671435,2172.85674,2717.618631,2782.139079,1323.758573,2087.063626,1675.509875,2068.533674,2027.089711,1523.27825,1374.23955,1603.039205,1450.669704,1363.742622,1323.252956,1283.154764,865.2918766,1005.935913,897.1721815,5500.80325,5236.271362,6090.408071,2083.081782,1881.425441,2402.135747,5936.834842,5587.981789,6580.751074,3497.718082,3386.587065,3843.424821,1,1,1,0,1,1,1,0,1,1,1,0,1,1,1,1,0,1,1,1,0,0,0,ENSMUSG00000022048,ENSG00000092964
Tnfrsf10b,0.516915437,0.860825186,2.235373114,1.444375759,0.903096436,0.072713038,0.943573054,994.4698019,248.7515484,423.2122882,995.977834,1051.432612,496.8578589,297.9641587,932.0398924,995.5844423,108.9911005,125.6632406,113.9108337,116.7720446,577.5518308,415.6184027,557.2529115,641.0235247,119.7678022,153.3950795,183.3078234,435.5574184,551.7348119,255.0053711,71.68282237,81.79192452,78.82119775,127.1610654,137.5128229,169.0537433,77.36489711,87.28573313,85.16714738,92.19528639,62.9344721,106.3398172,1,1,1,1,0,1,1,1,0,1,1,1,0,1,1,0,0,0,1,1,0,0,0,ENSMUSG00000022074,ENSG00000120889
Ppp3cc,-0.606555807,0.8275361,-0.378827479,-0.390616817,-0.658800862,0.118551881,0.791291578,1063.986138,496.5661795,1082.655499,1037.913743,693.1742027,769.8735691,478.8295625,333.2042615,154.868691,877.3397096,1072.500852,1048.414998,1084.70282,752.8170503,799.9304841,785.9015277,800.635808,800.1294352,816.3439286,761.5130722,606.7524465,576.5963458,630.998692,389.9886884,401.8127554,435.2812413,239.9018037,292.884454,242.7690383,420.9018807,428.801757,470.3260378,446.7194289,530.7869628,455.7420737,1,1,1,0,1,1,1,0,1,1,1,0,1,1,1,0,0,0,1,1,0,0,0,ENSMUSG00000022092,ENSG00000120910
Gfra2,21.76706207,NA,0.492524146,-1.127767536,-2.198426653,-0.586252372,0.005799956,0,0,0,0,266.9177384,0,0,2.330099731,0,382.6283315,398.8062566,487.56739,421.4740984,572.8467242,553.7980274,692.1930784,561.2173831,361.316311,483.9879231,350.9035477,168.865844,123.3514571,255.0053711,564.0755427,688.4815394,568.2184853,115.362616,121.4398956,159.2250372,608.7880594,734.7255401,613.966152,460.976432,412.0426758,431.2670364,1,1,1,1,0,1,1,0,1,1,1,0,1,1,1,1,0,1,0,0,0,0,0,ENSMUSG00000022103,ENSG00000168546
Uchl3,0.262379831,0.935781068,3.044889968,2.024468993,1.038895587,0.347901789,0.625340406,27.9996352,92.75481466,79.30013289,83.8718176,62.92357331,55.32025646,89.85300506,125.8253855,62.68494636,190.154686,228.637285,223.4683871,319.2985594,1844.401773,1594.463327,2115.312061,2372.30192,105.6774726,158.684565,124.6493199,606.7524465,587.1146871,392.7454986,68.26935464,68.29228649,49.41030307,140.2704536,119.6540147,124.8245662,73.68085439,72.87935,53.38836104,82.69061769,80.74611515,91.99238154,1,1,1,1,0,1,1,1,0,1,1,1,0,1,1,0,0,0,1,1,0,0,0,ENSMUSG00000022111,ENSG00000118939
Acod1,NA,NA,13.24113492,4.999903193,7.174750655,7.3827716,1.33199E-09,0,0,0,0,0,0,0,0,0,0,0.872661393,0,0,1809.113474,1967.980125,2570.110401,3255.318261,1.00645212,0,1.047473277,34.93776083,16.25561837,12.09879498,1.706733866,0,0,121.9173101,42.86113961,99.26993063,1.84202136,0,0,102.650422,81.93355802,141.7864229,1,0,1,1,0,0,1,1,0,0,1,1,0,0,1,1,1,0,0,0,0,0,0,ENSMUSG00000022126,ENSG00000102794
Fyb1,3.821271214,NA,1.204054041,1.35762105,2.61657873,2.205580787,2.72761E-12,29.93064452,48.25124197,11.68633537,65.89928526,2329.187109,51.22245969,0,95.53408897,0,29.37348808,48.86903801,39.17952241,25.54388475,56.46127877,71.24886903,117.4479231,84.95492497,30.19356359,67.00014965,56.56355694,143.2448194,96.5774974,155.4229817,98.99056423,87.350599,96.46773456,433.9207488,593.8053717,702.7524792,106.8372389,93.21777325,104.2344192,570.280122,242.2383454,587.400895,1,1,1,1,0,1,1,1,0,1,1,1,0,1,1,1,1,0,1,0,0,0,0,ENSMUSG00000022148,ENSG00000082074
Psme1,-1.213170685,0.298208872,2.151820321,0.757770808,0.504903988,0.640288846,0.000105508,3356.094205,5851.517121,10332.38995,1878.12963,2446.915085,4625.900334,2552.984737,2566.604854,2783.949089,2702.360903,3142.453676,2371.086653,3174.739962,13758.90787,11206.58348,11416.18801,14229.94993,1354.684553,1551.582413,1485.317106,2449.137034,2696.520224,2281.088192,2497.805013,3157.327106,2561.100709,4027.20405,4003.051851,3631.706868,2695.79826,3369.398786,2767.296714,4676.297,4171.486802,4920.326462,1,1,1,1,0,1,1,1,0,1,1,1,0,1,1,1,1,0,1,1,0,0,0,ENSMUSG00000022216,ENSG00000092010
Ripk3,-1.146891297,0.670508656,2.423409308,1.31527602,1.330249624,1.046349074,0.015406677,139.998176,126.0153795,113.5244008,58.41073011,40.59585375,113.2016359,74.20119128,52.42724395,0,79.61761242,93.37476906,93.59552576,98.52641262,489.3310827,399.4254779,477.2883682,592.1100831,89.57423865,74.93437789,103.6998544,235.2475896,241.9218499,188.927337,58.88231838,42.88120315,45.8809957,111.4297996,124.1187168,135.6361428,63.54973691,45.76145232,49.57490668,112.1550907,125.8689442,91.14841474,1,1,1,1,0,1,1,1,0,1,1,1,0,1,1,1,1,0,1,0,0,0,0,ENSMUSG00000022221,ENSG00000129465
Zscan26,0.097025169,0.986905982,-0.323856764,-0.446548621,-0.617026552,-0.315050001,0.241794884,234.6176329,303.092753,27.54636195,118.3191713,171.5174821,63.51585001,93.91088271,116.5049866,652.6609121,602.9294921,569.8478897,698.701483,676.0006644,489.3310827,517.0940646,479.7872601,549.6326206,942.0391841,729.9489988,807.6018964,538.0415168,652.1371606,627.2759858,683.5469133,601.9250368,592.9236368,334.2893987,471.4725357,416.7371345,737.7295546,642.3552011,640.6603325,599.744595,504.6632197,519.8835507,1,1,1,0,1,1,1,0,1,1,1,0,1,1,1,0,0,0,1,1,0,0,0,ENSMUSG00000022228,ENSG00000197062
Sema5a,3.037817354,0.202530495,0.941289646,-0.957280628,-1.754246378,-0.7036571,9.58678E-05,51.17174709,94.6286493,6.677905928,35.94506469,706.3678552,14.85451331,159.4166219,223.6895742,1371.69412,458.3810113,472.982475,555.7687809,560.1409014,1178.629194,968.3369018,827.1332454,956.3865038,931.9746629,666.4751728,677.71521,378.492409,291.6449179,501.6346534,913.1026183,1024.384297,842.3280237,225.4814767,268.775063,328.2787805,985.4814275,1093.19025,910.1444406,647.2679385,568.7851346,619.4716335,1,1,1,1,0,1,1,0,1,1,1,0,1,1,1,1,0,1,0,1,0,0,0,ENSMUSG00000022231,ENSG00000112902
Cmbl,0.862886064,0.848728725,-0.619018594,-1.220801727,-1.455463086,-0.902343021,3.08201E-05,67.58532634,40.75590341,32.5547914,52.419886,140.0556954,225.3788226,53.91180304,37.2815957,0,544.9555025,718.2003265,496.9994973,512.7022583,337.591396,416.697931,433.5577585,290.9062582,371.3808322,689.3962766,416.8943641,215.4495251,100.4023488,318.2913756,937.8502594,1480.989701,985.8531898,363.1300527,470.5795953,406.9084285,1012.190737,1580.464974,1065.224918,686.2370801,605.5958636,665.8898077,1,1,1,0,1,1,1,0,1,1,1,0,1,1,1,1,0,1,1,0,0,0,0,ENSMUSG00000022235,ENSG00000164237
Tars1,1.099517104,0.422809427,0.885430522,0.753827605,1.319920734,0.45790525,0.131088896,709.6459266,421.6127939,348.0858465,1311.994861,947.913185,475.3444259,857.3715773,824.8553048,1928.483938,882.7506153,1063.774238,917.0910431,1015.369419,1779.706558,1660.314554,1826.690037,1897.326658,752.8261855,809.2912813,875.6876593,1501.159124,1375.990285,1235.007764,241.502842,321.6090236,350.5778646,1006.801012,656.3112002,618.2256076,260.6460224,343.2108924,378.8031331,452.4222301,398.9808043,494.5645466,1,1,1,1,0,1,1,1,0,1,1,1,0,1,1,0,0,0,1,1,0,0,0,ENSMUSG00000022241,ENSG00000113407
Brix1,-0.105234618,0.97363788,0.852960925,0.639746427,0.596578425,-0.019927453,0.98034307,273.2378194,387.4153117,616.0368218,265.0948521,257.7836713,536.2991529,300.2829459,453.2043977,564.1645173,520.9929201,619.5895891,591.3205697,644.98309,1068.05919,913.2809575,1150.739757,1161.050641,434.7873157,441.6720391,429.4640435,698.7552167,719.0720598,617.9692205,277.3442532,291.4333621,227.0521069,500.7786286,354.4973422,352.8505455,299.328471,311.0083889,245.3322305,337.4157389,292.110946,216.8994684,1,1,1,1,0,1,1,1,0,1,1,1,0,1,1,0,0,0,1,1,0,0,0,ENSMUSG00000022247,ENSG00000113460
Ank,#N/A,#N/A,-0.835682044,-0.358193521,-1.002004356,-0.565042571,0.002362391,#N/A,#N/A,#N/A,#N/A,#N/A,#N/A,#N/A,#N/A,#N/A,1839.707937,1826.480296,1538.159028,2131.089814,1037.475997,1142.140961,1022.04682,906.1858663,1239.949011,1131.949897,1189.929642,861.7981005,951.4317813,963.2502157,849.9534653,873.50599,988.2060613,485.0473628,412.5384687,457.0348291,917.3266371,932.1777325,1067.767221,684.3361464,626.9698353,658.2941064,1,1,1,0,1,1,1,0,1,1,1,0,1,1,1,1,0,1,0,0,0,0,0,ENSMUSG00000022265,#N/A
Pabpc1,0.78481604,0.817281554,0.371674977,0.436437467,0.763631107,0.371224107,0.063705485,1352.672031,6026.72066,323.0436993,2376.867402,4073.793923,5641.129485,8014.888051,3989.13074,2444.712908,3900.490022,4355.453013,4472.269929,4956.425924,5616.720961,5264.85961,5476.321774,6523.508481,3903.02132,3866.613899,4734.579211,5817.137179,5758.313756,5344.875351,4299.262608,5654.760141,4586.923135,8519.79138,8785.640679,7384.30682,4640.051805,6034.579667,4956.219517,6176.133721,7242.214063,6803.2164,1,1,1,1,0,1,1,1,0,1,1,1,0,1,1,0,0,0,1,1,0,0,0,ENSMUSG00000022283,ENSG00000070756
Rrm2b,0.258365772,0.899947864,-0.526881094,-0.599721079,-0.695962681,-0.188433288,0.638532986,292.5479126,232.823954,313.8615786,293.5513616,264.8879457,338.5804585,301.4423396,473.0102454,335.5488305,780.7163936,836.0096145,909.835576,994.3869422,555.2025746,594.8201035,672.2019426,621.7155872,730.6842389,588.0144712,541.5436841,412.2655778,381.5289254,433.6952662,625.5179619,843.3303285,650.5689904,429.9879324,393.7867201,485.5380765,675.1008283,899.975229,702.9467537,603.5464625,790.8369513,608.5000651,1,1,1,0,1,1,1,0,1,1,1,0,1,1,1,0,0,0,1,1,0,0,0,ENSMUSG00000022292,ENSG00000048392
Fzd6,-0.721997197,0.730365087,-2.701105137,-0.566445443,-0.535449442,-0.12819008,0.745208414,1623.978842,601.0324607,2109.383535,1250.588709,432.3458424,672.0386711,599.9861951,1244.273256,1058.269389,5362.207547,6867.845163,4682.678475,5769.268828,830.4513086,1073.051149,740.921472,841.8260747,3889.937443,3335.902188,3453.519393,2310.550583,2314.035086,2585.419419,2510.605517,3201.002405,2704.625875,1516.756213,2384.150891,1902.837482,2709.61342,3416.007672,2922.377191,2448.402657,3350.963779,2483.794302,1,1,1,0,1,1,1,0,1,1,1,0,1,1,1,0,0,0,1,1,0,0,0,ENSMUSG00000022297,ENSG00000164930
Slc25a32,-1.133914089,NA,-1.278965741,-0.486846038,-0.802049759,-0.342943639,0.134040891,5.793027972,0,0,0,0,0,0,4.660199462,0,1181.123415,1291.538862,1105.007641,1413.124196,528.1482119,489.0263283,547.2573436,491.7088081,1126.219922,822.514995,1007.669292,676.6279681,701.8602286,729.6504049,981.371973,1022.002008,978.794575,519.131772,610.7712394,578.9107836,1059.162282,1090.647947,1057.598009,895.3397915,904.8314668,730.8752515,1,1,1,0,1,1,1,0,1,1,1,0,1,1,1,0,0,0,0,0,0,0,0,ENSMUSG00000022299,ENSG00000164933
Dcaf13,0.512582775,0.786111532,0.687925975,0.700943921,0.760711938,0.371545494,0.113694669,638.1985816,495.1608035,1008.363795,1532.158382,988.5090387,594.6927569,1056.207582,1046.214779,892.3386482,594.4266403,764.4513803,621.7935316,759.9305714,1096.28983,1008.27945,1033.291834,1275.61107,530.4002671,509.5537697,555.1608367,864.1272846,931.3513115,796.6591156,527.3807646,522.5154013,484.6915444,903.2368458,892.9404085,805.9538922,569.1846002,557.6117709,523.7143988,672.930544,782.5248512,682.7691437,1,1,1,1,0,1,1,1,0,1,1,1,0,1,1,0,0,0,1,1,0,0,0,ENSMUSG00000022300,ENSG00000164934
Oxr1,-1.33206875,0.168446009,-0.632282968,-0.571136344,-0.662483896,-0.337748919,0.099068182,2043.973369,1998.444643,3587.70496,1274.552085,897.1683678,1349.711813,983.1657844,1042.71963,508.8542705,1733.035796,1777.611258,2008.313297,2399.300604,1290.375475,1310.547379,1313.167735,1193.230537,1532.826578,1332.068765,1565.972549,906.0525976,1016.454255,1057.248546,1582.995661,1522.282712,1790.535268,1077.591709,1001.879138,1013.339589,1708.474811,1624.531557,1934.692512,1389.582564,1471.241716,1306.460611,1,1,1,0,1,1,1,0,1,1,1,0,1,1,1,0,0,0,1,1,0,0,0,ENSMUSG00000022307,ENSG00000164830
Sybu,-1.248653388,0.796273066,-1.004331869,-0.99603881,-1.583056463,-0.742667417,0.011162984,886.3332797,217.3648182,198.6677014,88.36495069,220.2325066,665.3797513,92.7514891,26.79614691,0,266.6803523,215.5473641,312.7106326,323.8599674,101.1597911,139.2591531,171.1741006,146.7403249,254.6323863,194.8293825,365.5681736,92.00277019,159.6875452,155.4229817,227.8489711,206.4650522,275.2859742,89.14383964,70.54229227,77.64677742,245.9098515,220.3329186,297.4494401,147.3223649,154.3675731,153.6019582,1,1,1,0,1,1,1,0,1,1,1,0,1,1,1,1,0,1,1,0,0,0,0,ENSMUSG00000022340,ENSG00000147642
Myc,1.486656024,0.358644699,4.243256276,2.201918933,4.865421853,2.294445767,0.007271451,355.3057156,92.75481466,54.25798566,381.9163123,427.2713607,464.0754847,231.2990259,408.9325028,903.4006976,34.01140725,35.77911711,82.71232509,48.35092471,1071.58802,582.945292,923.3405866,1240.856783,160.025887,205.4083535,266.0582123,1084.235178,1120.681455,699.8687557,2.560100799,11.11734896,7.058614724,279.2299683,182.1598433,149.3963312,2.76303204,11.86408023,7.626908721,50.37474411,29.68607175,29.53883811,1,1,1,1,0,1,1,1,0,0,1,1,0,0,1,1,1,0,1,1,0,0,0,ENSMUSG00000022346,ENSG00000136997
Mtss1,0.66704607,0.794923026,-2.725591117,-0.678837058,-0.756419461,-0.098445283,0.813884534,373.6503042,943.0072824,253.7604253,444.8201755,524.7014097,618.2550884,850.4152156,842.3310528,1714.617651,1700.570362,1826.480296,1208.760821,1098.387044,239.9604348,223.4623619,213.6552643,204.6641374,1383.871665,1217.463246,1021.286445,701.0844007,677.9549075,883.2120335,1343.199553,1798.628243,1527.013652,800.9836179,1013.487364,947.4872587,1449.67081,1919.438695,1649.954587,1446.610576,1759.790333,1484.537607,1,1,1,0,1,1,1,0,1,1,1,0,1,1,1,0,0,0,1,1,0,0,0,ENSMUSG00000022353,ENSG00000170873
Fbxo32,0.602244581,0.871690721,0.852866892,-0.775904582,-1.247638229,-0.285568138,0.252834266,170.8943252,357.4339575,31.72005316,169.2413462,643.4442819,109.6160637,220.8644834,300.5828653,258.114485,866.5178982,649.2600764,685.6416422,535.5092982,1188.039408,1078.44879,1037.040172,1642.461883,825.2907382,638.2645835,848.4533541,464.6722191,382.4851382,502.5653299,1291.14417,1554.046566,1396.42928,453.5848311,558.9806957,771.5534212,1393.489159,1658.42893,1508.856775,1171.925651,1143.507484,1424.615964,1,1,1,1,0,1,1,0,1,1,1,0,1,1,1,0,0,0,1,1,0,0,0,ENSMUSG00000022358,ENSG00000156804
Zhx1,-0.306355561,0.932530283,-0.487273747,-0.548302371,-0.644307176,-0.112995495,0.723612083,622.750507,368.2085067,252.925687,360.9483579,373.4818545,486.1011424,290.4281002,418.2529017,77.43434551,1862.124547,1839.570217,1971.310415,1964.142281,1390.35899,1331.058417,1330.659979,1396.607479,1732.104098,1555.108737,1627.773472,999.2199598,1179.966651,1179.167172,3050.786785,3469.406973,3244.609901,1810.406508,2414.510865,2019.799084,3292.613181,3702.440467,3505.835709,2866.60808,3444.771765,3399.498283,1,1,1,0,1,1,1,0,1,1,1,0,1,1,1,0,0,0,1,1,0,0,0,ENSMUSG00000022361,ENSG00000165156
Sla,3.559771579,NA,2.164257625,1.720558364,2.395411233,2.071379924,1.91687E-17,118.7570734,125.5469209,0,2.995422057,5616.436366,26.63567904,0.579696807,115.3399367,0,68.02281449,86.39347791,52.96490993,101.2632574,321.123523,390.7892513,296.1186996,368.1380082,60.38712718,89.92125347,169.6906708,456.5200749,269.6520224,327.598141,116.0579029,123.084935,107.0556566,479.8036075,670.5982468,672.2834906,125.2574525,131.3523169,115.6747823,659.6240078,387.1063756,519.0395839,1,1,1,1,0,1,1,1,0,1,1,1,0,1,1,1,1,0,0,0,0,0,0,ENSMUSG00000022372,ENSG00000155926
Cyrib,0.991391096,0.769144051,0.73124757,0.680520478,0.904860624,0.645265245,0.000307211,393.9259021,293.7235798,959.1142389,886.6449289,3791.65274,290.943571,802.8800775,489.3209435,283.9259335,575.1019771,651.8780606,760.3729535,781.8253298,1002.187698,1050.381054,1308.169951,1236.995195,449.8840975,491.9221514,549.9234703,828.0249317,811.8247058,751.0559652,773.1504413,744.0682842,811.7406932,1501.024947,1299.228294,1559.815643,834.435676,794.0459412,877.0945029,1431.403106,1138.757712,1344.439117,1,1,1,1,0,1,1,1,0,1,1,1,0,1,1,1,1,0,1,1,0,0,0,ENSMUSG00000022378,ENSG00000153310
Zc3h7b,0.580151099,0.895152523,-0.437551444,-0.32637848,-0.58248415,-0.244566488,0.276095682,110.0675315,156.4651924,30.05057668,76.38326246,39.5809574,47.12466291,130.4317815,457.8645972,136.4319421,3043.247962,3138.963031,3032.785253,2393.826914,2391.370411,2273.486639,1966.627988,1939.80412,2945.885354,2781.387791,2804.085962,2395.565801,2015.696678,2393.700053,2060.881143,2102.767147,2059.939064,1223.105917,1506.390469,1424.1795,2224.240792,2244.006032,2225.786195,1688.029161,2031.71475,1931.840012,1,1,1,0,1,1,1,0,1,1,1,0,1,1,1,0,0,0,1,1,0,0,0,ENSMUSG00000022390,ENSG00000100403
Xrcc6,0.289181779,0.907879061,-0.741199722,0.842392375,1.081239712,0.237720356,0.70982056,5081.451036,3291.859003,2246.280606,5072.747254,5336.324975,2845.407636,3016.162486,4239.616461,5446.215634,235.7608911,283.6149527,289.4931378,280.0704507,137.624367,151.1339646,198.6619124,164.7610666,200.2839718,243.3163329,187.4977165,347.0484243,390.134841,395.5375282,126.2983061,89.73288807,132.937244,318.5581328,183.9457242,235.8889441,136.3095806,95.76007616,143.6401142,162.5298348,141.3057015,137.5665889,1,1,1,0,1,1,1,1,0,1,1,1,0,1,1,0,0,0,1,1,0,0,0,ENSMUSG00000022471,ENSG00000196419
Vdr,7.102275278,NA,5.911459273,2.41687846,3.871264154,3.706254265,5.24388E-07,0,0,0,0,100.474738,0,5.217271262,3.495149597,0,0,1.745322786,1.451093423,0,37.64085252,30.22679292,56.22506955,72.08296664,6.038712718,0,13.6171526,46.58368111,29.64259821,26.98961957,7.680302397,3.176385418,1.176435787,52.43755273,70.54229227,59.95510662,8.289096119,3.389737209,1.271151453,67.48314777,35.62328609,71.73717827,1,0,1,1,0,0,1,1,0,0,1,1,0,0,1,1,1,0,0,0,0,0,0,ENSMUSG00000022479,ENSG00000111424
Nckap1l,6.414051351,0.12125673,0.493185821,0.963958326,1.738959876,1.358366203,9.57522E-06,3.862018648,0,0,1.497711029,564.2823671,0,4.057877648,68.73794207,0,225.7120663,350.80988,219.1151068,244.4914684,371.7034186,333.5742504,353.5932152,404.1794915,139.8968446,293.5664452,232.5390674,422.7469061,388.2224153,489.5358584,123.7382053,188.200836,128.2315008,424.7441771,475.9372377,572.0306894,133.5465486,200.8419296,138.5555084,523.7072454,264.79976,425.3592688,1,1,1,1,0,1,1,1,0,1,1,1,0,1,1,1,1,0,0,0,0,0,0,ENSMUSG00000022488,ENSG00000123338
Nubp1,-0.161563547,0.957076141,0.506762737,0.925097844,1.241179134,0.504652985,0.415473023,178.6183625,166.3028243,206.1803455,142.2825477,202.9792687,148.0329085,82.31694657,107.1845876,309.737382,162.3271709,175.40494,134.9516883,137.7545213,219.9637319,220.223777,191.1652365,235.5568374,126.8129671,128.7108138,161.3108846,282.9958627,279.2141509,228.9464281,66.56262077,92.90927348,59.99822515,154.6907806,213.4127576,152.344943,71.83883303,99.14981337,64.82872412,97.89808761,86.6833295,150.226091,1,1,1,1,0,1,1,1,0,1,1,1,0,1,1,0,0,0,1,1,0,0,0,ENSMUSG00000022503,ENSG00000103274
Mefv,6.95407809,0.167574688,3.938557792,3.574500823,5.789622267,5.249127178,5.48838E-05,0,0,0,1.497711029,84.23639652,0,0,12.81554852,0,1.545973057,0,5.804373691,0,21.17297954,32.38584956,34.98448772,32.17989582,1.00645212,3.526323666,8.379786214,68.71092964,30.59881106,53.0485626,0,2.382289064,0,52.43755273,30.35997389,65.85233022,0,2.542302907,0,48.47381037,13.06187157,46.41817417,1,0,1,1,0,0,1,1,0,0,1,1,0,0,1,1,1,0,0,0,0,0,0,ENSMUSG00000022534,ENSG00000103313
Lsg1,0.066526723,0.988294603,0.537538784,0.449897853,1.124517941,0.468598183,0.093458675,969.3666807,771.0829542,80.13487113,816.2525106,578.4909159,816.998232,613.3192216,620.9715783,365.0476288,367.9415875,426.7314212,384.539757,401.4039033,615.1926833,496.5830265,559.7518035,623.0027831,391.5098746,407.2903834,454.6034021,571.8146856,616.7572854,523.0402137,232.9691727,235.8466173,274.1095384,660.7131644,529.5136622,429.5144523,251.4359156,251.6879878,296.1782886,337.4157389,376.4193897,389.912663,1,1,1,1,0,1,1,1,0,1,1,1,0,1,1,0,0,0,1,1,0,0,0,ENSMUSG00000022538,ENSG00000041802
Sharpin,-0.303875507,0.934409207,-0.437913891,0.349387417,0.788675826,0.290024153,0.526798338,664.2672075,853.5316783,441.5765295,712.9104496,496.284312,710.4555158,802.3003807,326.2139623,121.6825429,708.0556599,780.1592854,632.6767323,668.7024116,546.9686381,559.195669,469.7916922,481.4112415,535.4325277,546.5801682,478.6952875,683.6155203,658.8306506,647.7508697,186.0339914,162.7897527,137.6429871,291.0284177,257.1668376,294.8611801,200.7803282,173.724032,148.72472,214.8055126,200.677845,225.3391364,1,1,1,0,1,1,1,1,0,1,1,1,0,1,1,0,0,0,1,1,0,0,0,ENSMUSG00000022552,ENSG00000179526
Bop1,0.65787802,0.709460801,0.943419843,1.125938094,1.011940339,0.123879783,0.882118432,215.3075396,132.5738008,269.6204518,374.4277571,358.2584093,206.4265125,352.4556586,173.59243,486.7301718,438.2833615,548.0313548,498.4505907,603.0181365,1004.540252,992.0865248,955.8261823,1059.36217,389.4969703,435.5009727,356.1409141,929.3444382,854.8542839,797.5897921,109.2309674,111.1734896,94.11486298,239.9018037,217.8774597,178.8824493,117.889367,118.6408023,101.6921163,130.2139612,144.8680301,95.36824875,1,1,1,1,0,1,1,1,0,1,1,1,0,1,1,0,0,0,1,1,0,0,0,ENSMUSG00000022557,ENSG00000261236
Gpaa1,-0.012923493,0.99624411,-0.440403561,0.593639233,0.807276261,0.168172982,0.845005256,1108.399352,1815.745766,1105.193431,2072.832064,1255.426777,904.588638,2008.649436,576.6996834,1168.889882,674.8172392,884.0059912,770.5306074,783.649893,605.7824702,647.7169912,567.2484794,471.1136748,611.9228888,645.3172308,565.6355694,988.7386316,894.0590106,871.1132385,96.43046343,100.850237,71.76258303,187.464251,150.906929,135.6361428,104.0742068,107.6241564,77.54023866,94.09622013,135.3684872,97.90014916,1,1,1,0,1,1,1,1,0,1,1,1,0,1,1,0,0,0,1,1,0,0,0,ENSMUSG00000022561,ENSG00000197858
Gsdmd,-0.985501271,0.371864422,1.913411684,0.429574077,1.106258137,1.004043729,0.000145434,3610.021931,1544.508202,2999.2145,1792.760101,1089.998673,1549.479405,1518.225937,894.7582967,1390.130869,512.4900683,701.61976,469.4287222,529.123327,2274.919024,1932.35569,1899.157905,2224.274399,501.2131556,444.3167819,478.6952875,662.6528638,658.8306506,596.5636601,160.4329834,170.7307162,128.2315008,360.508175,283.9550499,348.9190631,173.1500078,182.198375,138.5555084,394.4437511,287.3611745,311.4237504,1,1,1,1,0,1,1,1,0,1,1,1,0,1,1,1,1,0,1,1,0,0,0,ENSMUSG00000022575,ENSG00000104518
Ly6c2,#N/A,#N/A,3.370815337,0.820039404,4.752346927,4.758776982,5.67141E-06,#N/A,#N/A,#N/A,#N/A,#N/A,#N/A,#N/A,#N/A,#N/A,47.92516475,79.41218677,48.61162966,52.9123327,444.6325703,511.696423,575.9946014,830.2413122,73.47100474,73.17121606,77.51302248,157.2199237,118.5703928,120.9879498,0,1.588192709,3.529307362,48.50473628,30.35997389,48.16065941,0,1.694868605,3.81345436,84.59155143,28.49862888,24.47503729,1,1,1,1,0,1,1,1,0,0,1,1,0,0,1,1,1,0,0,0,0,0,0,ENSMUSG00000022584,#N/A
Lynx1,-1.700591485,0.739543039,-0.811136373,-0.468228179,-1.768767222,-0.864253117,0.000325141,83.03340093,113.3669957,0,2.995422057,71.04274406,24.07455605,16.8112074,4.660199462,0,2168.227212,1816.88102,2121.498584,1512.56289,1156.279938,1197.196905,1020.797374,967.9712663,1401.987803,1354.108288,1256.967932,825.6957477,989.6802951,1083.307489,1287.730702,1156.998389,1831.710521,288.40654,501.8325096,460.9663115,1389.805116,1234.711778,1979.182813,684.3361464,803.8988229,1037.235201,1,1,1,0,1,1,1,0,1,1,1,0,1,1,1,1,0,1,0,0,0,0,0,ENSMUSG00000022594,ENSG00000180155
Mapk12,-1.077203652,0.798308728,-0.451701179,0.599877923,1.377567333,0.168898219,0.860363569,417.098014,707.3725765,406.5175234,197.6978558,122.8024576,464.5877093,531.5819719,131.6506348,0,661.6764682,948.5829342,760.3729535,735.2989682,583.433214,707.0910487,464.7939083,513.5911373,668.2842075,636.5014216,697.6172023,1067.930889,1139.805712,827.3714413,117.7646368,132.6140912,68.23327566,262.1877636,301.8138581,269.3065445,127.0994738,141.5215285,73.7267843,133.0653618,167.4294446,87.77254753,1,1,1,0,1,1,1,1,0,1,1,1,0,1,1,0,0,0,1,0,0,0,0,ENSMUSG00000022610,ENSG00000188130
Alcam,3.588074421,0.055522366,0.712025898,-0.603306565,-1.378458403,-0.790845823,0.000109426,68.550831,25.76522629,5.008429446,392.4002895,1043.313441,482.0033456,107.2439093,350.6800095,7.374699572,424.369604,329.8660066,465.075442,427.8600696,616.3689599,592.6610469,759.6631619,732.4144289,488.1292781,588.0144712,479.7427607,343.5546482,266.7833839,414.1510589,1751.108947,1942.359683,1625.834258,685.6210019,552.7301129,808.902504,1889.913915,2072.824303,1756.731309,1331.604085,840.7095518,1131.759483,1,1,1,1,0,1,1,0,1,1,1,0,1,1,1,1,0,1,0,0,0,0,0,ENSMUSG00000022636,ENSG00000170017
Retnlg,#N/A,#N/A,1.639865359,2.780482129,4.554249854,2.305430323,0.174395188,#N/A,#N/A,#N/A,#N/A,#N/A,#N/A,#N/A,#N/A,#N/A,28.60050155,45.37839244,26.11968161,40.14039033,52.93244885,169.485946,124.944599,87.52931663,28.18065935,143.6976894,62.8483966,657.9944957,698.9915901,257.7974007,4.266834665,1.588192709,1.176435787,27.52971518,100.0093258,41.28056521,4.605053399,1.694868605,1.271151453,7.60373496,8.312100089,21.94313688,1,1,1,1,0,1,1,1,0,0,1,1,0,0,0,0,0,0,0,0,0,0,0,ENSMUSG00000022651,#N/A
Cd200,1.201537793,0.633166417,2.848560637,0.766378292,0.603306525,0.241460232,0.501348089,323.4440618,261.3999322,1402.360245,2859.130354,754.0679833,754.5068312,1526.341692,2900.974165,342.9235301,4732.996513,5517.837988,6051.059572,7403.16517,41288.48638,35954.77018,44932.57669,48560.74999,5515.357616,7023.555161,6808.576299,10568.67265,13070.47339,9271.39966,1400.375137,1334.875972,999.9704192,1861.533122,2064.478224,1752.45828,1511.378526,1424.537062,1080.478735,1898.082339,1259.876885,1591.721391,1,1,1,1,0,1,1,1,0,1,1,1,0,1,1,0,0,0,1,1,0,0,0,ENSMUSG00000022661,ENSG00000091972
B3gnt5,3.183257967,0.208003864,2.226196379,1.685239011,2.909245165,2.313852805,2.78639E-09,2.896513986,0,85.14330058,101.8443499,667.8017941,232.549967,238.2553876,244.6604718,110.6204936,13.14077098,7.853952537,7.981013825,7.298252787,36.46457587,34.54490619,52.47673158,47.62624581,11.07097332,11.46055191,19.90199226,50.07745719,37.29230098,48.39517992,26.45437492,24.61698699,21.17584417,234.6580485,126.797538,185.7625435,28.55133108,26.27046337,22.88072616,146.371898,100.9326439,140.0984893,1,0,1,1,0,1,1,1,0,1,1,1,0,1,1,1,1,0,0,1,0,0,0,ENSMUSG00000022686,ENSG00000176597
Zbtb20,0.029272285,0.994719143,-0.697273817,-0.705671762,-1.067527907,-0.298838974,0.073047319,1741.77041,1811.529638,331.3910817,829.7319098,1904.960437,1883.449843,1396.489608,1515.729875,394.5464271,1253.011162,1184.20151,1776.138349,1489.75585,945.7264195,795.6123708,782.1531897,995.0023788,2432.594773,1690.872198,2229.023133,1171.57958,1367.384369,1354.134361,15108.00818,16001.04154,15039.5551,6554.694091,7151.559732,8311.153796,16305.57308,17075.80119,16250.40018,12571.82529,13980.95235,13794.6374,1,1,1,0,1,1,1,0,1,1,1,0,1,1,1,0,0,0,1,1,0,0,0,ENSMUSG00000022708,ENSG00000181722
Crybg3,-0.822550624,0.786190368,-0.365484999,-0.54692131,-0.610914126,-0.042731813,0.927794368,278.0653427,847.9101744,133.5581186,178.2276124,112.6534941,370.8506081,256.8056854,436.8936996,66.37229615,1453.214673,1400.621536,1947.367373,1627.510371,1240.971856,1309.46785,1253.194328,1186.794558,2019.949404,1578.02984,1768.134891,1157.604476,1414.238799,1100.059667,2231.55453,2371.171715,2301.1084,1230.97155,1879.63956,1406.487829,2408.442928,2530.438827,2486.372243,2047.305638,2886.673617,2277.866402,1,1,1,0,1,1,1,0,1,1,1,0,1,1,1,0,0,0,1,1,0,0,0,ENSMUSG00000022723,ENSG00000080200
Tfrc,-0.020555768,0.99624411,-2.006394175,-1.261794303,-0.56971379,0.066897215,0.896020267,3778.985247,3989.862406,2980.01552,1533.656093,1130.594527,11327.33473,1063.163944,4516.898329,1618.746556,5017.455555,4893.885092,8272.683603,5563.093187,1284.494092,1131.345678,1396.880617,2099.416403,9244.26272,6880.739053,4057.911474,2716.993201,1889.476583,3810.189742,4225.019685,3915.689124,3491.661417,2756.904335,2782.402313,2299.917205,4559.923876,4178.698545,3772.777514,3406.473262,5481.236287,4222.365916,1,1,1,0,1,1,1,0,1,1,1,0,1,1,1,0,0,0,1,1,0,0,0,ENSMUSG00000022797,ENSG00000072274
Umps,-0.485764526,0.822877451,0.520303749,0.779261683,0.916835831,0.332747035,0.55543457,475.9937984,358.8393335,848.9287911,470.281263,358.2584093,196.1820206,389.5562542,517.2821403,475.6681224,202.5224704,238.2365603,195.1720653,264.5616635,354.059269,283.9159478,321.1076194,330.809329,171.0968604,221.27681,209.4946553,342.3900562,349.0176886,342.4889656,83.62995943,108.7912006,90.58555562,178.2876793,185.731605,171.0194845,90.25904663,116.0984994,97.87866191,131.1644281,136.55593,116.4674188,1,1,1,1,0,1,1,1,0,1,1,1,0,1,1,0,0,0,1,1,0,0,0,ENSMUSG00000022814,ENSG00000114491
Hcls1,5.057014279,0.024624115,2.023371345,1.824799983,2.81069537,2.053830445,1.08721E-08,77.24037296,28.57597825,1.669476482,795.2845562,5232.805548,146.4962347,338.5429352,631.4570271,3.687349786,169.2840497,256.5624496,184.2888647,187.9300093,819.8648189,846.3502018,672.2019426,902.3242788,159.0194349,218.6320673,234.634014,797.745539,764.9702764,607.7317786,56.32221758,81.79192452,34.11663783,302.826867,402.7161242,516.0070652,60.78670487,87.28573313,36.86339215,308.9017328,173.366659,292.8564807,1,1,1,1,0,1,1,1,0,1,1,1,0,1,1,1,1,0,0,0,1,1,0,ENSMUSG00000022831,ENSG00000180353
Adcy5,-0.750645478,0.925344378,0.641733165,-0.887996864,-2.083013251,-0.953873134,4.71211E-09,2.896513986,63.71037775,0,2.995422057,39.5809574,24.07455605,6.956361682,4.660199462,0,1388.283805,1165.00296,1635.382287,911.3693167,1959.676884,1949.628143,2159.042671,1892.177874,1546.916908,1658.253704,1606.824006,830.3541158,500.0993182,1269.442796,2025.893099,2147.236543,2572.865067,317.247194,539.3360067,732.2385972,2186.479354,2291.462353,2780.008229,1317.347082,1130.445612,1295.489043,1,1,1,1,0,1,1,0,1,1,1,0,1,1,1,1,0,1,0,0,0,0,0,ENSMUSG00000022840,ENSG00000173175
Slc49a4,-0.677381079,0.856863491,-0.601171892,-0.355614891,-0.599572477,-0.305327643,0.292495659,109.1020268,143.3483499,466.6186767,181.2230345,158.3238296,115.2505343,309.5580949,116.5049866,14.74939914,1825.021193,2235.758489,1905.285664,2155.721417,1104.523766,1415.261626,1475.595714,1357.991604,1330.529702,1313.555565,1370.095046,963.117607,1004.023488,1167.999054,481.2989502,499.486607,418.8111403,327.7347046,259.8456589,338.1074865,519.4500234,533.0361761,452.5299174,415.3540222,388.2938184,415.2316671,1,1,1,0,1,1,1,0,1,1,1,0,1,1,1,0,0,0,1,1,0,0,0,ENSMUSG00000022848,ENSG00000138463
Samsn1,8.240176576,NA,2.802875705,1.828674068,2.841651104,2.749312558,1.06244E-15,5.793027972,0,0,0,3296.383324,42.00241694,0,113.009837,0,106.6721409,160.5696963,34.82624214,127.7194238,557.5551279,498.7420832,795.8970956,1144.317095,45.29034539,85.51334889,69.13323626,253.8810621,225.6662315,233.5998108,57.17558451,52.4103594,31.76376626,264.8096413,355.3902826,402.9769461,61.70771555,55.93066395,34.32108924,359.2764769,200.677845,469.2455425,1,1,1,1,0,1,1,1,0,1,1,1,0,1,1,1,1,0,0,0,0,0,0,ENSMUSG00000022876,ENSG00000155307
Adamts1,2.520816304,0.020852261,3.790683404,1.450325806,1.209164383,0.527403148,0.016082199,1869.217026,522.7998645,529.2240448,6838.548557,2713.832823,9048.447503,5230.024591,7300.202457,2389.402661,2609.60252,2835.276866,3198.209904,3865.337132,46399.40839,35359.95008,32934.14685,58405.22372,4054.99559,5923.342177,8946.469257,18278.27188,21547.30026,11889.39276,2294.703683,3637.7554,3355.194865,6305.615716,9554.462371,5610.225387,2476.597718,3882.096539,3625.323945,5010.861339,4495.658705,4881.503989,1,1,1,1,0,1,1,1,0,1,1,1,0,1,1,1,1,0,1,1,1,1,0,ENSMUSG00000022893,ENSG00000154734
Runx1,3.693629999,0.300608624,1.82891729,1.038139836,1.589702829,1.443575386,1.36385E-07,0,0,8.34738241,0,121.7875612,14.85451331,23.76756908,48.93209435,3.687349786,45.60620517,60.21363612,58.04373691,49.26320631,142.3294736,147.8953796,217.4036023,251.0031874,50.32260599,80.22386339,135.1240527,197.9806447,168.2934608,178.6898951,147.6324794,187.4067397,98.82060613,422.1222995,401.8231838,489.469559,159.3348476,199.9944953,106.7767221,480.9362362,347.9207609,445.6144721,1,1,1,1,0,1,1,1,0,1,1,1,0,1,1,1,1,0,0,0,0,0,0,ENSMUSG00000022952,ENSG00000159216
Enah,-0.839702151,0.84061791,0.386586555,-0.540095138,-1.262157796,-0.46455877,0.008017334,1268.673126,1548.72433,141.0707627,602.0798335,1106.237015,908.1742102,362.8902011,294.757616,29.49879829,1751.587473,1363.969757,1783.393816,1546.317309,2039.663696,1856.788708,2186.530482,2346.558003,1549.936264,1292.397623,1423.516183,947.9779106,851.9856454,1132.633345,3098.575334,2996.125546,3356.371301,1036.952605,1404.595263,1494.946183,3344.189779,3197.369622,3626.595097,2263.061617,2335.700125,2766.523181,1,1,1,1,0,1,1,0,1,1,1,0,1,1,1,1,0,1,1,1,0,0,0,ENSMUSG00000022995,ENSG00000154380
Soat2,1.812773897,NA,2.854824757,1.058679209,3.111157567,1.644008441,0.277074682,0,0,0,0,0,0,0,2.330099731,0,12.36778445,5.235968358,13.78538752,3.649126393,44.69851236,74.48745398,59.97340752,79.80614163,26.16775511,59.0659214,38.75651124,97.82573033,80.32187902,81.89953524,6.826935464,5.558674482,1.176435787,26.21877636,50.89760328,44.22917701,7.368085439,5.932040116,1.271151453,19.0093374,17.81164305,10.12760164,1,0,1,1,0,1,1,1,0,0,1,1,0,0,1,0,0,0,0,0,0,0,0,ENSMUSG00000023045,ENSG00000167780
Calcoco1,-0.584240999,0.756647457,-0.795453919,-0.582461424,-0.791206617,-0.17659431,0.57783768,1352.672031,1007.186119,738.7433433,563.1393467,897.1683678,1049.035974,660.274663,618.6414786,339.2361803,2241.660932,2416.399397,2035.884072,2464.072597,1396.240373,1314.865492,1289.428262,1274.323874,2009.884883,2000.307099,1812.128769,1309.001439,1064.264897,1515.141402,721.0950584,890.1820135,810.5642575,440.4754429,489.3313439,468.8292763,778.2540245,949.9738529,875.8233514,767.977231,745.7141223,789.9529277,1,1,1,0,1,1,1,0,1,1,1,0,1,1,1,0,0,0,1,1,0,0,0,ENSMUSG00000023055,ENSG00000012822
Nus1,1.200786115,0.324503411,2.413806975,0.815099232,0.603031061,0.001382454,0.998091653,63.72330769,32.32364753,104.3422801,124.3100154,104.5343234,123.4461278,153.039957,199.223527,217.5536374,1484.134134,1624.022852,1829.828806,2001.545827,8650.338419,7301.929547,9198.421378,11828.04251,1788.465417,1582.437745,2237.402919,3614.893654,3850.669129,2401.145465,1123.030884,1239.584409,1109.378947,1843.179978,1963.575958,1468.408677,1212.050055,1322.844946,1198.695821,1249.863934,1357.2472,1133.447417,1,1,1,1,0,1,1,1,0,1,1,1,0,1,1,0,0,0,1,1,0,0,0,ENSMUSG00000023068,ENSG00000153989
Abcc1,1.268198975,0.822601263,0.62325241,0.780334019,0.828475916,0.326814308,0.327273767,27.03413054,74.95338558,0,31.4519316,112.6534941,106.0304915,42.89756371,198.0584771,0,300.6917595,308.0494717,395.4229577,370.3863289,496.3887425,492.2649133,552.2551276,577.9509289,346.2195292,431.0930681,432.6064633,755.820226,720.0282727,604.0090724,346.4669748,381.1662502,323.5198415,692.175696,547.3724704,631.0029254,373.930336,406.7684651,349.5666497,508.4997755,379.9817183,528.3232188,1,1,1,1,0,1,1,1,0,1,1,1,0,1,1,0,0,0,0,0,0,0,0,ENSMUSG00000023088,ENSG00000103222
Bsg,-1.214577315,0.482405581,-3.518021706,-0.842949377,-1.033272168,-0.029319939,0.955758239,63698.20457,61710.52773,42896.36347,17583.12748,6221.314587,36342.33515,35508.16851,10449.33224,38942.10109,180685.601,258847.9497,157609.7866,237308.163,12114.47313,29183.96856,19974.89304,11565.45456,75315.83147,69060.40425,73935.90124,34916.79818,40168.58921,46621.31044,22668.83921,28420.70853,30284.98647,12178.62162,16132.75436,11445.52814,24465.7277,30329.67368,32723.25187,22626.81431,32140.51616,30989.61704,1,1,1,0,1,1,1,0,1,1,1,0,1,1,1,0,0,0,1,1,0,0,0,ENSMUSG00000023175,ENSG00000172270
Parp3,-0.602517118,0.905391567,2.825774539,0.498901258,1.920046035,1.290491373,5.1031E-07,563.8547226,157.4021097,139.4012862,327.9987153,333.9008971,292.9924694,96.80936674,75.72824126,3.687349786,235.7608911,283.6149527,281.512124,208.0002044,1610.322722,1363.444266,2035.347518,2149.617041,303.9485402,320.8954536,357.1883874,436.7220104,458.9821658,490.4665349,150.1925802,187.4067397,119.9964503,600.4099788,516.1195561,624.1228312,162.0978797,199.9944953,129.6574482,476.1839019,343.1709894,388.2247294,1,1,1,1,0,1,1,1,0,1,1,1,0,1,1,1,1,0,1,0,0,0,0,ENSMUSG00000023249,ENSG00000041880
Clec4n,#N/A,#N/A,2.423799057,0.753411016,1.656124833,1.194293377,0.010130213,#N/A,#N/A,#N/A,#N/A,#N/A,#N/A,#N/A,#N/A,#N/A,70.34177408,160.5696963,95.04661918,131.3685502,450.5139535,422.0955726,687.1952945,890.7395163,78.50326534,96.97390081,127.7917398,171.1950281,130.044947,209.4022208,33.28131039,55.58674482,36.46950941,140.2704536,118.7610743,138.5847546,35.91941651,59.32040116,39.40569506,81.74015082,104.4949725,123.2191533,1,1,1,1,0,1,1,1,0,1,1,1,0,1,1,1,1,0,0,0,0,0,0,ENSMUSG00000023349,#N/A
Pisd,0.325852931,0.906861995,1.657024272,0.910212512,0.638158961,0.084978897,0.90346694,613.0954604,459.0894867,590.9946746,1273.054374,750.008398,471.7588537,677.6655672,687.3794207,306.0500322,730.4722692,889.2419595,831.4765312,880.3517424,2620.744356,2520.698624,2277.74004,3085.408411,783.0197491,989.1337882,1051.66317,1852.865916,2025.258807,1429.519161,196.2743946,262.8458934,194.1119049,297.5831117,400.037303,319.4329451,211.8324564,280.5007541,209.7399898,258.5269886,200.677845,285.2607795,1,1,1,1,0,1,1,1,0,1,1,1,0,1,1,0,0,0,1,1,0,0,0,ENSMUSG00000023452,ENSG00000241878
Tiam2,1.044263495,0.761025689,-0.897573439,-0.746209171,-0.911912515,-0.435028092,0.184829407,57.93027972,19.20680506,2.504214723,11.98168823,106.5641161,53.27135807,23.18787227,48.93209435,84.80904508,218.7551875,150.0977596,247.4114286,227.158118,127.0378772,113.3504735,131.1918289,81.09333747,212.3613973,149.8687558,196.924976,100.1549144,116.6579672,115.4038906,320.0125999,240.6111954,318.8140984,115.362616,200.0186515,149.3963312,345.379005,256.7725936,344.4820439,229.0625157,239.8634597,230.4029373,1,1,1,0,1,1,1,0,1,1,1,0,1,1,1,0,0,0,0,1,0,0,0,ENSMUSG00000023800,ENSG00000146426
Nfkbie,-0.048654314,0.994317701,3.546862008,1.004075304,1.999303084,1.86814383,9.73251E-11,27.03413054,45.44049001,373.1279937,103.342061,98.44494533,205.9142879,393.6141319,53.59229381,3.687349786,88.12046423,107.3373513,46.43498952,58.38602229,815.1597123,629.3650097,1030.792942,1029.756666,77.49681322,116.368681,142.4563656,242.2351418,234.2721472,198.2341024,64.85588691,91.32108077,72.93901881,271.3643354,300.9209177,344.9875807,69.99681167,97.45494476,78.81139011,343.1185401,218.489488,337.5867213,1,1,1,1,0,1,1,1,0,1,1,1,0,1,1,1,1,0,1,0,0,0,0,ENSMUSG00000023947,ENSG00000146232
Emilin2,-1.746596254,0.345133688,1.927719388,2.818727122,2.595893808,1.670229036,0.001352428,190.2044184,404.7482822,432.3944088,86.86723966,31.46178665,269.9423625,151.8805634,27.96119677,40.56084765,19.32466321,16.58056647,44.9838961,20.07019516,104.6886211,100.3961336,98.70623321,83.66772913,34.21937207,84.63176798,93.22512163,692.9322565,314.5940262,490.4665349,28.16110879,17.4701198,44.70455992,129.782943,222.3421617,182.8139317,30.39335244,18.64355465,48.30375523,119.7588256,62.9344721,121.5312197,1,1,1,1,0,1,1,1,0,1,1,1,0,1,1,1,1,0,1,1,0,0,0,ENSMUSG00000024053,ENSG00000132205
Prkd3,0.057643207,0.988294603,-0.776877886,-0.480232115,-0.491670865,-0.052117467,0.906643176,266.4792867,227.6709087,373.962732,314.519316,111.6385978,212.5732077,238.2553876,686.2143708,243.3650859,2489.016621,3042.970278,2683.071738,3363.582253,1587.973465,1797.41465,1725.484912,1645.036274,2770.762686,2297.399868,2678.389169,1772.509066,2003.265911,1775.730832,2450.016465,3051.712291,2342.283653,1567.882827,2095.731139,1913.649059,2644.221662,3256.690024,2530.862544,2664.158637,2956.732746,2516.709007,1,1,1,0,1,1,1,0,1,1,1,0,1,1,1,0,0,0,1,1,0,0,0,ENSMUSG00000024070,ENSG00000115825
Ralbp1,-0.597150379,0.876647113,-0.488452012,-0.50673808,-0.770240676,-0.304296684,0.144798269,391.0293881,1425.988161,219.5361574,310.0261829,495.2694157,968.6167127,499.6986475,330.8741618,84.80904508,1986.575378,2085.660729,2643.166669,2878.248443,1834.99156,1746.676819,1605.538097,1650.185058,2939.846642,2710.861318,2812.465748,1843.54918,2041.514425,2068.893941,1999.438724,2204.41148,1958.765586,1147.071466,1302.800056,1162.73592,2157.928023,2352.477623,2116.46717,1624.347881,1784.726633,1958.002983,1,1,1,0,1,1,1,0,1,1,1,0,1,1,1,0,0,0,1,1,0,0,0,ENSMUSG00000024096,ENSG00000017797
Epas1,-0.463306185,0.916457221,-0.98177307,-0.49245436,-1.07009962,-0.374191291,0.051407156,35301.74696,28575.04134,3247.131757,13089.99439,5826.519909,28541.15454,12773.61914,30918.09333,6220.559089,56925.0469,50164.06752,62627.74103,57896.12707,30584.36895,30697.46727,26160.90014,27809.86597,78919.93652,66317.80602,74354.89055,48876.76281,50681.19324,56529.29285,43525.98042,51648.0269,39721.17792,14641.87566,26506.93603,23096.47624,46976.14973,55117.12702,42919.15767,33776.74116,40665.16852,37445.11912,1,1,1,0,1,1,1,0,1,1,1,0,1,1,1,0,0,0,1,1,0,0,0,ENSMUSG00000024140,ENSG00000116016
C3,6.828425932,NA,5.174043136,2.608759389,5.867424541,6.528346239,2.96484E-18,37.65468182,59.02579115,0,10.4839772,21689.34976,0,17.39090421,267.9614691,0,22.41660932,16.58056647,19.58976121,25.54388475,558.7314045,817.2029372,584.7407233,1072.234129,31.20001571,37.90797941,67.03828971,301.6293352,261.0461068,264.3121365,33.28131039,10.32325261,24.70515153,1342.40135,708.9946844,1924.460635,35.91941651,11.01664593,26.69418052,2906.527688,882.2700523,2989.330417,1,1,1,1,0,1,1,1,0,1,1,1,0,1,1,1,1,0,0,0,0,0,0,ENSMUSG00000024164,ENSG00000125730
Jpt2,1.186493451,0.706913914,1.67495394,1.132805113,1.116670898,0.536650779,0.120329436,209.5145117,317.6149714,75.12644169,163.2505021,76.11722577,226.9154964,251.0087174,318.0586133,1714.617651,361.7576952,424.113437,427.347013,437.8951672,1115.110256,1112.993696,1606.787543,1437.797745,267.7162638,318.2507108,235.6814873,659.1590877,593.8081771,552.8218629,168.1132858,249.3462553,162.3481386,426.0551159,391.1078989,444.2575113,181.4391039,266.0943709,175.4189006,335.5148051,270.7369743,299.6082151,1,1,1,1,0,1,1,1,0,1,1,1,0,1,1,0,0,0,1,1,0,0,0,ENSMUSG00000024165,ENSG00000206053
Tmem204,0.091169166,0.983893204,-1.28458128,-0.377015088,-1.07728086,-0.365896225,0.208791997,13758.44143,6719.102559,5395.74799,19750.31533,4559.929272,5622.6894,11075.10749,8702.922496,5409.342136,6024.657002,8322.571705,6887.614931,10503.09804,3330.039171,3725.452227,3039.902094,2930.944911,6159.486973,6069.684609,5475.142817,5110.229818,4018.006377,4507.266468,1333.812516,1342.816936,1177.612223,547.972426,796.5028444,480.6237235,1439.539693,1433.011405,1272.422605,951.4173369,1390.495601,879.4134089,1,1,1,0,1,1,1,0,1,1,1,0,1,1,1,0,0,0,1,1,0,0,0,ENSMUSG00000024168,ENSG00000131634
Telo2,0.642197786,0.843886582,-0.585420551,0.685844284,0.708053236,0.065215245,0.92968179,422.891042,170.9874109,63.44010631,555.6507916,254.7389823,84.51705848,329.2677863,364.6606079,464.6060731,210.2523357,284.4876141,214.0362798,192.4914172,154.09224,155.4520779,134.9401669,155.7506958,205.3162324,244.1979138,187.4977165,366.8464887,341.3679858,319.2220521,176.6469551,195.3477032,136.4665513,267.4315189,286.6338711,279.1352505,190.6492107,208.4688384,147.4535686,211.954112,186.4285306,175.5450951,1,1,1,0,1,1,1,1,0,1,1,1,0,1,1,0,0,0,1,1,0,0,0,ENSMUSG00000024170,ENSG00000100726
Nudt12,-1.271521952,0.586351856,-2.440584948,-0.664395592,-1.015241762,-0.29740831,0.522717057,137.101662,63.71037775,125.2107361,43.43361983,83.22150018,44.05131533,44.63665413,51.26219408,0,318.4704497,381.3530288,258.2946292,277.3336059,67.04776854,65.85122743,53.72617757,39.90307082,236.5162481,210.697839,184.3552967,110.6362426,144.3881397,142.3935101,290.1447572,256.4931225,254.1101301,83.90008437,163.4080948,146.4477194,313.1436312,273.7212796,274.5687139,242.3690519,289.7360602,171.325261,1,1,1,0,1,1,1,0,1,1,1,0,1,1,1,0,0,0,1,0,0,0,0,ENSMUSG00000024228,ENSG00000112874
Mib1,0.300117973,0.91321142,-0.521554452,-0.478828398,-0.607626255,-0.332562052,0.05449688,231.7211189,392.0998983,221.2056339,191.7070117,370.4371654,304.2614105,481.1483497,498.6413424,232.3030365,1981.164472,1761.903353,2067.808127,2163.01967,1373.891117,1290.036341,1364.395021,1527.901454,2233.317254,2021.465041,2081.329401,1452.246259,1529.940553,1562.605905,5482.882545,6240.009154,5984.52885,3730.931877,4076.272965,3812.555059,5917.493618,6659.138747,6466.347444,4784.650224,5376.741315,4962.524802,1,1,1,0,1,1,1,0,1,1,1,0,1,1,1,0,0,0,1,1,0,0,0,ENSMUSG00000024294,ENSG00000101752
Zfp871,#N/A,#N/A,-0.323840644,-0.385701192,-0.554178968,-0.397582366,0.037757517,#N/A,#N/A,#N/A,#N/A,#N/A,#N/A,#N/A,#N/A,#N/A,965.4601738,1093.444725,1113.714202,1209.685399,926.9059932,847.4297301,855.8705031,870.144383,1320.465181,1049.081291,1070.517689,838.50626,944.7382914,848.7770016,2253.74207,2399.759183,2044.645398,1469.562415,1394.772918,1698.400397,2432.389206,2560.946461,2209.261226,1994.079493,1847.661105,1628.85593,1,1,1,0,1,1,1,0,1,1,1,0,1,1,1,1,0,1,0,0,0,0,0,ENSMUSG00000024298,#N/A
Myo1f,2.550930516,0.470809994,0.730502805,1.74923004,2.51181374,2.289878775,9.18592E-13,202.755979,0,90.98646827,888.14264,1996.301108,58.90582864,187.2420686,264.4663195,44.24819743,70.34177408,109.0826741,67.47584415,50.17548791,99.98351449,160.8497195,92.45900326,139.0171499,50.32260599,111.9607764,69.13323626,335.402504,172.1183122,273.6189018,43.52171358,73.05686462,70.58614724,273.986213,350.9255805,438.3602877,46.97154467,77.96395581,76.26908721,432.4624259,218.489488,329.1470532,1,1,1,1,0,1,1,1,0,1,1,1,0,1,1,1,1,0,0,1,0,0,0,ENSMUSG00000024300,ENSG00000142347
Dtna,1.186987476,0.884978781,0.643651762,-0.672348693,-1.451436427,-0.643352777,0.004194138,11.58605594,114.303913,28.38110019,0,471.9267998,0,77.09967531,6.990299193,147.4939914,406.5909139,261.7984179,441.1324005,249.0528763,581.0806607,464.197177,536.0123297,544.4838373,344.2066249,327.9481009,347.7611279,232.9184056,174.0307379,233.5998108,1268.956629,894.1524952,1197.611631,347.3987868,466.1148932,412.8056521,1369.542881,954.2110244,1294.03218,653.9212066,818.1481373,843.1228363,1,1,1,1,0,1,1,0,1,1,1,0,1,1,1,1,0,1,1,0,0,0,0,ENSMUSG00000024302,ENSG00000134769
Wdr46,1.474962138,0.387166002,0.43322778,1.197283596,1.113964091,0.341094256,0.559957376,332.1336037,178.0142908,75.12644169,626.0432099,568.3419524,233.0621916,291.007797,272.6216685,1268.448326,258.950487,277.506323,263.3734562,266.3862267,362.2932055,323.8584956,383.5799189,370.7123998,227.4581791,241.5531711,224.1592812,639.3610232,490.5371898,462.5462388,79.36312477,100.0561407,92.9384272,194.0189451,214.305698,180.8481905,85.65399323,106.7767221,100.4209648,141.6195636,125.8689442,103.8079168,1,1,1,1,0,1,1,1,0,1,1,1,0,1,1,0,0,0,1,1,0,0,0,ENSMUSG00000024312,ENSG00000227057
Psmb8,-1.582826799,0.174877812,3.361368212,0.688213556,1.765816689,1.532250613,5.28622E-09,3779.950752,5034.993677,17498.61775,2309.470406,2489.540731,3370.950072,3660.205638,2728.546785,3008.877425,1604.720033,2056.862903,1044.061718,1516.212016,16539.62585,14284.31871,15836.72792,17269.01929,633.0583833,679.6988866,578.2052488,904.8880056,1203.871973,938.1219492,183.4738906,156.4369818,124.7021935,549.2833648,465.2219528,572.0306894,198.0172962,166.9445575,134.7420541,629.2090679,376.4193897,443.0825716,1,1,1,1,0,1,1,1,0,1,1,1,0,1,1,1,1,0,1,1,0,0,0,ENSMUSG00000024338,ENSG00000204264
Tap2,-0.089905631,0.98668794,2.870906923,0.416393094,0.849376123,0.858484652,9.79756E-06,257.7897448,704.0933658,73.45696521,124.3100154,138.0259027,504.0290033,263.7620471,372.815957,545.7277683,1927.055415,2188.634774,1572.259723,2046.247625,14422.3279,12186.79519,13935.07113,16023.01373,1298.323234,1364.687259,1217.163948,1745.72345,1856.009133,1578.427407,432.657035,469.3109455,409.399654,869.1524365,678.6347105,818.7312101,466.9524147,500.8336726,442.3607058,994.188346,755.2136652,808.5201974,1,1,1,1,0,1,1,1,0,1,1,1,0,1,1,1,1,0,1,1,0,0,0,ENSMUSG00000024339,ENSG00000204267
Sting1,0.950164467,0.619436494,4.387843709,1.604692115,3.485491126,2.367168578,2.61833E-12,2616.517634,1357.124738,2392.359799,9383.159594,2716.877512,2413.090076,4978.436177,3327.382416,1777.302597,207.9333761,250.4538198,301.8274319,187.0177277,4838.025825,4298.681765,5726.210972,4995.607027,312.0001571,722.0147705,490.2174935,1490.677796,1860.790197,1287.12565,32.42794345,46.05758856,31.76376626,503.4005062,322.3514875,420.6686169,34.99840583,49.15118953,34.32108924,265.1802567,173.366659,176.3890619,1,1,1,1,0,1,1,1,0,1,1,1,0,1,1,1,1,0,1,1,0,0,0,ENSMUSG00000024349,ENSG00000184584
Lama3,-2.051197538,0.757589758,-1.83383095,-0.634540824,-1.349351682,-0.526138517,0.00915142,325.3750711,1005.312284,90.98646827,2.995422057,0,643.3540936,34.78180841,3.495149597,0,833.2794775,723.4362948,698.701483,602.1058549,162.3261765,232.0985885,256.1364279,150.6019124,915.8714289,670.0014965,874.6401861,512.4204922,487.6685512,583.5341886,1575.315358,2055.121366,1484.661964,300.2049894,750.9628835,955.3502235,1700.185715,2193.159974,1604.193134,1329.703151,1302.624828,1188.305259,1,1,1,0,1,1,1,0,1,1,1,0,1,1,1,1,0,1,1,0,0,0,0,ENSMUSG00000024421,ENSG00000053747
Mrps18b,-1.463431648,0.191120576,1.016452318,1.06820442,1.346744219,0.731163015,0.43211095,2626.172681,2903.506774,7283.091152,1190.680268,1041.283649,1865.521982,1582.572283,1112.622622,2503.710505,44.83321864,54.10500637,54.41600335,72.98252787,105.8648977,118.748115,132.4412749,99.11407913,57.36777082,61.71066415,62.8483966,135.0926752,148.2129911,98.65171291,17.92070559,19.05831251,29.41089468,73.41257382,35.71761634,58.97223602,19.34122428,20.33842325,31.77878634,32.31587358,47.49771479,37.97850614,1,1,1,1,0,1,1,1,0,1,1,1,0,1,1,0,0,0,1,1,0,0,0,ENSMUSG00000024436,ENSG00000204568
Lars1,0.092213278,0.964552559,0.425395652,0.382952614,0.533525029,0.194229025,0.499706178,1083.296231,984.7001031,1052.604922,1055.886275,1016.926136,973.226734,951.28246,1216.31206,1445.441116,1201.994052,1390.149599,1155.070364,1110.246705,1545.627506,1735.881536,1545.56469,1695.236912,1058.78763,1150.463096,1033.856124,1381.206145,1433.363055,1415.559013,847.3933645,1022.796105,855.2688174,1423.679557,1210.827194,1314.097993,914.5636051,1091.495381,924.1271066,1158.619115,1115.008855,1081.121475,1,1,1,1,0,1,1,1,0,1,1,1,0,1,1,0,0,0,1,1,0,0,0,ENSMUSG00000024493,ENSG00000133706
Sec11c,-1.04553657,0.466052337,-0.609001744,0.527830659,1.200350233,0.420872956,0.125619768,960.6771387,1232.046276,3722.097817,900.1243282,871.7959592,1321.53946,924.6164069,632.622077,1080.393487,1297.844381,1297.647491,1003.431102,1316.422346,776.3425831,825.8391637,852.1221652,767.1687164,725.6519783,812.8176049,665.1455307,979.4218953,1188.572567,1009.784042,276.4908863,322.40312,283.5210247,886.1946411,606.3065374,539.5959596,298.4074603,344.0583267,306.3475003,450.5212964,382.3566041,437.174804,1,1,1,0,1,1,1,1,0,1,1,1,0,1,1,0,0,0,1,1,0,0,0,ENSMUSG00000024516,ENSG00000166562
Ptpn2,0.492737745,0.802204891,1.601931253,0.782604346,1.03406385,0.484715896,0.114337247,290.6169033,207.0587277,227.8835398,293.5513616,546.0142329,434.3664581,187.8217654,290.0974165,287.6132833,408.1368869,481.709089,420.0915459,504.4917239,1209.212387,1131.345678,1280.68214,1885.741895,361.316311,384.3692796,389.6600589,688.2738884,704.7288671,561.1979517,207.3681647,239.8170991,287.0503321,579.4349577,503.6183904,418.7028757,223.8055952,255.9251593,310.1609546,384.9390824,319.422132,396.6643975,1,1,1,1,0,1,1,1,0,1,1,1,0,1,1,0,0,0,1,1,0,0,0,ENSMUSG00000024539,ENSG00000175354
Psat1,11.05634691,4.886E-05,0.553087389,0.505141631,1.004843763,-0.437756722,0.381826106,0,0,0,262.09943,1251.367192,6.146695162,72.46210086,106.0195378,0,617.6162361,366.5177851,487.56739,364.9126393,801.0443926,617.4901982,592.2373992,686.0753789,301.9356359,299.7375116,328.9066089,447.2033387,505.8365953,367.6172321,143.3656447,152.4665001,168.2303176,405.0800948,245.5586123,282.0838623,154.7297942,162.707386,181.7746578,152.0746992,85.49588663,129.1269209,1,1,1,1,0,1,1,1,0,1,1,1,0,1,1,0,0,0,0,0,1,1,0,ENSMUSG00000024640,ENSG00000135069
Cyb5a,-1.726138985,0.256934618,-0.341112164,0.373603165,-0.67655335,-0.263284764,0.345062881,1567.979571,2125.865399,6945.856903,1105.310739,411.0330192,2307.571809,1104.322417,947.1855407,553.1024679,2406.307063,2747.138065,2048.943913,2367.370748,1867.927306,1797.41465,1906.654581,1982.281583,1505.652371,1712.03014,1371.142519,1951.856239,1947.805566,2047.488381,699.7608851,738.5096097,634.0988894,315.9362552,546.47953,431.4801935,755.2287575,788.1139011,685.1506334,614.9520649,674.4675501,570.5215589,1,1,1,0,1,1,1,1,0,1,1,0,1,1,1,0,0,0,1,1,0,0,0,ENSMUSG00000024646,ENSG00000166347
Slc22a6,NA,NA,-1.10552382,-1.212023994,-2.732309967,-0.702670444,0.049090716,0,0,0,0,0,0,0,0,0,485.4355398,592.5370859,539.0812065,655.0181876,205.8484122,302.2679292,343.5976472,203.3769416,391.5098746,709.6726377,476.6003409,229.4246295,119.5266057,332.2515237,223.5821364,364.4902267,238.8164648,26.21877636,26.78821226,70.76668322,241.3047981,388.9723447,258.043745,221.4587807,184.0536448,141.7864229,1,1,1,0,1,1,1,0,1,1,1,0,1,1,1,1,0,1,0,0,0,0,0,ENSMUSG00000024650,ENSG00000197901
Anxa1,0.15794474,0.957492848,2.20766189,0.483907049,1.68212478,0.43365338,0.250794338,5944.612204,1978.300921,2410.72404,3786.21348,3674.93966,5804.529132,3179.057289,4145.247422,2463.149657,607.5674112,668.4586271,425.8959195,297.4038011,2357.258389,2073.7739,3002.418714,1803.361362,462.9679751,526.3038071,496.5023332,647.5131674,677.9549075,751.9866418,278.1976202,414.5182971,237.640029,1119.541751,835.7922224,1039.877095,300.2494816,442.3607058,256.7725936,535.1128478,428.666876,389.912663,1,1,1,1,0,1,1,1,0,1,1,1,0,1,1,0,0,0,1,1,0,0,0,ENSMUSG00000024659,ENSG00000135046
Fth1,0.707762221,0.924287378,0.681131378,0.398275973,0.480520573,0.229034507,0.364297262,17.37908392,26.70214361,15.02528834,1.497711029,114.6832868,65.0525238,1.159393614,9.320398924,0,51598.39674,34992.8492,59436.06104,30718.34598,73040.89803,75668.45796,64801.26682,69885.72335,31513.02232,37598.5445,35290.42217,45427.24123,47926.34403,44242.50121,1198.127174,1186.379954,1329.37244,1794.675242,1690.336193,1695.451786,1293.098995,1266.066848,1436.401142,1591.08154,1411.869572,1675.274104,1,1,1,1,0,1,1,1,0,1,1,1,0,1,1,0,0,0,1,0,0,0,0,ENSMUSG00000024661,ENSG00000167996
Ms4a4c,#N/A,#N/A,6.417517156,3.254710994,5.241037515,4.853711177,6.34307E-05,#N/A,#N/A,#N/A,#N/A,#N/A,#N/A,#N/A,#N/A,#N/A,1.545973057,17.45322786,10.88320067,5.47368959,571.6704476,607.7744434,869.614409,965.3968746,3.019356359,6.171066415,14.66462587,64.05256153,100.4023488,60.4939749,14.50723786,7.146867191,0,270.0533966,207.1621748,356.7820279,15.65718156,7.626908721,0,313.6540671,160.3047874,210.9917008,1,0,1,1,0,0,1,1,0,0,1,1,0,0,1,1,1,0,0,0,0,0,0,ENSMUSG00000024675,#N/A
Ms4a6b,#N/A,#N/A,3.307137787,0.701511001,1.475896081,1.54157757,1.22425E-09,#N/A,#N/A,#N/A,#N/A,#N/A,#N/A,#N/A,#N/A,#N/A,88.12046423,142.2438071,206.055266,225.3335548,1507.986654,1374.23955,1881.665661,1782.766228,133.8581319,187.7767352,234.634014,309.7814794,272.520661,322.0140818,129.7117738,165.9661381,110.584964,406.3910337,236.6292083,491.4353002,139.9936233,177.1137692,119.4882366,522.7567785,369.2947325,384.0048954,1,1,1,1,0,1,1,1,0,1,1,1,0,1,1,1,1,0,0,0,0,0,0,ENSMUSG00000024677,#N/A
Ms4a6d,#N/A,#N/A,4.257756754,2.119359006,2.950292283,1.221421337,0.045086674,#N/A,#N/A,#N/A,#N/A,#N/A,#N/A,#N/A,#N/A,#N/A,65.70385491,127.4085634,140.756062,129.543987,1885.571456,1630.087761,2652.573837,2692.813682,69.44519626,133.1187184,231.4915942,617.2337747,533.5667678,733.373111,40.10824585,51.61626305,27.05802311,419.5004218,244.6656719,267.3408033,43.28750195,55.08322965,29.23648343,167.2821691,55.80981488,75.95701228,1,1,1,1,0,1,1,1,0,1,1,1,0,1,1,1,1,0,0,0,0,0,0,ENSMUSG00000024679,#N/A
Fam111a,0.091731854,0.979568203,0.778889306,1.48214602,2.198472905,1.288258199,1.30121E-08,643.0261049,421.6127939,167.7823864,407.3773998,349.1243422,488.6622654,280.5732545,586.0200824,516.2289701,197.1115647,274.0156774,255.3924424,181.5440381,371.7034186,338.971892,441.0544345,408.041079,219.4065621,252.1321421,204.257289,698.7552167,657.8744377,535.1390087,141.6589109,171.5248126,139.9958587,734.1257382,622.3794647,729.2899854,152.8877729,183.0458093,151.267023,441.9670946,363.3575182,386.5367958,1,1,1,1,0,1,1,1,0,1,1,1,0,1,1,1,1,0,1,1,0,0,0,ENSMUSG00000024691,ENSG00000166801
Ccdc86,1.042541118,0.810274417,1.22288888,1.046959548,1.078101277,0.576722839,0.252834266,84.96441026,39.35052743,4.173691205,148.2733918,117.7279759,63.51585001,106.6642125,90.87388951,0,204.84143,209.4387343,182.8377713,199.78967,481.0971462,408.0617044,451.0500024,520.0271165,171.0968604,235.3821047,181.2128769,415.7593539,421.6898649,379.716027,63.14915304,59.55722659,83.5269409,141.5813924,143.7634058,147.43059,68.15479031,63.55757267,90.25175319,103.6008888,108.0573012,117.3113856,1,1,1,1,0,1,1,1,0,1,1,1,0,1,1,0,0,0,0,0,0,0,0,ENSMUSG00000024732,ENSG00000110104
Slc15a3,-1.599678247,0.700870577,5.533522415,1.772668414,2.173355434,1.950954922,4.83029E-05,321.5130525,919.5843494,300.5057668,20.9679544,190.8005126,673.0631203,93.91088271,36.11654583,0,64.15788185,76.79420259,60.22037704,66.59655668,2727.785531,2344.735508,3329.773563,3981.296711,40.25808479,66.11856873,81.70291558,244.5643258,214.1916774,184.2739543,29.01447572,47.64578127,14.11722945,116.6735548,128.5834188,171.0194845,31.31436312,50.84605814,15.25381744,157.7775004,87.87077237,136.7226221,1,1,1,1,0,1,1,1,0,1,1,1,0,1,1,1,1,0,1,0,0,0,0,ENSMUSG00000024737,ENSG00000110446
Cdc42bpg,0.110736483,0.993897683,-0.444575824,-0.503097436,-0.751773723,-0.332379281,0.237289081,0.965504662,11.24300784,0,2.995422057,23.3426159,0,0,0,0,453.7430921,418.8774687,446.2112275,378.5968633,317.5946931,330.3356655,312.3614975,287.0446707,548.5164052,540.4091018,556.2083099,366.8464887,347.1052629,445.7940612,414.7363294,452.6349221,485.8679802,242.5236814,292.884454,266.3579327,447.6111904,483.0375523,524.9855503,366.8802118,383.544047,404.2600987,1,1,1,0,1,1,1,0,1,1,1,0,1,1,1,0,0,0,0,0,0,0,0,ENSMUSG00000024769,ENSG00000171219
Ak3,-0.579459845,0.722170278,-0.981069077,-0.666293807,-0.874876087,-0.328571799,0.314389086,2247.694853,1077.454918,2555.968494,1542.642359,952.9876667,1569.968389,1548.370171,1005.438034,1250.011577,5232.34581,6772.725071,4781.352828,6071.234037,2837.179258,2951.430423,2936.198076,2853.713161,4322.711854,3539.547379,4079.908413,2198.749748,2226.063504,3098.222191,1755.375781,2117.854978,1459.956812,814.0930061,1117.068451,975.9905061,1894.518968,2260.107284,1577.498954,1738.403905,1701.605632,1129.227583,1,1,1,0,1,1,1,0,1,1,1,0,1,1,1,0,0,0,1,1,0,0,0,ENSMUSG00000024782,ENSG00000147853
Pola2,-0.320409963,0.929583494,1.664398022,0.866395292,1.786293063,0.679622002,0.061679484,87.86092424,24.82830897,46.74534149,55.41530806,73.07253674,34.83127259,40.57877648,19.80584771,29.49879829,272.091258,352.5552028,253.2158023,322.9476858,959.8417391,897.0880327,704.6875383,1242.143979,308.9808008,327.06652,336.2389218,713.894913,611.9762211,448.5860908,96.43046343,134.2022839,102.3499135,384.1050737,390.2149585,377.4223105,104.0742068,143.2163971,110.5901764,166.3317023,220.8643738,188.2045971,1,1,1,1,0,1,1,1,0,1,1,1,0,1,1,0,0,0,1,1,0,0,0,ENSMUSG00000024833,ENSG00000014138
Pcx,#N/A,#N/A,-0.413542902,-0.452629918,-1.223234756,-0.806804073,0.000407538,#N/A,#N/A,#N/A,#N/A,#N/A,#N/A,#N/A,#N/A,#N/A,938.4056454,843.8635671,808.9845831,880.3517424,768.1086466,648.7965195,584.7407233,603.6948456,912.8520726,1101.976146,899.7795447,732.5283855,702.8164415,696.1460496,409.6161278,365.2843231,361.1657867,145.5142088,186.6245454,153.3278136,442.0851263,389.819779,390.2434962,224.3101813,216.1146023,257.409875,1,1,1,0,1,1,1,0,1,1,1,0,1,1,1,1,0,1,0,0,0,0,0,ENSMUSG00000024892,#N/A
Apba1,3.729705768,0.113003983,-0.643136207,-0.625778535,-2.020950184,-0.748876254,6.48514E-06,7.724037296,5.621503919,0,56.91301909,185.7260309,18.44008549,24.34726589,67.5728922,0,1112.327614,922.4030924,1007.784382,815.5797489,604.6061935,634.7626513,635.9680089,595.9716706,769.9358716,719.3700278,835.8836748,492.6224277,443.6827603,569.5740406,1445.603585,1639.808972,1494.07345,288.40654,381.2855544,456.0519585,1560.192092,1749.951834,1614.362346,888.6865235,948.766853,1092.093043,1,1,1,0,1,1,1,0,1,1,1,0,1,1,1,1,0,1,0,0,0,0,0,ENSMUSG00000024897,ENSG00000107282
Ctsw,1.226314594,0.897198797,-1.040459708,2.242722123,1.54769408,1.71341823,0.001355558,7.724037296,0,33.38952964,0,152.2344515,33.80682339,0.579696807,4.660199462,0,40.968286,68.94025005,47.16053624,67.50883828,21.17297954,26.98820796,31.23614975,29.60550415,17.10968604,29.09217024,29.32925175,95.49654628,160.643758,101.4437425,15.36060479,19.85240886,21.17584417,53.74849155,55.36230533,55.04075362,16.57819224,21.18585756,22.88072616,59.87941281,79.55867228,59.07767622,1,1,1,0,1,1,1,1,0,1,1,1,0,1,1,1,1,0,0,0,0,0,0,ENSMUSG00000024910,ENSG00000172543
Lrp5,-0.643793421,0.913186794,-1.508000735,-0.312923107,-0.606729015,-0.209470046,0.471833917,431.5805839,756.0922771,70.11801224,323.5055822,176.5919638,279.6746299,273.037196,555.7287859,0,2923.43505,3053.442214,3759.057511,3160.143457,1219.798877,1310.547379,904.5988967,1097.978045,4236.156972,3878.074451,4414.052388,3349.366672,3387.862112,3346.712827,1449.870419,1774.805352,1512.896422,778.697658,1299.228294,1030.048389,1564.797145,1894.015666,1634.700769,1372.47416,1680.231661,1356.254653,1,1,1,0,1,1,1,0,1,1,1,0,1,1,1,0,0,0,1,0,0,0,0,ENSMUSG00000024913,ENSG00000162337
Smarca2,-0.26242789,0.948889739,-1.818234592,-0.699595249,-1.256908087,-0.191991916,0.430631529,851.5751119,2013.43532,515.8682329,873.1655297,361.3030983,1120.747418,1510.689879,1502.914327,265.4891846,3773.720231,3337.057167,4178.423511,4842.390724,1117.462809,1291.115869,1169.481447,995.0023788,2932.801477,2538.953039,3219.932853,1438.271154,2143.8292,1767.354744,9162.60076,10102.49382,10289.1074,3248.506392,4676.328919,4437.66076,9888.89167,10781.05919,11117.49061,8167.361814,9862.900477,9795.922684,1,1,1,0,1,1,1,0,1,1,1,0,1,1,1,0,0,0,1,1,0,0,0,ENSMUSG00000024921,ENSG00000080503
Map4k2,-1.160718443,0.571229336,-1.934927856,-0.789567438,-0.599770377,-0.005941903,0.991425751,3548.229633,2029.362915,524.2156153,1642.988998,547.0291292,1387.616433,979.6876036,489.3209435,409.2958263,3340.847775,3612.818167,2284.746594,2508.774395,805.7494992,1036.347186,667.2041586,561.2173831,3985.550394,2959.467136,3072.239121,1961.172975,1715.445845,2118.219798,1243.355621,1155.410196,1209.375989,608.2756117,929.5509653,839.3714927,1341.912561,1233.01691,1306.743694,1170.975184,1550.800388,1146.950885,1,1,1,0,1,1,1,0,1,1,1,0,1,1,1,0,0,0,1,1,0,0,0,ENSMUSG00000024948,ENSG00000168067
Prdx5,-0.831653478,0.755360319,0.597319142,0.7784432,0.812902339,0.750592244,0.014322667,1932.940333,2762.969176,9682.128857,2105.781706,1710.100339,1862.960859,3078.769741,1273.399503,6132.062694,1981.164472,2153.728318,1818.220059,1848.282518,2658.385209,2869.386271,2837.491843,3438.100069,1178.555432,1675.885322,1476.93732,2666.915744,2386.707262,2378.809228,135.6853423,179.4657761,117.6435787,245.145559,255.3809568,262.4264503,146.4406981,191.5201523,127.1151453,282.2886604,245.8006741,257.409875,1,1,1,1,0,1,1,1,0,1,1,1,0,1,1,1,1,0,1,1,0,0,0,ENSMUSG00000024953,ENSG00000126432
Gpam,0.048364809,0.993258408,-0.497602831,-0.351575353,-0.982897063,-0.499250581,0.136469917,162.2047832,119.9254169,107.6812331,167.7436352,58.86398793,143.9351117,235.9366004,196.8934273,0,591.3346942,568.1025669,531.8257394,408.702156,412.873101,371.3577416,413.5666227,289.6190624,742.7616643,695.567343,801.3170567,588.118974,563.209366,603.0783959,558.1019742,427.2238388,655.2747335,229.4142932,266.9891821,331.2273923,602.3409846,455.9196546,708.0313596,320.3073352,404.9180186,521.5714843,1,1,1,0,1,1,1,0,1,1,1,0,1,1,1,0,0,0,1,0,0,0,0,ENSMUSG00000024978,ENSG00000119927
Pik3ap1,4.135265405,NA,2.263714566,0.886953588,2.128102309,1.77230355,2.31495E-13,5.793027972,0,2.504214723,0,265.902842,0,8.695452103,12.81554852,0,132.9536829,229.5099464,100.8509929,110.3860734,561.0839578,564.5933106,762.1620539,864.9955996,88.56778653,146.3424321,157.1209915,200.3098288,246.7029141,277.341608,152.752681,155.6428855,139.9958587,453.5848311,679.5276509,826.5941749,164.8609117,166.0971232,151.267023,677.6828783,393.0435899,576.4293265,1,1,1,1,0,1,1,1,0,1,1,1,0,1,1,1,1,0,0,0,0,0,0,ENSMUSG00000025017,ENSG00000155629
Mxi1,-0.661539959,0.8304455,-0.788836696,-0.715321059,-0.681053387,-0.351137042,0.103993127,656.5431702,1408.65519,450.7586501,205.1864109,342.0200678,1111.527375,481.7280465,198.0584771,844.403101,1760.863311,1823.862311,1768.882882,1969.615971,1091.584723,1130.26615,1060.779645,953.8121121,1761.291209,1712.911721,1940.967982,1014.359656,1037.490937,1244.31453,957.4776988,1065.677308,1162.318558,579.4349577,821.5051758,582.842266,1033.373983,1137.256834,1255.897636,865.8753186,926.2054385,892.9168777,1,1,1,0,1,1,1,0,1,1,1,0,1,1,1,0,0,0,1,1,0,0,0,ENSMUSG00000025025,ENSG00000119950
Add3,1.364493231,0.277713126,-1.495038855,-0.402615294,-0.901245631,-0.137169934,0.647474909,591.8543578,447.8464789,179.4687218,1443.793432,739.8594345,470.7344045,1336.20114,1281.554852,1006.646492,3517.088704,4168.703475,3168.462488,3699.301881,1318.606115,1200.43549,1259.441558,1385.022716,2729.498149,2493.110832,2943.399908,1992.616959,2141.916774,2040.973645,2538.766626,2905.598561,2568.159324,1143.13865,1741.233797,1402.556347,2740.006773,3100.762112,2774.923623,2344.801768,2662.246914,2828.132757,1,1,1,0,1,1,1,0,1,1,1,0,1,1,1,0,0,0,1,1,0,0,0,ENSMUSG00000025026,ENSG00000148700
Nt5c2,1.347141383,0.546569023,-0.852400529,-0.588365866,-0.892009611,-0.268335371,0.263546622,195.0319417,74.95338558,74.29170345,269.5879851,648.5187636,41.49019235,100.2875476,276.1168181,416.6705258,2384.66344,2756.737341,3478.996481,3882.670482,1573.858146,2060.81956,1610.535881,1678.503366,2920.724051,2283.294574,2835.51016,1646.733127,1663.810351,2034.45891,2613.862916,2576.048574,2308.167015,1230.97155,1451.921104,1356.361428,2821.055712,2749.076877,2493.999152,2041.602837,2587.438013,2071.094535,1,1,1,0,1,1,1,0,1,1,1,0,1,1,1,0,0,0,1,1,0,0,0,ENSMUSG00000025041,ENSG00000076685
Msr1,24.73275832,NA,2.670689759,1.858358855,2.031971302,1.114810824,0.000156942,0,0,0,1.497711029,2137.3717,0,0.579696807,126.9904353,0,57.97398962,84.64815513,71.10357771,58.38602229,395.2289514,289.3135894,417.3149606,632.0131539,92.59359501,127.8292329,168.6431976,605.5878544,327.0247932,478.3677399,104.9641328,88.14469536,103.5263493,441.7863817,374.1420312,396.0968519,113.2843136,94.06520755,111.8613279,277.536326,205.4276165,206.7718668,1,1,1,1,0,1,1,1,0,1,1,1,0,1,1,1,1,0,0,0,0,0,0,ENSMUSG00000025044,ENSG00000038945
Pdcd11,0.195776586,0.95077689,0.377937992,0.448750264,0.731639883,0.146982183,0.671536026,251.9967168,411.3067034,105.1770184,426.8476431,290.2603543,279.1624053,223.7629674,380.971306,158.5560408,590.5617076,708.6010512,728.4488982,696.9831411,898.6753538,878.7360513,875.861639,886.8779288,757.8584461,692.0410194,801.3170567,1045.803641,1024.103958,1001.407954,633.1982643,785.3612947,715.2729587,1304.384124,1120.640213,1120.472484,683.3899245,838.112525,772.8600837,877.280921,837.1472232,826.2435003,1,1,1,1,0,1,1,1,0,1,1,1,0,1,1,0,0,0,1,1,0,0,0,ENSMUSG00000025047,ENSG00000148843
Afap1l2,-1.905380502,0.370529521,-1.564045023,-0.450598694,-1.118961217,-0.121384115,0.729828359,3994.292787,2437.858866,208.6845602,527.1942821,294.3199397,1832.227383,292.7468875,330.8741618,265.4891846,3989.383473,4168.703475,3978.898165,2812.564168,1368.009734,1250.093793,1278.183248,1159.763445,3231.717756,3043.217323,2590.401413,1776.002842,2407.743945,2301.563076,1631.637576,2073.385582,1927.00182,584.6787129,1048.31204,956.3330941,1760.97242,2212.650963,2082.146081,1682.32636,2013.903107,1871.918369,1,1,1,0,1,1,1,0,1,1,1,0,1,1,1,0,0,0,1,1,0,0,0,ENSMUSG00000025083,ENSG00000169129
Ablim1,-1.067058009,0.665857204,-2.88010816,-0.851701103,-0.831753225,-0.018559398,0.974078731,22784.94452,20305.80907,4928.294575,11772.00868,2411.393713,12062.37703,10336.57376,7519.231832,1733.054399,16034.83254,19358.24768,11507.89639,18416.22863,2672.500529,3221.312503,1726.734358,1249.867154,14234.25233,13909.5837,11102.16926,6706.885488,6902.900532,8136.904962,11492.29249,12827.03842,12005.52721,5133.636412,8826.715938,6444.682526,12403.25083,13688.60628,12972.10058,10659.48595,16428.2721,11481.32439,1,1,1,0,1,1,1,0,1,1,1,0,1,1,1,0,0,0,1,1,0,0,0,ENSMUSG00000025085,ENSG00000099204
Alyref,0.598514179,0.924287378,0.527376022,0.762275025,1.05373886,0.207590701,0.621383338,3.862018648,96.9709426,274.6288813,31.4519316,29.43199397,453.8309928,382.5998925,39.61169543,199.1168885,531.8147315,538.4320795,569.5541684,635.860274,930.4348231,702.7729354,749.667594,897.1754955,499.2002514,519.2511598,596.0122945,982.9156714,961.9501226,793.8670859,238.9427412,232.6702319,249.4043869,520.4427108,520.5842582,455.0690879,257.8829904,248.2982506,269.4841081,322.2082689,283.7988459,288.6366467,1,1,1,1,0,1,1,1,0,1,1,1,0,1,1,0,0,0,0,1,0,0,0,ENSMUSG00000025134,ENSG00000183684
Kazald1,-2.320203235,0.576974091,-2.279474324,-0.844972667,-1.616375104,-0.894298895,0.215793833,96.5504662,51.06199393,27.54636195,0,34.50647568,31.24570041,2.898484034,0,0,335.4761533,355.173187,280.7865773,242.6669052,49.40361893,79.88509558,73.71731341,46.33904998,210.348493,192.1846398,213.6845485,83.850626,125.2638828,132.1560682,94.72372956,80.99782817,30.58733047,15.73126582,26.78821226,24.57176501,102.2321855,86.43829883,33.04993779,38.96914167,48.68515766,32.91470532,1,1,1,0,1,1,1,0,1,1,1,0,1,1,1,0,0,0,1,0,0,0,0,ENSMUSG00000025213,ENSG00000107821
Nfkb2,0.961618127,0.702844864,3.162263252,0.973231797,1.137517674,0.953073368,3.61958E-05,104.2745035,87.13331074,45.07586501,43.43361983,67.99805502,254.0634,146.6632921,69.90299193,342.9235301,540.3175833,627.4435416,314.8872727,444.2811384,4056.978135,3812.894021,3858.289217,5515.634144,570.6583519,603.0013468,1009.764239,1576.857606,1618.868347,1089.822225,378.0415513,446.2821513,396.4588603,642.3600209,1059.027324,981.8877297,408.0077312,476.2580779,428.3780398,974.2285418,607.9707494,957.0583547,1,1,1,1,0,1,1,1,0,1,1,1,0,1,1,1,1,0,1,1,0,0,0,ENSMUSG00000025225,ENSG00000077150
Adpgk,0.082749069,0.991533574,0.427145668,0.628273166,0.859736684,0.07805058,0.903167038,383.3053508,135.3845527,866.4582941,561.6416357,1417.810192,344.2149291,333.3256639,274.9517683,0,379.5363854,526.21482,459.2710683,515.4391031,631.6605563,577.5476504,764.6609459,553.4942081,387.4840661,395.8298315,369.7580667,599.7648943,650.224735,533.2776556,223.5821364,228.6997501,190.5825975,470.6270358,402.7161242,296.8269213,241.3047981,244.0610791,205.9265355,271.8335248,230.3639167,228.7150036,1,1,1,1,0,1,1,1,0,1,1,1,0,1,1,0,0,0,1,0,0,0,0,ENSMUSG00000025236,ENSG00000159322
Fyco1,0.147182944,0.983909156,-0.890861284,-0.884917571,-0.731290398,-0.297151268,0.112613494,173.7908392,103.0609052,97.66437419,98.84892789,59.87888428,176.7174859,84.05603699,407.7674529,0,2444.956389,1861.386751,2766.50961,1950.458057,1318.606115,1205.833132,1194.470366,1148.178683,3687.640567,3265.375714,2522.31565,1731.748345,1276.544149,2122.873181,4468.229261,4558.907172,4405.752023,2016.223902,3190.47608,2880.793729,4822.41192,4865.120329,4760.462193,3563.300296,4262.919903,3934.573236,1,1,1,0,1,1,1,0,1,1,1,0,1,1,1,0,0,0,1,0,0,0,0,ENSMUSG00000025241,ENSG00000163820
Zfhx4,1.233779285,NA,0.784816007,-0.999810949,-0.917945998,-0.438082756,0.083416116,1.931009324,11.7114665,16.69476482,0,132.951421,5.122245969,1.739090421,2.330099731,0,40.19529947,30.54314876,40.63061583,41.05267192,56.46127877,41.02207611,71.21842143,95.25249163,71.4581005,75.81595881,60.75345005,39.59612894,21.0366826,43.74179723,465.9383454,482.8105836,548.2190769,305.4487447,186.6245454,301.7412743,502.8718312,515.2400558,592.3565773,430.5614921,353.8579752,401.7281983,1,1,1,1,0,1,1,0,1,1,1,0,1,1,1,0,0,0,0,0,0,0,0,ENSMUSG00000025255,ENSG00000091656
Atp10a,-1.239656015,0.70463933,-0.691181016,-1.121620169,-0.970733295,-0.264908404,0.393964595,2435.968262,3673.652811,742.0822962,548.1622365,143.1003845,3599.914467,886.9361145,385.6315055,235.9903863,5881.654494,5805.816248,10319.45088,9244.149436,4280.470697,4917.251491,5475.072328,4682.81844,12172.03194,9651.547873,10289.33,4539.579724,3828.676233,6389.094426,5394.98575,4651.022349,3844.592153,2187.956888,2597.563648,2301.882946,5822.629518,4963.422708,4154.12295,3933.031908,5049.007083,3457.731992,1,1,1,0,1,1,1,0,1,1,1,0,1,1,1,0,0,0,1,1,0,0,0,ENSMUSG00000025324,ENSG00000206190
Itga7,0.239190578,0.97469496,0.766615587,-0.487436069,-1.418318769,-0.254271275,0.522769901,9.65504662,263.7422255,20.86845602,2.995422057,229.3665737,81.9559355,14.49242017,78.05834099,291.3006331,1256.876095,1648.457371,1213.114101,1005.334321,2064.365505,1974.457295,2126.557075,2552.509336,966.1940349,1010.29173,1283.154764,755.820226,665.5241405,902.7562408,581.1428814,795.6845473,562.3363063,154.6907806,234.8433274,334.1760041,627.208273,849.1291709,607.6103947,720.4538875,520.099977,508.0680155,1,1,1,1,0,1,1,0,1,1,1,0,1,1,1,0,0,0,0,0,0,0,0,ENSMUSG00000025348,ENSG00000135424
Pa2g4,0.231609773,0.918262937,0.301743914,0.779837805,0.578430247,0.065932507,0.894984525,750.1971224,1115.868528,631.0621102,1036.416032,873.8257519,944.5421566,1024.903955,714.1755676,1275.823026,1777.869015,2129.293799,1810.964591,2286.177685,2556.049141,2359.848904,2426.424113,2521.616636,1381.85876,1466.069064,1531.405931,2622.661247,2520.577061,2376.947875,531.6475993,667.0409378,568.2184853,976.6494196,904.5486338,759.758974,573.7896536,711.8448139,613.966152,624.4567336,736.2145793,630.4432019,1,1,1,1,0,1,1,1,0,1,1,1,0,1,1,0,0,0,1,1,0,0,0,ENSMUSG00000025364,ENSG00000170515
Adam8,23.2795617,NA,3.670033695,3.099588634,3.020770437,2.264909184,9.39833E-05,0,0,0,5.990844114,1215.84582,19.97675928,0,27.96119677,0,3.091946113,10.47193672,11.60874738,24.63160315,143.5057502,119.8276434,163.6774247,198.2281583,32.20646783,21.15794199,111.0321673,584.6251979,424.5585034,397.3988812,13.65387093,8.7350599,15.29366523,91.76571728,117.8681339,91.40696583,14.73617088,9.321777325,16.52496889,71.28501525,43.93538618,76.80097908,1,0,1,1,0,1,1,1,0,0,1,1,0,0,1,1,1,0,0,0,0,0,0,ENSMUSG00000025473,ENSG00000151651
Adgra1,4.483926982,NA,-0.890339571,-0.82644777,-1.899418817,-0.648908441,0.213359857,0,0,0,5.990844114,8.119170749,0,3.478180841,0,0,173.9219689,138.7531615,141.4816087,76.63165426,89.39702472,74.48745398,81.21398935,41.19026665,119.7678022,119.8950046,97.41501474,72.20470572,49.72306797,68.87006373,209.0748986,137.3786693,321.1669699,40.63910337,69.64935186,66.83520082,225.6476166,146.6061343,347.0243468,104.5513557,142.4931444,209.3037672,1,1,1,0,1,1,1,0,1,1,1,0,1,1,1,0,0,0,0,0,0,0,0,ENSMUSG00000025475,ENSG00000197177
Inpp5a,0.80237761,0.845030209,0.3605444,-0.419217805,-0.982317448,-0.357448378,0.208791997,63.72330769,89.47560404,41.73691205,43.43361983,58.86398793,138.8128657,137.96784,294.757616,3.687349786,1427.706118,1562.063894,1581.691831,1548.141872,1797.350708,1740.19965,2160.292117,2161.201803,1499.613658,1496.924396,1635.105785,1114.514571,1008.804552,1339.243537,1844.979309,2485.52159,1779.947346,739.3694935,1209.934254,1141.112767,1991.22509,2652.469366,1923.252149,1843.905728,1934.344435,1352.034819,1,1,1,1,0,1,1,0,1,1,1,0,1,1,1,0,0,0,1,0,0,0,0,ENSMUSG00000025477,ENSG00000068383
Ifitm1,-0.196349681,0.967501565,3.368925516,1.493124492,1.014949903,0.697392453,0.316342868,5504.342078,7053.113583,4429.121107,2752.792871,850.483136,8791.310756,2056.184574,2652.818544,12551.73867,718.1044848,1036.721735,1937.935266,856.6324208,11576.9147,12938.1469,11158.80214,11338.90809,615.9486973,1659.135285,1094.609574,3132.752555,2858.120195,3497.482426,74.24292317,75.43915368,54.11604622,176.9767405,111.6175511,126.7903074,80.12792915,80.50625872,58.47296686,203.3999102,87.87077237,64.98544384,1,1,1,1,0,1,1,1,0,1,1,1,0,1,1,0,0,0,1,1,0,0,0,ENSMUSG00000025491,ENSG00000185885
Eps8l2,-1.524433349,0.773413473,-1.986929629,-0.843098996,-1.214494436,-0.154052186,0.661692561,168.9633159,88.07022806,16.69476482,17.97253234,3.044689031,157.2529512,1.739090421,8.155349059,0,2195.28174,2415.526736,1830.554353,1716.913968,412.873101,588.3429336,652.2108068,404.1794915,1643.536311,1228.923797,1458.082801,676.6279681,783.1383205,952.0820972,1026.60042,1344.405128,995.2646761,300.2049894,580.4112655,567.1163364,1107.975848,1434.706274,1075.39413,1083.532232,1098.384655,1072.681807,1,1,1,0,1,1,1,0,1,1,1,0,1,1,1,0,0,0,1,0,0,0,0,ENSMUSG00000025504,ENSG00000177106
Rplp2,-0.156395324,0.97469496,0.401793957,0.771283701,1.031553399,0.579220525,0.0004703,3043.270695,8718.952578,19378.44826,5909.967719,3644.49277,7064.089415,5979.572563,6237.67698,27054.08538,6884.218021,8513.684551,7325.119598,9342.675848,9679.58048,11422.48914,10601.54922,10656.6943,4853.112121,5128.156191,5752.723236,8705.325407,9993.380449,8154.587816,1454.990621,1714.45403,1587.011877,3473.987868,3418.175884,2832.63307,1570.323209,1829.610659,1714.783311,2532.994209,2790.490744,2320.908709,1,1,1,1,0,1,1,1,0,1,1,1,0,1,1,1,1,0,1,1,0,0,0,ENSMUSG00000025508,ENSG00000177600
Cd151,-0.628743706,0.841083283,-0.954964234,0.542704877,-0.587078636,-0.241536262,0.576302676,895.0228217,2297.321268,2293.025948,398.3911336,721.5913003,2640.517797,1212.72572,499.8063923,1622.433906,9145.976603,12638.75496,8775.487473,10912.71248,4887.429444,5463.49282,5558.785209,5483.454248,5264.751038,5528.393927,5784.147434,8281.413909,8411.804402,7455.649737,1015.50665,1263.4073,779.976927,665.9569197,712.566446,659.5061728,1096.002709,1348.267975,842.7734136,1089.235033,1009.326439,686.1450109,1,1,1,0,1,1,1,1,0,1,1,0,1,1,1,0,0,0,1,1,0,0,0,ENSMUSG00000025510,ENSG00000177697
Gusb,0.896199943,0.515245418,-1.218095709,0.519963165,0.521990955,0.132830004,0.803343761,965.504662,602.4378366,696.171693,2056.357242,1928.303053,661.7941791,1230.696321,1003.107934,1548.68691,1355.818371,1666.783261,1173.209032,1329.194289,558.7314045,664.9894442,587.2396153,562.5045789,904.8004556,985.6074645,891.3997585,1333.457872,1331.048281,1326.214065,389.9886884,458.9876929,334.1077636,597.7881011,586.6618484,517.9728064,420.9018807,489.8170267,361.0070128,542.7165828,376.4193897,475.997277,1,1,1,0,1,1,1,1,0,1,1,1,0,1,1,0,0,0,1,1,0,0,0,ENSMUSG00000025534,ENSG00000169919
Tnrc6c,-0.452518617,0.944153937,-0.855635606,-0.514492674,-0.563379221,-0.289226556,0.154530656,223.9970816,516.7099019,85.14330058,68.89470731,308.5284885,520.932415,100.2875476,206.2138262,0,776.8514609,661.4773359,1334.280402,1013.544856,552.8500213,572.1500088,446.0522184,521.3143123,1458.349121,1078.173461,1299.914336,850.1521803,885.4530949,948.3593911,1525.820076,1546.899699,1399.958587,857.3539871,1050.990861,1116.541002,1646.767096,1650.802021,1512.67023,1295.486344,1287.188071,1354.566719,1,1,1,0,1,1,1,0,1,1,1,0,1,1,1,0,0,0,1,0,0,0,0,ENSMUSG00000025571,ENSG00000078687
Tma16,0.286663775,0.947051322,0.884711998,0.750265085,0.906791679,0.155787768,0.821943119,97.51597086,147.5644779,327.2173905,139.2871257,85.25129287,200.2798174,126.9536007,224.854624,626.8494636,118.2669388,135.2625159,110.2831001,145.9650557,236.4316049,196.474154,248.639752,258.7263624,124.8000628,115.4871,111.0321673,216.6141172,216.1041031,159.1456878,145.9257455,152.4665001,214.1113133,496.8458121,185.731605,279.1352505,157.4928263,162.707386,231.3495645,249.0223199,173.366659,189.0485639,1,1,1,1,0,1,1,1,0,1,1,1,0,1,1,0,0,0,1,1,0,0,0,ENSMUSG00000025591,ENSG00000198498
Cct8,0.632376728,0.602124458,0.718006398,0.753026495,0.535150425,0.022728114,0.967276104,1609.496272,1477.518613,1230.404167,2948.993015,2031.82248,1378.908615,2062.561239,2418.643521,2547.958702,2924.208037,3373.708946,3144.519447,3969.337234,5296.773715,4731.57262,6252.227734,5779.509289,2090.401053,2207.478615,2239.497866,3647.502231,3946.290413,3423.958979,864.4607031,978.3267088,876.4446615,1565.260949,1212.613075,1166.667403,932.9838187,1044.03906,947.0078328,1017.950018,1143.507484,812.7400314,1,1,1,1,0,1,1,1,0,1,1,1,0,1,1,0,0,0,1,1,0,0,0,ENSMUSG00000025613,ENSG00000156261
Arhgef9,0.090856727,0.989401901,-0.477880902,-0.701490818,-1.971217076,-1.167122318,1.69892E-07,99.44698019,192.5365092,42.57165029,112.3283271,388.7052996,43.53909073,70.14331363,96.69913884,0,637.7138858,516.6155447,730.6255383,600.2812917,475.215763,433.9703841,428.5599746,447.9441498,508.2583205,439.9088773,414.7994176,252.71647,269.6520224,314.5686695,1701.613664,1395.227295,2150.524619,448.3410758,410.7525879,478.6579823,1836.495296,1488.942069,2323.664857,833.559445,641.2191497,1036.391234,1,1,1,0,1,1,1,0,1,1,1,0,1,1,1,1,0,1,1,0,0,0,0,ENSMUSG00000025656,ENSG00000131089
Marchf8,-0.379811999,0.939298229,-0.506835349,-0.456019065,-0.589882552,-0.130859865,0.706538262,158.3427646,363.9923787,188.6508425,103.342061,60.89378062,445.1231747,271.2981056,189.9031281,18.43674893,2417.128874,2513.264812,2026.451965,2277.967151,1422.118459,1753.153989,1770.464968,1552.358174,1621.394365,1451.082188,1429.801023,991.0678156,1066.177323,1222.908969,1063.295199,1183.203568,1062.321516,601.7209176,768.8216917,825.6113043,1147.579307,1262.67711,1147.849762,1110.145304,1183.880541,958.7462884,1,1,1,0,1,1,1,0,1,1,1,0,1,1,1,0,0,0,1,1,0,0,0,ENSMUSG00000025702,ENSG00000165406
Il6,1.487919833,0.709739177,13.03415392,5.783562555,5.04525822,4.438513737,0.001562805,104.2745035,16.3960531,295.4973373,8.986266172,595.7441537,1233.949054,38.83968606,156.116682,298.6753327,0,0.872661393,0,0,1430.352396,788.0556726,2220.265524,3879.60824,2.012904239,7.052647331,31.4241983,741.8451217,1032.709873,447.6554142,0,0,3.529307362,32.77347046,34.82467593,28.50324741,0,0,3.81345436,29.46447297,17.81164305,21.94313688,1,0,1,1,0,0,1,1,0,0,1,1,0,0,1,1,1,0,1,0,0,0,0,ENSMUSG00000025746,ENSG00000136244
Hspa4l,-0.077932009,0.99046117,1.173048922,-0.479976856,-1.187767855,-0.859811922,7.70124E-05,117.7915688,21.0806397,28.38110019,40.43819777,31.46178665,120.3727803,62.60725514,58.25249328,0,500.8952703,430.2220668,565.9264348,560.1409014,1102.171213,734.0792566,1586.796407,1217.687258,431.7679594,507.7906079,494.4073866,331.9087279,346.1490501,349.9343779,1396.108302,1345.993321,1981.117866,833.7570884,600.0559545,640.8316314,1506.773472,1436.401142,2140.619048,889.6369903,801.5239371,1105.596512,1,1,1,1,0,1,1,0,1,1,1,0,1,1,1,1,0,1,1,0,0,0,0,ENSMUSG00000025757,ENSG00000164070
Jade1,0.327027725,0.911675511,-0.595000866,-0.676679984,-0.691306152,-0.21084122,0.543243258,626.6125256,266.5529775,218.7014191,663.4859857,494.2545194,317.57925,255.066595,576.6996834,483.042822,864.9719252,808.08445,1016.490943,1071.018596,665.7725789,620.7287832,624.722995,577.9509289,1022.555354,878.0545927,840.0735679,543.864477,521.1360008,648.6815462,992.4657431,1342.022839,1078.791617,575.5021412,748.2840623,788.2622214,1071.135421,1432.163971,1165.645883,1000.841614,1239.690356,933.4272843,1,1,1,0,1,1,1,0,1,1,1,0,1,1,1,0,0,0,1,1,0,0,0,ENSMUSG00000025764,ENSG00000077684
Itih5,0.19133609,0.967923132,-1.930191042,-1.335030783,-1.451392215,-0.406391303,0.056923745,5187.656549,4166.93978,705.3538136,8406.652003,700.2784771,2949.901453,4072.370068,3562.722489,3281.74131,12448.17505,13997.48874,12880.63077,19169.77323,3764.085252,3611.022226,4098.182847,3875.746653,17154.97638,16108.2465,14674.05313,6337.709815,4179.606348,8484.04731,12873.04018,18157.80724,13590.18621,4309.055896,6264.869906,5739.964306,13893.44611,19377.43276,14684.34159,12408.34499,12972.81335,10805.30698,1,1,1,0,1,1,1,0,1,1,1,0,1,1,1,0,0,0,1,1,0,0,0,ENSMUSG00000025780,ENSG00000123243
Clec3b,-3.900109536,0.220625091,1.472052746,-1.123476917,-1.53091022,-1.12796136,0.077202095,1082.330726,5942.86656,12540.27259,32.94964263,16.2383415,2285.546151,236.5162972,47.76704449,0,181.6518342,442.4393263,244.5092417,187.9300093,611.6638534,509.5373664,1073.274105,736.2760164,251.6130299,565.9749483,338.3338684,156.0553317,115.7017543,258.7280772,72.53618931,90.52698442,78.82119775,23.59689873,18.75174858,41.28056521,78.28590779,96.60751046,85.16714738,68.43361464,17.81164305,32.07073852,1,1,1,1,0,1,1,0,1,1,1,0,1,1,1,0,0,0,1,0,0,0,0,ENSMUSG00000025784,ENSG00000163815
Rassf3,-1.78879128,0.378249597,-1.310117001,-0.43407841,-0.648627506,-0.113168074,0.730626129,969.3666807,2881.957676,4097.730025,95.85350583,146.1450735,1484.426882,1192.436332,756.1173627,925.5247963,6381.003791,7277.996018,5965.44506,6781.901402,2400.780624,2738.763344,3066.140459,2443.097691,4368.0022,4022.653722,4151.136596,2914.973845,2998.683484,3367.18771,2664.211565,3287.558908,2668.156366,1466.940538,2281.462744,1747.543927,2875.395343,3508.378011,2882.971496,2834.292206,3004.230461,2732.764509,1,1,1,0,1,1,1,0,1,1,1,0,1,1,1,0,0,0,1,1,0,0,0,ENSMUSG00000025795,ENSG00000153179
Ccr1,5.048089423,NA,2.953522059,2.758290199,3.517564577,2.152927743,0.001356853,0,11.7114665,0,0,752.0381906,0,0,29.12624664,0,25.50855543,66.32226587,38.4539757,31.01757434,275.248734,235.3371735,274.8781178,462.103304,34.21937207,56.42117865,85.89280869,496.1162038,279.2141509,417.8737651,15.36060479,22.23469793,2.352871575,148.1360865,182.1598433,146.4477194,16.57819224,23.72816046,2.542302907,76.0373496,56.99725775,63.29751023,1,1,1,1,0,1,1,1,0,0,1,1,0,0,1,1,1,0,0,0,0,0,0,ENSMUSG00000025804,ENSG00000163823
Pard3,-0.026029502,0.99624411,0.485763923,-0.483395965,-0.473662783,0.011562263,0.983258399,140.9636807,48.71970063,77.63065641,35.94506469,56.83419524,297.0902662,64.34634556,62.91269274,3.687349786,1147.112008,1091.699403,1381.440938,1062.808062,1965.558267,1653.837384,1379.388373,1560.081349,2123.613973,1880.412095,1923.160936,1433.612786,1393.202116,1412.766983,1342.346186,1277.701034,1428.193046,852.1102319,1066.170848,993.6821769,1448.749799,1363.521792,1543.177864,1190.934988,1669.544675,1530.111814,1,1,1,1,0,1,1,0,1,1,1,0,1,1,1,0,0,0,1,0,0,0,0,ENSMUSG00000025812,ENSG00000148498
Nudt5,0.690167521,0.706871448,-0.475707079,0.593084119,0.791041755,0.299135564,0.444976959,749.2316177,663.3374624,1119.383981,1165.21918,754.0679833,928.6631941,1313.592964,1324.661697,2691.765344,247.3556891,307.1768104,321.4171931,380.4214265,202.3195823,229.9395319,224.9002782,245.8544041,252.619482,221.27681,204.257289,331.9087279,360.4922428,330.3901706,193.7142938,201.7004741,174.1124965,458.8285864,215.1986384,315.5014627,209.0694243,215.2483128,188.1304151,236.6662506,260.0499885,258.2538418,1,1,1,0,1,1,1,1,0,1,1,1,0,1,1,0,0,0,1,1,0,0,0,ENSMUSG00000025817,ENSG00000165609
Hk3,21.69258198,NA,3.721048595,1.580015345,2.143594753,2.099545606,1.50797E-06,0,0,0,0,249.6645005,0,0.579696807,9.320398924,0,37.87633989,65.44960448,26.84522832,44.70179832,611.6638534,395.1073646,524.7673158,763.3071289,15.0967818,40.55272215,30.37672503,86.17981005,81.27809187,91.20630061,15.36060479,36.52843231,32.94020204,119.2954325,66.07759023,188.7111553,16.57819224,38.9819779,35.5922407,166.3317023,104.4949725,118.1553524,1,1,1,1,0,1,1,1,0,1,1,1,0,1,1,1,1,0,0,0,0,0,0,ENSMUSG00000025877,ENSG00000160883
Smad7,-0.417638938,0.944153937,-1.877093735,-0.55709116,-0.895022096,-0.335476271,0.123410955,99.44698019,230.013202,77.63065641,68.89470731,97.43004899,319.6281484,48.69453178,72.23309166,0,1015.704298,1068.137545,1579.515191,1602.878768,370.5271419,341.1309487,337.3504173,384.871554,1641.523407,1438.740056,1579.589701,944.4841345,1059.483833,1160.553641,912.2492514,1062.500922,947.0308088,394.5925843,664.3476639,509.126971,984.5604168,1133.867096,1023.27692,868.7267192,819.3355802,802.6124298,1,1,1,0,1,1,1,0,1,1,1,0,1,1,1,0,0,0,1,0,0,0,0,ENSMUSG00000025880,ENSG00000101665
Sox17,-1.795095899,0.334084204,-2.46542781,-0.467406142,-1.328264579,-0.230880568,0.387563552,1338.189462,3183.645053,1323.89485,308.5284719,226.3218846,1767.174859,639.9852748,245.8255216,176.9927897,4992.719986,5993.438447,7745.211143,9297.97405,1319.782391,1659.235026,830.8815833,1264.026308,6171.564398,4343.549175,5475.142817,3326.074831,4047.648975,4188.975092,1591.52933,1723.189089,1418.781559,416.8785442,825.9698779,638.8658902,1717.684918,1838.932436,1533.008653,1384.83023,1626.796732,1330.091682,1,1,1,0,1,1,1,0,1,1,1,0,1,1,1,0,0,0,1,1,0,0,0,ENSMUSG00000025902,ENSG00000164736
Rdh10,0.32671713,0.918245523,0.783126822,1.556790367,1.122565961,0.43330215,0.433712588,150.6187273,70.73725765,83.4738241,68.89470731,206.0239578,172.6196891,146.0835953,102.5243882,62.68494636,252.7665948,321.1393926,273.5311102,332.9827834,369.3508653,306.5860425,526.0167618,830.2413122,263.6904554,317.3691299,493.3599133,924.68607,1418.06365,816.2033228,86.19006023,117.5262605,74.1154546,226.7924156,235.7362678,145.4648488,93.02207867,125.4202767,80.08254157,153.0251661,143.6805872,108.8717176,1,1,1,1,0,1,1,1,0,1,1,1,0,1,1,0,0,0,1,1,0,0,0,ENSMUSG00000025921,ENSG00000121039
Slc39a10,-1.432631786,0.363696572,-2.110796218,-0.917099033,-0.895855472,-0.000951142,0.998838867,7608.176737,9090.440295,11354.94429,5415.723079,746.9637089,5836.287057,4413.231791,2699.420538,1670.369453,13576.73538,16722.81027,11774.17203,16743.10417,3119.485652,3823.689304,3497.199326,3175.51212,12181.09,10191.95697,7388.876494,5445.632322,4153.788601,6162.009351,7841.588747,9530.744447,8833.856327,4390.334102,5604.986944,4086.775956,8463.167137,10170.9065,9545.076264,8567.508366,11870.86637,7726.516083,1,1,1,0,1,1,1,0,1,1,1,0,1,1,1,0,0,0,1,1,0,0,0,ENSMUSG00000025986,ENSG00000196950
Slc40a1,-1.877528559,0.18949218,-3.658838749,-0.896672804,-0.703463315,0.028924031,0.960063451,2146.316864,865.2431448,7784.768835,949.5487921,1768.964327,881.0263066,900.269141,773.5931107,601.0380151,9790.647367,12973.85693,4819.081257,8088.288651,732.8203474,889.5313345,594.7362912,606.2692373,4742.402388,4238.641046,3242.977265,2020.567168,2062.551108,2482.114324,2261.422372,2610.988814,2454.045052,1275.54347,1788.559638,1432.042465,2440.678302,2786.363986,2651.621932,2183.2224,3507.706237,2351.291514,1,1,1,0,1,1,1,0,1,1,1,0,1,1,1,0,0,0,1,1,0,0,0,ENSMUSG00000025993,ENSG00000138449
Cd28,6.517313189,0.058754139,-2.457122579,-1.709951892,1.395550762,1.75516756,0.006744701,0,0,0,2.995422057,57.84909159,0.512224597,1.739090421,9.320398924,0,28.60050155,54.10500637,17.41312107,33.75441914,1.176276641,3.238584956,8.74612193,11.5847625,21.13549451,30.85533207,12.56967932,3.493776083,8.60591561,7.445412295,14.50723786,43.6752995,14.11722945,41.95004218,52.6834841,97.30418943,15.65718156,46.60888663,15.25381744,121.6597594,43.93538618,98.74411597,1,1,0,0,1,1,0,0,1,1,1,1,0,1,1,1,1,0,0,0,0,0,0,ENSMUSG00000026012,ENSG00000178562
Nop58,0.098948154,0.974978464,1.702968371,1.287493485,1.06463336,0.12969327,0.742640818,475.0282937,857.7478063,307.1836727,536.1805482,702.3082698,678.1853662,348.9774777,542.9132373,707.9711589,537.2256372,636.1701555,562.2987013,610.3163893,1865.574753,1307.308794,2037.84641,2427.651341,514.2970332,582.7249857,672.4778437,1607.136998,1463.005654,1249.898589,475.3253817,464.5463674,532.9254116,1173.290242,985.806211,920.9497525,513.0029487,495.7490668,575.8316084,559.8249864,561.6604774,609.3440319,1,1,1,1,0,1,1,1,0,1,1,1,0,1,1,0,0,0,1,1,0,0,0,ENSMUSG00000026020,ENSG00000055044
Trak2,-0.049588989,0.988611072,0.567950357,-0.401676391,-0.820626918,-0.317013073,0.149729793,1368.120106,626.797687,294.6625991,792.2891341,641.4144892,709.9432912,578.5374132,752.6222131,951.3362448,5608.790249,3961.882724,5033.843083,4126.249669,7484.648267,6290.411512,6579.582583,7415.535193,4971.873471,3888.653422,5288.692574,3482.130163,3842.063213,3384.870565,3916.100856,4157.888512,4126.936742,1646.539156,2909.199851,2348.077864,4226.51801,4437.166007,4459.199299,2960.7043,4062.242058,3513.433801,1,1,1,1,0,1,1,0,1,1,1,0,1,1,1,0,0,0,1,1,0,0,0,ENSMUSG00000026028,ENSG00000115993
Tex30,0.316804283,0.947281648,0.892047589,0.711843398,1.327954714,-0.01432055,0.99370605,83.03340093,27.63906093,346.41637,109.3329051,195.8749943,108.0793899,129.8520847,131.6506348,468.2934228,85.02851811,117.8092881,100.1254462,104.9123838,202.3195823,147.8953796,217.4036023,189.2177874,68.43874414,61.71066415,77.51302248,123.4467549,131.0011598,85.62224139,32.42794345,23.82289064,23.52871575,82.58914555,47.32584165,71.74955382,34.99840583,25.42302907,25.42302907,39.91960854,14.24931444,30.38280491,1,1,1,1,0,1,1,1,0,1,1,1,0,1,1,0,0,0,1,1,0,0,0,ENSMUSG00000026049,ENSG00000151287
Slc9a2,-3.383108558,0.450889164,-0.492275416,-0.474013581,-1.186181109,-0.359041577,0.36217118,267.4447914,647.409868,459.1060325,1.497711029,0,240.7455605,19.70969143,0,0,503.2142299,615.2262821,534.7279262,619.4392053,436.3986339,408.0617044,394.8249328,374.5739873,440.8260284,402.0008979,430.5115167,296.9709671,313.6378133,305.2619041,249.1831444,308.1093856,242.3457722,70.79069619,153.5857503,124.8245662,268.9351185,328.8045093,261.8571994,250.9232537,239.8634597,181.4528627,1,1,1,0,1,1,1,0,1,1,1,0,1,1,1,0,0,0,1,0,0,0,0,ENSMUSG00000026062,ENSG00000115616
Il18rap,22.30094622,NA,3.472959476,2.037225031,4.588107815,3.779142556,2.76966E-12,0,0,0,0,377.5414398,3.585572178,0,13.98059839,0,7.729865283,8.72661393,40.63061583,5.47368959,164.6787298,168.4064177,203.6596964,163.4738708,35.22582419,36.14481757,43.99387762,164.2074759,155.8626938,152.630952,7.680302397,8.7350599,9.411486298,197.9517616,178.5880817,240.8032971,8.289096119,9.321777325,10.16921163,169.1831029,54.62237201,154.445925,1,0,1,1,0,1,1,1,0,0,1,1,0,0,1,1,1,0,0,0,0,0,0,ENSMUSG00000026068,ENSG00000115607
Il1r2,6.764449605,NA,4.142776133,3.714517208,3.999303582,2.403568231,0.23387709,1.931009324,8.900714538,0,1.497711029,2205.369755,0,0,167.7671806,0,3.864932642,1.745322786,18.86421449,11.85966078,116.4513875,193.235569,172.4235466,167.3354583,11.07097332,29.97375116,35.61409141,456.5200749,303.119472,248.4906353,5.973568531,0,3.529307362,61.61412446,38.39643757,49.14353002,6.447074759,0,3.81345436,17.10840366,0,36.29057253,1,0,1,1,0,1,1,1,0,0,1,1,0,0,0,0,0,0,0,0,0,0,0,ENSMUSG00000026073,ENSG00000115590
Npas2,0.345456003,0.939826714,1.95424956,-1.738918482,-1.494216076,-0.928990745,0.00439118,103.3089988,294.6604971,36.7284826,131.7985705,59.87888428,324.7503944,266.6605312,238.8352224,81.12169529,29.37348808,16.58056647,50.06272308,18.24563197,136.4480904,116.5890584,111.2006931,82.3805333,65.41938778,76.69753973,64.94334316,16.30428839,30.59881106,14.89082459,218.4619348,176.2893907,261.1687448,47.19379746,81.25757717,102.2185424,235.778734,188.1304151,282.1956227,152.0746992,110.4321869,107.183784,1,1,1,1,0,1,1,0,1,1,1,0,1,1,1,1,0,1,1,1,0,0,0,ENSMUSG00000026077,ENSG00000170485
Eif5b,0.436924822,0.926934293,0.542013414,0.386410478,0.553387969,0.31557688,0.39453327,790.7483182,653.0313719,46.74534149,796.7822672,616.0420806,1208.337824,316.5144565,933.2049423,162.2433906,1861.35156,1353.497821,2244.841525,2119.230153,2952.454369,2213.033053,2790.012896,3081.546824,2410.452827,2158.991664,2566.309528,3080.345913,3439.497605,2805.989759,1480.591629,1602.486444,2055.23332,2552.397879,2910.985732,2072.874096,1597.95353,1710.122422,2220.701589,1895.230939,1848.848548,3130.272873,1,1,1,1,0,1,1,1,0,1,1,1,0,1,1,0,0,0,1,1,0,0,0,ENSMUSG00000026083,ENSG00000158417
Nabp1,1.910725759,0.552405482,2.183578625,1.028317552,1.623462519,1.452465093,1.01977E-09,43.44770979,77.29567888,70.11801224,124.3100154,758.1275687,44.05131533,124.6348135,383.3014058,0,64.15788185,118.6819495,64.57365731,87.57903344,304.65565,288.2340611,356.0921071,570.2277539,59.38067506,67.88173056,72.27565609,156.0553317,127.1763085,124.7106559,115.204536,120.7026459,136.4665513,347.3987868,367.8914483,428.5315817,124.3364418,128.8100139,147.4535686,424.8586909,334.8588893,333.3668872,1,1,1,1,0,1,1,1,0,1,1,1,0,1,1,1,1,0,1,0,0,0,0,ENSMUSG00000026107,ENSG00000173559
Ptpn18,-0.040484634,0.992634518,-1.043710863,0.739856493,2.177872797,1.569141252,0.002361743,374.6158089,777.6413754,160.2697423,235.1406315,734.7849528,708.918842,460.8589614,152.6215324,258.114485,78.07163936,98.61073741,89.9677922,111.298355,41.16968244,53.97641593,48.72839361,38.61587498,55.35486658,86.39492981,71.22818282,114.1300187,118.5703928,123.7799794,17.06733866,30.96975783,29.41089468,108.8079219,134.8340017,105.1671542,18.4202136,33.04993779,31.77878634,89.34388578,98.5577582,59.07767622,1,1,1,0,1,1,1,1,0,1,1,1,0,1,1,1,1,0,1,1,0,0,0,ENSMUSG00000026126,ENSG00000072135
Prim2,-0.410916754,0.917793666,-0.555381929,0.7308658,1.203998454,0.345891518,0.505557721,86.89541958,52.46736991,200.3371778,53.91759703,154.2642442,166.9852186,51.013319,47.76704449,33.18614808,175.4679419,167.5509875,205.3297193,206.1756412,110.5700043,131.7024549,128.692937,142.8787374,109.703281,128.7108138,130.9341596,194.4868686,184.5490792,233.5998108,128.8584069,118.3203568,90.58555562,332.9784598,225.0209829,225.0773675,139.0726127,126.267711,97.87866191,150.1737655,172.1792161,141.7864229,1,1,1,0,1,1,1,1,0,1,1,1,0,1,1,0,0,0,1,1,0,0,0,ENSMUSG00000026134,ENSG00000146143
Fam135a,0.427983125,0.937853351,-0.448543945,-0.486969759,-0.506863003,-0.201798742,0.455032818,55.9992704,57.15195651,63.44010631,73.3878404,103.5194271,29.70902662,83.47634019,182.9128289,0,397.3150755,370.881092,383.8142103,373.1231737,251.7232012,265.5639664,274.8781178,326.9477415,603.8712718,470.7642094,482.8851806,334.237912,361.4484556,414.1510589,1180.206468,1436.520305,1309.373031,985.8259913,850.0792689,928.8127173,1273.75777,1533.008653,1414.791568,1164.321916,1289.562957,1217.844097,1,1,1,0,1,1,1,0,1,1,1,0,1,1,1,0,0,0,1,0,0,0,0,ENSMUSG00000026153,ENSG00000082269
Sphkap,NA,NA,0.928181813,-1.409305832,-2.910379904,-2.055715449,5.24734E-16,0,0,0,0,0,0,0,0,0,66.47684143,53.23234498,118.9896607,69.33340147,149.3871334,152.2134929,141.1873969,145.4531291,89.57423865,104.9081291,76.4655492,38.43153692,34.42366244,29.78164918,399.3757246,289.0510731,443.5162918,73.41257382,23.21645062,56.02362422,431.0329982,308.466086,479.2240979,85.5420183,99.74520107,107.183784,1,1,1,1,0,1,1,0,1,1,1,0,1,1,1,1,0,1,0,0,0,0,0,ENSMUSG00000026163,ENSG00000153820
Slc11a1,4.346346658,NA,0.908634707,0.832203406,1.906453599,1.654975324,0.006485761,14.48256993,35.13439949,6.677905928,8.986266172,2164.773901,5.122245969,28.98484034,86.21369005,0,84.25553158,151.8430824,113.9108337,89.40359664,202.3195823,209.4284938,184.9180065,227.8336624,111.7161853,156.9214031,180.1654036,322.5919917,208.4544003,268.9655192,16.21397173,64.32180472,21.17584417,136.3376371,99.11638534,150.3792018,17.49920292,68.64217848,22.88072616,140.6690968,65.30935784,140.0984893,1,1,1,1,0,1,1,1,0,1,1,1,0,1,1,1,1,0,0,0,0,0,0,ENSMUSG00000026177,ENSG00000018280
Cxcr2,9.135075869,NA,2.222070442,3.455429847,6.351222548,3.018714538,NA,1.931009324,0,0,0,2007.464968,0,0,89.70883965,0,6.183892226,1.745322786,7.255467113,15.50878717,9.410213129,66.93075575,37.4833797,28.31830832,8.051616958,36.14481757,27.23430519,315.6044395,276.3455124,197.3034258,0.853366933,0,0,35.39534809,40.18231838,5.897223602,0.92101068,0,0,2.85140061,5.937214349,0,1,0,0,1,0,0,1,1,0,0,0,1,0,0,0,0,0,0,0,0,0,0,0,ENSMUSG00000026180,ENSG00000180871
Ncl,0.658819847,0.867581068,0.782389291,0.650705475,0.606272709,0.149306272,0.74667789,3987.534254,2526.866012,141.905501,4973.898326,4900.934443,3442.661515,1955.31733,4434.179788,1309.009174,6509.319555,5989.07514,6799.823779,6644.146881,11830.99046,9504.167317,10486.60019,12801.16256,5494.222122,5516.933375,5832.331205,9208.429163,9073.503691,8162.033228,6183.496797,7275.510801,8187.99308,11533.63972,11814.49454,9602.645765,6673.643386,7764.193077,8847.214116,7579.022821,6705.489886,11533.65033,1,1,1,1,0,1,1,1,0,1,1,1,0,1,1,0,0,0,1,1,0,0,0,ENSMUSG00000026234,ENSG00000115053
Epha4,-0.737878668,0.899956887,-1.201789951,-0.500194292,-1.257023282,-0.457821541,0.01007366,1855.69996,1397.880641,341.4079406,620.0523658,784.5148736,1551.528304,390.7156478,962.3311889,0,1244.508311,1260.123052,1288.570959,935.0886383,444.6325703,553.7980274,526.0167618,531.611879,1188.619953,941.5284187,936.4411094,611.4108146,826.1678985,728.7197284,1646.998181,1673.161019,1662.303767,547.972426,759.8922876,773.5191624,1777.550612,1785.544075,1796.137004,1156.718181,1394.057929,1352.034819,1,1,1,0,1,1,1,0,1,1,1,0,1,1,1,1,0,1,1,0,0,0,0,ENSMUSG00000026235,ENSG00000116106
Eif4e2,0.682715123,0.802735085,0.434720198,0.490664493,0.49063271,0.275987615,0.365274934,615.0264697,477.8278331,964.1226683,900.1243282,693.1742027,422.5852924,894.472173,770.0979611,2931.44308,812.4088412,963.4181779,915.6399497,1054.597528,1310.372178,1233.900868,1216.960394,1300.067791,659.2261384,745.8174553,752.0858127,1035.322313,1059.483833,937.1912726,356.707378,410.5478153,389.4002456,542.7286708,584.8759676,497.3325238,384.9824642,438.1235343,420.7511311,469.5306338,543.8488344,493.7205798,1,1,1,1,0,1,1,1,0,1,1,1,0,1,1,0,0,0,1,1,0,0,0,ENSMUSG00000026254,ENSG00000135930
Gpr35,0.396022509,0.947385261,2.387707872,3.731081842,3.652962199,3.281604031,7.70035E-09,320.5475478,93.22327332,252.0909488,570.6279019,278.0815982,265.3323412,421.4395786,214.3691753,0,15.45973057,6.981291144,18.13866778,13.68422397,48.22734229,85.28273717,56.22506955,96.53968746,7.045164838,14.10529466,21.99693881,241.0705497,108.0520515,222.4316923,5.120201598,11.91144532,9.411486298,103.5641666,95.54462371,133.6704016,5.526064079,12.71151453,10.16921163,123.5606931,49.87260053,102.1199832,1,0,1,1,0,0,1,1,0,0,1,1,0,0,1,1,1,0,1,0,0,0,0,ENSMUSG00000026271,ENSG00000178623
Dtymk,-0.363836189,0.906224759,-0.692845836,0.706899975,0.929845286,-0.264678464,0.766487664,333.0991084,571.5195651,1217.048355,626.0432099,572.4015378,360.0938916,820.2709817,259.80612,660.0356117,321.5623958,390.9523041,286.590951,332.9827834,194.0856458,233.1781168,211.1563723,184.0690041,249.6001257,276.8164078,215.779495,412.2655778,420.733652,380.6467036,71.68282237,86.55650265,88.23268405,180.9095569,145.5492866,143.4991076,77.36489711,92.37033895,95.33635901,98.84855448,46.31027192,74.26907868,1,1,1,0,1,1,1,1,0,1,1,1,0,1,1,0,0,0,1,1,0,0,0,ENSMUSG00000026281,ENSG00000168393
Actr3,0.45894111,0.863421152,1.616685644,0.709187397,0.460749184,0.358696248,0.085522562,2288.246049,1671.460499,3457.485794,5847.063856,4178.328247,1233.949054,3449.196001,2573.595153,3108.43587,2693.085065,3336.184506,3020.450959,4212.916421,8715.033634,7976.634746,11093.83094,12884.83029,2036.052638,2107.859971,2465.752093,3713.883977,4078.247786,3013.530626,2750.401625,3588.521426,2709.331618,3825.319472,4527.207871,4101.519015,2968.417421,3829.555612,2927.461797,4380.701804,3996.9327,4096.614862,1,1,1,1,0,1,1,1,0,1,1,1,0,1,1,0,0,0,1,1,0,0,0,ENSMUSG00000026341,ENSG00000115091
Lypd1,4.89489837,0.074151023,-1.551777679,-1.158399826,-1.485872125,-0.738809562,0.030856071,3.862018648,0,0,47.92675291,91.34067093,3.585572178,62.60725514,9.320398924,0,196.3385782,190.2401837,364.9499958,229.8949628,54.10872549,132.7819832,68.71952945,78.5189458,339.1743643,208.0530963,354.0459675,135.0926752,147.2567782,120.9879498,168.1132858,175.4952944,152.9366523,48.50473628,88.40110044,39.31482401,181.4391039,187.2829808,165.2496889,95.046687,103.3075297,121.5312197,1,1,1,0,1,1,1,0,1,1,1,0,1,1,1,1,0,1,0,0,0,0,0,ENSMUSG00000026344,ENSG00000150551
Ptprc,6.397734826,NA,2.36834774,2.021260298,3.009125274,2.897489382,3.43618E-38,16.41357925,10.30609052,0,0,4317.369046,0.512224597,0,186.4079785,0,114.4020062,136.1351773,84.88896522,92.14044143,477.5683163,510.6168947,594.7362912,623.0027831,91.58714289,174.5530214,151.8836251,682.4509283,429.3395676,588.1875713,266.2504831,316.0503491,239.9929006,1763.212711,1938.573627,2927.971518,287.3553321,337.2788523,259.3148965,2856.152944,1423.744001,2315.000941,1,1,1,1,0,1,1,1,0,1,1,1,0,1,1,1,1,0,0,0,0,0,0,ENSMUSG00000026395,ENSG00000081237
Srgap2,-0.649484992,0.837713381,-0.574094963,-0.587096524,-0.442882016,-0.00743318,0.986244988,1520.669843,1419.898198,137.7318098,560.1439247,901.2279532,1030.595889,435.3523019,579.0297832,416.6705258,2674.533388,2905.962439,2725.153448,3200.283847,2033.782312,1948.548615,1922.897379,1821.382103,3535.666297,3075.835817,2514.983337,2191.762196,1743.176017,2141.486711,3547.44634,3949.835268,3536.365977,2309.874198,3105.646741,2698.962668,3828.641396,4215.13822,3821.081269,3888.359965,4180.986345,3737.928971,1,1,1,0,1,1,1,0,1,1,1,0,1,1,1,0,0,0,1,1,0,0,0,ENSMUSG00000026425,ENSG00000266028
Rassf5,5.60676425,NA,0.635918995,0.900174918,1.120405746,0.982000616,0.021767886,11.58605594,0,1.669476482,4.493133086,1174.23507,0,0,34.95149597,66.37229615,81.936572,76.79420259,95.04661918,71.15796467,118.8039408,133.8615115,128.692937,124.8579958,73.47100474,105.78971,72.27565609,190.9930926,139.6070754,141.4628336,65.70925384,86.55650265,143.5251661,221.5486603,169.6586776,247.6833913,70.91782235,92.37033895,155.0804773,208.1522445,147.2429159,267.5374766,1,1,1,1,0,1,1,1,0,1,1,1,0,1,1,1,1,0,0,0,0,0,0,ENSMUSG00000026430,ENSG00000266094
Xpr1,-0.597461874,0.777150063,-1.068767795,-0.542561433,-0.688500387,-0.342386244,0.074542751,560.9582086,996.8800283,466.6186767,292.0536506,312.5880738,348.8249505,333.3256639,665.2434732,730.0952577,1825.79418,2199.979372,2053.297193,2704.914939,1021.008124,1093.562187,1089.516903,982.1304204,1725.058933,1361.160935,1476.93732,999.2199598,1009.760765,1122.395903,2592.528742,2495.844842,2699.920132,1634.740706,1708.195001,1489.048959,2798.030445,2663.486012,2917.292586,2120.491587,2453.256969,2036.491896,1,1,1,0,1,1,1,0,1,1,1,0,1,1,1,0,0,0,1,1,0,0,0,ENSMUSG00000026469,ENSG00000143324
Ifi211,#N/A,#N/A,5.573965129,1.88695737,4.692339802,4.134199543,2.40933E-18,#N/A,#N/A,#N/A,#N/A,#N/A,#N/A,#N/A,#N/A,#N/A,6.183892226,15.70790507,7.981013825,9.122815983,622.2503431,330.3356655,463.5444623,419.6258415,9.058069077,9.697390081,14.66462587,33.7731688,60.24140927,28.85097264,12.800504,7.940963546,4.705743149,245.145559,168.7657372,263.4093209,13.8151602,8.474343023,5.084605814,207.2017777,102.1200868,182.2968295,1,0,1,1,0,0,1,1,0,0,1,1,0,0,1,1,1,0,0,0,0,0,0,ENSMUSG00000026536,#N/A
Uck2,1.052706713,0.355574736,0.465130751,0.730592306,0.931888986,-0.110334108,0.849782623,309.9269965,142.8798913,374.7974702,660.4905636,543.9844402,410.2919021,564.0449931,815.5349059,435.1072748,418.1857118,452.0386016,453.4666946,422.38638,477.5683163,567.8318956,532.2639917,834.1028997,401.5743958,416.1061925,592.8698746,845.4938122,710.4661442,783.629644,238.0893743,270.7868569,223.5227996,528.3083438,408.9667071,463.9149233,256.9619797,288.9750971,241.5187761,266.1307236,237.488574,227.02707,1,1,1,1,0,1,1,1,0,1,1,1,0,1,1,0,0,0,1,1,0,0,0,ENSMUSG00000026558,ENSG00000143179
Mpzl1,-0.377737239,0.862775975,-1.930899263,-0.368811389,-0.637528908,-0.088566867,0.858016485,3662.159183,3179.897383,4724.618444,4515.598751,2423.572469,1612.483031,3313.546948,3325.052316,2614.330998,9028.482651,12506.98309,5059.237218,7949.621848,2237.278171,2149.340882,2237.757768,2435.374516,5586.815717,5136.972,5243.651223,4236.785797,4070.598083,4058.680377,2016.506063,2344.172439,2014.058068,1267.677837,1627.830365,1201.067874,2176.348237,2501.62606,2176.211288,1938.952415,2732.306043,1779.925988,1,1,1,0,1,1,1,0,1,1,1,0,1,1,1,0,0,0,1,1,0,0,0,ENSMUSG00000026566,ENSG00000197965
Atp1b1,1.918521974,0.643285422,1.142530248,-0.95979029,-1.723985269,-1.059132978,2.94662E-08,17.37908392,72.14263363,78.46539465,89.86266172,987.4941424,27.66012823,22.60817547,142.1360836,0,1675.061807,1214.744659,2045.316179,1414.036477,3013.620755,3098.246274,3620.894479,4288.936515,1362.73617,1907.741103,1714.713754,794.2517629,632.0566909,1136.356052,2658.237996,2319.555452,2966.971056,760.3445146,895.6192297,746.9816562,2868.948268,2475.355597,3205.843966,1575.87407,1049.699497,1473.566038,1,1,1,1,0,1,1,0,1,1,1,0,1,1,1,1,0,1,1,0,0,0,0,ENSMUSG00000026576,ENSG00000143153
Selp,7.883022365,0.00167624,10.46915908,4.088334715,5.978508816,5.102994673,9.79737E-10,2.896513986,0,0,46.42904189,268.9475311,705.3332699,6.956361682,248.1556214,0,1.545973057,1.745322786,21.76640134,0,6048.414489,6450.181704,9823.144373,13514.26905,20.12904239,118.1318428,95.32006818,1346.268384,1421.888501,1208.018145,3.413467732,1.588192709,1.176435787,195.3298839,76.79287513,130.7217898,3.684042719,1.694868605,1.271151453,133.0653618,36.81072896,64.14147704,1,0,1,1,0,1,1,1,0,0,1,1,0,0,1,1,1,0,0,0,1,1,0,ENSMUSG00000026580,ENSG00000174175
Sell,6.109573461,NA,4.437251093,3.256488246,4.88603413,4.600544088,2.97352E-29,27.03413054,0,0.834738241,10.4839772,3596.792642,131.6417214,6.376664875,82.71854045,0,20.09764974,30.54314876,20.31530792,30.10529274,439.9274638,504.1397248,551.0056816,675.7778122,16.10323392,54.65801682,32.47167158,435.5574184,230.4472958,327.598141,11.94713706,18.26421615,3.529307362,217.6158438,365.2126271,459.0005703,12.89414952,19.49098895,3.81345436,428.6605584,214.9271594,275.9771446,1,1,1,1,0,1,1,1,0,0,1,1,0,0,1,1,1,0,0,0,0,0,0,ENSMUSG00000026581,ENSG00000188404
Sele,-0.830250224,0.911425065,7.691952256,3.196841367,5.612590454,4.506426679,0.001379387,83.9989056,89.00714538,2667.823418,345.9712476,248.6496042,1932.623404,108.4033029,558.0588856,0,1.545973057,3.490645572,80.53568496,0,3777.024295,2219.510223,7184.314442,4547.662877,28.18065935,174.5530214,95.32006818,793.0871709,1116.856604,825.5100882,0,0,3.529307362,66.85787973,19.64468899,56.02362422,0,0,3.81345436,25.66260549,13.06187157,33.75867213,1,0,1,1,0,1,1,1,0,0,1,1,0,0,1,1,1,0,1,0,0,0,0,ENSMUSG00000026582,ENSG00000007908
Smyd2,-0.613840934,0.812383803,-1.12154681,0.63610841,1.060567528,0.031381444,0.978627826,717.3699639,355.0916642,1192.006208,320.5101601,735.7998491,648.4763396,644.6228492,172.4273801,435.1072748,244.2637429,313.2854401,225.6450272,321.1231226,123.5090473,141.4182097,148.6840728,92.67809996,221.4194663,206.2899344,218.9219148,372.6694489,329.8934317,303.400551,91.31026183,88.14469536,62.35109673,205.8173945,159.8363331,142.516237,98.54814275,94.06520755,67.37102703,105.5018226,89.05821524,72.58114507,1,1,1,0,1,1,1,1,0,1,1,1,0,1,1,0,0,0,1,1,0,0,0,ENSMUSG00000026603,ENSG00000143499
Slc30a10,-0.004636348,0.998993516,0.432396442,-0.751879653,-1.484572494,-0.237099724,0.52085841,27.9996352,49.18815929,0,2.995422057,32.476683,0,52.17271262,54.75734368,11.06204936,350.9358838,420.6227914,339.5558609,420.5618168,621.0740665,470.6743469,458.5466783,514.8783331,544.4905968,831.3308042,695.5222557,470.4951792,285.9076408,474.6450338,424.1233657,474.0755237,463.5157002,149.4470253,164.3010352,172.0023551,457.7423079,505.9182785,500.8336726,365.929745,496.3511196,382.3169618,1,1,1,1,0,1,1,0,1,1,1,0,1,1,1,0,0,0,0,0,0,0,0,ENSMUSG00000026614,ENSG00000196660
Mark1,4.59876309,NA,0.567458268,-0.549918022,-1.120777027,-0.442301716,0.070656195,4.82752331,0,0,0,205.0090614,0,9.27514891,13.98059839,0,580.5128828,531.4507884,576.0840888,469.8250231,917.4957801,679.0233124,762.1620539,841.8260747,745.7810207,839.2650324,921.7764835,538.0415168,480.0188485,693.35402,593.0900184,760.7443077,691.7442429,208.4392721,432.1831577,296.8269213,640.1024225,811.8420616,747.4370546,586.4380588,470.2273765,560.3939573,1,1,1,1,0,1,1,0,1,1,1,0,1,1,1,0,0,0,0,0,0,0,0,ENSMUSG00000026620,ENSG00000116141
Irf6,-2.55155801,0.444927379,-2.678894434,-0.98597584,-0.931976728,-0.389969814,0.218842127,129.3776247,565.4296025,18.3642413,4.493133086,11.16385978,190.54755,25.5066595,9.320398924,0,1264.60596,1236.561194,1061.474839,1112.98355,139.9769203,239.6552867,201.1608044,148.0275208,978.2714604,702.6199904,654.670798,327.2503598,262.0023197,589.1182478,670.7464093,920.3576749,571.7477926,317.247194,355.3902826,460.9663115,723.9143944,982.1763563,617.7796064,679.5838121,541.4739486,554.4861897,1,1,1,0,1,1,1,0,1,1,1,0,1,1,1,0,0,0,1,0,0,0,0,ENSMUSG00000026638,ENSG00000117595
Fcgr2b,22.83537996,NA,1.70182553,0.771727563,1.829868159,1.380193346,3.69706E-05,0,0,0,0,580.5207086,0,0,2.330099731,0,243.4907564,406.6602092,336.6536741,289.1932667,1009.245358,928.394354,1191.971474,1020.746295,265.7033596,417.8693544,430.5115167,522.9018205,497.2306797,881.3506804,107.5242336,141.3491511,91.76199141,490.291118,256.2738972,470.7950175,116.0473457,150.8433058,99.14981337,333.6138714,195.9280735,424.515302,1,1,1,1,0,1,1,1,0,1,1,1,0,1,1,1,1,0,0,0,0,0,0,ENSMUSG00000026656,ENSG00000072694
Nek6,2.98718201,0.255336892,1.787098888,0.883843241,0.980499691,0.209250946,0.628598093,151.5842319,0,56.76220039,486.7560843,1589.327674,113.2016359,454.4822966,525.4374894,129.0572425,249.6746486,294.0868895,274.2566569,239.9300604,982.1909953,738.3973699,834.6299213,1097.978045,707.5358402,744.0542934,1074.707582,1746.888042,1724.05176,1190.335291,289.2913903,343.0496252,287.0503321,570.2583859,752.7487644,491.4353002,312.2226205,366.0916186,310.1609546,383.9886155,318.2346891,439.7067044,1,1,1,1,0,1,1,1,0,1,1,1,0,1,1,0,0,0,0,1,0,0,0,ENSMUSG00000026749,ENSG00000119408
Stxbp1,-0.731754075,0.797083681,0.52518668,-0.36240341,-1.193660797,-0.872668317,5.87242E-07,2829.894164,757.0291944,282.9762637,1267.06353,544.9993365,868.7329163,667.8107215,827.1854045,483.042822,2272.580393,2097.877989,2258.626912,2416.633954,3310.042468,3180.290427,3715.852374,2811.235699,1793.497677,1654.72738,1696.906708,1392.852065,1314.792663,1295.501739,1727.214672,1612.0156,1930.531127,726.2601053,809.8969505,765.6561976,1864.125616,1720.291634,2085.959535,1089.235033,1137.570269,870.9737408,1,1,1,1,0,1,1,0,1,1,1,0,1,1,1,1,0,1,1,1,0,0,0,ENSMUSG00000026797,ENSG00000136854
Ddx31,1.006582574,0.748181638,0.676759015,1.062042811,0.898982488,0.117209168,0.865091707,58.89578438,13.11684248,40.06743557,97.35121686,70.02784771,44.56353993,73.62149447,157.2817318,3.687349786,108.9911005,140.4984843,124.0684876,136.8422397,205.8484122,166.2473611,221.1519402,222.6848791,88.56778653,119.0134237,86.94028197,220.1078932,209.4106132,187.9966604,186.8873583,183.4362579,149.407345,363.1300527,268.775063,341.0560983,201.7013389,195.7573238,161.4362346,211.954112,231.5513596,165.4174934,1,1,1,1,0,1,1,1,0,1,1,1,0,1,1,0,0,0,1,0,0,0,0,ENSMUSG00000026806,ENSG00000125485
Eng,0.772062653,0.872217529,-0.281883101,0.356876838,-0.536372417,-0.239043718,0.478213243,32365.64728,10242.38014,345.5816318,56769.23883,13278.90376,12211.43439,18615.22386,38673.83029,7153.458585,27543.82896,33678.62114,27526.51668,28720.44928,24337.1637,23970.92631,22086.45676,26225.3279,21134.48806,21743.31172,22157.20222,28169.15197,31402.02985,23716.43019,3682.278316,5116.362812,3268.138617,2347.891423,3360.134757,2611.487185,3974.161084,5460.01921,3531.258738,4054.691667,3824.753484,3110.861636,1,1,1,0,1,1,1,1,0,1,1,0,1,1,1,0,0,0,1,1,0,0,0,ENSMUSG00000026814,ENSG00000106991
Lcn2,1.137008408,NA,6.777748367,2.079034538,1.882600933,1.760724831,5.10801E-06,0,0,0,0,0,0,0,1.165049866,0,119.8129119,162.3150191,19512.85325,426.947788,550451.5932,489187.178,554499.1326,624749.5078,4322.711854,5633.302056,8356.741802,31098.10092,22486.30128,23789.95364,53.76211678,68.29228649,23.52871575,204.5064556,145.5492866,194.6083789,58.02367283,72.87935,25.42302907,186.2915065,185.2410877,166.2614602,1,1,1,1,0,1,1,1,0,1,1,1,0,1,1,1,1,0,0,0,0,0,0,ENSMUSG00000026822,ENSG00000148346
Nr4a2,1.321469804,0.673170303,-1.31437713,-0.802145202,-1.092334538,-0.349904623,0.358462779,445.0976492,808.0911883,168.6171247,277.0765403,3132.985013,1919.305564,215.6472121,1416.700636,143.8066417,432.8724558,396.1882724,356.968982,464.3513335,149.3871334,152.2134929,136.1896129,226.5464666,289.8582105,260.9479513,275.4854718,123.4467549,158.7313324,189.8580135,458.258043,624.1597347,667.0390914,175.6658016,292.884454,348.9190631,494.5827351,666.0833616,720.7428741,416.3044891,420.3547759,636.3509696,1,1,1,0,1,1,1,0,1,1,1,0,1,1,1,0,0,0,1,1,0,0,0,ENSMUSG00000026826,ENSG00000153234
Gpd2,-0.019437935,0.996614357,-1.496599879,-0.640444002,-0.865646327,-0.340348211,0.110657681,465.3732471,147.0960192,273.794143,395.3957115,262.858153,307.8469827,508.3940996,271.4566187,0,4365.827912,4976.787925,4607.947164,6335.7957,1664.431447,1806.050877,1799.202226,1919.208987,3859.743879,2761.11143,3495.418324,2060.163297,2332.20313,2095.883561,3223.166906,3744.164312,3132.848502,1814.339324,1861.780752,1867.454141,3478.657338,3995.652735,3385.07632,2763.957658,3270.217664,2547.935779,1,1,1,0,1,1,1,0,1,1,1,0,1,1,1,0,0,0,1,0,0,0,0,ENSMUSG00000026827,ENSG00000115159
Cytip,4.841581802,NA,3.380640452,2.742359501,4.400225274,4.340090633,4.22428E-32,28.96513986,0,0,0,1564.970162,0,0,92.03893938,0,24.73556891,25.3071804,8.706560536,21.89475836,167.031283,195.3946257,229.8980622,240.7056207,23.14839875,36.14481757,48.18377073,320.2628076,166.3810351,232.6691342,17.92070559,19.05831251,9.411486298,239.9018037,395.572601,366.6107339,19.34122428,20.33842325,10.16921163,402.047486,207.8025022,421.9834016,1,0,1,1,0,1,1,1,0,0,1,1,0,1,1,1,1,0,0,0,0,0,0,ENSMUSG00000026832,ENSG00000115165
Traf1,1.37428434,0.80115183,2.806853369,0.97600512,1.576759706,1.629574472,1.84039E-05,16.41357925,72.14263363,26.71162371,35.94506469,158.3238296,0,20.28938824,11.65049866,376.1096782,135.2726425,142.2438071,149.4626225,129.543987,709.2948146,793.4533142,920.8416946,1473.839229,139.8968446,119.8950046,155.026045,244.5643258,375.7916483,194.5113962,83.62995943,58.76313024,70.58614724,121.9173101,245.5586123,265.3750621,90.25904663,62.71013837,76.26908721,268.9821242,124.6815013,313.111684,1,1,1,1,0,1,1,1,0,1,1,1,0,1,1,1,1,0,1,0,0,0,0,ENSMUSG00000026875,ENSG00000056558
Dab2ip,-1.119054508,0.60823907,-1.253173104,-0.366678626,-1.095764527,-0.407135416,0.012271314,535.8550874,1147.255258,429.0554559,229.1497874,75.10232943,729.4078259,420.280185,343.6897103,143.8066417,4562.939477,3961.882724,5461.190096,5187.233168,2064.365505,2318.826828,1711.741006,1947.527295,5690.480285,4799.326509,5905.654334,4032.982192,4611.814554,4068.917819,2964.596725,3116.828192,2714.037361,871.7743141,1715.338525,1524.432301,3199.591102,3326.179636,2932.546403,2398.97838,2403.384369,2332.724244,1,1,1,0,1,1,1,0,1,1,1,0,1,1,1,1,0,1,1,1,0,0,0,ENSMUSG00000026883,ENSG00000136848
Egfl7,0.346733482,0.921767761,-1.906009571,0.528848756,0.662313728,0.219143017,0.441746212,6465.019217,3033.269823,3131.93788,11698.62084,2315.993456,6670.700925,3230.650305,4422.52929,3783.220881,6950.694862,7683.783566,4560.061081,4941.829418,1786.764218,1958.26437,925.8394786,1768.607074,7582.61027,6948.620783,6571.847338,10986.76119,11508.0216,7953.561684,883.2347757,871.123701,852.9159458,993.6916242,1876.067798,1253.160015,953.2460537,929.6354296,921.5848037,987.5350779,1030.700411,1244.851035,1,1,1,0,1,1,1,1,0,1,1,1,0,1,1,0,0,0,1,1,0,0,0,ENSMUSG00000026921,ENSG00000172889
Nmi,-0.913029947,0.550459959,2.376237575,0.393008972,0.784682846,0.71963679,0.027820703,643.0261049,1149.129093,760.4465375,344.4735366,285.1858726,846.7072586,397.0923127,575.5346336,258.114485,951.5464163,1109.152631,749.4897528,979.7904366,5035.640301,4124.877705,5153.964709,5356.02186,500.2067035,554.5143964,471.3629745,669.640416,682.7359717,653.3349289,135.6853423,112.7616823,175.2889323,289.7174788,232.1645062,206.4028261,146.4406981,120.3356709,189.4015666,248.0718531,223.2392595,275.1331778,1,1,1,1,0,1,1,1,0,1,1,1,0,1,1,1,1,0,1,1,0,0,0,ENSMUSG00000026946,ENSG00000123609
Psd4,-0.620607023,0.941903048,2.345093848,1.752107891,3.739414627,3.722854793,2.65506E-17,107.1710175,57.62041517,44.24112677,8.986266172,178.6217565,70.17476977,0,12.81554852,0,15.45973057,16.58056647,17.41312107,18.24563197,79.9868116,77.72603894,96.20734123,90.1037083,13.08387756,33.50007482,34.56661813,98.99032236,76.49702764,98.65171291,11.94713706,5.558674482,16.47010102,127.1610654,110.7246107,202.4713437,12.89414952,5.932040116,17.79612035,187.2419734,123.4940585,156.1338586,1,1,1,1,0,1,1,1,0,0,1,1,0,0,1,1,1,0,1,0,0,0,0,ENSMUSG00000026979,ENSG00000125637
Il1rn,23.38587588,NA,7.623690584,4.351296596,9.752318853,9.402465128,2.00921E-12,0,0,0,0,789.5893554,0,2.318787227,68.73794207,0,0,3.490645572,2.176640134,6.385971188,386.9950149,463.1176487,432.3083125,1032.331058,0,3.526323666,11.52220604,128.1051231,95.62128455,78.1768291,0.853366933,0,0,182.2204957,370.5702695,304.6898861,0.92101068,0,0,272.7839917,141.3057015,309.7358167,1,0,1,1,0,0,1,1,0,0,1,1,0,0,1,1,1,0,0,0,0,0,0,ENSMUSG00000026981,ENSG00000136689
Itprid2,-0.215774231,0.943712767,-0.672148584,-0.72286346,-0.742703802,-0.180074256,0.477577932,2082.593556,3576.21341,1663.633314,2451.752954,925.5854654,3011.368405,1912.419766,2197.284046,2112.851427,6729.620715,6331.158407,5343.651529,4920.846941,3484.131411,3415.6276,4140.664011,3598.999549,6735.177585,5695.894301,5989.452196,3306.276767,3300.846743,4551.938942,4618.421841,5684.935802,5113.966367,2228.595991,3768.208524,3213.003992,4984.509799,6066.78217,5525.695368,4766.591353,5222.373742,4645.193284,1,1,1,0,1,1,1,0,1,1,1,0,1,1,1,0,0,0,1,1,0,0,0,ENSMUSG00000027007,ENSG00000138434
Hat1,-0.311315111,0.822268268,0.957161895,0.652881101,0.884091801,0.41003386,0.359402813,1195.294772,1399.286017,1454.948754,1051.393142,1139.728594,981.4223276,1180.262699,1159.224616,1014.021191,401.1800082,440.6940035,426.6214663,487.1583735,833.9801385,725.4430301,823.3849074,1025.895079,344.2066249,370.2639849,332.0490287,476.3181394,646.3998836,522.1095372,120.3247376,158.8192709,119.9964503,287.0956012,239.3080295,213.2829203,129.8625059,169.4868605,129.6574482,221.4587807,162.6796732,186.5166635,1,1,1,1,0,1,1,1,0,1,1,1,0,1,1,0,0,0,1,1,0,0,0,ENSMUSG00000027018,ENSG00000128708
Cers6,1.561842777,0.728540597,2.166136322,1.117017309,1.549518686,0.694009439,0.054168038,1.931009324,0,40.90217381,8.986266172,71.04274406,4.097796775,49.85392539,45.43694476,73.74699572,60.29294921,46.25105383,55.14155006,52.9123327,207.0246888,186.7583991,322.3570654,249.7159916,48.30970175,75.81595881,89.03522852,190.9930926,119.5266057,152.630952,244.0629428,188.9949324,197.6412123,928.1446833,285.7409307,635.9172784,263.4090544,201.6893639,213.5534442,508.4997755,248.1755598,340.1186217,1,1,1,1,0,1,1,1,0,1,1,1,0,1,1,0,0,0,0,0,0,0,0,ENSMUSG00000027035,ENSG00000172292
Timm10,-0.559003121,0.865515628,0.439627719,1.132102456,0.772760484,0.342274074,0.491632284,480.8213217,644.1306574,2537.604253,679.960807,612.9973916,456.3921158,827.8070402,556.8938357,1843.674893,219.528174,257.4351109,191.5443318,218.9475836,279.9538406,293.6317027,306.1142675,323.086154,115.7419938,142.8161085,124.6493199,333.0733199,287.8200665,221.5010158,153.6060479,119.9085495,135.2901155,259.565886,253.595076,185.7625435,165.7819224,127.9625796,146.1824171,150.1737655,224.4267024,183.9847631,1,1,1,1,0,1,1,1,0,1,1,1,0,1,1,0,0,0,1,1,0,0,0,ENSMUSG00000027076,ENSG00000134809
Ube2l6,-1.425588286,0.065257447,3.1230847,0.526819967,0.53653415,0.949455839,7.0026E-06,5833.579168,5237.836276,8797.306322,2143.224482,3040.629446,3475.44389,2288.063297,1791.846693,2050.166481,1038.893894,1355.243143,666.051881,982.5272814,8096.312121,7439.029643,9803.153237,9874.079233,337.1614601,441.6720391,388.6125857,550.8520291,547.9099605,584.4648651,309.7721967,408.9596226,404.6939108,513.8880168,564.3383382,549.4246656,334.3268768,436.4286657,437.2761,858.2715836,821.7104659,652.3863388,1,1,1,1,0,1,1,1,0,1,1,1,0,1,1,1,1,0,1,1,0,0,0,ENSMUSG00000027078,ENSG00000156587
Slc12a6,-0.13670597,0.985052337,-1.386623543,-0.389425479,-0.661215342,-0.229622528,0.352986288,246.2036888,293.7235798,67.61379752,193.2047227,58.86398793,276.0890577,226.6614515,348.3499098,0,899.7563189,1037.594396,837.2809049,993.4746606,343.4727792,381.0734965,343.5976472,371.9995957,895.7423865,818.1070904,747.8959196,602.0940784,620.5821367,656.1269585,1589.822596,1806.569207,1675.244561,916.346234,1160.822531,1127.352579,1715.842897,1927.913038,1810.11967,1474.174115,1724.167047,1455.842735,1,1,1,0,1,1,1,0,1,1,1,0,1,1,1,0,0,0,1,0,0,0,0,ENSMUSG00000027130,ENSG00000140199
Nat10,0.491576657,0.893093503,0.422795887,1.044971728,1.203667866,0.265123929,0.506261635,515.5794895,324.6418513,40.90217381,452.3087306,529.7758914,311.4325549,208.1111537,406.6024031,571.5392168,272.091258,345.5739116,309.082899,278.2458875,383.466185,442.6066106,358.5909991,429.9234082,237.5227003,314.7243872,244.0612735,616.0691827,566.0780045,464.4075919,289.2913903,271.5809533,290.5796395,698.7303901,639.3453325,623.1399606,312.2226205,289.8225314,313.974409,383.0381486,292.110946,422.8273684,1,1,1,1,0,1,1,1,0,1,1,1,0,1,1,0,0,0,1,1,0,0,0,ENSMUSG00000027185,ENSG00000135372
Mtch2,-0.771628723,0.760092099,0.38094644,0.47079791,0.575461946,0.103680492,0.811551697,950.0565874,1154.750597,4107.746884,1544.14007,1851.170931,990.6423703,1597.064703,852.8165016,438.7946245,1327.217869,1547.22865,1401.756246,1435.018954,1743.241982,1903.208426,1876.667877,1912.773008,978.2714604,1059.660262,1026.523811,1314.824399,1556.714513,1374.609245,453.1378414,468.5168492,430.5754982,769.5210863,628.6300476,620.1913488,489.056671,499.9862383,465.241432,514.2025767,553.3483773,497.096447,1,1,1,1,0,1,1,1,0,1,1,1,0,1,1,0,0,0,1,1,0,0,0,ENSMUSG00000027282,ENSG00000109919
Siglec1,21.46050681,4.6657E-09,2.621053558,1.489146774,0.980316524,1.457340862,9.49243E-05,0,0,0,0,193.8452016,0,0,22.13594745,0,70.34177408,123.0452564,89.24224549,70.24568307,659.8911957,415.6184027,491.0322741,603.6948456,76.4903611,111.9607764,90.0827018,214.2849331,266.7833839,301.5391979,72.53618931,142.1432475,55.292482,149.4470253,129.4763592,256.5292267,78.28590779,151.6907401,59.74411831,331.7129376,251.7378884,218.587402,1,1,1,1,0,1,1,1,0,1,1,1,0,1,1,1,1,0,0,0,1,1,0,ENSMUSG00000027322,ENSG00000088827
Hdc,4.365398471,NA,5.102411407,2.71840679,2.133474348,1.162488012,0.37296564,0,0,0,0,16.2383415,0,0,0,0,28.60050155,40.14242408,32.64960201,39.22810873,1373.891117,986.6888832,1256.942666,1188.081754,20.12904239,46.72378857,39.80398452,356.3651605,198.8922719,149.8389224,21.33417333,3.970481773,7.058614724,34.08440927,66.07759023,42.26343581,23.025267,4.237171511,7.626908721,29.46447297,16.62420018,32.07073852,1,1,1,1,0,1,1,1,0,0,1,1,0,0,1,0,0,0,0,0,0,0,0,ENSMUSG00000027360,ENSG00000140287
Dusp2,1.985861209,0.836991208,4.593228366,1.549660685,4.765283595,2.103452909,0.052959784,33.79266317,0,414.8649058,1.497711029,3035.554964,363.6794638,0,152.6215324,0,12.36778445,15.70790507,21.76640134,23.71932156,405.8154412,465.2767053,311.1120515,589.5356914,20.12904239,71.40805423,79.60796903,210.791157,165.4248223,125.6413325,3.413467732,3.176385418,9.411486298,127.1610654,152.6928099,127.773178,3.684042719,3.389737209,10.16921163,31.36540671,15.43675731,24.47503729,1,1,1,1,0,1,1,1,0,0,1,1,0,0,1,0,0,0,0,0,0,0,0,ENSMUSG00000027368,ENSG00000158050
Fbln7,8.045464324,0.000207674,0.629863581,-1.524096375,-2.015786286,-0.95779056,0.052979846,0,0,0,28.45650954,44.65543912,74.78479114,38.25998925,22.13594745,0,136.8186155,206.8207502,113.185287,131.3685502,232.9027749,174.8835876,299.8670376,202.0897458,112.7226374,193.9478016,178.070457,68.71092964,21.99289545,78.1768291,107.5242336,160.4074636,103.5263493,20.97502109,22.32351021,48.16065941,116.0473457,171.1817291,111.8613279,100.7494882,42.74794331,61.60957663,1,1,1,1,0,1,1,0,1,1,1,0,1,1,1,0,0,0,0,0,1,1,0,ENSMUSG00000027386,ENSG00000144152
Il1b,9.473281711,NA,5.843132106,4.322203673,5.820949093,4.901074755,7.55812E-15,0,0,21.70319427,1.497711029,30024.69343,0,1.159393614,771.263011,0,2.318959585,13.0899209,15.23648094,10.03509758,399.934058,318.460854,332.3526333,1284.621441,3.019356359,39.67114124,23.04441209,583.4606059,176.8993764,557.4752456,4.266834665,0,8.235050511,182.2204957,241.0939103,213.2829203,4.605053399,0,8.898060174,139.7186299,78.37122941,149.3821242,1,0,1,1,0,0,1,1,0,0,1,1,0,0,1,1,1,0,0,0,0,0,0,ENSMUSG00000027398,ENSG00000125538
Nop56,0.821685502,0.664204016,1.046950664,0.857766723,1.799979917,0.693650473,0.009638666,942.3325501,801.5327671,267.9509754,1099.319895,1670.519382,711.479965,689.8392002,1064.855577,1880.548391,344.7519916,398.8062566,421.5426393,397.7547769,837.5089685,729.7611434,770.9081758,892.0267121,408.6195606,443.435201,457.7458219,875.7732049,785.0507462,714.7595803,183.4738906,225.5233647,191.7590333,877.0180694,633.0947496,586.7737484,198.0172962,240.6713418,207.1976869,343.1185401,401.35569,302.9840823,1,1,1,1,0,1,1,1,0,1,1,1,0,1,1,1,1,0,1,1,0,0,0,ENSMUSG00000027405,ENSG00000101361
Lpin3,-1.599053383,0.805614231,3.890323812,2.002673043,2.097343506,0.568959186,0.450258471,397.7879208,3.279210619,0,85.36952863,6.089378062,115.2505343,35.94120202,20.97089758,0,24.73556891,25.3071804,145.834889,44.70179832,775.1663065,820.4415221,893.3538828,1085.106087,134.864584,120.7765855,255.5834795,619.5629588,1048.009279,378.7853505,39.25487892,30.96975783,43.52812413,148.1360865,206.2692344,128.7560486,42.36649127,33.04993779,47.03260378,70.33454838,61.74702923,48.95007458,1,1,1,1,0,1,1,1,0,1,1,1,0,1,1,0,0,0,0,0,0,0,0,ENSMUSG00000027412,ENSG00000132793
Rrbp1,2.509831627,0.012756355,0.578609695,0.575810234,0.746250226,0.290300368,0.344916955,250.0657075,121.3307929,48.41481798,973.5121686,697.2337881,952.2255256,317.6738502,778.2533102,1061.956738,3007.690582,2686.051768,3447.797972,3178.389089,5340.295951,4065.503648,3805.812485,5188.686402,3572.905025,3681.481907,4247.504137,5608.675206,6558.663907,4975.396766,1492.538766,1696.189813,1768.182988,3143.631286,2713.645901,2458.159371,1610.847679,1810.11967,1910.540634,2033.048635,1737.228919,2744.580044,1,1,1,1,0,1,1,1,0,1,1,1,0,1,1,0,0,0,1,1,1,1,0,ENSMUSG00000027422,ENSG00000125844
Cst3,0.650701833,0.798136508,-0.523508821,-0.594006089,-0.8884222,-0.295039339,0.166788099,3477.747793,5860.886294,3232.106469,3888.05783,13067.80532,8215.570309,6117.540403,1938.642976,6242.683188,27495.9038,33010.16251,22712.51425,26010.97293,19172.13297,19384.01049,18762.93043,18668.20116,17568.6282,18162.33004,20186.90499,12132.71975,10583.36377,14328.69596,2584.84844,2638.782186,2452.868617,1330.602901,1466.208151,1349.481334,2789.741349,2816.024186,2650.35078,2487.371799,2277.515424,1966.442651,1,1,1,0,1,1,1,0,1,1,1,0,1,1,1,0,0,0,1,1,0,0,0,ENSMUSG00000027447,ENSG00000101439
Zbp1,-0.94808674,0.915105052,6.578971778,1.908877645,4.132759887,3.815457442,2.54422E-52,51.17174709,0,2.504214723,0,15.22344515,30.22125121,4.057877648,4.660199462,0,145.3214673,152.7157438,66.02475073,109.4737918,11732.18322,8724.747871,11958.44757,12784.42901,28.18065935,44.96062674,46.08882418,104.8132825,254.3526169,88.414271,58.02895144,38.91072137,41.17525256,806.2273732,750.0699431,874.7548343,62.62872623,41.52428081,44.49030087,883.9341891,604.4084207,609.3440319,1,1,1,1,0,1,1,1,0,1,1,1,0,1,1,1,1,0,0,0,0,0,0,ENSMUSG00000027514,ENSG00000124256
Phactr3,2.769491159,0.431987045,0.773874457,-1.304144261,-2.012797247,-0.828499757,0.354054892,0,10.77454918,6.677905928,32.94964263,183.6962382,6.146695162,8.695452103,8.155349059,0,394.2231294,139.6258229,307.6318056,195.228262,608.1350235,449.0837805,303.6153756,413.1898623,236.5162481,149.8687558,229.3966476,87.34440208,109.0082644,53.0485626,456.5513092,360.519745,563.5127421,106.1860443,106.2599086,128.7560486,492.7407137,384.7351732,608.8815462,187.2419734,179.3038733,469.2455425,1,1,1,1,0,1,1,0,1,1,1,0,1,1,1,0,0,0,0,0,0,0,0,ENSMUSG00000027525,ENSG00000087495
Ptpn1,1.192116433,0.401313905,1.426483054,0.541989529,0.748185051,0.434840708,0.054455091,431.5805839,415.99129,88.48225354,594.5912783,1085.939088,536.8113775,573.320142,659.4182239,829.6537019,1151.749927,1364.842419,1252.293624,1243.439819,3108.899162,3226.710144,3479.707082,3656.923361,1291.27807,1510.14811,1886.499371,2470.099691,2191.639842,2163.822948,608.4506232,662.2763597,582.3357147,845.5555378,1201.004849,1064.44886,656.6806147,706.7602081,629.2199694,1036.959355,807.4611515,849.8745707,1,1,1,1,0,1,1,1,0,1,1,1,0,1,1,0,0,0,1,1,0,0,0,ENSMUSG00000027540,ENSG00000196396
Car13,#N/A,#N/A,5.691443578,2.652203064,3.744936483,1.887049909,0.027734366,#N/A,#N/A,#N/A,#N/A,#N/A,#N/A,#N/A,#N/A,#N/A,6.956878755,9.599275323,31.9240553,12.77194238,611.6638534,557.0366124,1032.042388,985.9920079,21.13549451,13.22371375,26.18683192,149.0677796,149.1692039,80.03818217,9.387036263,15.88192709,3.529307362,121.9173101,154.4786907,125.8074368,10.13111748,16.94868605,3.81345436,57.0280122,29.68607175,30.38280491,1,0,1,1,0,1,1,1,0,0,1,1,0,0,1,1,1,0,0,0,0,0,0,ENSMUSG00000027555,#N/A
Psma7,-0.737893156,0.743689343,1.004923187,0.897078135,0.651961135,0.363576631,0.192453715,4689.456143,8437.877382,24232.45114,7004.794481,4840.040663,7517.920408,10656.5664,4674.180061,10110.71311,3408.87059,3851.054728,2653.324323,3565.196486,6696.542918,6358.421796,6625.812085,7365.334555,1988.749389,2239.215528,2163.032316,4157.593539,4299.132953,3447.225893,369.507882,422.4592606,331.754892,621.3849998,631.3088688,516.0070652,398.7976244,450.8350488,358.4647099,534.1623809,546.2237201,477.6852106,1,1,1,1,0,1,1,1,0,1,1,1,0,1,1,0,0,0,1,1,0,0,0,ENSMUSG00000027566,ENSG00000101182
Oprl1,-0.018795913,0.997760464,1.388154564,-1.151850571,-1.778595337,-1.057139254,0.020219261,10.62055128,2.810751959,0.834738241,4.493133086,16.2383415,0,5.217271262,1.165049866,0,94.30435645,25.3071804,81.26123167,75.71937266,178.7940494,184.5993425,198.6619124,163.4738708,117.754898,109.3160336,125.6967932,66.38174558,39.20472667,53.97923914,102.404032,76.23325004,90.58555562,34.08440927,8.929404085,36.36621221,110.5212816,81.35369302,97.87866191,38.96914167,48.68515766,51.48197499,1,1,1,1,0,1,1,0,1,1,0,0,1,1,1,1,0,1,0,0,0,0,0,ENSMUSG00000027584,ENSG00000125510
Procr,-0.595053423,0.837861473,0.988111514,1.716388614,1.265900621,0.425498699,0.365538701,1730.184354,1773.116028,5685.402159,2620.9943,591.6845683,2884.336705,2775.008614,1850.099186,1441.753766,750.569919,884.0059912,901.8545622,779.088485,1511.515484,1416.341154,1320.664411,2329.824457,645.1358087,568.6196911,803.4120032,2599.369406,2627.672899,1400.668188,187.7407253,180.2598725,107.0556566,343.4659704,443.791383,359.7306397,202.6223496,192.3675866,115.6747823,270.883058,194.7406307,222.807236,1,1,1,1,0,1,1,1,0,1,1,1,0,1,1,0,0,0,1,1,0,0,0,ENSMUSG00000027611,ENSG00000101000
Eif6,-0.391526604,0.873974344,1.575521181,0.966825961,0.958071573,0.55693141,0.303140768,854.4716259,900.846003,2247.115345,1118.790138,904.2726422,868.7329163,1467.792315,654.7580244,1087.768187,1110.008655,1302.010798,943.2107247,1183.229233,3259.462573,2925.521743,3069.888797,4269.628577,694.4519626,812.8176049,918.6340637,1745.72345,1668.591415,1328.075418,75.94965704,88.93879171,50.58673885,91.76571728,193.7680686,133.6704016,81.96995051,94.91264186,54.6595125,127.3625606,112.8070726,102.96395,1,1,1,1,0,1,1,1,0,1,1,1,0,1,1,0,0,0,1,1,0,0,0,ENSMUSG00000027613,ENSG00000242372
Afg2a,0.116471365,0.979427227,1.165056005,0.660098693,0.844325126,0.505903341,0.078521682,112.9640455,63.71037775,46.74534149,94.3557948,105.5492197,61.46695162,59.1290743,145.6312332,14.74939914,181.6518342,251.3264812,216.21292,224.4212732,457.5716134,435.0499124,558.5023575,507.1551581,158.0129828,188.6583161,175.9755105,310.9460714,263.9147454,253.144018,214.1951002,298.5802293,244.6986438,537.4849155,350.9255805,474.7264999,231.1736806,318.6352977,264.3995023,367.8306787,369.2947325,419.4515012,1,1,1,1,0,1,1,1,0,1,1,1,0,1,1,0,0,0,1,1,0,0,0,ENSMUSG00000027722,ENSG00000145375
Bche,9.830604102,0.000233887,-4.857246858,-0.856330225,-1.421784275,-0.36091669,0.164354927,0,0,0,17.97253234,326.7966227,0,28.40514354,260.9711699,92.18374465,1561.432787,1791.57384,1057.121558,2102.809084,42.34595908,75.5669823,69.96897544,36.04148332,923.9230459,683.2252102,662.0031109,404.1134336,346.1490501,502.5653299,1833.885539,2371.171715,1807.005369,545.3505484,992.9497343,702.7524792,1979.251951,2530.438827,1952.488632,1455.164778,2011.528221,1569.778254,1,1,1,0,1,1,1,0,1,1,1,0,1,1,1,0,0,0,0,0,1,1,0,ENSMUSG00000027792,ENSG00000114200
Smad9,-0.603703099,0.928098759,-1.51339371,-0.78823671,-1.650095877,-0.992730838,0.001746917,1316.948359,778.5782928,204.510869,339.9804035,166.4430004,1425.521053,764.0403914,328.5440621,0,125.2238176,120.4272722,142.9327021,123.1580158,36.46457587,31.30632124,58.72396153,54.06222498,129.8323234,113.7239382,79.60796903,47.74827314,74.58460195,64.21668104,178.353689,202.4945704,182.347547,45.88285864,92.86580248,39.31482401,192.4912321,216.0957471,197.0284753,87.44295204,90.24565811,125.7510537,1,1,1,0,1,1,1,0,1,1,1,0,1,1,1,1,0,1,1,0,0,0,0,ENSMUSG00000027796,ENSG00000120693
Nbea,-0.924155905,0.812383803,-0.518627423,-0.640824086,-1.126559816,-0.616466623,0.000393248,46.34422378,93.22327332,90.15173003,16.47482131,50.74481718,81.9559355,75.36058489,13.98059839,0,476.932688,461.6378769,673.3073481,582.9479413,416.401931,351.9262319,383.5799189,381.0099665,965.1875828,883.3440782,872.5452395,531.0539647,549.8223862,662.6416942,3976.689908,3407.467457,4657.509282,1899.550348,1667.119743,1948.04953,4291.909768,3636.340591,5032.488604,2725.938983,2911.609917,2813.785322,1,1,1,0,1,1,1,0,1,1,1,0,1,1,1,1,0,1,1,0,0,0,0,ENSMUSG00000027799,ENSG00000172915
Ppid,0.371711347,0.905391567,0.542494869,0.584626286,0.498150074,0.145974096,0.655972948,221.1005676,209.8694796,303.0099815,313.021605,243.5751225,177.7419351,185.5029782,233.0099731,755.9067062,655.492576,758.3427506,821.3188772,1126.667774,1230.385367,927.3148257,1518.076878,1220.26165,576.6970646,573.0275957,514.3093789,850.1521803,857.7229224,789.2137033,628.9314296,652.7472035,665.8626556,1052.683871,903.6556934,796.1251862,678.7848711,696.5909965,719.4717226,767.977231,745.7141223,802.6124298,1,1,1,1,0,1,1,1,0,1,1,1,0,1,1,0,0,0,1,1,0,0,0,ENSMUSG00000027804,ENSG00000171497
Pfn2,-0.030959695,0.994317701,-0.560883814,-0.698647949,-1.113884728,-0.983929356,3.82601E-05,202.755979,358.3708748,791.3318524,247.1223197,1095.073155,259.6978706,306.079914,322.7188128,416.6705258,774.5325014,548.9040162,869.2049602,841.1236337,476.3920396,506.2987814,557.2529115,517.4527248,428.748603,471.6457903,435.7488831,256.2102461,309.8129619,256.8667242,614.4241918,559.0438336,602.3351231,321.1800105,211.6268768,289.9468271,663.1276895,596.5937488,650.8295441,424.8586909,271.9244172,268.3814434,1,1,1,0,1,1,1,0,1,1,1,0,1,1,1,1,0,1,1,1,0,0,0,ENSMUSG00000027805,ENSG00000070087
Ptx3,2.03469197,0.766767598,5.247317498,2.267198012,6.54518551,5.56762241,0.441746212,0,0,34.22426788,1.497711029,219.2176102,23.05010686,24.92696269,10.48544879,0,2.318959585,0,2.176640134,1.824563197,36.46457587,43.18113274,38.73282569,127.4323874,2.012904239,1.763161833,17.8070457,41.925313,33.46744959,26.98961957,0,0,0,18.35314346,8.929404085,20.64028261,0,0,0,6.65326809,0,19.41123647,1,0,1,1,0,0,1,1,0,0,0,1,0,0,0,0,0,0,0,0,0,0,0,ENSMUSG00000027832,ENSG00000163661
Serpini1,-0.289022669,0.936978744,0.525967182,-0.711571159,-1.552834018,-0.716475163,1.15582E-05,128.41212,128.3576728,290.4889079,85.36952863,343.0349642,138.8128657,102.026638,121.165186,103.245794,1157.933819,1341.280561,1379.264298,1425.896138,1480.932291,1943.150973,1710.49156,2503.595895,890.7101259,908.9099248,974.1501474,518.2434524,453.2448888,721.2743161,1279.197033,1480.989701,1297.608673,528.3083438,447.3631447,409.8570403,1380.595009,1580.464974,1402.080053,902.9435265,927.3928813,827.0874671,1,1,1,1,0,1,1,0,1,1,1,0,1,1,1,1,0,1,1,1,0,0,0,ENSMUSG00000027834,ENSG00000163536
Casq2,1.370605542,0.90071756,0.604459345,-1.061955879,-2.024161592,-0.690781423,0.004940329,9.65504662,0,0,0,28.41709762,0,14.49242017,5.825249328,0,1217.453782,2100.495973,1465.604357,1896.633443,2276.095301,2467.801736,2490.145858,2920.647345,1249.007081,1420.226856,1236.018467,689.4384804,409.2590979,772.4615256,520.5538291,637.6593727,461.1628286,121.9173101,140.1916441,135.6361428,561.8165147,680.4897447,498.2913697,426.7596246,327.7342321,324.9272192,1,1,1,1,0,1,1,0,1,1,1,0,1,1,1,1,0,1,0,0,0,0,0,ENSMUSG00000027861,ENSG00000118729
Hmgcs2,-2.635175997,NA,-1.977006317,-0.823287217,-1.355622375,-0.908254873,5.11382E-06,0,3.747669279,0,0,0,0,0,0,0,3339.301802,4389.486807,2710.642514,4137.197048,1180.981748,1231.741812,733.4247961,554.7814039,4540.105512,5456.104292,3890.31575,2457.289179,2556.913149,2833.910055,928.4632231,1185.585857,959.9716024,298.8940506,367.8914483,532.7158654,1002.05962,1265.219413,1037.259586,567.4287214,694.6540789,502.1602479,1,1,1,0,1,1,1,0,1,1,1,0,1,1,1,1,0,1,0,0,0,0,0,ENSMUSG00000027875,ENSG00000134240
Ampd2,2.42398265,0.49965562,1.119515397,0.524766132,0.77896197,0.355133949,0.355429717,252.9622214,0,1.669476482,365.441491,1061.581575,156.7407266,317.0941533,250.4857211,578.9139164,521.7659066,534.0687725,380.1864767,381.3337081,898.6753538,832.3163336,1164.483663,1054.213387,454.9163581,546.5801682,426.3216236,770.9599224,646.3998836,640.3054574,197.1277615,246.1698699,174.1124965,317.247194,382.1784948,361.6963809,212.753467,262.7046337,188.1304151,307.9512659,260.0499885,282.728879,1,1,1,1,0,1,1,1,0,1,1,1,0,1,1,0,0,0,0,1,0,0,0,ENSMUSG00000027889,ENSG00000116337
Slc16a4,-1.558716262,0.307860743,-3.485740036,-0.813138693,-0.688711508,-0.193319174,0.642786444,1673.219579,872.2700247,3208.733798,820.7456437,186.7409272,950.1766272,1095.626965,477.6704449,372.4223284,4198.089835,6055.397406,3626.282463,5446.321142,330.5337362,598.0586885,433.5577585,361.702029,2277.601147,2136.07056,1449.703015,1038.816089,740.1087424,1557.952523,1319.305278,1565.958011,1144.672021,718.3944724,946.516833,834.4571397,1423.882511,1671.140444,1236.830364,1267.922805,1567.424588,958.7462884,1,1,1,0,1,1,1,0,1,1,1,0,1,1,1,0,0,0,1,1,0,0,0,ENSMUSG00000027896,ENSG00000168679
S100a11,0.972397224,0.505731697,1.244196019,1.378654943,0.825128938,0.23766745,0.545443674,1465.636077,3020.15298,952.436333,2923.531928,4918.187681,3735.14176,2967.467954,1945.633275,4856.239668,1686.656605,1817.753682,2098.281089,1737.896445,4628.648583,3608.863169,4076.942265,5077.98756,1212.774804,1314.437146,1475.889847,3321.416463,4010.356674,3075.885954,385.7218537,414.5182971,384.6945024,706.596023,733.1040754,660.4890434,416.2968273,442.3607058,415.6665253,508.4997755,394.2310328,597.5284966,1,1,1,1,0,1,1,1,0,1,1,1,0,1,1,0,0,0,1,1,0,0,0,ENSMUSG00000027907,ENSG00000163191
Tpm3,0.508758604,0.846662798,1.977373918,0.938150215,0.653027495,0.440723534,0.006551862,8925.125096,6389.307662,6257.197854,21898.03295,9717.63249,8755.455034,10258.89439,6507.968549,4244.139604,4242.923054,5263.020861,4696.463862,5445.40886,20296.65344,17394.4398,17424.77378,22247.89277,3538.685653,3409.954985,4607.834944,7878.465068,8719.704938,5544.04013,1294.557637,1359.492959,1252.904113,1754.036139,2478.802574,1908.734706,1397.173201,1450.807525,1353.776298,1887.627204,1910.595578,1906.521008,1,1,1,1,0,1,1,1,0,1,1,1,0,1,1,1,1,0,1,1,0,0,0,ENSMUSG00000027940,ENSG00000143549
Pmvk,-0.678092399,0.794803269,-0.307032084,0.381454975,-0.965609991,-0.215792068,0.65995528,279.996352,554.1865947,959.1142389,215.6703881,454.673562,295.0413678,271.8778024,192.2332278,818.5916525,852.6041407,870.0434089,783.5904482,871.2289264,638.7182161,724.3635018,689.6941865,675.7778122,533.4196234,557.1591392,562.4931496,667.3112319,736.283891,748.2639356,207.3681647,192.1713178,204.699827,98.32041137,91.97286208,118.9273426,223.8055952,205.0791012,221.1803529,206.2513108,168.6168875,183.9847631,1,1,1,0,1,1,1,1,0,1,1,0,1,1,1,0,0,0,1,1,0,0,0,ENSMUSG00000027952,ENSG00000163344
Tlr2,24.73900277,NA,4.167906339,0.585572372,1.651485413,1.519714895,0.003968444,0,0,0,1.497711029,2130.267425,18.95231008,0,124.6603356,0,235.7608911,322.8847154,194.4465186,168.7720957,3227.703103,2794.898817,5961.106818,4584.991556,152.9807222,207.1715154,185.40277,269.0207584,263.9147454,286.6483734,34.13467732,50.02807034,32.94020204,111.4297996,117.8681339,140.5504958,36.84042719,53.38836104,35.5922407,204.3503771,74.8089008,82.70874671,1,1,1,1,0,1,1,1,0,1,1,1,0,1,1,1,1,0,0,0,0,0,0,ENSMUSG00000027995,ENSG00000137462
Gar1,0.089963633,0.987869484,0.699793302,1.101095988,1.051368032,0.11729902,0.914678124,69.51633567,95.09710796,49.24955622,101.8443499,70.02784771,43.02686614,77.67937212,160.7768814,0,267.4533388,296.7048736,299.6507918,346.6670074,495.2124659,421.0160442,483.5355981,566.3661664,202.2968761,227.4478764,258.7258994,539.2061089,493.4058283,444.8633846,55.46885065,66.70409378,59.99822515,145.5142088,125.0116572,108.115766,59.86569419,71.18448139,64.82872412,92.19528639,52.24748627,67.51734425,1,1,1,1,0,1,1,1,0,1,1,1,0,1,1,0,0,0,1,0,0,0,0,ENSMUSG00000028010,ENSG00000109534
Ctso,-1.124901033,0.288541663,-0.455413423,-0.36960703,-0.653015173,-0.09184687,0.844011394,2534.449738,1912.716708,1547.604699,992.982412,826.1256237,1193.995535,949.5433696,1119.612921,409.2958263,1869.854412,2177.290176,2022.824231,2922.037959,1531.512187,1634.405874,1949.135744,1441.659333,1594.220158,1413.174209,1278.964871,1020.182616,1089.126431,1207.087468,898.5953805,968.0034562,696.4499861,452.2738923,600.0559545,576.9450424,969.8242459,1033.022414,752.5216604,871.5781198,910.7686812,807.6762306,1,1,1,0,1,1,1,0,1,1,1,0,1,1,1,0,0,0,1,1,0,0,0,ENSMUSG00000028015,ENSG00000256043
Gstcd,2.713184275,0.036001487,1.596038496,0.808156622,0.926250681,0.475095293,0.29196535,33.79266317,13.58530114,16.69476482,62.9038632,181.6664455,112.1771867,44.05695732,73.39814153,368.7349786,114.4020062,109.9553355,112.4597403,119.5088894,296.4217136,309.8246274,357.3415531,417.0514498,86.5548823,117.2502619,100.5574346,187.4993165,198.8922719,147.9775694,114.351169,130.2318021,88.23268405,211.0611497,217.8774597,206.4028261,123.4154311,138.9792256,95.33635901,189.1429071,146.055473,163.7295598,1,1,1,1,0,1,1,1,0,1,1,1,0,1,1,0,0,0,1,1,1,1,0,ENSMUSG00000028018,ENSG00000138780
Fubp1,0.059482396,0.987869484,0.456403329,0.717615635,0.692895416,0.28478322,0.112165006,727.0250105,389.757605,327.2173905,750.3532253,518.6120316,769.8735691,343.7602065,441.553899,180.6801395,1686.656605,2183.398805,1813.866778,2156.633698,2574.869567,2173.090505,3014.913174,2995.304703,1302.349043,1208.647436,1137.555979,2072.973809,2053.945192,1874.382545,2382.600477,2326.702319,2365.812368,4239.576138,3428.891169,3771.274493,2571.461818,2482.982506,2556.285573,3021.53418,3070.727261,3178.378981,1,1,1,1,0,1,1,1,0,1,1,1,0,1,1,0,0,0,1,1,0,0,0,ENSMUSG00000028034,ENSG00000162613
Ptgfr,1.137008408,NA,-1.494580658,-1.304551798,-1.948599501,-0.621534898,0.054087389,0,0,0,0,0,0,0,1.165049866,0,319.2434362,379.607706,206.7808127,246.3160315,91.74957801,71.24886903,148.6840728,97.82688329,208.3355888,238.0268474,143.5038389,68.71092964,50.67928081,119.1265967,361.8275796,554.2792555,324.6962773,65.54694091,120.5469551,133.6704016,390.5085283,591.509143,350.8378011,238.5671844,315.8598034,313.9556508,1,1,1,0,1,1,1,0,1,1,1,0,1,1,1,0,0,0,0,0,0,0,0,ENSMUSG00000028036,ENSG00000122420
Adam15,-0.724311531,0.785296862,-0.794523497,0.723051876,-0.655383726,-0.148488051,0.61390831,6841.566035,6005.64002,4170.352252,5836.579878,2009.49476,5324.574684,3739.624101,3033.78985,652.6609121,11123.27614,13790.66799,8047.764122,8364.709975,5515.56117,7049.31992,5507.557924,5752.478177,4859.150834,3736.139924,4729.341844,6370.318392,9650.100037,5972.151337,2356.146102,2862.717358,2306.990579,1250.635633,1800.167864,1724.937904,2542.910487,3055.00066,2492.728,2514.935338,2473.443498,2314.156974,1,1,1,0,1,1,1,1,0,1,1,0,1,1,1,0,0,0,1,1,0,0,0,ENSMUSG00000028041,ENSG00000143537
Gpatch4,NA,NA,0.84429239,1.623080212,1.611384788,0.63537132,0.187226759,0,0,0,0,0,0,0,0,0,219.528174,191.9855065,221.291747,237.1932156,409.3442711,355.1648168,373.584351,424.7746248,157.0065307,142.8161085,155.026045,533.3831487,486.7123384,381.5773801,68.26935464,86.55650265,98.82060613,277.9190295,272.3468246,222.1287557,73.68085439,92.37033895,106.7767221,102.650422,178.1164305,142.6303897,1,1,1,1,0,1,1,1,0,1,1,1,0,1,1,0,0,0,0,0,0,0,0,ENSMUSG00000028069,ENSG00000160818
Fmo5,-1.893325131,0.382751588,-1.765872076,-0.75974962,-1.392757107,-0.364142726,0.296793465,107.1710175,40.75590341,174.4602924,29.95422057,20.29792687,81.4437109,22.02847866,16.31069812,0,990.9687293,1129.223843,877.9115207,1048.211556,272.8961807,335.7333071,322.3570654,257.4391666,898.7617429,790.778082,821.219049,413.4301699,453.2448888,614.2465143,420.709898,574.9257607,384.6945024,152.0689029,166.9798564,206.4028261,454.0582652,613.5424348,415.6665253,326.9606033,429.8543189,398.3523311,1,1,1,0,1,1,1,0,1,1,1,0,1,1,1,0,0,0,1,0,0,0,0,ENSMUSG00000028088,ENSG00000131781
Abca4,-0.008947628,0.998106216,1.65170839,-1.057429639,0.843719424,0.190788799,0.750230158,21.24110256,68.86342301,45.91060325,50.92217497,15.22344515,6.146695162,86.95452103,106.0195378,3.687349786,50.24412434,77.66686398,77.63349811,62.03514869,236.4316049,249.3710416,171.1741006,182.7818083,211.3549451,394.9482506,590.7749281,194.4868686,208.4544003,172.1751593,154.4594149,187.4067397,171.7596249,267.4315189,454.5066679,198.5398613,166.7029331,199.9944953,185.5881122,265.1802567,185.2410877,179.7649291,1,1,1,1,0,1,1,0,1,1,1,1,0,1,1,0,0,0,1,0,0,0,0,ENSMUSG00000028125,ENSG00000198691
Ccn1,3.442196816,0.040240513,1.978637283,2.517741299,2.500770855,1.321678309,2.42004E-05,3016.236564,251.5623004,1085.994452,5480.124654,7023.082698,10500.60424,1378.519007,39250.52997,31006.92435,1396.01367,1363.969757,2087.397888,2822.599265,6770.648346,4665.721393,8300.069711,10491.93323,749.8068292,1203.357951,1371.142519,7002.691863,8671.894296,3363.465004,100.6972981,189.7890287,187.0532902,1174.601181,667.0264852,859.0289047,108.6792602,202.5367982,202.1130811,565.5277877,377.6068326,337.5867213,1,1,1,1,0,1,1,1,0,1,1,1,0,1,1,1,1,0,1,1,1,1,0,ENSMUSG00000028195,ENSG00000142871
Rps20,-0.552364677,0.897509923,0.367276305,0.377489018,0.861570331,0.351314416,0.194794406,1278.328173,2722.213273,11669.64061,2402.32849,1427.959156,2144.172162,2322.265408,2855.53722,10225.02096,7606.960425,8671.636263,6380.457779,8476.920612,9225.537696,11365.27414,9826.892711,9741.498063,4870.221807,4920.103094,5834.426151,6486.777595,7593.286206,6215.98859,804.7250178,851.2712921,842.3280237,1742.237689,1541.215145,1258.074368,868.5130711,908.449572,910.1444406,1410.492835,1062.761369,954.5264543,1,1,1,1,0,1,1,1,0,1,1,1,0,1,1,0,0,0,1,1,0,0,0,ENSMUSG00000028234,ENSG00000008988
Polr1e,0.09614547,0.979708618,0.702498903,1.781909003,1.212751303,0.00487208,0.997369331,79.17138229,88.07022806,120.2023067,56.91301909,208.0537504,106.0304915,67.8245264,58.25249328,117.9951932,108.9911005,119.5546108,94.32107247,124.0702974,196.4381991,155.4520779,168.6752086,205.9513332,79.50971746,86.39492981,85.89280869,344.7192402,281.1265766,241.9758996,40.10824585,57.96903388,59.99822515,111.4297996,117.8681339,135.6361428,43.28750195,61.86270407,64.82872412,47.5233435,41.56050044,80.1768463,1,1,1,1,0,1,1,1,0,1,1,1,0,1,1,0,0,0,1,1,0,0,0,ENSMUSG00000028318,ENSG00000137054
Anp32b,-0.084716877,0.975624761,0.429431108,0.589552904,0.970575343,0.337218402,0.194794406,723.1629918,738.290848,606.8547012,558.6462137,743.9190199,931.7365417,456.8010838,440.3888492,770.6561053,2353.743979,2583.077723,2564.082078,2594.528866,3394.734386,3159.779388,3333.521901,3708.411194,1771.355731,1774.622385,1768.134891,2735.626673,2820.827894,2441.164556,1657.238584,1669.190537,1704.655456,3053.176508,4031.625944,2771.695093,1788.60274,1781.306903,1841.898456,1903.785141,2081.587351,2848.387961,1,1,1,1,0,1,1,1,0,1,1,1,0,1,1,0,0,0,1,1,0,0,0,ENSMUSG00000028333,ENSG00000136938
Tmeff1,1.223472992,NA,-2.039643237,-1.053428116,-1.160725247,-0.44905765,0.109690305,0.965504662,0,0,0,3.044689031,0,0,0,0,1796.420692,1861.386751,2708.465873,3926.459999,689.2981117,774.0218044,502.277288,536.7606623,1741.162167,1305.621337,2785.231443,718.5532811,1288.018703,802.2431748,942.970461,890.1820135,867.0331752,395.9035231,464.3290124,346.9533219,1017.716801,949.9738529,936.8386212,603.5464625,932.1426528,595.840563,1,1,1,0,1,1,1,0,1,1,1,0,1,1,1,0,0,0,0,0,0,0,0,ENSMUSG00000028347,ENSG00000241697
Txn1,#N/A,#N/A,1.803140533,1.246195382,0.583297218,0.213507836,0.58937176,#N/A,#N/A,#N/A,#N/A,#N/A,#N/A,#N/A,#N/A,#N/A,3319.977139,3992.425873,2668.560804,3170.178554,11080.52596,9753.538358,12133.37001,12924.73336,1842.813831,2136.952141,2019.528478,4864.5009,5286.900823,4081.947291,371.2146159,409.753719,322.3434057,635.8053268,543.8007088,477.6751117,400.6396457,437.2761,348.2954982,533.2119141,420.3547759,423.6713352,1,1,1,1,0,1,1,1,0,1,1,1,0,1,1,0,0,0,0,0,0,0,0,ENSMUSG00000028367,#N/A
Kdm4c,0.502961419,0.897198797,-0.387769392,-0.313291679,-0.557117402,-0.056357944,0.893891991,347.5816783,192.5365092,76.79591817,224.6566543,274.0220128,127.5439246,84.05603699,318.0586133,726.4079079,822.4576661,943.3469659,994.7245412,1091.088792,725.7626876,730.8406717,774.6565138,711.8192955,952.1037052,885.1072401,989.8622465,753.491042,727.6779754,792.9364094,1108.523646,1314.229467,1210.552425,752.4788817,925.9792036,789.245092,1196.392873,1402.50377,1308.014846,1224.201329,1325.186243,1209.404429,1,1,1,0,1,1,1,0,1,1,1,0,1,1,1,0,0,0,1,1,0,0,0,ENSMUSG00000028397,ENSG00000107077
Cntfr,5.406603243,0.451459798,0.953651751,-0.866513129,-1.944481375,-1.859064107,4.19598E-05,0,0,0,0,25.37240859,0,8.115755296,0,0,560.415233,248.708497,476.6841893,274.5967611,824.5699254,779.419446,643.4646848,777.466283,333.1356516,297.0927688,417.9418374,180.5117643,192.1987819,201.026132,78.50975784,69.08638285,105.8792209,18.35314346,22.32351021,24.57176501,84.73298255,73.7267843,114.4036308,26.61307236,23.7488574,24.47503729,1,1,1,1,0,1,1,0,1,1,1,0,1,1,1,1,0,1,0,0,0,0,0,ENSMUSG00000028444,ENSG00000122756
Spaar,-0.631411341,0.839929093,-0.828145667,-0.738941799,-0.674248532,-0.089445097,0.864292458,1393.223227,472.2063292,1304.695871,831.2296209,166.4430004,928.6631941,1264.898433,595.3404813,302.3626825,1004.882487,1374.441694,867.7538667,634.0357108,492.8599126,747.0335965,546.0078976,399.0307082,1577.110472,1882.175257,1530.358457,1053.955785,801.3063645,1135.425375,467.6450793,568.5729899,524.6903611,200.5736392,411.6455283,362.6792515,504.7138526,606.7629604,566.9335482,467.6297,488.0390195,620.3156003,1,1,1,0,1,1,1,0,1,1,1,0,1,1,1,0,0,0,1,1,0,0,0,ENSMUSG00000028475,ENSG00000235387
Reck,0.210404994,0.947281648,-1.171973655,-1.066200823,-1.131904881,-0.449351898,0.081660564,529.0965548,186.4465466,232.8919692,268.0902741,246.6198115,334.4826617,305.5002172,453.2043977,589.9759658,5471.971634,5948.932716,5826.865639,6380.497499,2027.900929,2976.259574,3253.557358,2228.135987,8141.191196,6954.79185,6732.11075,3262.02227,2211.720312,4950.2685,2480.737674,3724.311903,2383.458905,831.1352108,1440.312879,1645.325385,2677.378046,3974.466878,2575.352845,2571.012883,2170.645566,2018.768593,1,1,1,0,1,1,1,0,1,1,1,0,1,1,1,0,0,0,1,1,0,0,0,ENSMUSG00000028476,ENSG00000122707
Glipr2,0.463729162,0.91409003,4.445289546,1.294785797,1.075900202,1.132726435,6.94358E-05,213.3765303,273.1113987,231.2224927,92.85808377,1070.715643,250.4778279,136.8084464,144.4661833,283.9259335,280.5941098,338.5926205,356.2434353,327.5090938,6976.496758,4803.901018,8421.265972,8185.278301,517.3163895,646.1988117,638.9586988,1678.177112,1654.248223,1091.683578,265.3971162,348.6082997,176.4653681,423.4332383,642.9170941,603.4825486,286.4343214,372.0236587,190.672718,767.0267641,478.5394765,622.0035339,1,1,1,1,0,1,1,1,0,1,1,1,0,1,1,1,1,0,1,1,0,0,0,ENSMUSG00000028480,ENSG00000122694
Plin2,0.736493708,0.742920622,2.278395845,1.231131135,0.706956646,0.247973571,0.61711675,2063.283463,1775.458321,2859.813214,2438.273555,7461.517918,1996.651479,2826.021933,1746.409748,5855.51146,1469.44739,1884.075948,1287.845413,1655.791101,9003.221411,6273.139059,7466.689236,7800.406747,1756.258949,1954.464892,2300.251316,5719.311448,5075.577784,3316.931177,204.8080639,313.6680601,201.1705196,391.9707067,385.7502565,400.0283343,221.0425632,334.7365494,217.3668985,342.1680732,308.7351462,270.069377,1,1,1,1,0,1,1,1,0,1,1,1,0,1,1,0,0,0,1,1,0,0,0,ENSMUSG00000028494,ENSG00000147872
Rps6,0.293674938,0.933723689,0.37700746,0.390491954,0.92507315,0.641879403,0.000187831,10288.41768,10830.76422,19167.25949,15938.64077,8131.349505,9940.230527,11340.02894,16388.75646,37032.0539,5894.795265,6374.791476,6013.331143,7105.761369,7988.09467,8662.135228,7757.810152,8559.852288,3786.272874,4280.95693,4820.472019,5912.633725,5767.875884,5213.64996,1444.750218,1588.192709,1677.597433,3316.67521,3415.497063,2211.458851,1559.271081,1694.868605,1812.661973,2380.919509,3033.916532,2491.390003,1,1,1,1,0,1,1,1,0,1,1,1,0,1,1,1,1,0,1,1,0,0,0,ENSMUSG00000028495,ENSG00000137154
Tnfrsf1b,0.768088856,0.794472895,1.289616873,0.387845911,0.585678739,0.359710833,0.355301142,2607.828092,942.0703651,436.5681,2874.107464,5242.954511,1214.996744,1192.436332,1363.108343,1688.806202,1145.566035,1363.969757,1329.201575,1255.299479,2946.572986,2954.669008,3346.016361,3206.40482,1111.12314,1216.581665,1362.762733,1608.30159,1774.731041,1445.340662,387.4285876,458.9876929,302.3439973,469.3160969,563.4453978,692.9237732,418.1388487,489.8170267,326.6859235,676.7324114,428.666876,481.0610778,1,1,1,1,0,1,1,1,0,1,1,1,0,1,1,0,0,0,1,1,0,0,0,ENSMUSG00000028599,ENSG00000028137
Lrp8,-1.390634916,0.537203027,-3.018268034,-0.958843982,-0.54113597,-0.124501958,0.767783171,525.2345361,950.5026209,202.0066543,211.177255,33.49157934,551.6658908,233.6178132,96.69913884,151.1813412,1808.788476,1698.199071,2683.797285,2818.950139,321.123523,371.3577416,171.1741006,247.1415999,3310.221022,2671.190177,3286.971142,1616.453735,1791.942873,1359.71842,3181.351926,2946.891572,3341.077636,1996.55982,2704.716497,1803.567552,3433.527815,3144.828696,3610.070128,2584.31942,3947.060099,2817.161189,1,1,1,0,1,1,1,0,1,1,1,0,1,1,1,0,0,0,1,1,0,0,0,ENSMUSG00000028613,ENSG00000157193
Ctps1,1.882991501,0.128386323,3.304803146,0.682456566,0.55944533,0.290234018,0.326328793,149.6532226,47.78278331,167.7823864,832.7273319,615.0271842,335.5071109,356.5135362,378.6412063,169.6180902,725.8343501,957.3095482,880.8137075,1016.281701,8271.57734,7142.159356,11170.04715,8787.685951,1410.03942,1745.530214,2325.390674,3013.964168,2965.216034,2816.227201,547.0082041,697.2165993,539.9840264,891.4383964,887.5827661,853.1316811,590.3678458,744.0473174,583.4585171,801.2435714,850.2090948,697.9605462,1,1,1,1,0,1,1,1,0,1,1,1,0,1,1,0,0,0,1,1,0,0,0,ENSMUSG00000028633,ENSG00000171793
Mfsd2a,-0.976679959,0.736748846,-2.499658967,-0.826234523,-0.954887445,0.080219696,0.875218429,39742.1029,19231.16491,32886.18248,41282.90679,2228.712371,12812.78607,19468.53756,12524.28605,5036.919808,5203.745309,6518.780606,7692.97178,11056.85297,1393.88782,1663.553139,987.0623321,1342.545254,6286.29994,6289.198258,5244.698697,3886.243597,2555.000723,3611.024963,945.5305618,884.623339,928.2078362,439.1645041,641.1312133,341.0560983,1020.479833,944.0418127,1002.938497,915.2995958,1316.874143,908.1082802,1,1,1,0,1,1,1,0,1,1,1,0,1,1,1,0,0,0,1,1,0,0,0,ENSMUSG00000028655,ENSG00000168389
Gale,0.591255047,0.703607301,0.86135558,1.815085775,2.363820225,0.783325798,0.568685272,401.6499394,178.0142908,360.6069201,495.7423505,466.8523181,493.7845114,441.14927,313.3984138,623.1621139,60.29294921,59.34097473,86.34005865,35.57898233,105.8648977,106.8733035,106.2029091,122.2836041,65.41938778,51.13169315,61.80092333,189.8285005,244.7904885,190.7886901,26.45437492,11.91144532,14.11722945,115.362616,71.43523268,85.50974223,28.55133108,12.71151453,15.25381744,32.31587358,9.499542959,54.8578422,1,1,1,1,0,1,1,1,0,1,1,1,0,1,0,0,0,0,1,1,0,0,0,ENSMUSG00000028671,ENSG00000117308
Plk3,0.819073793,0.758361279,2.247698049,0.775603122,1.025405734,0.705806579,0.115404774,965.504662,187.8519226,217.8666809,949.5487921,1397.512265,1100.770659,376.2232276,560.3889853,449.8566739,180.1058611,159.6970349,219.1151068,200.7019516,906.9092903,754.5902947,745.919256,1203.528104,352.2582419,412.5798689,447.2710892,758.1494101,766.8827021,550.9605098,70.82945544,87.350599,95.29129877,159.9345358,193.7680686,160.2079078,76.44388643,93.21777325,102.9632677,124.51116,198.3029593,122.3751865,1,1,1,1,0,1,1,1,0,1,1,1,0,1,1,0,0,0,1,1,0,0,0,ENSMUSG00000028680,ENSG00000173846
Mrto4,0.532746312,0.777216869,1.012962184,1.46626449,1.096213857,0.183833491,0.809758086,295.4444266,289.0389932,371.4585172,735.376115,580.5207086,458.9532388,373.3247436,363.495558,250.7397855,294.5078673,340.3379433,264.8245496,314.7371514,574.0230009,595.8996319,562.2506955,716.9680789,185.18719,232.7373619,226.2542278,656.8299037,606.2389441,519.3175076,83.62995943,100.0561407,95.29129877,213.6830274,196.4468899,186.7454141,90.25904663,106.7767221,102.9632677,133.0653618,100.9326439,106.3398172,1,1,1,1,0,1,1,1,0,1,1,1,0,1,1,0,0,0,1,1,0,0,0,ENSMUSG00000028741,ENSG00000053372
Pink1,-0.688152498,0.871690721,-0.448881847,-0.712751843,-1.208970096,-0.443287057,0.027741247,452.8216865,3062.31426,1492.511975,515.2125938,207.0388541,1463.425673,3070.653986,617.4764287,339.2361803,8935.724267,7269.269404,6311.530842,7456.989785,6021.360126,5800.305656,4790.375926,5345.724294,6583.203315,6047.645087,6160.19034,3510.080372,3645.083367,4308.101689,1536.913846,1754.158847,1658.77446,574.1912024,829.5416395,734.2043384,1658.740234,1871.982374,1792.323549,1119.649973,1477.17893,1319.96408,1,1,1,0,1,1,1,0,1,1,1,0,1,1,1,1,0,1,1,1,0,0,0,ENSMUSG00000028756,ENSG00000158828
Sema3c,10.26908824,5.41892E-08,-0.928199135,-0.980615153,-1.358148305,-0.085721526,0.879788624,0,0,0,74.88555143,107.5790124,24.07455605,142.6054145,524.2724395,110.6204936,10486.33524,12685.87867,9229.679715,13989.83831,6828.285902,6567.85029,4840.353765,6141.211318,9703.204886,7906.017658,8657.366632,3835.001547,4738.03465,4735.28222,9593.551061,11074.46776,10612.62724,3491.030073,5784.467966,2924.040036,10354.00206,11818.31878,11467.05726,7470.669598,14353.80941,9877.787464,1,1,1,0,1,1,1,0,1,1,1,0,1,1,1,0,0,0,0,1,1,1,0,ENSMUSG00000028780,ENSG00000075223
Ak2,-0.505457985,0.789554881,0.398015311,0.741994452,1.043890875,0.355533695,0.374016872,1440.532956,1378.673836,3217.915919,1249.090998,1721.264199,1411.690989,1330.983869,991.4574356,1803.114045,548.8204351,589.9191017,473.0564558,582.9479413,764.5798167,698.4548221,703.4380923,723.404058,378.425997,410.816707,369.7580667,649.8423515,701.8602286,588.1875713,156.1661487,169.1425235,168.2303176,343.4659704,356.283223,317.4672039,168.5449544,180.5035064,181.7746578,237.6167175,193.5531878,246.4383065,1,1,1,1,0,1,1,1,0,1,1,1,0,1,1,0,0,0,1,1,0,0,0,ENSMUSG00000028792,ENSG00000004455
Nipal3,0.949479563,0.852882528,-2.33112284,-0.701596195,-1.158540624,-0.369254585,0.126603919,230.7556142,229.5447434,112.6896625,546.6645254,1060.566679,246.3800311,137.96784,220.1944246,0,1770.912136,2115.331217,1352.41907,1410.387351,315.2421398,438.2884973,303.6153756,262.5879499,1261.084506,1176.910523,1122.891353,730.1992014,698.0353772,761.2934072,954.0642311,1147.469232,1163.494994,456.2067087,524.1560198,480.6237235,1029.68994,1224.542567,1257.168787,798.3921708,1036.637625,884.4772097,1,1,1,0,1,1,1,0,1,1,1,0,1,1,1,0,0,0,1,0,0,0,0,ENSMUSG00000028803,ENSG00000001461
Csf3r,9.256382321,NA,1.385782421,2.161436496,1.784413257,2.108045378,0.000132902,3.862018648,0,0,0,4451.335363,3.073347581,0,173.59243,0,48.69815128,48.86903801,49.33717637,39.22810873,76.45798167,124.1457566,123.695153,163.4738708,50.32260599,124.3029092,79.60796903,508.9267161,346.1490501,286.6483734,23.89427412,11.91144532,22.35227996,44.57191982,76.79287513,76.66390682,25.78829904,12.71151453,24.15187761,100.7494882,46.31027192,119.843286,1,1,1,1,0,1,1,1,0,1,1,1,0,1,1,1,1,0,0,0,0,0,0,ENSMUSG00000028859,ENSG00000119535
Fgr,-1.460659765,0.724029293,3.586067846,2.688483597,3.992420711,3.289885702,8.30344E-09,3897.742321,2114.153932,1069.299687,805.7685334,1689.802412,1856.814164,478.8295625,312.233364,0,18.55167668,23.56185761,19.58976121,16.42106877,211.7297954,272.0411363,228.6486162,225.2592707,17.10968604,54.65801682,59.70597677,361.0235286,225.6662315,262.4507834,9.387036263,7.146867191,7.058614724,90.45477846,138.4057633,147.43059,10.13111748,7.626908721,7.626908721,105.5018226,47.49771479,95.36824875,1,1,1,1,0,1,1,1,0,0,1,1,0,0,1,1,1,0,1,0,0,0,0,ENSMUSG00000028874,ENSG00000000938
Fam76a,-1.009122549,0.80115183,-0.488816961,-0.341816742,-0.684784251,-0.06726476,0.895130719,607.3024324,365.8662134,642.7484455,263.597141,414.0777082,470.2221799,211.5893345,243.4954219,0,1753.133446,1991.413299,1593.300578,2093.686268,1105.700043,1407.704927,1374.390589,1406.905045,1634.478242,1440.503217,1682.242082,1236.796733,1176.1418,1339.243537,1027.453787,1336.464165,1391.723536,583.3677741,1017.952066,731.2557266,1108.896859,1426.231931,1503.772169,1100.640635,1490.240802,1264.262271,1,1,1,0,1,1,1,0,1,1,1,0,1,1,1,0,0,0,1,0,0,0,0,ENSMUSG00000028878,ENSG00000009780
Smpdl3b,0.744433033,0.895129221,2.107199697,2.055165432,2.420981763,1.775231915,0.069699509,25.10312121,141.942974,25.87688547,184.2184565,107.5790124,140.3495395,194.7781271,18.64079785,0,44.83321864,64.57694309,25.3941349,67.50883828,150.5634101,228.8600035,219.9024942,267.7367332,24.15485087,27.32900841,20.94946553,121.1175709,83.19051756,98.65171291,7.680302397,11.11734896,7.058614724,68.16881855,30.35997389,42.26343581,8.289096119,11.86408023,7.626908721,35.16727419,11.8744287,48.10610778,1,1,1,1,0,1,1,1,0,0,1,1,0,0,1,0,0,0,1,0,0,0,0,ENSMUSG00000028885,ENSG00000130768
Yrdc,-0.253942035,0.955596004,1.330874455,0.915997082,1.38072676,0.154205688,0.899861035,48.2752331,125.5469209,493.3303004,106.337483,47.70012815,287.8702234,351.296265,100.1942884,224.928337,308.4216248,430.2220668,349.7135149,417.824972,943.3738662,790.2147292,873.362747,1180.358579,283.8194978,276.8164078,344.618708,652.1715355,588.0709,468.130298,41.81497972,51.61626305,48.23386728,100.942289,141.0845845,125.8074368,45.12952331,55.08322965,52.11720959,63.68128029,71.24657219,35.44660573,1,1,1,1,0,1,1,1,0,1,1,1,0,1,1,0,0,0,1,1,0,0,0,ENSMUSG00000028889,ENSG00000196449
Sesn2,1.886916287,0.236877146,0.849229438,0.610733493,1.089843795,0.172242126,0.883828811,231.7211189,28.10751959,39.23269733,392.4002895,722.6061967,322.1892714,184.3435846,286.6022669,298.6753327,118.2669388,148.3524368,102.3020863,81.19306225,154.09224,195.3946257,168.6752086,293.4806499,128.8258713,195.7109634,164.4533044,266.6915744,234.2721472,247.5599588,40.96161278,36.52843231,44.70455992,111.4297996,60.71994778,88.45835403,44.20851263,38.9819779,48.30375523,44.67194289,53.43492914,49.79404138,1,1,1,1,0,1,1,1,0,1,1,1,0,1,1,0,0,0,1,1,0,0,0,ENSMUSG00000028893,ENSG00000130766
Rcc1,2.464969574,0.061571966,0.637890911,0.843174297,1.614307861,0.34101206,0.780949059,81.10239161,35.60285815,12.52107361,296.5467837,473.9565925,65.0525238,154.1993506,235.3400728,199.1168885,127.5427772,123.0452564,93.59552576,139.5790845,225.8451151,164.0883044,218.6530482,142.8787374,107.6903768,96.09231989,113.1271139,235.2475896,177.8555893,156.3536582,32.42794345,24.61698699,47.05743149,140.2704536,84.82933881,91.40696583,34.99840583,26.27046337,50.84605814,66.5326809,27.31118601,46.41817417,1,1,1,1,0,1,1,1,0,1,1,1,0,1,1,0,0,0,1,1,0,0,0,ENSMUSG00000028896,ENSG00000180198
Ptpru,0.13589754,0.988640009,1.331998645,-0.731776232,-0.779786594,-0.592253144,0.080961542,79.17138229,7.963797218,0,1.497711029,125.8471466,13.31783952,19.12999463,30.2912965,0,229.5769989,212.9293799,615.9891579,252.7020027,1015.126741,1100.039357,639.7163469,547.0582289,849.445589,1147.818353,732.1838204,630.044287,401.6093951,613.3158378,189.4474591,175.4952944,199.9940838,110.1188607,125.0116572,93.37270703,204.4643709,187.2829808,216.0957471,123.5606931,150.8052445,129.1269209,1,1,1,1,0,1,1,0,1,1,1,0,1,1,1,0,0,0,0,0,0,0,0,ENSMUSG00000028909,ENSG00000060656
Pgd,0.837230242,0.681345562,0.737111846,1.120805214,0.777275745,0.271031438,0.519344589,600.5438998,787.0105486,1146.930343,1310.49715,3080.210403,804.1926171,2117.052739,1110.292522,630.5368134,1057.445571,1384.913631,1126.048496,1185.966078,1775.001451,1708.893328,2293.982838,2147.042649,757.8584461,862.1861362,861.0230335,1878.486941,1943.024502,1575.635377,194.5676607,204.8768595,205.8762628,280.5409071,414.3243495,340.0732277,209.990435,218.63805,222.4515043,302.2484647,245.8006741,237.1546717,1,1,1,1,0,1,1,1,0,1,1,1,0,1,1,0,0,0,1,1,0,0,0,ENSMUSG00000028961,ENSG00000142657
Tnfrsf9,-1.404943007,0.852369136,2.842079369,1.696853403,6.212764914,4.851851323,2.38414E-12,45.37871911,0,138.566548,70.39241834,23.3426159,0,28.40514354,16.31069812,0,6.956878755,6.981291144,55.86709677,6.385971188,110.5700043,185.6788708,109.9512471,142.8787374,14.09032968,52.01327407,60.75345005,105.9778745,208.4544003,96.79035983,5.120201598,3.176385418,0,270.0533966,226.8068638,172.9852257,5.526064079,3.389737209,0,91.24481952,61.74702923,123.2191533,1,0,1,1,0,1,1,1,0,0,1,1,0,0,1,1,1,0,0,0,0,0,0,ENSMUSG00000028965,ENSG00000049249
Abcb1b,#N/A,#N/A,2.030123736,0.489256988,1.076848819,0.083093959,0.921166653,#N/A,#N/A,#N/A,#N/A,#N/A,#N/A,#N/A,#N/A,#N/A,166.1921036,162.3150191,243.783695,160.5615613,679.8878986,743.7950115,704.6875383,871.4315788,391.5098746,454.8957529,474.5053944,741.8451217,541.2164706,573.2967467,126.2983061,143.7314402,125.8786292,289.7174788,300.9209177,245.7176501,136.3095806,153.3856087,136.0132055,192.9447746,110.4321869,146.8502237,1,1,1,1,0,1,1,1,0,1,1,1,0,1,1,0,0,0,0,0,0,0,0,ENSMUSG00000028970,#N/A
Dnajc2,0.334594278,0.933374532,0.742927205,1.000357054,1.217542849,0.484733638,0.021489962,263.5827727,357.4339575,41.73691205,398.3911336,314.6178665,349.8493997,183.184191,284.2721672,140.1192919,424.369604,451.1659402,498.4505907,495.3689079,846.9191816,652.0351044,765.9103918,864.9955996,397.5485873,420.5140971,373.9479598,775.6182905,875.8909665,734.3037876,630.6381635,685.305154,796.447028,1877.264388,1661.7621,1371.104487,680.6268924,731.3358029,860.569534,989.4360117,1020.013425,1165.518155,1,1,1,1,0,1,1,1,0,1,1,1,0,1,1,1,1,0,1,1,0,0,0,ENSMUSG00000029014,ENSG00000105821
Atad3a,1.409436382,0.61035369,0.626328852,1.075666512,0.826789042,0.014470554,0.986384067,123.5845967,9.369173198,2.504214723,152.7665249,158.3238296,93.22487663,143.1851113,83.88359032,84.80904508,360.9847087,407.5328706,314.8872727,325.6845306,583.433214,596.9791602,456.0477863,536.7606623,326.0904868,389.6587651,349.8560744,917.6985179,721.9406984,609.5931316,170.6733866,159.6133673,167.0538818,317.247194,278.5974075,286.9982153,184.202136,170.3342948,180.5035064,208.1522445,194.7406307,138.4105557,1,1,1,1,0,1,1,1,0,1,1,1,0,1,1,0,0,0,0,1,0,0,0,ENSMUSG00000029036,ENSG00000197785
Cd38,4.862281659,NA,0.864579263,0.958677112,0.843193904,0.218887905,0.601213337,1.931009324,0,0,0,101.4896344,0,0,5.825249328,0,652.4006299,858.6988108,613.0869711,675.0883828,1008.069081,1035.267658,1334.408317,1719.693633,473.0324963,574.7907575,471.3629745,1026.005576,939.0010143,991.1705118,384.8684868,490.7515471,335.2841994,770.8320251,650.9535578,755.8274916,415.3758166,523.7143988,362.2781642,573.1315226,436.9789761,506.3800819,1,1,1,1,0,1,1,1,0,1,1,1,0,1,1,0,0,0,0,0,0,0,0,ENSMUSG00000029084,ENSG00000004468
Prom1,-1.866299719,0.367315435,-1.089259642,-0.988849161,-1.222657968,-0.167821698,0.603049362,2579.828457,1097.130181,688.6590488,184.2184565,172.5323784,1216.021193,380.2811053,45.43694476,394.5464271,11700.69708,13965.20027,9370.435777,13461.62726,6503.633549,5322.074611,5476.321774,5491.177423,10365.45038,7963.320418,8807.155311,3782.594906,4729.428734,5158.740044,6152.775587,6682.320824,6009.234002,2100.123987,3473.538189,2497.474195,6640.487002,7131.159654,6493.041624,5719.909624,7286.149449,5038.481815,1,1,1,0,1,1,1,0,1,1,1,0,1,1,1,0,0,0,1,1,0,0,0,ENSMUSG00000029086,ENSG00000007062
Emilin1,0.096611024,0.99046117,1.499995237,0.765097659,0.859868381,0.546284158,0.106152474,2.896513986,90.88098002,8.34738241,0,51.75971353,9.220042743,74.20119128,22.13594745,62.68494636,524.8578527,554.1399846,584.7906493,335.7196282,1293.904305,1295.433982,1266.938234,1803.361362,682.3745372,1007.646987,1082.039895,1426.625234,1445.793822,1838.08616,314.8923983,412.136008,338.8135067,694.7975737,583.9830272,658.5233022,339.8529409,439.8184029,366.0916186,699.5436163,370.4821754,601.7483306,1,1,1,1,0,1,1,1,0,1,1,1,0,1,1,0,0,0,0,0,0,0,0,ENSMUSG00000029163,ENSG00000138080
Ppat,0.578074354,0.918262937,0.615649054,0.734333965,0.791773368,0.131056488,0.824930165,81.10239161,161.149779,32.5547914,172.2367683,347.0945495,129.0805984,78.83876573,92.03893938,0,232.668945,299.3228578,275.7077503,266.3862267,397.5815047,370.2782133,454.7983403,423.487429,194.2452591,214.2241627,186.4502433,354.0359764,327.981006,309.9152868,174.9402213,179.4657761,184.7004186,373.6175632,231.2715658,330.2445217,188.8071894,191.5201523,199.5707782,230.0129825,212.5522737,192.4244311,1,1,1,1,0,1,1,1,0,1,1,1,0,1,1,0,0,0,1,0,0,0,0,ENSMUSG00000029246,ENSG00000128059
Sparcl1,0.567989983,0.899947864,-0.368411821,-0.831187763,-1.128712063,-0.285888413,0.100361259,46620.35811,19203.05739,2438.270402,73169.17459,12366.51195,47805.92162,16052.38428,39836.55005,13156.46404,51098.27445,47436.128,53223.9301,58504.6189,43789.25052,38519.72946,40012.25838,40555.6791,43267.37663,43280.33351,47221.14279,21378.41585,20936.28025,32870.56461,39737.8846,46334.72819,42377.56993,17549.53796,21468.0733,19723.26434,42887.78332,49446.9441,45789.41765,37027.33785,36961.53421,39305.22196,1,1,1,0,1,1,1,0,1,1,1,0,1,1,1,0,0,0,1,1,0,0,0,ENSMUSG00000029309,ENSG00000152583
Plac8,2.112620133,NA,5.250485463,3.695774443,6.970339242,6.206699001,8.36388E-14,14.48256993,17.33297042,18.3642413,1.497711029,412.0479155,2.048898387,5.796968068,8.155349059,3.687349786,42.51425906,53.23234498,10.15765396,21.89475836,764.5798167,1392.591531,1518.076878,1181.645775,6.038712718,40.55272215,9.427259491,281.8312707,218.9727416,229.8771046,1.706733866,2.382289064,0,192.7080063,146.442227,229.0088499,1.84202136,2.542302907,0,177.7373047,92.62054385,86.92858072,1,1,1,1,0,0,1,1,0,0,1,1,0,0,1,1,1,0,1,0,0,0,0,ENSMUSG00000029322,ENSG00000145287
Abcb9,0.226665373,0.967398736,-0.67844158,-0.528041067,-1.691648339,-0.696943859,0.23415653,116.8260641,122.2677102,99.33385068,206.6841219,188.7707199,110.1282883,196.5172175,87.37873992,0,257.4045139,264.4164021,243.0581483,213.473894,154.09224,184.5993425,132.4412749,139.0171499,277.780785,254.7768848,237.7764338,185.1701324,152.0378424,197.3034258,68.26935464,73.05686462,104.7027851,24.90783755,19.64468899,31.45185921,73.68085439,77.96395581,113.1324794,44.67194289,68.87168645,49.79404138,1,1,1,0,1,1,1,0,1,1,1,0,1,1,1,0,0,0,1,0,0,0,0,ENSMUSG00000029408,ENSG00000150967
Sdad1,0.313616899,0.902112119,1.078369855,0.668752824,0.979477171,0.188680633,0.652988123,636.2675723,584.6364076,279.6373107,561.6416357,375.5116471,832.3649699,484.6265305,768.9329113,707.9711589,228.0310258,286.2329369,274.2566569,250.8774395,435.2223572,519.2531212,622.224103,619.1411956,228.4646312,265.3558558,262.9157925,423.9114981,404.4780337,375.9933209,246.6230436,258.0813152,256.4630016,524.3755273,487.545463,489.469559,266.1720865,275.4161482,277.1110168,293.6942628,322.9844606,316.4875512,1,1,1,1,0,1,1,1,0,1,1,1,0,1,1,0,0,0,1,1,0,0,0,ENSMUSG00000029415,ENSG00000198301
Ran,-0.575688943,NA,1.091077183,1.094799641,0.840294129,0.21269007,0.508495113,3569.470735,3827.77571,15908.4414,4299.928363,3803.831496,4285.783202,5569.72692,4487.772082,8831.202738,2162.04332,2811.715008,2302.885262,2925.687086,5021.524981,4901.058566,5606.264157,6202.996718,1474.452355,1564.806127,1663.387563,3408.760865,3753.135419,2882.305235,543.5947363,602.7191331,470.5743149,1139.205833,894.7262893,866.8918695,586.6838031,643.2026354,508.4605814,681.4847458,691.0917502,645.6346044,1,1,1,1,0,1,1,1,0,1,1,1,0,1,1,0,0,0,1,1,0,0,0,ENSMUSG00000029430,ENSG00000132341
Mmp17,1.44668882,0.864277765,0.679038739,-0.630060562,-1.060660793,-0.775015401,0.002512388,5.793027972,0,0,0,6.089378062,2.048898387,19.12999463,2.330099731,0,452.9701056,366.5177851,469.4287222,255.4388475,586.9620439,587.2634053,722.1797822,579.2381248,252.619482,253.8953039,260.8208459,165.3720679,132.9135855,197.3034258,378.8949183,371.6370939,470.5743149,217.6158438,146.442227,222.1287557,408.9287419,396.5992535,508.4605814,307.9512659,237.488574,221.1193024,1,1,1,1,0,1,1,0,1,1,1,0,1,1,1,1,0,1,0,0,0,0,0,ENSMUSG00000029436,ENSG00000198598
Pus1,0.036826525,0.995843324,0.876020565,1.111739083,1.030236386,0.629306811,0.283286223,49.24073776,75.42184424,63.44010631,62.9038632,27.40220128,197.2064698,56.81028707,38.44664556,0,166.9650901,182.3862311,166.8757436,159.6492797,294.0691603,304.4269858,346.0965392,296.0550415,130.8387756,143.6976894,129.8866863,295.8063751,329.8934317,249.4213119,48.64191518,65.11590107,52.93961043,150.7579641,75.89993472,115.9787308,52.49760875,69.48961279,57.2018154,94.09622013,67.68424358,114.7794852,1,1,1,1,0,1,1,1,0,1,1,1,0,1,1,0,0,0,1,0,0,0,0,ENSMUSG00000029507,ENSG00000177192
Cabp1,2.020536541,0.757975913,1.129929994,-0.530311935,-1.238116701,-0.569509059,0.15656648,14.48256993,0,0,7.488555143,7.104274406,8.707818147,0,3.495149597,92.18374465,255.0855543,192.8581679,317.7894596,152.3510269,544.6160848,545.1618009,428.5599746,494.2831998,257.6517426,223.0399719,247.2036933,157.2199237,154.906481,190.7886901,198.8344954,196.9358959,215.2877491,51.12661391,106.2599086,99.26993063,214.5954884,210.163707,232.620716,141.6195636,105.6824154,193.2683979,1,1,1,1,0,1,1,0,1,1,1,0,1,1,1,0,0,0,0,0,0,0,0,ENSMUSG00000029544,ENSG00000157782
Tmem106b,-0.407820498,0.86994935,-0.289904721,-0.44249438,-0.990040965,-0.482349214,0.00177519,976.1252133,588.3840768,1919.063216,889.640351,873.8257519,527.0791102,851.5746093,844.6611525,1268.448326,2443.410416,2550.789252,2395.755241,2485.055074,1896.157945,2132.068429,2268.993918,1778.904641,2266.530174,2189.846996,1956.680081,1555.894949,1386.508626,1776.661509,3495.390958,4015.745265,3563.424,1887.751898,1954.646554,1733.783739,3772.459745,4285.475267,3850.317752,2968.308035,2816.614487,2740.36021,1,1,1,0,1,1,1,0,1,1,1,0,1,1,1,1,0,1,1,1,0,0,0,ENSMUSG00000029571,ENSG00000106460
Rpl6,1.315505944,0.304626401,0.32529893,0.76096855,0.700592838,0.43470643,0.040022051,1310.189826,1328.080301,904.021515,3486.671275,1979.04787,1403.495395,1806.914947,3054.760747,5910.821707,5204.518295,6016.127644,4766.841893,5982.742722,6629.495149,7132.443601,6538.350865,7223.743014,3249.833895,3365.875939,3691.295827,5835.770651,6356.902997,5273.213258,491.5393534,559.0438336,503.514517,905.8587234,931.3368461,689.9751614,530.5021516,596.5937488,544.0528221,725.2062218,743.3392365,790.7968945,1,1,1,1,0,1,1,1,0,1,1,1,0,1,1,1,1,0,1,1,0,0,0,ENSMUSG00000029614,ENSG00000089009
Wasf3,0.760894,0.897818156,0.439912353,-0.712159196,-0.964504523,-0.34870821,0.117931361,20.2755979,14.0537598,2.504214723,1.497711029,65.96826234,29.70902662,13.91272336,11.65049866,0,1430.025077,1146.67707,1357.497897,1095.6502,1711.482513,1635.485403,1611.785327,1867.721153,931.9746629,953.8705516,1039.093491,593.9419342,545.0413219,645.8895166,1403.788605,1446.049462,1617.599208,709.2179007,754.5346452,823.6455631,1515.062568,1543.177864,1747.833248,1084.482699,1356.059757,1332.623582,1,1,1,1,0,1,1,0,1,1,1,0,1,1,1,0,0,0,0,0,0,0,0,ENSMUSG00000029636,ENSG00000132970
Flt1,-0.016536651,0.996539132,-0.760121323,-0.569616285,-0.763794669,-0.139026441,0.680856427,10179.31565,15693.83357,2242.941653,7771.622527,2286.561462,14363.28992,15505.15049,13250.11212,2411.52676,53650.67597,56545.84029,62006.67304,67039.92553,38199.58392,37675.53832,28389.91178,36994.00823,69295.23489,55500.80817,76411.08059,44417.53994,53003.83424,38150.2926,53336.28668,67224.2269,57393.59632,26971.25525,46765.07507,31065.59106,57564.0885,71739.55086,62014.39481,51755.77247,68517.82848,53472.89268,1,1,1,0,1,1,1,0,1,1,1,0,1,1,1,0,0,0,1,1,0,0,0,ENSMUSG00000029648,ENSG00000102755
Hsph1,0.980389804,0.543080747,2.300975065,0.589557189,-0.808976702,-0.591282659,0.000773801,537.7860967,604.3116713,483.3134415,1081.347363,2421.542676,718.1388848,620.2755833,958.8360393,612.1000645,1021.88819,905.822526,1216.741835,2080.002044,7642.269337,3291.481843,8682.400184,6127.052164,626.0132185,776.6727874,987.7673,1170.414988,1266.98202,1158.692288,1856.073079,1881.214264,2318.754937,1263.745021,1098.316702,1094.917849,2003.198229,2007.571862,2505.439515,1347.762022,1512.802216,1462.59447,1,1,1,1,0,1,1,1,0,1,1,0,1,1,1,1,0,1,1,1,0,0,0,ENSMUSG00000029657,ENSG00000120694
Zkscan1,-1.004647734,0.785291477,-0.467128584,-0.413425778,-0.666204724,-0.225976206,0.35477755,3232.509608,3378.523855,265.4467606,1979.97398,758.1275687,1666.266614,1126.930593,1261.749004,58.99759658,691.8229428,713.8370195,758.1963133,747.158629,483.4496995,485.7877434,538.5112217,599.8332581,686.4003456,606.5276705,713.3293014,494.9516118,502.0117439,508.1493891,2260.569006,2873.040611,2483.455947,1472.184293,1621.579782,1705.280492,2439.757291,3066.017306,2683.400718,2224.092476,2403.384369,2375.766551,1,1,1,0,1,1,1,0,1,1,1,0,1,1,1,0,0,0,1,1,0,0,0,ENSMUSG00000029729,ENSG00000106261
Asns,-0.743390375,0.947281648,2.80090134,1.368765286,0.671693983,-0.068502099,0.917711877,0,0,22.53793251,1.497711029,10.14896344,0,8.115755296,0,7.374699572,379.5363854,461.6378769,428.7981064,431.509196,2925.400006,2797.057873,2462.658046,3669.795319,282.8130456,384.3692796,297.4824106,876.9377969,944.7382914,672.8791362,195.4210277,217.5824012,214.1113133,394.5925843,316.1009046,289.9468271,210.9114457,232.1969988,231.3495645,234.7653169,226.8015881,182.2968295,1,1,1,1,0,1,1,1,0,1,1,1,0,1,1,0,0,0,0,0,0,0,0,ENSMUSG00000029752,ENSG00000070669
Akr1b8,#N/A,#N/A,0.95996988,1.708237485,3.722310723,1.764338877,0.005125003,#N/A,#N/A,#N/A,#N/A,#N/A,#N/A,#N/A,#N/A,#N/A,47.15217823,55.85032915,57.31819019,48.35092471,70.57659847,100.3961336,118.697369,117.1348208,58.37422294,65.23698781,70.18070954,237.5767737,240.0094242,156.3536582,10.2404032,20.64650522,12.94079366,280.5409071,147.3351674,158.2421666,11.05212816,22.03329186,13.98266599,52.27567785,45.12282905,63.29751023,1,1,1,1,0,1,1,1,0,1,1,1,0,1,1,1,1,0,0,0,0,0,0,ENSMUSG00000029762,#N/A
Ahcyl2,-1.827843457,0.552231189,-0.325771227,-0.765321966,-0.534161539,-0.279365724,0.173540486,629.5090396,591.1948288,494.1650387,50.92217497,103.5194271,513.7612706,244.6320525,50.09714422,0,1387.510818,1248.778453,1253.01917,1172.281854,1116.286532,1047.142469,972.0689802,902.3242788,1041.677944,1364.687259,1314.578962,698.7552167,662.6555019,827.3714413,1820.231668,1816.892459,1778.77091,1009.42289,1592.112748,1135.215543,1964.51578,1938.929684,1921.980998,1663.317023,1670.732118,1467.658271,1,1,1,0,1,1,1,0,1,1,1,0,1,1,1,0,0,0,1,0,0,0,0,ENSMUSG00000029772,ENSG00000158467
Gars1,0.937136767,0.586351856,0.933793871,0.686416752,0.474847572,-0.007587647,0.987938372,931.7119988,1076.986459,450.7586501,1863.15252,1605.566016,656.6719332,1125.191502,1174.370264,3001.502726,2376.160588,2930.396958,2743.292116,3430.17881,5093.277856,5405.198291,5590.021359,5838.720298,1733.11055,1779.030289,2117.990966,3031.433048,3419.417136,2608.686333,1149.485259,1201.467784,1132.907663,1726.506424,1776.951413,1339.652628,1240.601386,1282.168099,1224.11885,1368.672293,1072.260911,1284.517474,1,1,1,1,0,1,1,1,0,1,1,1,0,1,1,0,0,0,1,1,0,0,0,ENSMUSG00000029777,ENSG00000106105
Tra2a,-0.339467182,0.888490101,2.162117434,0.450785686,1.19606867,0.521317214,0.005939737,663.3017028,721.4263363,1172.807229,531.6874151,981.4047643,727.3589275,381.4404989,586.0200824,837.0284015,539.5445968,597.7730542,626.1468119,1054.597528,3553.531733,1904.287954,4465.519968,2686.377703,592.8002985,543.0538445,569.8254625,709.2365449,856.7667096,763.1547602,1099.989977,951.3274328,1112.908255,2752.971518,2164.48755,2332.351935,1187.182766,1015.226294,1202.509275,1559.716134,1490.240802,1832.25193,1,1,1,1,0,1,1,1,0,1,1,1,0,1,1,1,1,0,1,1,0,0,0,ENSMUSG00000029817,ENSG00000164548
Ptn,2.889687984,0.341546432,-1.290623822,-0.900586946,-1.550721044,-0.368416464,0.064035352,146.7567086,431.9188844,25.04214723,71.89012937,6138.093086,21.00120847,241.1538716,290.0974165,2190.285773,21720.92145,27623.22374,16882.74643,30737.50389,9018.513007,9165.195425,11453.67139,9998.937229,9530.095122,12173.75087,11261.3852,5312.868831,4475.076117,7869.800796,10174.69394,12858.00817,10017.35073,3467.433174,3921.794274,3891.184707,10981.21034,13721.65622,10823.85463,9951.388129,8320.412189,9249.032195,1,1,1,0,1,1,1,0,1,1,1,0,1,1,1,0,0,0,1,1,0,0,0,ENSMUSG00000029838,ENSG00000105894
Clec5a,22.21805296,NA,1.847778721,1.76471143,2.815948429,2.50900348,1.05776E-08,0,0,0,0,345.0647568,0,2.318787227,24.46604718,0,17.00570362,30.54314876,27.57077503,27.36844795,70.57659847,110.1118885,64.97119148,122.2836041,21.13549451,37.02639849,21.99693881,102.4840984,66.93489919,105.1664487,14.50723786,27.79337241,29.41089468,153.3798417,175.0163201,172.0023551,15.65718156,29.66020058,31.77878634,167.2821691,86.6833295,180.6088959,1,1,1,1,0,1,1,1,0,1,1,1,0,1,1,1,1,0,0,0,0,0,0,ENSMUSG00000029915,ENSG00000258227
Mkrn1,-0.420277783,0.836991208,-0.667586667,-0.346725525,-0.589818863,-0.067010419,0.893273233,979.0217273,1192.227289,666.1211163,534.6828372,974.3004899,676.1364678,782.5906892,419.4179516,855.4651504,1802.604584,2309.934707,2042.413992,2514.248085,1340.955371,1462.760872,1304.421614,1347.694037,1471.432999,1578.02984,1666.529983,1265.911534,1141.718138,1301.085799,675.013244,721.8335863,777.6240554,428.6769936,471.4725357,542.5445714,728.5194478,770.3177808,840.2311107,761.3239629,843.0844376,629.5992351,1,1,1,0,1,1,1,0,1,1,1,0,1,1,1,0,0,0,1,1,0,0,0,ENSMUSG00000029922,ENSG00000133606
Prickle2,-0.355888276,0.954614094,0.382332329,-0.742798877,-2.061166763,-0.845749805,5.24388E-07,338.8921364,322.7680167,52.58850918,179.7253234,4.059585375,365.7283622,217.3863026,343.6897103,3.687349786,422.823631,417.1321459,397.5995978,343.9301626,494.0361893,464.197177,514.7717479,590.8228873,513.2905811,429.3299063,487.0750737,249.2226939,235.22836,368.5479086,2006.265659,1901.860769,2222.287202,481.1145463,366.9985079,621.1742194,2165.296108,2029.605154,2401.205096,1112.046238,1141.132598,1413.644395,1,1,1,1,0,1,1,0,1,1,1,0,1,1,1,1,0,1,1,0,0,0,0,ENSMUSG00000030020,ENSG00000163637
Mogs,-0.83461143,0.845198765,0.616731284,0.971342827,1.096897876,0.54139901,0.128272628,154.4807459,356.9654988,380.6406379,125.8077264,168.472793,266.869015,208.1111537,228.3497736,0,282.1400828,373.4990762,356.968982,411.4390008,612.84013,484.708215,568.4979254,516.165529,332.1291995,402.8824788,310.0520899,730.1992014,721.9406984,600.2863663,128.8584069,150.8783074,144.7016018,365.7519303,238.4150891,305.6727567,139.0726127,161.0125174,156.3516288,260.4279224,187.6159734,215.2115348,1,1,1,1,0,1,1,1,0,1,1,1,0,1,1,0,0,0,1,0,0,0,0,ENSMUSG00000030036,ENSG00000115275
Gxylt2,4.896649261,NA,-0.818755063,-1.042197783,-1.253616312,-0.478226257,0.472081767,0,0,0,1.497711029,10.14896344,0,3.478180841,8.155349059,0,62.61190879,75.0488798,50.78826979,62.94743028,25.8780861,35.62443451,46.22950163,34.75428749,66.4258399,110.1976146,87.98775524,50.07745719,35.37987528,43.74179723,103.2573989,171.5248126,96.46773456,58.99224682,43.75408002,54.05788302,111.4422923,183.0458093,104.2344192,137.8176962,67.68424358,81.0208131,1,1,1,0,1,1,1,0,1,1,1,0,1,1,1,0,0,0,0,0,0,0,0,ENSMUSG00000030074,ENSG00000172986
Sec61a1,1.27885498,0.246401676,0.787419957,0.404033314,0.702185333,0.097337109,0.84107031,2206.178153,1601.660158,1645.269073,6789.124093,3980.42346,1892.157661,5572.625404,5063.306716,3163.746116,2367.657736,3062.168828,2500.959514,2941.195873,4554.543154,4268.454972,4934.062214,5005.904594,2432.594773,2589.203151,2536.980276,3463.496691,3366.825429,3173.606991,627.2246958,788.5376801,612.9230452,1267.677837,970.626224,1067.397472,676.9428497,841.5022622,662.2699072,876.3304541,669.7177786,787.4210273,1,1,1,1,0,1,1,1,0,1,1,1,0,1,1,0,0,0,1,1,0,0,0,ENSMUSG00000030082,ENSG00000058262
Klf15,0.885310228,NA,1.370840808,-0.729391159,-1.695655727,-0.573106335,0.27823282,0.965504662,0,0.834738241,0,0,5.634470565,0,0,0,167.7380766,136.1351773,274.9822036,355.7898233,596.372257,573.2295372,654.7096987,592.1100831,624.0003142,515.7248361,689.2374161,451.8617068,223.7538059,428.111207,169.8200197,146.9078256,122.3493219,41.95004218,47.32584165,46.19491821,183.2811253,156.7753459,132.1997512,125.4616268,130.6187157,63.29751023,1,1,1,1,0,1,1,0,1,1,1,0,1,1,1,0,0,0,0,0,0,0,0,ENSMUSG00000030087,ENSG00000163884
Grip2,0.172072757,NA,0.638564365,-0.942633111,-2.090956214,-0.672379702,0.009396449,2.896513986,5.153045259,18.3642413,0,57.84909159,0,0,1.165049866,0,263.5884062,229.5099464,273.5311102,153.2633085,328.1811829,329.2561372,374.833797,402.8922957,296.9033753,290.0401215,296.4349373,160.7136998,113.7893286,185.2046308,291.8514911,306.5211929,275.2859742,38.01722573,67.86347105,97.30418943,314.9856525,327.1096407,297.4494401,196.7466421,180.4913162,211.8356676,1,1,1,1,0,1,1,0,1,1,1,0,1,1,1,1,0,1,0,0,0,0,0,ENSMUSG00000030098,ENSG00000144596
Itpr1,0.404770777,0.914809109,0.397753075,-0.808722171,-1.227887471,-0.674745418,2.58067E-05,192.1354277,26.70214361,287.1499549,161.7527911,222.2622993,250.4778279,131.0114783,326.2139623,247.0524357,2592.596816,2464.395774,3462.308906,2329.967202,3746.441102,3240.744012,3547.177166,3762.473419,3844.647097,4024.416883,3739.479598,2091.607282,1966.929823,2567.736565,9627.685738,10584.51031,12486.68945,4134.701033,4843.308776,4979.222461,10390.84249,11295.45182,13492.00153,7770.066662,7542.637109,6723.039554,1,1,1,1,0,1,1,0,1,1,1,0,1,1,1,1,0,1,1,1,0,0,0,ENSMUSG00000030102,ENSG00000150995
Ret,6.10821181,NA,-2.311833962,-0.430387422,-1.145349123,-0.454321898,0.153562437,0,0,0,0,54.80440256,0,0,0,0,1517.372555,2055.990242,1855.222941,1230.667876,350.530439,429.6522708,262.3836579,297.3422374,653.1874257,840.1466133,763.6080187,609.0816305,528.7857036,538.8617148,701.4676189,1003.737792,545.8662053,207.1283333,400.9302434,407.8912991,757.0707789,1071.156958,589.8142744,590.2399263,630.5321639,547.7344552,1,1,1,0,1,1,1,0,1,1,1,0,1,1,1,0,0,0,0,0,0,0,0,ENSMUSG00000030110,ENSG00000165731
A2m,0.045535761,0.992451032,1.799886647,0.433533283,1.538600732,0.765541766,0.0229292,111049.4497,113385.734,15919.29299,154764.4714,47403.77842,77073.92286,52552.41402,126080.5314,38245.19198,74.20670672,67.19492726,106.6553666,46.52636151,243.4892647,300.1088726,213.6552643,272.8855166,288.8517584,327.06652,346.7136546,456.5200749,460.8945915,383.4387332,203.1013301,231.8761355,263.5216164,908.480601,641.1312133,479.6408529,219.2005418,247.4508163,284.7379256,358.32601,308.7351462,605.9681646,1,1,1,1,0,1,1,1,0,1,1,1,0,1,1,1,1,0,1,1,0,0,0,ENSMUSG00000030111,ENSG00000175899
Clec4e,2.287205913,0.503274753,7.606940957,4.327719518,6.754074116,6.420031264,1.20314E-06,251.9967168,25.76522629,49.24955622,295.0490726,1007.792069,144.9595609,1599.38349,140.9710337,0,1.545973057,3.490645572,2.902186845,1.824563197,341.1202259,384.3120814,406.0699467,773.6046955,4.025808479,7.934228248,6.28483966,160.7136998,76.49702764,133.0867448,0,0.794096355,1.176435787,53.74849155,58.93406696,85.50974223,0,0.847434302,1.271151453,88.39341891,34.43584323,46.41817417,1,0,1,1,0,0,1,1,0,0,1,1,0,0,1,1,1,0,1,0,0,0,0,ENSMUSG00000030142,ENSG00000166523
Clec4d,21.56358362,NA,6.011038049,3.372633473,5.568160938,6.105421126,0.000460002,0,0,0,0,230.38147,0,0,2.330099731,0,1.545973057,1.745322786,7.981013825,12.77194238,330.5337362,262.3253814,332.3526333,616.5668039,14.09032968,22.03952291,48.18377073,379.657001,241.9218499,247.5599588,0.853366933,0,0,23.59689873,16.07292735,7.862964802,0.92101068,0,0,34.21680732,7.124657219,32.07073852,1,0,1,1,0,1,1,1,0,0,0,1,0,0,0,1,1,0,0,0,0,0,0,ENSMUSG00000030144,ENSG00000166527
Gabarapl1,-1.348826349,0.318777882,-0.37459954,-0.372464017,-0.929330703,-0.545907354,0.032851882,1875.975558,1110.247024,1901.533713,594.5912783,974.3004899,1134.577482,466.0762327,434.5635998,228.6156867,3804.639692,4449.700443,3190.22889,4035.021509,2888.935431,3102.564388,2999.919822,2946.391261,2295.717285,2477.242375,2688.863901,2039.200641,1787.161808,1938.599226,873.8477394,1238.790313,847.0337669,504.711445,490.2242843,560.2362422,943.1149362,1321.997512,915.2290465,861.1229842,673.2801072,645.6346044,1,1,1,0,1,1,1,0,1,1,1,0,1,1,1,1,0,1,1,1,0,0,0,ENSMUSG00000030161,ENSG00000139112
Klra2,#N/A,#N/A,5.25197192,2.897639166,4.376002752,4.114295104,4.71447E-17,#N/A,#N/A,#N/A,#N/A,#N/A,#N/A,#N/A,#N/A,#N/A,8.502851811,5.235968358,4.353280268,2.736844795,123.5090473,179.2017009,211.1563723,289.6190624,4.025808479,11.46055191,12.56967932,73.36929775,55.46034504,80.96885871,23.04090719,6.352770837,5.882178937,235.9689873,183.0527837,328.2787805,24.86728836,6.779474418,6.355757267,309.8521996,116.3694012,242.2184725,1,0,1,1,0,0,1,1,0,0,1,1,0,0,1,1,1,0,0,0,0,0,0,ENSMUSG00000030187,#N/A
Ybx3,0.694564676,0.869761241,0.977937232,0.954256286,0.554951128,0.187168411,0.509036201,463.4422378,2428.021234,227.8835398,465.7881299,507.4481718,3822.219942,2866.021013,1483.108479,951.3362448,3095.811046,3839.710129,3583.475207,3802.389702,7254.098046,6700.632273,6568.337569,7683.271926,2202.117238,2195.136482,2619.730665,4845.867428,5001.949395,3747.834414,1011.239816,1210.996941,1005.852598,1768.456466,1481.388138,1496.911924,1091.397656,1292.337311,1086.834493,1322.099416,1369.121629,1263.418304,1,1,1,1,0,1,1,1,0,1,1,1,0,1,1,0,0,0,1,1,0,0,0,ENSMUSG00000030189,ENSG00000060138
Etv6,0.818611915,0.755931468,1.708107327,0.487742314,0.88242889,0.480394777,0.022408691,283.8583706,507.8091873,38.39795908,329.4964263,523.6865133,699.1865747,393.6141319,569.7093842,412.983176,701.0987812,806.3391272,600.0271303,881.264024,2411.367114,2056.501447,2567.611509,2724.993578,936.0004713,936.2389332,837.9786214,1425.460642,1105.382049,1272.234826,613.5708248,670.2173233,521.1610538,1030.397911,1161.715471,1138.164155,662.2066788,715.2345511,563.1200939,947.6154694,902.4565811,861.690106,1,1,1,1,0,1,1,1,0,1,1,1,0,1,1,1,1,0,1,1,0,0,0,ENSMUSG00000030199,ENSG00000139083
Lrp6,-0.379247101,0.952897363,-1.066414447,-0.70129694,-0.567853806,-0.28417807,0.160163122,135.1706527,743.4438933,358.9374436,217.1680991,41.61075009,539.3725005,535.6398495,567.3792845,0,2301.180895,2515.882796,2624.302455,2895.581793,1253.910899,1214.469358,1298.174384,1168.773816,2930.788573,2823.703675,2722.383046,1690.987624,1602.612729,1919.055019,5204.684924,5878.695313,5102.20201,3821.386655,3515.506388,3584.529079,5617.244137,6273.55614,5512.983853,4942.427724,5082.255483,4271.315991,1,1,1,0,1,1,1,0,1,1,1,0,1,1,1,0,0,0,1,0,0,0,0,ENSMUSG00000030201,ENSG00000070018
Plbd1,2.69930722,NA,0.889089542,1.996338685,3.466599959,3.123209441,1.67215E-15,58.89578438,0,53.42324742,22.46566543,1307.186491,68.12587138,9.854845716,48.93209435,0,41.74127253,65.44960448,33.37514872,58.38602229,64.69521526,92.8394354,134.9401669,74.6573583,42.27098903,77.57912064,73.32312937,320.2628076,180.7242278,271.7575488,19.62743946,26.99927606,34.11663783,242.5236814,279.4903479,358.7477691,21.18324564,28.81276628,36.86339215,391.5923504,192.3657449,165.4174934,1,1,1,1,0,1,1,1,0,1,1,1,0,1,1,1,1,0,0,0,0,0,0,ENSMUSG00000030214,ENSG00000121316
Arhgdib,2.440393773,0.003437183,-0.343952929,0.748584464,0.590105666,0.621341374,0.016025884,1882.734091,1472.365568,3025.091385,18029.44536,10786.31834,4204.851716,12572.46435,11624.86756,12042.8844,1609.357952,2057.735565,1595.477218,1698.668336,1179.805471,1505.942004,1386.885049,1410.766633,829.3165466,993.5416928,909.2068042,1455.740035,1525.159489,1610.070409,321.7193337,422.4592606,285.8738963,433.9207488,625.058286,492.4181708,347.2210263,450.8350488,308.8898032,575.9829232,496.3511196,632.9751023,1,1,1,0,1,1,1,1,0,1,1,1,0,1,1,1,1,0,1,1,1,1,0,ENSMUSG00000030220,ENSG00000111348
Dera,-1.125739787,0.277713126,-0.564252118,0.602686922,1.208489185,0.276993912,0.741169457,817.7824487,1142.102213,1818.059889,461.2949968,510.4928609,789.8503283,754.1855457,551.0685864,390.8590773,148.4134134,158.8243735,131.3239547,126.8071422,91.74957801,123.0662283,74.9667594,91.39090413,118.7613501,114.6055191,99.50996129,151.3969636,174.0307379,179.6205716,69.97608851,53.20445576,63.52753251,192.7080063,103.5810874,136.6190134,75.52287575,56.77809825,68.64217848,98.84855448,83.12100089,61.60957663,1,1,1,0,1,1,1,1,0,1,1,1,0,1,1,0,0,0,1,1,0,0,0,ENSMUSG00000030225,ENSG00000023697
Slco1c1,-0.490655675,0.962093124,-3.746732214,-0.704640527,-0.978021923,-0.133210595,0.758053942,14.48256993,26.70214361,0,0,9.134067093,7.171144356,0,41.94179516,0,36787.97485,49961.61007,37264.80464,63177.32525,2418.424774,6605.633781,3102.374393,1817.520516,30127.13775,28838.27494,24249.00636,17522.45165,12471.88414,21065.86341,9957.085374,11290.46197,8835.032763,3886.933596,7086.375082,4296.127394,10746.35261,12048.82091,9546.347415,9229.033308,12552.45858,7713.856581,1,1,1,0,1,1,1,0,1,1,1,0,1,1,1,0,0,0,0,0,0,0,0,ENSMUSG00000030235,ENSG00000139155
Slco1a4,#N/A,#N/A,-3.430013811,-0.975240473,-0.83166515,-0.002782602,0.996237003,#N/A,#N/A,#N/A,#N/A,#N/A,#N/A,#N/A,#N/A,#N/A,50343.06662,66838.88142,41182.75688,60824.551,5333.238291,8861.847967,3550.925503,2589.838016,57896.15819,51561.02306,38974.38568,25662.94992,15709.62084,34127.90861,21974.19852,25941.53971,22101.69914,9780.914523,17340.90273,12216.09869,23716.02501,27683.98379,23881.12236,22910.05343,31506.42167,20725.29278,1,1,1,0,1,1,1,0,1,1,1,0,1,1,1,0,0,0,0,0,0,0,0,ENSMUSG00000030237,#N/A
Golt1b,0.357668265,0.929583494,0.996376968,0.497238837,0.705534543,-0.019986471,0.980514747,216.2730443,387.8837704,858.1109117,545.1668144,391.7499886,274.5523839,440.5695732,488.1558937,1615.059206,504.760203,624.8255574,590.595023,728.0007155,1137.459512,1062.255865,1390.633387,1292.344616,421.7034382,440.7904582,487.0750737,678.9571522,627.2756267,599.3556897,269.6639508,320.0208309,216.4641849,578.1240188,331.2808916,410.8399109,291.0393748,341.5160238,233.8918674,357.3755431,270.7369743,228.7150036,1,1,1,1,0,1,1,1,0,1,1,1,0,1,1,0,0,0,1,1,0,0,0,ENSMUSG00000030245,ENSG00000111711
Rassf8,0.003868957,0.998495303,-1.457379057,-0.488054744,-0.777205472,-0.129285444,0.755894257,231.7211189,349.0017016,348.0858465,112.3283271,50.74481718,820.5838042,368.1074723,192.2332278,317.1120816,1409.927428,1517.558163,1250.116984,1268.983703,471.6869331,513.8554796,517.2706398,480.1240456,1259.071602,1036.739158,1176.31249,800.0747231,789.8318104,884.14271,1030.013888,1210.202844,1202.317375,498.1567509,848.2933881,658.5233022,1111.659891,1291.489877,1299.116785,904.8444602,1300.249942,1180.709558,1,1,1,0,1,1,1,0,1,1,1,0,1,1,1,0,0,0,1,1,0,0,0,ENSMUSG00000030259,ENSG00000123094
Tnfrsf1a,0.491956301,0.821768592,1.848110192,0.682975122,0.672570567,0.348581984,0.23727875,1693.495177,1237.667779,902.3520385,1328.469682,1361.990893,1704.171234,1558.804714,1340.972395,3495.607597,2724.777512,3599.728246,3558.806619,3023.301217,11640.43364,11453.79546,11080.08704,12294.0074,3875.847113,5386.459399,5252.031009,7957.657326,8390.767719,6954.94576,628.0780627,867.9473155,561.1598705,1050.061993,1167.073114,1065.431731,677.8638604,926.2456924,606.3392433,983.7332105,954.7040673,881.1013425,1,1,1,1,0,1,1,1,0,1,1,1,0,1,1,0,0,0,1,1,0,0,0,ENSMUSG00000030341,ENSG00000067182
Tspan9,-0.801138548,0.764096775,-1.583396612,0.603665802,-0.510122188,-0.334876752,0.154784617,345.650669,857.7478063,1469.139304,404.3819777,97.43004899,581.3749174,519.9880357,659.4182239,807.5296032,3179.293591,3673.031803,3397.009702,2592.704302,1100.994936,1239.29851,978.3162101,965.3968746,2443.665747,2087.58361,2448.992521,3374.987696,4136.57677,3093.568809,910.5425175,937.0336984,754.0953397,643.6709598,542.014828,643.7802432,982.7183954,999.9724767,814.8080816,728.0576224,748.089008,744.3787204,1,1,1,0,1,1,1,1,0,1,1,0,1,1,1,0,0,0,1,1,0,0,0,ENSMUSG00000030352,ENSG00000011105
Siglece,#N/A,#N/A,3.215614907,2.053141612,2.182789165,1.058214456,0.600556647,#N/A,#N/A,#N/A,#N/A,#N/A,#N/A,#N/A,#N/A,#N/A,16.23271709,24.43451901,15.23648094,16.42106877,115.2751108,193.235569,178.6707766,181.4946124,10.0645212,24.68426566,27.23430519,123.4467549,70.75975057,64.21668104,6.826935464,11.91144532,0,19.66408227,44.64702043,23.58889441,7.368085439,12.71151453,0,16.15793679,14.24931444,12.65950205,1,1,1,1,0,1,1,1,0,0,1,1,0,0,1,0,0,0,0,0,0,0,0,ENSMUSG00000030474,#N/A
Rhpn2,4.563116377,0.339223944,-2.936366271,-0.791603899,-1.527372429,-0.454302065,0.070809517,7.724037296,0,0,4.493133086,305.4837994,0,46.37574455,2.330099731,0,1072.905301,1300.265476,1261.725731,1479.720752,138.8006437,208.3489655,148.6840728,171.1970458,749.8068292,460.1852384,521.6416918,244.5643258,326.0685803,428.111207,410.4694948,399.4304663,405.8703466,141.5813924,146.442227,133.6704016,443.006137,426.259454,438.5472514,307.000799,345.5458751,302.9840823,1,1,1,0,1,1,1,0,1,1,1,0,1,1,1,0,0,0,0,0,0,0,0,ENSMUSG00000030494,ENSG00000131941
Prmt3,0.201801354,0.971855512,0.406065532,1.174028993,0.703240702,0.379777811,0.285353714,129.3776247,78.70105486,164.4434335,124.3100154,397.8393667,118.3238819,73.62149447,136.3108343,3.687349786,242.7177699,284.4876141,260.4712694,252.7020027,329.3574595,328.1766088,364.8382291,356.5532457,144.9291052,181.6056688,157.1209915,391.3029213,354.7549657,348.0730248,229.555705,221.5528829,171.7596249,344.7769092,351.8185209,320.4158157,247.7518729,236.4341703,185.5881122,310.8026665,287.3611745,275.9771446,1,1,1,1,0,1,1,1,0,1,1,1,0,1,1,0,0,0,1,0,0,0,0,ENSMUSG00000030505,ENSG00000185238
Snrpa1,0.527253846,0.84202886,0.732317092,1.312712113,0.749893704,-0.154755762,0.836073746,413.2359953,140.0691393,621.8799895,573.6233239,502.3736901,314.5059025,506.0753124,517.2821403,977.1476933,415.8667522,518.3608675,374.382103,498.1057527,825.7462021,707.0910487,693.4425244,772.3174997,275.7678808,340.2902337,317.3844028,774.4536985,873.9785408,671.9484596,137.3920762,125.467224,111.7613998,199.2627004,268.775063,162.173649,148.2827195,133.8946198,120.7593881,138.768163,99.74520107,123.2191533,1,1,1,1,0,1,1,1,0,1,1,1,0,1,1,0,0,0,1,1,0,0,0,ENSMUSG00000030512,ENSG00000131876
Tjp1,-1.004090319,0.72908474,-1.216637759,-0.627947644,-0.673022094,-0.132665593,0.651260407,4680.766601,13879.49318,3768.00842,1448.286565,747.9786053,10048.30992,3542.527187,4351.461248,2123.913477,12501.51112,14208.6728,14987.61842,15969.48938,6241.323858,6644.496801,6179.759866,5746.042198,17781.99605,14881.96745,14919.16188,9886.221724,9600.376969,11303.06654,13048.83377,16203.53611,13687.83039,7419.913711,10588.48736,8920.533568,14083.17431,17291.89694,14789.84716,13249.50817,15266.95298,13596.3052,1,1,1,0,1,1,1,0,1,1,1,0,1,1,1,0,0,0,1,1,0,0,0,ENSMUSG00000030516,ENSG00000104067
Tyrobp,6.047146057,NA,0.470463942,0.904761716,1.978542809,1.427915861,0.004688473,7.724037296,45.90894867,0,0,6902.310033,18.95231008,0,184.0778788,0,429.7805097,737.3988771,502.8038709,570.175999,672.8302387,744.8745398,849.6232732,835.3900955,301.9356359,591.5407949,583.4426151,996.8907758,731.5028268,1037.704339,38.40151199,47.64578127,38.82238098,149.4470253,158.0504523,185.7625435,41.44548059,50.84605814,41.94799796,166.3317023,55.80981488,138.4105557,1,1,1,1,0,1,1,1,0,1,1,1,0,1,1,1,1,0,0,0,0,0,0,ENSMUSG00000030579,ENSG00000011600
Sytl2,1.763342863,0.539565279,-0.697290171,-0.698309784,1.34920326,0.176367854,0.634464523,26.06862587,47.31432465,31.72005316,7.488555143,271.9922201,24.58678065,27.24574992,40.77674529,346.6108799,274.4102175,255.6897882,206.7808127,171.5089405,118.8039408,186.7583991,161.1785327,92.67809996,240.5420566,242.434752,215.779495,135.0926752,109.9644772,185.2046308,535.9144339,693.2461175,697.6264219,2240.39444,1185.824862,1485.117477,578.394707,739.8101459,753.7928119,779.3828334,854.9588663,707.244181,1,1,1,0,1,1,1,0,1,1,1,1,0,1,1,0,0,0,1,0,0,0,0,ENSMUSG00000030616,ENSG00000137501
Ppp4c,-0.737911689,0.770948659,0.808080644,0.530045404,0.641896732,0.349646099,0.233156305,816.8169441,1448.474176,4389.053671,1057.383986,1122.475356,1205.264476,2491.536876,679.2240716,1423.317017,1348.861492,1758.412707,1324.848295,1569.124349,2412.543391,2471.040321,2561.364279,3060.95169,1230.890942,1284.463395,1361.71526,1862.182652,2067.332172,1668.703031,338.7866724,362.902034,307.0497405,525.6864661,519.6913177,530.7501242,365.6412399,387.2774761,331.7705293,515.1530435,428.666876,439.7067044,1,1,1,1,0,1,1,1,0,1,1,1,0,1,1,0,0,0,1,1,0,0,0,ENSMUSG00000030697,ENSG00000149923
Coro1a,7.277927604,NA,0.945913878,2.076432005,2.558305063,2.12739961,2.01415E-17,16.41357925,0,0,106.337483,4805.534187,34.83127259,35.94120202,68.73794207,0,232.668945,200.7121204,186.4655048,160.5615613,342.2965026,492.2649133,374.833797,293.4806499,123.7936107,275.9348268,203.2098157,1069.095481,672.2176304,805.9658809,86.19006023,65.11590107,91.76199141,347.3987868,510.7619137,565.1505952,93.02207867,69.48961279,99.14981337,420.1063565,318.2346891,397.5083643,1,1,1,1,0,1,1,1,0,1,1,1,0,1,1,1,1,0,0,0,0,0,0,ENSMUSG00000030707,ENSG00000102879
Il21r,6.715736457,0.157215735,1.090505883,1.225578298,2.472718412,2.387741738,2.39395E-07,0,0,0,0,55.8192989,25.09900525,0,2.330099731,0,23.96258238,58.46831333,23.94304147,27.36844795,70.57659847,56.13547257,78.71509737,78.5189458,15.0967818,37.02639849,26.18683192,40.76072097,80.32187902,62.35532797,28.16110879,31.76385418,32.94020204,131.0938818,167.8727968,214.2657909,30.39335244,33.89737209,35.5922407,219.557847,67.68424358,232.9348377,1,1,1,1,0,1,1,1,0,1,1,1,0,1,1,1,1,0,0,0,0,0,0,ENSMUSG00000030745,ENSG00000103522
Il4ra,#N/A,#N/A,3.635721217,1.118905774,1.07873853,0.754702359,0.000232845,#N/A,#N/A,#N/A,#N/A,#N/A,#N/A,#N/A,#N/A,#N/A,657.8115356,801.9758202,1071.632493,855.7201392,11099.34639,9876.604587,9388.337169,11745.66197,2034.039734,2508.097707,4232.839511,6147.881315,8540.893136,4367.664987,383.1617529,460.5758856,342.3428141,751.1679429,967.0544624,789.245092,413.5337953,491.5118953,369.9050729,763.2248966,727.9024792,665.0458409,1,1,1,1,0,1,1,1,0,1,1,1,0,1,1,1,1,0,0,0,0,0,0,ENSMUSG00000030748,#N/A
Itgam,4.440799768,NA,1.277439863,2.694703992,2.365895533,2.050721292,4.70501E-10,4.82752331,18.26988774,0,4.493133086,952.9876667,23.05010686,1.739090421,26.79614691,0,47.15217823,69.81291144,62.39701717,76.63165426,158.7973465,118.748115,124.944599,217.5360957,22.14194663,35.26323666,43.99387762,245.7289179,185.505292,225.2237219,78.50975784,71.46867191,62.35109673,326.4237657,343.7820573,427.5487111,84.73298255,76.26908721,67.37102703,348.8213413,180.4913162,416.9196007,1,1,1,1,0,1,1,1,0,1,1,1,0,1,1,1,1,0,0,0,0,0,0,ENSMUSG00000030786,ENSG00000169896
Itgax,8.479441506,NA,1.721667263,1.91808137,5.424847841,4.762540663,7.40687E-20,1.931009324,0,0,4.493133086,1236.143747,6.146695162,0,55.92239355,0,13.14077098,22.68919622,9.432107247,16.42106877,31.75946931,78.80556726,58.72396153,32.17989582,18.11613815,22.03952291,20.94946553,89.67358614,59.28519642,82.83021178,1.706733866,13.49963803,3.529307362,182.2204957,334.8526532,304.6898861,1.84202136,14.40638314,3.81345436,191.9943077,125.8689442,250.6581405,1,0,1,1,0,1,1,1,0,0,1,1,0,0,1,1,1,0,0,0,0,0,0,ENSMUSG00000030789,ENSG00000140678
Pycard,NA,NA,1.458145899,1.071706142,0.90226213,0.711303024,0.086075746,0,0,0,0,0,0,0,0,0,125.9968041,130.0265476,66.02475073,72.07024627,275.248734,185.6788708,318.6087274,303.7782165,54.34841446,59.0659214,49.23124401,96.6611383,111.8769029,133.0867448,98.1371973,94.49746619,75.29189039,166.4892299,145.5492866,190.6768965,105.9162282,100.844682,81.35369302,183.4401059,116.3694012,172.1692278,1,1,1,1,0,1,1,1,0,1,1,1,0,1,1,0,0,0,0,0,0,0,0,ENSMUSG00000030793,ENSG00000103490
Bcat2,-0.57792637,0.791767116,0.985159415,0.426844595,0.781292714,0.631853249,0.142749185,598.6128904,419.7389593,652.7653044,332.4918483,248.6496042,590.0827356,275.3559833,187.5730284,608.4127147,416.6397388,497.416994,491.1951236,386.8073977,891.617694,816.1234088,845.8749352,996.2895746,438.8131242,518.3695788,424.2266771,644.0193914,593.8081771,621.6919266,85.3366933,82.58602087,67.05683988,124.5391877,146.442227,133.6704016,92.10106799,88.13316744,72.45563284,134.9662955,116.3694012,140.9424561,1,1,1,1,0,1,1,1,0,1,1,1,0,1,1,0,0,0,1,1,0,0,0,ENSMUSG00000030826,ENSG00000105552
Itgal,6.803372746,NA,3.542312824,2.772121613,4.233971731,3.722320566,5.81311E-20,1.931009324,0,0,1.497711029,361.3030983,23.56233146,0,17.47574798,0,37.10335336,51.48702219,37.00288228,40.14039033,272.8961807,676.8642558,429.8094205,547.0582289,21.13549451,72.28963515,38.75651124,408.7718017,205.5857618,294.0937856,17.06733866,31.76385418,19.99940838,378.8613185,390.2149585,539.5959596,18.4202136,33.89737209,21.60957471,463.8278326,147.2429159,370.5014266,1,1,1,1,0,1,1,1,0,1,1,1,0,1,1,1,1,0,0,0,0,0,0,ENSMUSG00000030830,ENSG00000005844
Chst15,0.596214065,0.880943603,0.766491067,-0.697761417,-1.015711758,-0.387883309,0.088868015,815.8514394,602.9062953,469.1228914,1702.89744,832.2150018,533.7380299,1093.308178,1487.768678,55.31024679,421.2776579,575.083858,402.6784248,758.1060082,863.3870546,860.3840699,1088.267457,854.698033,797.1100788,846.3176798,885.1149188,475.1535473,401.6093951,681.255225,1210.074311,1446.843558,1112.908255,521.7536497,603.6277161,738.1358208,1305.993144,1544.025299,1202.509275,1076.878964,913.1435669,1107.284446,1,1,1,1,0,1,1,0,1,1,1,0,1,1,1,0,0,0,1,1,0,0,0,ENSMUSG00000030930,ENSG00000182022
Stim1,0.571896006,0.903459356,0.723300821,-0.532333847,-0.638075614,-0.200532856,0.460254001,556.1306853,138.6637633,8.34738241,275.5788293,511.5077572,253.5511754,252.7478078,244.6604718,553.1024679,1436.981956,1617.914223,1578.789644,1260.773169,2391.370411,2223.828336,2425.174667,2694.100878,1942.452591,2151.939017,2110.658653,1508.146676,1077.651877,1704.999416,1412.322274,1704.924873,1368.194821,804.9164344,1015.273244,1060.517378,1524.272675,1819.441447,1478.34914,1443.759176,1367.934186,1386.637458,1,1,1,1,0,1,1,0,1,1,1,0,1,1,1,0,0,0,0,1,0,0,0,ENSMUSG00000030987,ENSG00000167323
Usp9x,1.106002025,0.473617227,0.481390005,-0.26926536,-0.593702352,-0.335086233,0.058844883,835.1615326,1106.030896,265.4467606,1211.648222,828.1554164,1204.752252,1690.395889,2628.352497,1939.545988,1339.585654,1696.453748,1735.507733,1918.528201,1967.910821,2140.704656,2546.370928,2685.090507,1922.323549,1756.990766,1861.360013,1499.994532,1512.728722,1583.080789,5588.700044,6416.298545,5899.825473,3758.461592,3996.801268,4108.399109,6031.698942,6847.269162,6374.824539,5344.47521,5254.434699,4666.292454,1,1,1,1,0,1,1,0,1,1,1,0,1,1,1,0,0,0,1,1,0,0,0,ENSMUSG00000031010,ENSG00000124486
Tub,-0.772065664,0.941583606,-0.635088711,-1.152704294,-1.536718618,-0.852531314,0.001724279,23.17211189,65.58421239,0,2.995422057,92.35556727,0,4.637574455,3.495149597,0,217.2092145,141.3711457,229.2727608,184.2808829,145.8583035,127.3843416,123.695153,100.401275,267.7162638,230.0926192,297.4824106,97.82573033,99.44613593,159.1456878,587.1164499,451.0467294,765.8596975,178.2876793,191.0892474,250.6320031,633.6553477,481.3426837,827.5195962,288.9419285,363.3575182,421.1394348,1,1,1,0,1,1,1,0,1,1,1,0,1,1,1,1,0,1,0,0,0,0,0,ENSMUSG00000031028,ENSG00000166402
Usp11,0.784786736,0.805377323,0.381570411,-0.656213855,-1.404245221,-0.568847283,0.013016292,1894.320147,858.6847236,201.1719161,2472.720908,3416.141093,443.5865009,1301.999028,1282.719902,1261.073627,330.8382341,313.2854401,425.8959195,388.6319609,459.9241667,464.197177,496.030058,481.4112415,370.3743801,442.55362,336.2389218,241.0705497,206.5419746,281.9949907,788.5110461,641.6298545,882.3268405,256.9440084,265.2033013,349.9019337,851.0138682,684.7269162,953.3635901,509.4502423,617.4702923,550.2663556,1,1,1,1,0,1,1,0,1,1,1,0,1,1,1,1,0,1,1,1,0,0,0,ENSMUSG00000031066,ENSG00000102226
Elf4,0.959582801,NA,1.491979868,0.831819635,1.738659665,0.932418018,0.003404708,16.41357925,165.3659069,0,88.36495069,131.9365247,101.9326948,86.37482422,99.02923857,202.8042382,116.7209658,175.40494,331.5748471,168.7720957,614.0164067,566.7523673,541.0101137,509.7295498,208.3355888,257.4216276,267.1056856,460.013851,467.5880815,377.854674,119.4713706,190.5831251,127.055065,444.4082594,507.190152,511.0927122,128.9414952,203.3842325,137.284357,370.6820793,244.6132312,282.728879,1,1,1,1,0,1,1,1,0,1,1,1,0,1,1,1,1,0,0,1,0,0,0,ENSMUSG00000031103,ENSG00000102034
Fgf13,5.749473491,0.406521937,-0.593609941,-1.054459894,-2.050121247,-0.955785556,0.00220434,0,0,0,0,34.50647568,0,0,8.155349059,0,303.0107191,227.7646236,306.1807122,253.6142843,154.09224,181.3607575,237.3947381,150.6019124,123.7936107,94.32915806,113.1271139,45.41908908,58.32898358,54.90991567,218.4619348,204.0827631,199.9940838,39.32816455,33.93173552,76.66390682,235.778734,217.7906157,216.0957471,115.9569581,142.4931444,88.61651433,1,1,1,0,1,1,1,0,1,1,1,0,1,1,1,1,0,1,0,0,0,0,0,ENSMUSG00000031137,ENSG00000129682
Magix,0.092637601,0.986521277,-5.427647461,-0.819910873,-1.44713484,-0.280725072,0.778331832,34.75816783,53.40428723,42.57165029,32.94964263,32.476683,22.53788226,24.34726589,20.97089758,154.868691,384.9472911,489.5630415,174.1312107,295.5792379,3.528829923,18.35198142,4.99778396,3.861587498,145.9355574,126.947652,104.7473277,57.06500936,60.24140927,95.8596833,80.2164917,45.26349221,59.99822515,34.08440927,13.39410613,21.62315321,86.57500391,48.30375523,64.82872412,46.57287663,71.24657219,47.26214098,1,1,0,0,1,1,1,0,1,1,1,0,1,1,1,0,0,0,1,1,0,0,0,ENSMUSG00000031147,ENSG00000269313
Was,3.972238127,NA,1.284787651,1.489256553,2.677600323,2.503634067,1.3953E-05,0,0,1.669476482,0,45.67033546,1.536673791,0.579696807,2.330099731,0,37.87633989,47.12371522,38.4539757,35.57898233,82.33936488,99.31660531,87.4612193,118.4220166,34.21937207,43.1974649,52.37366384,154.8907397,101.3585616,108.8891548,8.53366933,17.4701198,10.58792209,65.54694091,83.9363984,86.49261283,9.210106799,18.64355465,11.44036308,94.09622013,43.93538618,86.08461392,1,1,1,1,0,1,1,1,0,0,1,1,0,0,1,1,1,0,0,0,0,0,0,ENSMUSG00000031165,ENSG00000015285
Wdr13,-0.479052261,0.765849166,-0.49953556,-0.442399869,-0.749871172,-0.372018059,0.105745837,2283.418526,1883.203813,1862.301016,1645.98442,1178.294655,1315.904989,1598.224096,904.0786957,2013.292983,1587.714329,1396.258229,1410.462807,1229.755595,1029.242061,1048.221997,999.556792,901.037083,1231.897395,1163.68681,1214.021528,808.2268673,879.7158179,966.0422453,886.6482434,883.0351463,974.0888319,453.5848311,582.1971463,592.670972,956.9300964,942.3469441,1052.513403,758.4725623,669.7177786,849.0306039,1,1,1,0,1,1,1,0,1,1,1,0,1,1,1,0,0,0,1,1,0,0,0,ENSMUSG00000031166,ENSG00000101940
Gpr165,#N/A,#N/A,-0.832129928,-1.717210719,-2.680632412,-1.011685117,0.002510184,#N/A,#N/A,#N/A,#N/A,#N/A,#N/A,#N/A,#N/A,#N/A,53.33607045,29.67048736,60.94592375,64.77199348,28.23063939,25.90867965,28.73725777,34.75428749,47.30324963,64.3554069,37.70903796,17.46888042,16.25561837,12.09879498,204.8080639,163.583849,178.8182397,39.32816455,29.46703348,17.69167081,221.0425632,174.5714663,193.2150209,83.64108456,83.12100089,124.0631201,1,1,1,0,1,1,1,0,1,1,1,0,1,1,1,1,0,1,0,0,0,0,0,ENSMUSG00000031210,#N/A
Magee1,-0.533892285,0.961274078,-0.332878801,-0.419388907,-1.802618784,-1.21421282,5.68351E-07,79.17138229,0,0,22.46566543,0,34.31904799,5.217271262,46.60199462,0,498.5763108,507.8889308,621.7935316,564.7023094,403.4628879,412.3798177,471.0411382,455.6673248,471.019592,494.5668941,500.6922263,374.9986329,375.7916483,346.2116717,587.1164499,448.6644403,667.0390914,161.2454746,133.0481209,193.6255083,633.6553477,478.8003808,720.7428741,277.536326,203.0527307,306.3599495,1,1,1,0,1,1,1,0,1,1,1,0,1,1,1,1,0,1,0,0,0,0,0,ENSMUSG00000031227,ENSG00000198934
Itm2a,-1.648031308,0.46158075,-3.989961549,-0.912937861,-1.17675972,-0.044182012,0.925489574,62775.18211,87152.04909,360305.5796,117245.3125,5290.654639,63046.14005,80939.58696,35616.73944,23462.60669,65796.61329,88093.42231,49152.88751,100183.116,3565.294499,7367.780774,5438.838394,2710.834424,26621.66502,25688.38632,23726.31719,10551.20377,12537.86283,17291.97005,10202.85505,12076.61736,10263.22581,4364.115326,6021.990115,4007.163437,11011.60369,12887.78087,11089.52528,10169.99551,13843.20898,9925.893572,1,1,1,0,1,1,1,0,1,1,1,0,1,1,1,0,0,0,1,1,0,0,0,ENSMUSG00000031239,ENSG00000078596
Il2rg,1.704287982,0.609011933,2.332184525,1.518804986,1.02541647,1.038587412,8.3219E-05,11.58605594,12.17992516,0,22.46566543,66.98315868,45.07576452,5.217271262,6.990299193,7.374699572,1504.231784,1950.398213,1453.270063,1489.75585,7694.025509,7447.66587,8086.414447,8984.626913,692.4390584,722.8963515,885.1149188,2036.871457,2888.719006,1664.980324,293.558225,312.0798673,232.9342859,544.0396096,479.5089994,687.0265496,316.8276739,333.0416808,251.6879878,729.9585562,419.1673331,703.8683138,1,1,1,1,0,1,1,1,0,1,1,1,0,1,1,1,1,0,0,0,0,0,0,ENSMUSG00000031304,ENSG00000147168
Naa10,-0.44582471,0.794359055,-0.80306886,0.767360701,1.32452908,0.194995916,0.852804854,672.9567494,625.8607696,920.7162798,807.2662444,378.5563362,495.3211852,588.9719558,480.0005446,508.8542705,340.887059,325.5026996,264.8245496,350.3161338,192.9093691,205.1103805,166.1763167,168.6226541,203.3033282,222.1583909,196.924976,364.5173047,364.3170941,332.2515237,56.32221758,51.61626305,59.99822515,184.8423734,99.11638534,137.601884,60.78670487,55.08322965,64.82872412,58.92894594,93.80798672,54.8578422,1,1,1,0,1,1,1,1,0,1,1,1,0,1,1,0,0,0,1,1,0,0,0,ENSMUSG00000031388,ENSG00000102030
Mecp2,0.090799639,0.983909156,0.249086897,-0.521264062,-0.71390734,-0.330430385,0.094962033,401.6499394,490.9446756,104.3422801,223.1589433,320.7072446,560.373709,442.8883604,403.1072535,169.6180902,1392.921724,1299.392814,1469.23209,1409.475069,1690.309533,1578.270402,1621.780895,1732.565591,1771.355731,1555.108737,1749.280372,1155.275292,1088.170218,1291.779033,2019.91953,1956.653418,1890.53231,1164.113671,1171.537816,1241.365568,2180.032279,2088.078121,2042.740386,1764.066511,1492.615687,1760.514751,1,1,1,1,0,1,1,0,1,1,1,0,1,1,1,0,0,0,1,1,0,0,0,ENSMUSG00000031393,ENSG00000169057
Dkc1,0.441532172,0.839934211,-0.414675481,0.850989022,0.742835962,0.248120239,0.491007714,594.7508718,488.6023823,402.3438321,808.7639554,1175.249966,594.6927569,412.7441265,507.9617414,534.665719,500.1222838,508.7615921,469.4287222,534.5970166,378.7610784,354.0852885,391.0765949,386.1587498,423.7163424,424.0404208,356.1409141,805.8976832,684.6483974,684.0472546,316.5991321,327.1676981,282.344589,616.1412446,532.1924835,404.9426873,341.6949622,349.1429325,305.0763488,401.0970191,431.0417617,353.6220905,1,1,1,0,1,1,1,1,0,1,1,1,0,1,1,0,0,0,1,1,0,0,0,ENSMUSG00000031403,ENSG00000130826
Morf4l2,-0.08995044,0.979568203,1.035564925,0.578216298,0.466417239,-0.16789493,0.701228393,2771.963885,1665.370536,4756.338497,4377.809337,2554.494097,1972.576922,2428.929621,1959.613874,3986.025119,1911.595684,2183.398805,2149.794906,2444.914684,4433.38666,3506.307979,4827.859305,5045.807665,1439.226531,1566.569288,1871.834746,2312.879767,2753.892995,2214.079481,664.7728408,754.3915368,643.5103757,998.9353795,946.516833,907.1895641,717.4673196,805.0625872,695.319845,815.5005745,518.9125341,638.88287,1,1,1,1,0,1,1,1,0,1,1,1,0,1,1,0,0,0,1,1,0,0,0,ENSMUSG00000031422,ENSG00000123562
F10,3.864106657,NA,5.594922535,2.944033677,6.250449169,5.95273518,5.57453E-13,0,0,0,0,1.014896344,0,0,10.48544879,0,2.318959585,1.745322786,2.902186845,1.824563197,81.16308824,101.4756619,69.96897544,178.9202208,5.032260599,14.98687558,9.427259491,112.9654267,36.33608813,80.03818217,0,1.588192709,3.529307362,142.8923312,91.97286208,118.9273426,0,1.694868605,3.81345436,114.0560244,71.24657219,123.2191533,1,0,1,1,0,0,1,1,0,0,1,1,0,0,1,1,1,0,0,0,0,0,0,ENSMUSG00000031444,ENSG00000126218
Gas6,-1.022570713,0.681678422,-1.198872355,-0.835407722,-1.154980457,-0.477899546,0.023315913,8245.409814,3160.690578,1089.333404,3175.147381,1880.602925,3159.913538,1761.118899,1911.846829,409.2958263,7531.207745,8712.651348,5719.484725,7848.35859,2750.134787,3730.849869,3875.781461,2628.453891,6821.732467,6720.291326,6186.377172,3528.713844,2295.867042,5231.332814,2133.417333,2547.461105,1769.359424,677.755369,1161.715471,1054.620154,2302.5267,2718.569242,1911.811786,1670.920757,1788.288962,1523.36008,1,1,1,0,1,1,1,0,1,1,1,0,1,1,1,1,0,1,1,1,0,0,0,ENSMUSG00000031451,ENSG00000183087
Angpt2,3.953102392,0.000415949,4.20909783,1.758571563,2.448550278,1.114253839,7.05611E-07,1900.113175,489.5392996,525.8850918,20630.96942,4921.23237,4347.250153,20877.2008,30358.8694,9163.064219,466.1108766,626.5708802,748.7642061,777.2639218,14399.97864,11113.74404,7389.223585,15526.15614,1923.330001,1839.859373,3887.17333,11012.38221,10518.3413,4354.635516,373.7747167,582.8667243,382.3416309,3872.513269,2012.687681,1427.128112,403.4026778,622.0167779,413.1242224,1226.102262,966.578496,926.6755498,1,1,1,1,0,1,1,1,0,1,1,1,0,1,1,1,1,0,1,1,1,1,0,ENSMUSG00000031465,ENSG00000091879
Rab11fip1,0.175296105,0.983909156,-1.534001033,-0.977862958,-0.581736532,0.129847628,0.75604233,95.58496154,28.10751959,29.21583843,2.995422057,231.3963664,71.71144356,22.02847866,15.14564825,0,1372.824074,1539.374697,1809.513498,1795.370185,678.7116219,528.9688761,423.5621906,619.1411956,1857.910613,1605.358849,1915.828623,821.0373796,969.5998254,938.1219492,1471.204592,1477.019219,1331.725311,700.0413289,1306.371818,850.1830693,1587.822412,1576.227802,1438.943445,1384.83023,2095.836665,1560.494619,1,1,1,0,1,1,1,0,1,1,1,0,1,1,1,0,0,0,1,0,0,0,0,ENSMUSG00000031488,ENSG00000156675
Eif4ebp1,2.252620103,0.143685198,1.78666901,0.985300903,1.242387696,0.557561603,0.430631529,200.8249697,249.6884657,475.8007974,882.1517958,905.2875385,329.8726404,1543.732597,753.787263,4421.132394,105.1261678,124.7905792,174.1312107,201.6142332,552.8500213,609.9335,416.0655147,508.442354,152.9807222,173.6714405,247.2036933,420.417722,439.8579089,275.4802549,59.73568531,45.26349221,37.64594519,148.1360865,72.32817309,119.9102132,64.47074759,48.30375523,40.67684651,89.34388578,83.12100089,54.8578422,1,1,1,1,0,1,1,1,0,1,1,1,0,1,1,0,0,0,1,1,0,0,0,ENSMUSG00000031490,ENSG00000187840
Col4a1,6.400488112,9.00894E-10,1.173621985,1.046418009,0.696877468,-0.017509887,0.971698037,573.5097692,126.4838382,98.49911243,48961.67124,15815.12972,3228.039409,18051.17887,27861.00248,20918.33534,16223.44126,21195.19991,19556.38606,19308.44003,49210.70956,39789.25477,34153.60614,48923.73921,28831.83387,28981.09105,35899.00414,69686.85776,77623.44637,46241.59441,11352.34031,14019.77114,10224.40343,20668.26141,18559.76639,18479.93303,12252.20507,14961.45261,11047.57728,13707.6332,11931.42596,12164.09353,1,1,1,1,0,1,1,1,0,1,1,1,0,1,1,0,0,0,1,1,1,1,0,ENSMUSG00000031502,ENSG00000187498
Col4a2,4.578431381,1.68929E-05,0.976370114,1.028434679,0.81124533,0.09379771,0.78498162,1166.329632,1542.634367,294.6625991,56164.16357,15524.86937,4472.74518,18232.04427,24511.48412,24631.49657,13095.16478,17413.9581,14529.79844,14162.25953,33537.99959,28485.51374,22648.70746,31805.32183,21897.37877,21006.31008,25280.76753,52383.34941,52769.56209,33930.60518,7041.130564,8539.712197,6725.683396,13770.10135,13478.93547,11897.64862,7599.25912,9113.308487,7267.172859,9075.057675,8206.417673,8312.229044,1,1,1,1,0,1,1,1,0,1,1,1,0,1,1,0,0,0,1,1,1,1,0,ENSMUSG00000031503,ENSG00000134871
Rab20,2.064507786,0.35864047,5.566969678,1.405171888,1.98396321,0.885840189,0.631858529,84.96441026,69.33188167,125.2107361,85.36952863,1031.134685,130.1050476,56.81028707,101.3593383,936.5868457,36.33036683,54.10500637,29.74741516,23.71932156,1607.970168,1219.867,1583.048069,2404.481816,33.21291995,62.59224507,126.7442665,206.1327889,240.9656371,141.4628336,5.973568531,3.970481773,11.76435787,23.59689873,32.14585471,27.52037681,6.447074759,4.237171511,12.71151453,20.91027114,9.499542959,11.81553524,1,1,1,1,0,1,1,1,0,0,1,1,0,0,0,0,0,0,1,1,0,0,0,ENSMUSG00000031504,ENSG00000139832
Ap3m2,-0.405175026,0.863421152,-0.414028556,-0.600582332,-0.697082347,-0.397917879,0.138543133,628.543535,625.8607696,715.3706725,522.701149,303.4540068,430.780886,338.5429352,433.39855,955.0235946,718.8774713,761.8333961,625.4212652,755.3691634,498.7412958,557.0366124,625.972441,464.6776956,597.8325591,582.7249857,516.4043254,378.492409,315.550239,425.3191773,576.0226798,469.3109455,635.2753251,283.1627847,355.3902826,395.1139813,621.6822089,500.8336726,686.4217848,447.6698958,470.2273765,453.2101733,1,1,1,0,1,1,1,0,1,1,1,0,1,1,1,0,0,0,1,1,0,0,0,ENSMUSG00000031539,ENSG00000070718
Adam9,3.254670781,0.018442764,2.253699439,0.453513017,0.451614258,-0.07050604,0.867810976,205.652493,99.78169456,15.02528834,898.6266172,2250.025194,176.7174859,752.4464553,1099.807073,936.5868457,1079.089194,1295.029507,1304.532987,1341.966231,5697.88405,5170.940646,6237.234382,6836.297068,1219.819969,1466.069064,1532.453404,1715.444057,2088.368855,1971.172905,1233.968585,1432.549824,1154.083507,1992.627004,1601.935093,1635.496679,1331.781443,1528.771481,1246.999576,1394.334898,1258.689442,1260.886404,1,1,1,1,0,1,1,1,0,1,1,1,0,1,1,0,0,0,1,1,1,1,0,ENSMUSG00000031555,ENSG00000168615
Mak16,0.443953733,0.860825186,0.77395523,0.923517859,1.158641566,-0.044721533,0.960063451,139.998176,339.1640698,85.14330058,253.1131638,283.1560799,230.5010686,193.6187335,334.3693114,243.3650859,193.2466321,187.6221995,202.4275325,219.8598652,342.2965026,302.2679292,348.5954312,381.0099665,162.0387913,159.5661459,185.40277,319.0982156,317.4626647,323.8754348,98.99056423,119.9085495,102.3499135,251.7002531,232.1645062,234.9060735,106.8372389,127.9625796,110.5901764,121.6597594,104.4949725,108.8717176,1,1,1,1,0,1,1,1,0,1,1,1,0,1,1,0,0,0,1,1,0,0,0,ENSMUSG00000031578,ENSG00000198042
Gsr,0.226224972,0.971585224,0.82918162,1.076248633,1.078489643,0.355148618,0.286556614,248.1346981,40.75590341,197.8329631,185.7161675,282.1411835,189.5231008,212.7487281,265.6313693,0,678.6821718,750.488798,840.9086384,988.000971,1411.531969,1381.796248,1496.836296,1497.008754,655.2003299,668.2383346,749.9908661,1673.518744,1550.977235,1148.454846,313.1856644,404.9891408,278.8152816,798.3617403,693.8146974,619.2084782,338.0109195,432.1914942,301.2628945,480.9362362,484.4766909,409.3238995,1,1,1,1,0,1,1,1,0,1,1,1,0,1,1,0,0,0,1,0,0,0,0,ENSMUSG00000031584,ENSG00000104687
Slc7a2,-0.145591676,0.985768994,0.924019623,-0.620722536,-1.419704765,-0.260045562,0.362771354,70.48184033,120.8623343,5.008429446,5.990844114,4.059585375,130.6172722,13.91272336,33.7864461,169.6180902,711.147606,737.3988771,752.3919396,665.9655668,1149.222278,1100.039357,1416.871753,1776.330249,722.632622,824.2781568,868.3553464,484.4702835,427.4271419,657.9883116,1351.733222,1643.779454,1358.783334,474.5598522,442.0055022,710.615444,1458.880917,1754.189006,1468.179929,1379.127428,1079.385569,1449.091001,1,1,1,1,0,1,1,0,1,1,1,0,1,1,1,0,0,0,0,0,0,0,0,ENSMUSG00000031596,ENSG00000003989
Sap30,0.607011018,0.895152523,0.599445555,0.590653355,0.879204469,0.294128085,0.671142741,18.34458858,126.0153795,243.7435664,26.95879851,115.6981832,320.140373,214.4878185,90.87388951,416.6705258,139.9105616,158.8243735,123.3429409,200.7019516,221.1400085,205.1103805,304.8648216,211.1001166,101.6516641,110.1976146,96.36754146,142.0802274,177.8555893,144.2548632,80.2164917,69.8804792,97.64417035,161.2454746,125.0116572,168.0708727,86.57500391,74.5742186,105.5055706,115.9569581,123.4940585,86.92858072,1,1,1,1,0,1,1,1,0,1,1,1,0,1,1,0,0,0,1,1,0,0,0,ENSMUSG00000031609,ENSG00000164105
Nr3c2,-1.530022102,0.787068441,-0.823454753,-0.777756377,-1.601756934,-0.617742448,0.009293582,147.7222133,220.6440288,66.77905928,0,26.38730493,238.6966621,27.24574992,6.990299193,0,629.211034,619.5895891,557.2198743,802.8078065,334.0625661,302.2679292,449.8005564,388.7331415,485.1099217,395.8298315,383.3752193,248.0581019,196.0236333,293.1631091,805.5783848,925.1222531,835.269409,204.5064556,275.9185862,362.6792515,869.4340818,987.2609622,902.5175319,677.6828783,673.2801072,449.8343061,1,1,1,0,1,1,1,0,1,1,1,0,1,1,1,1,0,1,1,0,0,0,0,ENSMUSG00000031618,ENSG00000151623
Sorbs2,-0.987185776,0.722360163,-0.640679959,-0.551093007,-0.92843428,-0.226170439,0.37792505,3581.056791,4289.20749,459.1060325,1538.149226,732.7551601,2805.454117,1482.864432,1498.254127,342.9235301,5802.036881,5769.164469,6162.793766,7669.551397,3519.41971,3790.223927,4717.908058,4267.054186,5559.641509,4790.5107,4022.297383,3167.690316,2715.644481,3925.593632,7734.917881,9097.961934,7292.725446,2932.570136,5221.022569,4519.23902,8348.040802,9709.054801,7879.86786,8012.435714,7800.312212,6365.197629,1,1,1,0,1,1,1,0,1,1,1,0,1,1,1,0,0,0,1,1,0,0,0,ENSMUSG00000031626,ENSG00000154556
Pdlim3,3.276155402,0.20273097,0.62182381,-0.822602723,-1.249811324,-0.100374852,0.862585664,17.37908392,32.79210619,0,23.96337646,463.807629,16.9034117,39.41938287,68.73794207,365.0476288,618.3892226,624.8255574,647.9132132,545.5443958,828.0987553,914.3604858,958.3250743,1051.638995,514.2970332,482.2247613,592.8698746,271.3499425,184.5490792,442.071355,305.505362,454.2231148,379.9887593,62.92506328,216.0915789,197.5569907,329.7218234,484.7324209,410.5819195,391.5923504,338.4212179,411.8557999,1,1,1,1,0,1,1,0,1,1,1,0,1,1,1,0,0,0,0,1,0,0,0,ENSMUSG00000031636,ENSG00000154553
Snx20,4.911716372,NA,1.924626724,1.605880542,2.152193972,1.736931732,0.022183523,4.82752331,0,0,0,277.0667018,0,0.579696807,6.990299193,0,28.60050155,34.03379433,31.9240553,31.92985594,91.74957801,141.4182097,113.6995851,132.5811708,23.14839875,40.55272215,34.56661813,96.6611383,90.84022032,112.611861,23.04090719,14.29373438,15.29366523,79.96726791,61.61288819,93.37270703,24.86728836,15.25381744,16.52496889,81.74015082,17.81164305,88.61651433,1,1,1,1,0,1,1,1,0,1,1,1,0,1,1,1,1,0,0,0,0,0,0,ENSMUSG00000031662,ENSG00000167208
Rbl2,0.150259227,0.959108525,-0.60229654,-0.584973134,-0.569581562,-0.201831231,0.551971952,719.3009732,258.1207216,386.4838056,375.9254682,638.3698002,715.0655372,316.5144565,448.5441982,530.9783692,660.1304952,645.7694309,489.0184834,495.3689079,390.5238448,356.2443451,378.582135,383.5843582,793.0842703,718.4884469,681.9051031,437.8866024,403.5218208,619.8305736,878.967941,1174.468508,1024.675571,688.2428796,711.6735056,674.2492318,948.6410003,1253.355333,1107.172916,942.863135,845.4593233,1087.029242,1,1,1,0,1,1,1,0,1,1,1,0,1,1,1,0,0,0,1,1,0,0,0,ENSMUSG00000031666,ENSG00000103479
Gab1,0.00739612,0.998106216,-0.850295356,-0.547705295,-0.5828402,-0.165292176,0.613509446,443.1666399,663.8059211,231.2224927,325.0032932,429.3011534,482.0033456,390.7156478,927.379693,132.7445923,1731.489823,2160.709609,1473.585371,1861.966742,1029.242061,1025.551903,975.8173182,976.9816371,1582.142732,1511.911272,1363.810206,958.4592388,1008.804552,1081.446136,973.6916706,1252.289951,1010.558341,644.9818986,827.7557587,687.0265496,1050.873186,1336.403895,1091.919098,1055.018226,1065.136254,984.9092592,1,1,1,0,1,1,1,0,1,1,1,0,1,1,1,0,0,0,1,1,0,0,0,ENSMUSG00000031714,ENSG00000109458
Hp,3.250927024,NA,4.746677047,3.597377684,3.154078457,2.72776477,0.033575396,0,0.46845866,0,1.497711029,8.119170749,0,0,4.660199462,0,13.14077098,14.83524368,30.47296188,29.19301115,341.1202259,796.6918991,557.2529115,659.0442664,13.08387756,67.88173056,48.18377073,793.0871709,355.7111785,416.9430885,3.413467732,0.794096355,3.529307362,9.176571728,25.89527185,31.45185921,3.684042719,0.847434302,3.81345436,19.0093374,21.37397166,13.50346885,1,1,1,1,0,1,1,1,0,0,0,1,0,0,1,1,1,0,0,0,0,0,0,ENSMUSG00000031722,ENSG00000257017
Pllp,-1.72932377,0.050619697,-4.56067482,-0.640096481,-1.171645987,-0.520751816,0.123735686,9503.462388,10445.6912,15491.07228,4314.905473,1666.459796,5262.595508,4379.609376,3168.935634,2581.14485,599.837546,749.6161366,471.6053624,595.7198837,25.8780861,52.89688761,8.74612193,14.15915416,297.9098274,202.7636108,278.6278916,159.5491078,165.4248223,174.0365124,225.2888703,246.1698699,242.3457722,115.362616,100.0093258,102.2185424,243.1468195,262.7046337,261.8571994,158.7279673,218.489488,159.5097258,1,1,0,0,1,1,1,0,1,1,1,0,1,1,1,0,0,0,1,1,0,0,0,ENSMUSG00000031775,ENSG00000102934
Usb1,1.731185562,0.174193187,1.367494745,0.689241762,0.982513902,0.102979893,0.93120793,279.0308473,351.8124536,64.27484455,711.4127386,809.8872822,338.0682339,982.5860876,665.2434732,1113.579635,186.2897533,228.637285,224.9194805,212.5616124,491.683636,561.3547257,580.9923853,565.0789706,179.1484773,237.1452665,216.8269683,374.9986329,324.1561546,323.8754348,57.17558451,56.38084117,51.76317464,115.362616,87.50816003,124.8245662,61.70771555,60.16783546,55.93066395,88.39341891,43.93538618,58.23370942,1,1,1,1,0,1,1,1,0,1,1,1,0,1,1,0,0,0,1,1,0,0,0,ENSMUSG00000031792,ENSG00000103005
Mvb12a,0.131666926,0.968454838,0.631275035,0.439569626,0.741568187,0.298906501,0.500684797,504.9589382,637.5722361,869.7972471,639.5226092,425.241568,656.6719332,927.514891,376.3111066,1390.130869,691.8229428,877.8973614,591.3205697,720.7024627,1041.004827,1124.868508,837.1288133,1459.680074,514.2970332,543.9354254,427.3690969,702.2489927,691.3418873,623.5532797,157.8728826,154.0546928,143.5251661,312.0034387,233.0574466,219.1801439,170.3869758,164.4022546,155.0804773,214.8055126,206.6150594,182.2968295,1,1,1,1,0,1,1,1,0,1,1,1,0,1,1,0,0,0,1,1,0,0,0,ENSMUSG00000031813,ENSG00000141971
Usp10,0.193543457,0.961225152,0.795210491,0.482217893,0.558837644,0.132698318,0.81191115,1099.70981,1068.554203,269.6204518,1058.881697,1726.338681,635.6707247,638.2461843,1252.428605,261.8018348,400.4070217,552.3946618,539.0812065,592.9830389,910.4381202,847.4297301,895.8527748,962.8224829,458.9421666,562.4486247,546.7810505,782.6058427,730.546614,679.3938719,247.4764106,266.0222788,304.6968689,420.8113607,424.146694,358.7477691,267.0930972,283.8904913,329.2282264,382.0876817,273.1118601,307.2039163,1,1,1,1,0,1,1,1,0,1,1,1,0,1,1,0,0,0,1,1,0,0,0,ENSMUSG00000031826,ENSG00000103194
Psmb10,-1.119212205,0.464980734,2.269040521,0.460201657,0.690636128,0.74412499,0.034413411,397.7879208,601.0324607,1267.13265,193.2047227,381.6010252,366.2405868,285.210829,205.0487763,660.0356117,2287.267137,2878.037274,1580.240737,2340.914581,11631.02343,9833.423454,10424.12789,11901.41267,977.2650082,1063.186585,923.8714301,1435.94197,1370.253008,1275.026856,157.8728826,239.0230027,158.8188313,336.9112763,259.8456589,303.7070155,170.3869758,255.077725,171.6054462,386.8400161,385.9189327,231.2469041,1,1,1,1,0,1,1,1,0,1,1,1,0,1,1,1,1,0,1,1,0,0,0,ENSMUSG00000031897,ENSG00000205220
Slc7a6,1.233974613,0.601537535,1.898550162,0.822487064,1.082436875,0.350396505,0.615504508,34.75816783,137.726846,116.0286155,122.8123043,46.68523181,82.98038469,277.6747705,342.5246605,490.4175216,164.6461305,187.6221995,185.7399581,174.2457853,645.775876,550.5594425,563.5001415,897.1754955,169.0839561,204.5267726,184.3552967,379.657001,317.4626647,292.2324326,86.19006023,96.87975526,85.87981247,226.7924156,127.6904784,217.2144027,93.02207867,103.3869849,92.7940561,124.51116,168.6168875,77.64494589,1,1,1,1,0,1,1,1,0,1,1,1,0,1,1,0,0,0,1,1,0,0,0,ENSMUSG00000031904,ENSG00000103064
Agt,5.373047344,0.079124687,0.710177866,-2.048457638,-2.712238565,-1.266862882,0.007564863,42.48220513,0,0,2.995422057,2666.132695,187.986427,112.4611805,96.69913884,438.7946245,649.3086838,281.86963,493.3717637,295.5792379,778.6951364,808.5667106,454.7983403,773.6046955,1414.065228,860.4229744,1340.765794,274.8437186,399.6969694,199.1647789,156.1661487,99.26204432,177.6418039,9.176571728,37.50349716,17.69167081,168.5449544,105.9292878,191.9438695,39.91960854,51.0600434,101.2760164,1,1,1,1,0,1,1,0,1,1,0,0,1,1,1,1,0,1,0,0,0,0,0,ENSMUSG00000031980,ENSG00000135744
2310022B05Rik,#N/A,#N/A,-0.647128573,-0.370793441,-1.175174159,-0.226640861,0.404201683,#N/A,#N/A,#N/A,#N/A,#N/A,#N/A,#N/A,#N/A,#N/A,3318.431166,3850.182066,2889.127004,2846.318587,2066.718058,2087.807768,1936.641284,2148.329845,2686.220708,2392.610607,2398.713804,1950.691646,1753.694359,2078.200707,1181.059835,1415.079704,1107.026076,357.8862974,671.4911872,607.414031,1274.678781,1510.127927,1196.153518,1089.235033,1182.693098,1133.447417,1,1,1,0,1,1,1,0,1,1,1,0,1,1,1,0,0,0,0,0,0,0,0,ENSMUSG00000031983,#N/A
Egln1,0.124537426,0.98668794,-0.440082045,-0.407287266,-0.565762011,-0.238961029,0.350425723,26.06862587,173.3297042,35.05900612,74.88555143,30.44689031,143.9351117,191.2999463,68.73794207,0,2751.832041,2871.928645,2796.257025,3108.143405,2159.643913,2262.691356,2056.588099,2015.748674,2465.807693,2290.347221,2673.151802,1808.611419,2034.820935,1757.117302,872.9943725,956.0920109,839.9751521,523.0645885,685.7782337,592.670972,942.1939255,1020.3109,907.6021377,840.2127131,811.0234801,782.3572265,1,1,1,0,1,1,1,0,1,1,1,0,1,1,1,0,0,0,1,0,0,0,0,ENSMUSG00000031987,ENSG00000135766
Adamts8,-3.501209314,0.178016622,1.549540089,1.192903495,1.206550439,0.503076267,0.384522285,484.6833403,332.1371899,110.1854478,10.4839772,9.134067093,129.592823,0.579696807,11.65049866,0,179.3328746,212.0567185,122.6173942,133.1931134,374.0559719,329.2561372,474.7894762,716.9680789,90.58069077,88.15809164,251.3935864,253.8810621,399.6969694,327.598141,202.2479631,253.3167371,115.2907072,436.5426265,438.4337406,449.1718643,218.2795311,270.3315424,124.5728424,359.2764769,159.1173446,351.9341569,1,1,1,1,0,1,1,1,0,1,1,1,0,1,1,0,0,0,1,0,0,0,0,ENSMUSG00000031994,ENSG00000134917
Aplp2,1.280037402,0.48286711,-0.68767522,-0.383669929,-0.927900114,-0.175055944,0.556709243,5302.551604,4150.543727,1262.12422,15327.57467,9522.772392,6398.709664,12289.57231,6498.64815,2002.230934,22091.18199,25687.66077,20826.81835,29620.87122,14209.42182,15307.71156,16346.50189,15119.40225,17005.01501,14791.16462,16991.06402,11777.51918,11942.14223,13672.569,17285.80059,20851.38208,18012.40834,8072.761243,11650.19351,9787.425438,18655.99233,22251.92991,19462.5999,15183.70825,17596.71589,20691.53411,1,1,1,0,1,1,1,0,1,1,1,0,1,1,1,0,0,0,1,1,0,0,0,ENSMUSG00000031996,ENSG00000084234
Dcun1d5,-0.376735351,0.893907147,1.125865002,0.486499467,0.665031812,0.330418431,0.240505284,212.4110256,389.2891464,775.4718259,482.2629512,312.5880738,239.2088867,462.5980519,242.330372,383.4843778,636.9408993,771.4326715,673.3073481,810.1060593,1560.919103,1326.740304,1648.019261,1773.755858,596.826107,598.5934422,641.0536454,794.2517629,1006.892126,770.6001725,528.2341315,482.0164872,510.5731317,929.4556221,846.5075073,636.900149,570.1056108,514.3926215,551.6797308,595.9427275,803.8988229,659.1380732,1,1,1,1,0,1,1,1,0,1,1,1,0,1,1,0,0,0,1,1,0,0,0,ENSMUSG00000032002,ENSG00000137692
Pdgfd,4.76105596,0.098670841,-1.336882863,-0.689512889,-0.993976846,-0.341195015,0.143957158,37.65468182,73.5480096,0,1073.858807,1616.729875,79.39481251,286.9499194,2980.197556,0,2145.037616,2271.537606,2295.629795,2533.405999,683.4167285,1066.573979,1175.728677,733.7016247,2179.975291,1935.951692,2020.575951,1147.123147,1147.455415,1508.626666,1669.185721,2142.471965,1574.071083,777.3867192,1074.207311,851.1659399,1801.49689,2286.377748,1700.800645,1529.301194,1610.172531,1433.899599,1,1,1,0,1,1,1,0,1,1,1,0,1,1,1,0,0,0,0,0,0,0,0,ENSMUSG00000032006,ENSG00000170962
Pou2f3,1.52587465,NA,1.899646029,-0.674854589,-1.440566639,-0.034990472,0.976601277,0,0,0,0,0,0,1.159393614,0,0,41.74127253,43.63306965,118.2641139,74.80709106,298.7742668,247.211985,258.6353199,236.8440332,179.1484773,166.6187932,163.4058312,93.16736222,91.79643317,133.0867448,75.0962901,92.11517713,68.23327566,31.46253164,33.93173552,21.62315321,81.04893983,98.30237906,73.7267843,92.19528639,97.37031533,59.07767622,1,1,1,1,0,1,1,0,1,1,1,0,1,1,1,0,0,0,0,0,0,0,0,ENSMUSG00000032015,ENSG00000137709
Ubash3b,3.900021294,0.231291275,2.15280173,0.828603121,1.015543469,0.438093736,0.492624391,7.724037296,0,0,32.94964263,133.9663174,24.58678065,3.478180841,27.96119677,0,88.89345075,60.21363612,74.73131127,45.61407992,302.3030968,256.9277398,261.1342119,383.5843582,73.47100474,102.2633863,85.89280869,138.5864513,201.7609104,124.7106559,104.9641328,77.82144275,164.7010102,242.5236814,176.8022009,279.1352505,113.2843136,83.04856162,177.9612035,182.489639,111.6196298,208.4598004,1,1,1,1,0,1,1,1,0,1,1,1,0,1,1,0,0,0,0,0,0,0,0,ENSMUSG00000032020,ENSG00000154127
Dixdc1,-0.186064662,0.977090499,-1.670410989,-0.932706803,-1.462326809,-0.442758123,0.020516101,545.510134,455.3418174,293.8278608,543.6691034,334.9157934,342.6782553,621.4349769,431.0684502,0,1259.968041,1226.089257,1515.66708,1265.334577,363.4694821,432.8908558,463.5444623,395.1691207,1296.31033,969.7390081,1325.053695,511.2559002,648.3123093,719.412963,1152.04536,1217.349712,1251.727678,331.667521,527.7277814,451.1376055,1243.364418,1299.116785,1352.505146,909.5967946,1060.386483,897.1367117,1,1,1,0,1,1,1,0,1,1,1,0,1,1,1,1,0,1,1,0,0,0,0,ENSMUSG00000032064,ENSG00000150764
Cadm1,3.801627254,NA,-0.728880239,-0.51397842,-0.609733155,-0.31243948,0.14137315,35.72367249,0,107.6812331,80.87639554,3240.564025,47.63688751,268.9793184,128.1554852,228.6156867,1007.201446,1014.9052,1107.184281,1377.545213,669.3014088,639.0807646,675.9502806,734.9888205,657.2132342,715.8437041,685.047523,504.268348,463.7632301,474.6450338,1197.273807,1080.765139,1198.788067,807.538312,718.8170288,752.8788798,1292.177984,1153.358085,1295.303331,966.6248068,1036.637625,1008.54033,1,1,1,0,1,1,1,0,1,1,1,0,1,1,1,0,0,0,0,1,0,0,0,ENSMUSG00000032076,ENSG00000182985
Il10ra,6.439128797,NA,2.039074655,0.920972419,2.443751842,2.264253004,6.47325E-13,2.896513986,9.837631858,0,0,2176.952657,0,0,44.27189489,0,74.20670672,82.90283234,76.9079514,54.7368959,252.8994778,228.8600035,329.8537413,378.4355748,65.41938778,137.526623,79.60796903,182.8409484,154.906481,199.1647789,53.76211678,75.43915368,57.64535358,280.5409071,271.4538842,466.8635351,58.02367283,80.50625872,62.28642122,412.5026216,203.0527307,350.2462233,1,1,1,1,0,1,1,1,0,1,1,1,0,1,1,1,1,0,0,0,0,0,0,ENSMUSG00000032089,ENSG00000110324
Stt3a,0.222668992,0.943265221,0.477785456,0.614934698,0.444436979,0.049631203,0.913667626,1746.597934,1476.113237,2650.293915,2806.710468,1406.646332,1107.429578,2381.974179,2513.01256,3495.607597,2846.136397,3817.020933,3143.7939,3703.863289,4605.12305,4136.752517,5025.271772,5047.09486,2246.401131,2522.203002,2353.672453,3569.474565,3771.303463,3568.213842,2300.677251,2921.480488,2198.758486,3591.972362,3405.674718,3104.888226,2483.044793,3117.710798,2375.782066,3024.38558,2617.124085,2617.141056,1,1,1,1,0,1,1,1,0,1,1,1,0,1,1,0,0,0,1,1,0,0,0,ENSMUSG00000032116,ENSG00000134910
Cgnl1,-1.533357987,0.60823907,-0.944579625,-0.354129756,-0.902272388,-0.15103696,0.599424456,3814.70892,3981.898609,883.9877972,1398.862101,216.1729212,2910.972384,741.432216,694.3697199,33.18614808,9966.888296,9223.158263,9099.081307,8886.535049,5793.162457,4702.425356,3922.010962,4897.780144,10234.61161,9682.403205,9765.593359,8222.019716,7747.236474,7254.623605,8217.070198,9326.661684,10044.40875,3772.881919,6430.956822,4552.656621,8868.411836,9953.11588,10853.09111,8026.692717,9770.279933,8927.480843,1,1,1,0,1,1,1,0,1,1,1,0,1,1,1,0,0,0,1,1,0,0,0,ENSMUSG00000032232,ENSG00000128849
Rora,-0.453959312,0.848311748,-0.334400717,-0.856576858,-1.383369399,-0.520702749,0.049137214,428.6840699,824.0187828,380.6406379,323.5055822,273.0071164,464.0754847,395.3532223,672.2337724,254.4271352,963.9142008,966.0361621,885.8925345,1032.702769,719.8813044,755.669823,682.1975105,894.6011038,959.1488701,788.1333393,776.1776981,471.6597712,437.9454832,483.9517992,2192.299651,2172.647626,2839.915991,819.3367614,911.6921571,1028.082648,2366.076437,2318.580251,3068.559609,1458.016179,1570.986917,2370.70275,1,1,1,0,1,1,1,0,1,1,1,0,1,1,1,1,0,1,1,1,0,0,0,ENSMUSG00000032238,ENSG00000069667
Psma4,-0.248207572,0.933752281,0.416068091,0.879842681,0.480034105,0.313619571,0.173664363,1685.77114,1605.407827,4559.340272,2674.911897,1494.942314,1808.665051,2137.921824,2427.96392,2677.015945,1804.923544,2028.937739,1748.567574,1932.212425,2397.251795,2357.689848,2546.370928,2724.993578,1020.542449,1121.370926,1130.223666,2053.175745,2123.74873,1845.531573,789.364413,830.6247869,809.3878217,1190.332447,1250.116572,948.4701293,851.9348789,886.4162802,874.5522,1036.959355,999.8268964,1208.560462,1,1,1,1,0,1,1,1,0,1,1,1,0,1,1,0,0,0,1,1,0,0,0,ENSMUSG00000032301,ENSG00000041357
Pstpip1,21.39181093,NA,1.82385318,2.209758875,3.354775004,3.342829342,1.52361E-08,0,0,0,0,194.860098,0,0,10.48544879,0,13.91375751,8.72661393,5.078826979,9.122815983,23.52553282,35.62443451,34.98448772,36.04148332,13.08387756,19.39478016,11.52220604,88.50899411,71.71596341,45.60315031,6.826935464,7.146867191,8.235050511,69.47975737,59.82700737,96.32131883,7.368085439,7.626908721,8.898060174,94.09622013,42.74794331,102.96395,1,0,1,1,0,1,1,1,0,0,1,1,0,0,1,1,1,0,0,0,0,0,0,ENSMUSG00000032322,ENSG00000140368
Tspan3,-0.05126876,0.987869484,-0.269595153,-0.414474239,-0.626109489,-0.29118122,0.180907012,3687.262304,3446.450361,7512.644169,5563.996471,7409.758205,2557.537412,4898.438018,3636.12063,4203.578756,3456.022768,3571.803082,3117.674219,3460.284102,2573.693291,2814.330327,3006.167052,2892.329036,2641.936814,3161.349166,2995.773571,2203.408117,2005.178337,2393.700053,1314.185077,1366.639826,1241.139756,947.8087656,874.1886599,721.4270206,1418.356447,1458.434434,1341.064783,1125.352774,1077.010683,1244.007068,1,1,1,0,1,1,1,0,1,1,1,0,1,1,1,0,0,0,1,1,0,0,0,ENSMUSG00000032324,ENSG00000140391
Hmg20a,-0.436500893,0.888200005,-0.781157198,-0.38917908,-0.564773544,-0.251859207,0.322579207,644.9571142,300.7504597,262.9425459,458.2995747,409.0032265,276.6012823,142.6054145,375.1460567,121.6825429,1036.574934,1212.999336,882.264801,936.9132015,578.7281074,607.7744434,595.9857372,584.3869081,1069.858603,1015.581216,1009.764239,753.491042,748.714658,859.9451201,816.6721549,803.6255108,841.1515879,541.4177319,572.3748018,549.4246656,881.4072206,857.6035139,908.8732892,717.6024869,710.0908362,794.1727617,1,1,1,0,1,1,1,0,1,1,1,0,1,1,1,0,0,0,1,1,0,0,0,ENSMUSG00000032329,ENSG00000140382
Neo1,-0.971865227,0.899947864,-0.668495936,-0.604990707,-1.373687604,-0.439580035,0.022352831,39.58569114,75.8903029,4.173691205,2.995422057,87.28108555,26.12345444,0,4.660199462,0,1365.867196,1604.824302,1301.6308,1513.475172,935.1399297,829.0777487,918.3428026,957.6736996,1181.574789,1095.805079,1092.514628,698.7552167,621.5383496,894.3801519,1077.802436,1170.498027,1134.084099,336.9112763,455.3996083,510.1098416,1163.236489,1249.118162,1225.390001,807.8968395,911.956124,962.1221556,1,1,1,0,1,1,1,0,1,1,1,0,1,1,1,1,0,1,0,0,0,0,0,ENSMUSG00000032340,ENSG00000067141
Aph1b,0.836049533,0.670746959,-0.696198722,-0.480783868,-1.267662549,-0.769749733,0.002610252,160.2737739,163.960531,143.5749774,86.86723966,354.1988239,336.5315601,264.9214407,140.9710337,490.4175216,428.2345367,466.8738453,444.0345873,494.4566263,203.4958589,287.1545327,324.8559574,316.6501749,358.2969546,347.3428811,338.3338684,272.5145345,207.4981875,268.9655192,465.0849785,428.8120315,362.3422225,200.5736392,145.5492866,177.8995787,501.9508205,457.6145232,391.5146477,294.6447297,290.9235031,209.3037672,1,1,1,0,1,1,1,0,1,1,1,0,1,1,1,1,0,1,1,1,0,0,0,ENSMUSG00000032375,ENSG00000138613
Plscr4,-1.973031619,0.503922452,-2.238387455,-0.620136722,-1.098870784,-0.243060867,0.440530425,1140.261006,437.5403883,655.2695192,97.35121686,98.44494533,568.5693025,314.1956693,55.92239355,0,1872.946358,2237.503812,1690.523837,2540.704251,430.5172506,489.0263283,468.5422462,378.4355748,1436.207175,1108.147212,1054.80559,654.5007196,703.7726543,981.8637464,1082.922638,1390.462717,979.9710108,321.1800105,695.6005782,592.670972,1168.762553,1483.857463,1058.869161,994.188346,1170.81867,975.6256244,1,1,1,0,1,1,1,0,1,1,1,0,1,1,1,0,0,0,1,0,0,0,0,ENSMUSG00000032377,ENSG00000114698
Ciao2a,-0.762454319,0.785223801,-0.536128633,0.442006246,0.620927738,0.285605919,0.500582427,370.7537902,1035.293638,1988.34649,617.0569438,908.3322276,617.7428638,763.4606946,955.3408897,136.4319421,946.1355106,1240.05184,869.2049602,983.439563,604.6061935,743.7950115,745.919256,689.9369664,518.3228417,548.34333,520.5942185,624.2213269,782.1821076,748.2639356,219.3153018,227.1115574,183.5239828,395.9035231,253.595076,323.3644275,236.6997447,242.3662105,198.2996267,278.4867929,315.8598034,234.6227713,1,1,1,0,1,1,1,1,0,1,1,1,0,1,1,0,0,0,1,1,0,0,0,ENSMUSG00000032381,ENSG00000166797
Dpp8,-0.147000412,0.959807152,-0.435972979,-0.333925656,-0.551976033,-0.166667643,0.580722831,1414.46433,967.8355914,551.7619773,1028.927477,811.9170749,731.9689489,688.1001097,1453.982232,582.6012662,2928.845956,3430.431936,3358.555727,3410.108615,2261.979981,2518.539567,2627.584917,2295.07017,2896.569201,2575.097857,2558.977215,2185.939236,2004.222124,2181.505802,3233.407309,3859.308283,3141.083552,2052.930189,2487.731978,2438.501959,3489.709466,4118.530709,3393.974381,3041.493984,3732.13294,3033.21669,1,1,1,0,1,1,1,0,1,1,1,0,1,1,1,0,0,0,1,1,0,0,0,ENSMUSG00000032393,ENSG00000074603
Tfdp2,0.221452946,0.955596004,-1.450854073,-0.76643468,-0.643072562,-0.286965432,0.181066649,254.8932308,186.9150053,336.3995111,218.6658102,391.7499886,564.4715057,172.7496484,421.7480513,40.56084765,948.4544702,911.9311557,838.7319983,922.3166959,335.2388427,354.0852885,313.6109435,320.5117624,945.0585404,915.9625721,845.3109343,485.6348756,498.1868925,605.8704255,1152.898726,1233.231639,1201.140939,728.8819829,836.6851628,730.272856,1244.285429,1316.065471,1297.845634,995.1388129,1107.884198,1060.022305,1,1,1,0,1,1,1,0,1,1,1,0,1,1,1,0,0,0,1,1,0,0,0,ENSMUSG00000032411,ENSG00000114126
Ptgs2,1.124064187,0.782077626,6.372839997,0.907027359,1.838501225,1.392622193,9.73251E-11,182.4803811,396.3160263,1091.002881,203.6886999,2915.797195,3160.937987,185.5029782,618.6414786,191.7421889,480.0246341,517.4882061,1916.168865,670.5269748,56563.61484,30402.75604,96840.81034,113255.2125,899.768195,1577.148259,1766.039945,2565.596237,2797.878786,2592.864832,322.5727007,366.0784195,244.6986438,1291.274736,875.9745407,1181.410462,348.142037,390.6672134,264.3995023,1049.315424,736.2145793,854.9383716,1,1,1,1,0,1,1,1,0,1,1,1,0,1,1,1,1,0,1,1,0,0,0,ENSMUSG00000032487,ENSG00000073756
Trib1,1.351666477,0.74229918,2.528245826,1.055354607,0.674273924,0.422625613,0.210892933,374.6158089,179.4196667,318.0352698,293.5513616,1023.015514,1815.323971,539.1180304,777.0882603,0,360.9847087,405.7875478,327.9471135,718.8778995,2352.553282,2075.932957,2568.860955,3457.408007,336.155008,326.1849391,738.4686601,1052.791193,1123.550093,733.373111,215.0484671,266.8163751,221.169928,348.7097257,431.2902173,342.0389689,232.0946913,284.7379256,238.9764732,384.9390824,276.6741887,351.0901901,1,1,1,1,0,1,1,1,0,1,1,1,0,1,1,0,0,0,1,0,0,0,0,ENSMUSG00000032501,ENSG00000173334
Myd88,0.126345304,0.969755435,2.90635454,0.689475098,0.742487094,0.393781738,0.334994625,1266.742117,1028.266758,1111.036599,1484.231629,2397.185164,1243.681321,968.6733642,700.1949692,637.911513,537.2256372,617.8442663,542.7089401,540.9829878,4065.212072,3477.160714,4847.850441,4393.199377,434.7873157,617.1066415,820.1715757,1013.195064,1142.67435,862.7371497,171.5267535,170.7307162,127.055065,209.7502109,312.529143,263.4093209,185.1231467,182.198375,137.284357,247.1213862,207.8025022,210.147734,1,1,1,1,0,1,1,1,0,1,1,1,0,1,1,0,0,0,1,1,0,0,0,ENSMUSG00000032508,ENSG00000172936
Rpsa,-0.346332714,0.923089582,0.551035657,1.176908293,0.587432242,0.233913666,0.391821541,2454.312851,3214.094866,11179.64926,4650.392744,4406.679924,3294.116382,5180.750363,2021.361517,6954.341697,6546.422908,7117.426322,5906.675777,6529.199399,9026.746944,9621.835904,9860.627753,9728.626104,3278.014554,3638.284442,4077.813466,8339.643511,9442.601849,7074.072357,2108.669691,2528.402793,1790.535268,3356.003375,3368.171221,2938.783095,2275.81739,2698.230818,1934.692512,2842.846408,2695.495315,2591.822052,1,1,1,1,0,1,1,1,0,1,1,1,0,1,1,0,0,0,1,1,0,0,0,ENSMUSG00000032518,ENSG00000168028
Slco2a1,2.691864883,0.087211335,-1.274280808,1.746175343,2.255806611,0.431079457,0.510699396,653.6466562,1082.607963,116.0286155,7939.366163,797.7085261,3282.335217,4432.941482,6473.017053,1014.021191,317.6974631,281.86963,250.3136154,240.842342,116.4513875,107.9528319,118.697369,108.12445,197.2646155,181.6056688,205.3047622,450.6971147,955.2566327,551.8911864,92.16362876,119.1144532,79.99763354,439.1645041,508.9760328,450.1547349,99.46915343,127.1151453,86.43829883,168.232636,79.55867228,173.8571614,1,1,1,0,1,1,1,1,0,1,1,1,0,1,1,0,0,0,1,1,0,0,0,ENSMUSG00000032548,ENSG00000174640
Atp2c1,-0.0825869,0.97749557,-0.605786167,-0.378792899,-0.626443865,-0.143280668,0.635800308,1161.502108,788.4159246,577.6388628,960.0327693,1160.026521,677.160917,720.5631309,590.6802818,663.7229615,3694.102619,4612.888124,3954.955123,5093.268163,2658.385209,2798.137402,2889.968575,3057.090103,3116.982215,2935.664452,2679.436642,2181.280868,2045.339277,2488.62906,3501.364526,4217.445739,3672.832528,2328.227341,2593.098946,2457.176501,3778.906819,4500.723579,3968.534838,3368.454587,4123.989087,3601.206349,1,1,1,0,1,1,1,0,1,1,1,0,1,1,1,0,0,0,1,1,0,0,0,ENSMUSG00000032570,ENSG00000017260
Manf,1.523338964,0.224417212,1.965781794,1.003583903,1.101063222,0.483625348,0.088005775,180.5493718,147.5644779,307.1836727,425.3499321,358.2584093,300.1636138,524.0459134,932.0398924,1117.266985,1229.821567,1336.044593,1506.960519,1870.177277,5477.920318,4672.198563,6340.938399,6721.736639,981.2908167,1158.397324,1144.888291,2068.315441,2353.239813,2163.822948,303.7986281,306.5211929,271.7566669,773.4539028,597.3771333,525.8357712,327.879802,327.1096407,293.6359857,520.8558448,365.7324039,439.7067044,1,1,1,1,0,1,1,1,0,1,1,1,0,1,1,0,0,0,1,1,0,0,0,ENSMUSG00000032575,ENSG00000145050
Thsd7a,0.502166108,0.897196924,-0.491323105,-0.826031311,-1.645241524,-0.990452663,3.5278E-07,436.4081072,545.2858801,274.6288813,362.4460689,223.2771956,1615.044154,422.5989722,761.9426121,169.6180902,170.0570362,171.041633,211.134093,186.1054461,123.5090473,133.8615115,161.1785327,106.8372541,243.561413,247.7242375,214.7320217,128.1051231,106.1396259,163.7990705,817.5255218,931.4750239,1083.49736,297.5831117,316.993845,289.9468271,882.3282313,994.0404366,1170.730489,533.2119141,435.7915332,561.2379241,1,1,1,0,1,1,1,0,1,1,1,0,1,1,1,1,0,1,1,1,0,0,0,ENSMUSG00000032625,ENSG00000005108
Crebl2,-0.928284051,0.837713381,-0.749538143,-0.824380559,-0.92657183,-0.360804537,0.119421234,274.203324,408.4959514,852.267744,181.2230345,313.6029702,328.3359666,554.1901473,233.0099731,0,1091.456978,1142.313763,1113.714202,1143.088843,657.5386424,783.7375593,623.473549,603.6948456,1136.284443,1010.29173,920.7290102,524.0664125,518.2673623,688.7006373,614.4241918,626.5420238,612.9230452,280.5409071,362.5338059,330.2445217,663.1276895,668.6256645,662.2699072,537.0137816,529.5995199,486.9688454,1,1,1,0,1,1,1,0,1,1,1,0,1,1,1,0,0,0,1,0,0,0,0,ENSMUSG00000032652,ENSG00000111269
Oas3,-1.53501937,0.694812226,7.350248788,2.730354772,4.521007278,3.943536716,9.41661E-19,3106.994002,1509.373802,814.7045232,386.4094454,249.6645005,1855.27749,417.9613977,836.5058035,0,1.545973057,5.235968358,5.078826979,2.736844795,463.4529966,495.5034982,765.9103918,665.4802456,2.012904239,7.052647331,9.427259491,37.26694489,60.24140927,25.1282665,8.53366933,15.08783074,3.529307362,249.0783755,133.0481209,269.3065445,9.210106799,16.10125174,3.81345436,157.7775004,138.9308158,172.1692278,1,0,1,1,0,0,1,1,0,0,1,1,0,0,1,1,1,0,1,0,0,0,0,ENSMUSG00000032661,ENSG00000111331
Nlrp3,6.961513782,NA,3.296049774,1.737192729,1.438140036,1.454817918,0.033241039,9.65504662,0,3.338952964,2.995422057,3097.463641,0,3.478180841,110.6797372,0,16.23271709,21.81653483,10.88320067,20.07019516,135.2718137,107.9528319,139.9379509,290.9062582,17.10968604,26.44742749,14.66462587,95.49654628,43.98579089,56.77126875,20.48080639,30.96975783,9.411486298,38.01722573,56.25524574,72.73242442,22.10425632,33.04993779,10.16921163,80.78968395,42.74794331,58.23370942,1,1,1,1,0,1,1,1,0,0,1,1,0,1,1,1,1,0,0,0,0,0,0,ENSMUSG00000032691,ENSG00000162711
Mctp2,2.692292554,0.355574736,6.77474876,2.825130014,2.145048137,0.698139037,0.234455153,0,0.93691732,17.52950306,55.41530806,78.14701846,46.10021372,21.44878185,34.95149597,0,1.545973057,2.617984179,22.49194805,16.42106877,897.4990772,673.6256708,1749.224386,1405.617849,20.12904239,15.8684565,28.28177847,180.5117643,183.5928663,89.34494754,46.93518132,42.08710679,72.93901881,348.7097257,141.977525,222.1287557,50.65558739,44.91401802,78.81139011,91.24481952,73.62145793,114.7794852,1,0,1,1,0,1,1,1,0,1,1,1,0,1,1,0,0,0,0,0,0,0,0,ENSMUSG00000032776,ENSG00000140563
Pdxk,-1.487628545,0.4529232,-2.237789355,-1.079381895,-1.254331041,-0.456140306,0.024575001,4627.663845,8791.095212,10069.4474,2872.609753,478.0161779,4419.473822,6526.226652,1117.282821,1334.820623,2455.005214,3002.827853,2965.309409,3909.126649,695.1794949,729.7611434,543.5090056,644.8851122,2841.214334,1739.359148,3339.344806,1283.380415,1133.112222,1330.867448,1373.920762,1344.405128,1239.96332,491.6020568,612.5571202,553.356148,1482.827195,1434.706274,1339.793632,1070.225696,1153.007027,883.6332429,1,1,1,0,1,1,1,0,1,1,1,0,1,1,1,1,0,1,1,1,0,0,0,ENSMUSG00000032788,ENSG00000160209
Abcc4,0.212281115,0.975162615,-1.160223477,-0.840139667,-0.484407551,-0.107766785,0.779515418,174.7563438,105.8716571,80.13487113,73.3878404,79.1619148,508.1268001,91.59209548,80.38844072,0,6496.95177,7360.89885,11712.50056,10029.62389,3598.230245,5706.386692,3567.168301,3055.802907,11903.30922,8760.269566,12829.45269,5360.617104,7403.956063,5942.369688,4224.166318,4851.928726,3832.827795,2838.182542,3394.959433,2993.823849,4559.002865,5177.823587,4141.411435,4144.035553,5011.008911,3730.33327,1,1,1,0,1,1,1,0,1,1,1,0,1,1,1,0,0,0,1,0,0,0,0,ENSMUSG00000032849,ENSG00000125257
Ugt8a,#N/A,#N/A,-0.964417169,-1.072908152,-2.320866954,-1.416982123,3.62325E-05,#N/A,#N/A,#N/A,#N/A,#N/A,#N/A,#N/A,#N/A,#N/A,211.7983088,89.01146209,116.0874738,89.40359664,63.51893862,65.85122743,68.71952945,61.78539997,41.26453691,62.59224507,56.56355694,16.30428839,26.77395967,32.57367879,390.8420553,316.0503491,497.632338,99.63135019,55.36230533,87.47548343,421.8228914,337.2788523,537.6970648,114.0560244,113.9945155,254.8779745,1,1,1,0,1,1,1,0,1,1,1,0,1,1,1,1,0,1,0,0,0,0,0,ENSMUSG00000032854,#N/A
Pkd1,-0.031479907,0.99624411,-0.385310553,-0.51883978,-0.564158511,-0.262406514,0.377675398,187.3079044,80.10643084,6.677905928,74.88555143,275.0369091,44.56353993,50.4336222,89.70883965,0,1698.251403,1864.877397,1822.573339,1520.773424,1383.30133,1396.909644,1204.465934,1302.642183,3281.03391,2840.453713,2866.934358,2182.44546,1920.075394,2171.26836,2266.542574,2747.573387,1876.415081,1386.97327,1601.042152,1672.845762,2446.204366,2932.122686,2027.486568,2312.485895,2067.338036,1798.493257,1,1,1,0,1,1,1,0,1,1,1,0,1,1,1,0,0,0,0,0,0,0,0,ENSMUSG00000032855,ENSG00000008710
Ccdc85a,-1.300674164,0.730624536,-1.225901775,-0.845681387,-0.585573875,-0.062978954,0.899861035,70.48184033,121.3307929,8.34738241,22.46566543,14.20854881,90.66375364,18.55029782,13.98059839,0,586.696775,506.143608,1841.437553,1258.948606,459.9241667,534.3665177,416.0655147,382.2971623,1226.865134,921.2520576,824.3614688,581.1314219,456.1135273,617.0385439,692.0805827,622.571542,567.0420495,369.6847467,483.080761,400.0283343,746.9396614,664.388493,612.6950005,596.8931944,727.9024792,616.0957663,1,1,1,0,1,1,1,0,1,1,1,0,1,1,1,0,0,0,0,0,0,0,0,ENSMUSG00000032878,ENSG00000055813
Sgpp2,-0.874345056,0.810274417,-3.910755375,-1.19202953,-1.407009543,-0.230494816,0.435796735,848.6785979,2036.858253,945.758427,790.7914231,74.08743309,1849.643019,986.0642685,229.5148235,247.0524357,5114.851858,6958.601948,2971.113783,4678.180036,185.8517093,582.945292,338.5998633,203.3769416,1836.775118,1325.897698,1328.196115,519.4080444,507.749021,937.1912726,1163.13913,1286.436094,1094.085282,326.4237657,470.5795953,536.6473478,1255.337557,1372.84357,1182.170852,1110.145304,1227.815927,914.0160478,1,1,1,0,1,1,1,0,1,1,1,0,1,1,1,0,0,0,1,1,0,0,0,ENSMUSG00000032908,ENSG00000163082
Adgre4,#N/A,#N/A,3.368515417,2.991717372,2.922256183,2.39212443,0.006094179,#N/A,#N/A,#N/A,#N/A,#N/A,#N/A,#N/A,#N/A,#N/A,13.14077098,19.19855065,7.255467113,17.33335037,84.69191816,206.1899088,156.1807487,133.8683666,3.019356359,20.27636108,8.379786214,137.4218593,44.94200374,73.52344641,11.94713706,10.32325261,0,41.95004218,66.97053064,66.83520082,12.89414952,11.01664593,0,57.0280122,30.87351462,42.19834016,1,0,1,1,0,0,1,1,0,0,1,1,0,0,1,1,1,0,0,0,0,0,0,ENSMUSG00000032915,#N/A
Fkbp1a,0.689938026,0.779826271,1.02219366,1.559794206,0.837040884,0.183383409,0.676339084,7417.972318,7195.993475,11551.94252,29374.6064,5572.795823,9672.849287,21146.18012,8846.223629,9808.350431,6143.696927,7574.700892,7716.914822,7343.866866,14538.77928,14147.21862,13005.48331,16759.28974,4825.937914,4144.311888,5093.862545,14550.41279,17344.7448,9566.424122,1199.833908,1367.433923,959.9716024,2085.70366,2213.599273,2007.021766,1294.941016,1459.281869,1037.259586,1793.530984,1421.369115,1094.624944,1,1,1,1,0,1,1,1,0,1,1,1,0,1,1,0,0,0,1,1,0,0,0,ENSMUSG00000032966,ENSG00000088832
Trim33,0.193744998,0.966806466,-0.382044149,-0.396727088,-0.62960115,-0.306929006,0.119849605,177.6528578,465.1794493,102.6728036,167.7436352,229.3665737,669.4775481,256.8056854,330.8741618,47.93554722,835.5984371,862.1894563,1004.882195,967.0184942,705.7659847,605.6153867,754.6653779,751.7223664,1033.626327,886.8704019,869.4028197,706.9073608,665.5241405,746.4025826,1687.106427,1828.803905,1829.357649,1021.221339,1265.296559,1165.684532,1820.838114,1951.641198,1976.64051,1515.044191,1656.482803,1476.941905,1,1,1,0,1,1,1,0,1,1,1,0,1,1,1,0,0,0,1,1,0,0,0,ENSMUSG00000033014,ENSG00000197323
Nfatc1,-0.071356313,0.991987611,-1.070419458,-0.56082792,-0.674350028,0.034843107,0.949414475,306.0649779,246.4092551,43.40638853,142.2825477,298.379525,371.3628327,81.15755296,238.8352224,0,1077.54322,1185.074172,1361.12563,1367.510116,537.558425,595.8996319,584.7407233,659.0442664,1079.923124,818.9886713,1111.369147,623.0567349,737.2401039,678.4631954,550.4216718,740.8918988,583.5121505,318.5581328,391.1078989,463.9149233,594.0518885,790.656204,630.4911209,727.1071556,679.2173215,659.98204,1,1,1,0,1,1,1,0,1,1,1,0,1,1,1,0,0,0,1,0,0,0,0,ENSMUSG00000033016,ENSG00000131196
Lmo7,1.780538476,0.520632078,-1.241566961,-0.75511702,-1.122371513,-0.153861407,0.630386263,37.65468182,8.432255878,0,85.36952863,16.2383415,59.93027783,21.44878185,73.39814153,58.99759658,3255.046271,3645.106639,2720.800167,3409.196333,1158.632491,1300.831624,1581.798623,1469.977641,2578.530331,1965.925444,1578.542228,1107.527018,990.636508,1529.10155,2306.65082,2713.427244,2879.914807,875.7071306,1583.183344,1165.684532,2489.491868,2895.683011,3111.778758,2247.854148,2567.251485,2819.693089,1,1,1,0,1,1,1,0,1,1,1,0,1,1,1,0,0,0,0,1,0,0,0,ENSMUSG00000033060,ENSG00000136153
Pfkm,0.392209397,0.892095337,-0.622630362,-0.445992038,-0.893458778,-0.590472198,0.005491759,709.6459266,344.317115,266.2814989,840.215887,685.055032,223.3299242,561.146509,653.5929746,501.4795709,1631.001575,1333.426609,1362.576724,1375.72065,979.838442,915.4400142,882.1088689,926.7809996,1184.594145,1245.673835,1073.660109,828.0249317,839.5548784,904.6175938,832.8861266,774.2439457,1009.381906,409.0129113,520.5842582,475.7093705,898.9064236,826.2484447,1090.647947,552.2212515,650.7186927,665.0458409,1,1,1,0,1,1,1,0,1,1,1,0,1,1,1,1,0,1,1,1,0,0,0,ENSMUSG00000033065,ENSG00000152556
Nol12,-0.290435786,0.964552559,1.045163907,1.129167226,0.922348425,0.477434921,0.234583558,22.20660723,2.3422933,40.06743557,40.43819777,3.044689031,40.46574315,8.115755296,11.65049866,0,317.6974631,318.5214085,274.2566569,319.2985594,623.4266198,606.694915,590.9879533,715.680883,204.3097803,242.434752,316.3369296,633.5380631,619.6259239,416.012412,141.6589109,141.3491511,141.1722945,272.6752742,330.3879511,200.5056025,152.8877729,150.8433058,152.5381744,185.3410397,181.6787591,266.6935098,1,1,1,1,0,1,1,1,0,1,1,1,0,1,1,0,0,0,0,0,0,0,0,ENSMUSG00000033099,ENSG00000273899
Dis3,0.638287576,0.619436494,0.492922123,0.695322169,0.630652842,-0.111257304,0.811113486,470.2007704,260.4630149,257.0993782,420.856799,450.6139766,457.9287896,483.4671369,636.1172266,626.8494636,326.9733015,353.4278642,348.2624214,374.9477369,452.8665068,455.5609504,547.2573436,520.0271165,314.0130614,330.5928437,337.2863951,589.283566,554.6034504,447.6554142,547.861571,590.0135914,494.1030307,1068.415137,616.1288819,847.2344575,591.2888565,629.6436866,533.8836104,614.9520649,542.6613915,469.2455425,1,1,1,1,0,1,1,1,0,1,1,1,0,1,1,0,0,0,1,1,0,0,0,ENSMUSG00000033166,ENSG00000083520
Ttc28,-0.072166695,0.99139432,-1.487941085,-0.515888067,-0.954344239,-0.399969631,0.05449688,189.2389138,493.2869689,64.27484455,194.7024337,191.8154089,310.4081057,218.5456962,499.8063923,3.687349786,1227.502607,1237.433855,1199.328714,1242.527537,444.6325703,437.208969,381.0810269,486.5600248,1503.639467,1437.858475,1441.323229,1006.207512,862.5039867,1195.91935,1326.985581,1645.367647,1274.079958,462.7614028,809.8969505,916.0353995,1432.171607,1755.883874,1376.657024,1158.619115,1195.75497,1108.128413,1,1,1,0,1,1,1,0,1,1,1,0,1,1,1,0,0,0,1,0,0,0,0,ENSMUSG00000033209,ENSG00000100154
AA467197,#N/A,#N/A,8.84755757,3.727716472,7.463322248,7.160443714,4.21169E-12,#N/A,#N/A,#N/A,#N/A,#N/A,#N/A,#N/A,#N/A,#N/A,0.772986528,0.872661393,2.902186845,1.824563197,806.9257758,518.1735929,442.3038804,1222.836041,24.15485087,7.934228248,30.37672503,306.2877033,349.9739015,162.868394,0.853366933,1.588192709,0,270.0533966,62.5058286,147.43059,0.92101068,1.694868605,0,127.3625606,65.30935784,222.807236,1,0,1,1,0,0,1,1,0,0,1,1,0,0,1,1,1,0,0,0,0,0,0,ENSMUSG00000033213,#N/A
Rac2,5.580401433,NA,1.10494609,1.905627348,3.340167258,2.185425334,0.000271585,19.31009324,0,0,29.95422057,1683.713034,36.36794638,28.98484034,53.59229381,0,81.936572,149.2250982,70.378031,92.14044143,158.7973465,237.4962301,187.4168985,261.3007541,49.31615387,102.2633863,105.7948009,369.1756728,283.0390023,313.6379929,11.09377013,15.88192709,9.411486298,94.38759491,130.3692996,148.4134606,11.97313884,16.94868605,10.16921163,57.97847907,42.74794331,78.48891269,1,1,1,1,0,1,1,1,0,0,1,1,0,1,1,1,1,0,0,0,0,0,0,ENSMUSG00000033220,ENSG00000128340
Noc4l,0.7089904,0.685392178,1.778278678,0.906292408,1.334697147,0.453667941,0.707312495,282.892866,290.4443691,105.1770184,353.4598027,518.6120316,258.1611968,363.4698979,234.175023,494.1048713,199.4305243,220.7833324,186.4655048,207.0879228,668.1251321,647.7169912,679.6986185,794.1998288,177.1355731,210.697839,221.0168614,365.6818967,415.9525878,359.2411432,38.40151199,32.55795054,21.17584417,81.27820673,66.97053064,86.49261283,41.44548059,34.74480639,22.88072616,59.87941281,56.99725775,20.25520328,1,1,1,1,0,1,1,1,0,1,1,1,0,1,1,0,0,0,1,1,0,0,0,ENSMUSG00000033294,ENSG00000184967
Mif,-0.175783204,NA,1.05025488,0.867460414,1.392690047,0.37626401,0.649479903,1.931009324,2.3422933,4.173691205,2.995422057,4.059585375,0.512224597,2.318787227,2.330099731,3.687349786,426.6885636,496.5443326,538.3556598,604.8426997,1158.632491,974.8140717,1019.547928,1125.009158,351.2517898,403.7640597,508.0245392,800.0747231,827.1241114,676.6018423,45.22844745,68.29228649,38.82238098,179.5986181,111.6175511,113.030119,48.81356603,72.87935,41.94799796,75.08688273,60.55958636,77.64494589,1,1,1,1,0,1,1,1,0,1,1,1,0,1,1,0,0,0,0,0,0,0,0,ENSMUSG00000033307,ENSG00000240972
Specc1l,-0.171674493,0.971252078,-0.751273478,-0.587515009,-0.607080362,-0.108219811,0.751787212,125.5156061,96.03402528,25.04214723,64.40157423,78.14701846,95.27377501,81.73724977,107.1845876,7.374699572,3121.319601,3122.382464,2836.887641,2730.458824,1811.466027,1759.631159,1717.988236,1727.416808,3823.511603,3429.349765,3594.928286,2321.031911,2240.406697,2656.150836,3434.801905,4092.772611,3584.599844,1916.592552,2935.095123,2440.467701,3707.067986,4367.676394,3873.198479,3347.544316,4147.737944,3592.766681,1,1,1,0,1,1,1,0,1,1,1,0,1,1,1,0,0,0,1,0,0,0,0,ENSMUSG00000033444,ENSG00000100014
Crlf2,NA,NA,0.657115279,1.303343658,0.938188872,0.454051116,0.36147833,0,0,0,0,0,0,0,0,0,336.2491398,404.9148864,452.7411479,339.3687546,652.8335358,521.4121779,451.0500024,794.1998288,472.0260441,519.2511598,490.2174935,1371.889409,1356.866028,929.7458603,95.5770965,154.8487891,101.1734777,191.3970675,245.5586123,237.8546853,103.1531961,165.2496889,109.319025,207.2017777,155.5550159,156.1338586,1,1,1,1,0,1,1,1,0,1,1,1,0,1,1,0,0,0,0,0,0,0,0,ENSMUSG00000033467,ENSG00000205755
Cysltr2,-0.214369002,0.986560585,0.740047741,-0.778900423,-1.244200653,-0.097552867,0.858238962,32.82715851,151.7806058,0,0,35.52137203,0,18.55029782,71.0680418,195.4295387,214.1172683,258.3077723,229.9983075,319.2985594,472.8632097,371.3577416,409.8182847,450.5185415,250.6065778,288.2769597,293.2925175,163.0428839,136.7384369,185.2046308,371.2146159,476.4578127,339.9899425,156.0017194,193.7680686,151.3620724,400.6396457,508.4605814,367.36277,419.1558897,393.0435899,383.1609286,1,1,1,1,0,1,1,0,1,1,1,0,1,1,1,0,0,0,0,0,0,0,0,ENSMUSG00000033470,ENSG00000152207
Casp4,0.956480054,0.267821092,5.097190753,0.887944003,2.815115553,2.39304292,2.02772E-15,698.0598706,391.162981,700.3453842,1291.026907,1262.531051,1169.920979,1009.831838,1259.418905,947.648895,161.5541844,176.2776014,100.8509929,102.175539,4411.037404,3920.846853,3915.763733,6260.920531,177.1355731,296.2111879,292.2450442,430.8990503,542.1726834,443.9327081,40.96161278,47.64578127,50.58673885,367.0628691,300.9209177,309.6042391,44.20851263,50.84605814,54.6595125,337.4157389,226.8015881,219.4313688,1,1,1,1,0,1,1,1,0,1,1,1,0,1,1,1,1,0,1,1,0,0,0,ENSMUSG00000033538,ENSG00000196954
Dph5,-0.021691661,0.99624411,1.748696302,1.40204172,0.95608521,0.222384708,0.774483596,118.7570734,53.40428723,383.9795908,181.2230345,202.9792687,155.7162774,186.082675,213.2041254,154.868691,105.1261678,124.7905792,103.7531797,143.2282109,375.2322485,313.0632124,386.0788109,526.4630956,80.51616958,97.85548172,125.6967932,260.8686142,319.3750904,222.4316923,104.9641328,99.26204432,99.99704192,238.5908649,180.3739625,172.9852257,113.2843136,105.9292878,108.0478735,104.5513557,98.5577582,177.2330287,1,1,1,1,0,1,1,1,0,1,1,1,0,1,1,0,0,0,1,1,0,0,0,ENSMUSG00000033554,ENSG00000117543
Myo6,0.933933163,0.681656595,-0.62298633,-0.602464433,-1.137101659,-0.28000894,0.346406872,1942.59538,884.9184086,261.2730694,2857.632643,992.5686241,1363.029652,1287.506608,3350.683413,1950.608037,2853.866262,2512.392151,2092.476715,2266.10749,1686.780703,1385.034833,1530.571338,1713.257653,1980.697772,1718.201206,1674.909769,1115.679163,1175.185587,1247.106559,3722.386562,3762.428528,4196.346453,1554.773438,1959.111256,1793.738846,4017.448586,4015.143724,4534.197234,2683.167974,3362.838207,4300.854829,1,1,1,0,1,1,1,0,1,1,1,0,1,1,1,0,0,0,1,1,0,0,0,ENSMUSG00000033577,ENSG00000196586
Foxn3,-0.853332824,0.727155126,-1.125753687,-0.498878159,-0.747231291,-0.301759406,0.167223768,1056.2621,3191.60885,307.1836727,633.5317651,844.3937579,1317.953888,938.5291303,613.9812791,693.2217598,1250.692203,1107.407308,1046.238358,1056.422091,512.8566155,500.9011398,514.7717479,516.165529,1203.716735,1042.910224,1074.707582,795.416355,790.7880232,764.0854368,2175.232312,2552.225684,1961.118457,1152.315221,1437.634058,1393.710511,2347.656223,2723.653848,2119.009473,1885.72627,1950.968635,1999.357357,1,1,1,0,1,1,1,0,1,1,1,0,1,1,1,0,0,0,1,1,0,0,0,ENSMUSG00000033713,ENSG00000053254
Akr1c14,#N/A,#N/A,-1.488602259,-1.196295896,-1.573989721,-0.109892991,0.788769,#N/A,#N/A,#N/A,#N/A,#N/A,#N/A,#N/A,#N/A,#N/A,3262.776136,4312.692604,2445.817964,4493.899153,1005.716528,1299.752096,1695.498208,1171.348208,1316.439373,978.5548172,881.972499,413.4301699,399.6969694,572.3660702,1081.215904,1272.14236,1141.142714,312.0034387,517.9054369,341.0560983,1166.920531,1357.589752,1233.01691,1106.343437,1363.184415,1016.136031,1,1,1,0,1,1,1,0,1,1,1,0,1,1,1,0,0,0,0,0,0,0,0,ENSMUSG00000033715,#N/A
Adra2a,3.348449782,NA,1.313348261,-1.065299105,-1.074545098,-0.146819256,0.855590893,0,0,0,0,0,0,4.057877648,3.495149597,0,115.9479792,116.0639653,155.9925429,128.6317054,342.2965026,241.8143434,406.0699467,296.0550415,202.2968761,239.7900093,408.5145779,128.1051231,121.4390314,156.3536582,98.99056423,158.0251746,114.1142714,66.85787973,35.71761634,74.69816562,106.8372389,168.6394262,123.301691,122.6102262,110.4321869,127.4389873,1,1,1,1,0,1,1,0,1,1,1,0,1,1,1,0,0,0,0,0,0,0,0,ENSMUSG00000033717,ENSG00000150594
Sf3b3,0.60361968,0.786861959,0.433612088,0.361254356,0.531929716,0.181579869,0.556027374,1330.465424,542.4751282,646.9221368,1809.234923,1983.107455,968.6167127,937.9494335,1331.651996,623.1621139,2239.341972,2815.205654,2349.320251,2771.511496,3378.266513,3192.165238,3879.529799,3291.359744,1902.194506,2067.307249,2143.130324,2634.307167,2666.877626,2550.984388,1152.04536,1408.726933,1178.788659,2013.602025,1773.379651,1623.702232,1243.364418,1503.348452,1273.693756,1449.461977,1707.542847,1406.892661,1,1,1,1,0,1,1,1,0,1,1,1,0,1,1,0,0,0,1,1,0,0,0,ENSMUSG00000033732,ENSG00000189091
Mtss2,-1.399007056,0.853933513,-0.580139338,-0.690347672,-0.549786464,-0.264583722,0.309418307,0,135.8530114,0,2.995422057,21.31282322,30.73347581,28.40514354,18.64079785,0,1795.647705,1185.074172,1383.617578,1319.159191,1108.052596,904.644731,840.8771512,948.6633288,1279.200644,1362.924097,1449.703015,819.8727875,858.6791353,856.2224139,1591.52933,1608.045118,1676.420997,1004.179135,1184.038982,1140.129896,1717.684918,1716.054462,1811.390821,1215.647127,1492.615687,1656.706835,1,1,1,0,1,1,1,0,1,1,1,0,1,1,1,0,0,0,0,0,0,0,0,ENSMUSG00000033763,ENSG00000132613
Tlr13,#N/A,#N/A,1.368414652,1.813612848,1.725483665,0.955069202,0.111988774,#N/A,#N/A,#N/A,#N/A,#N/A,#N/A,#N/A,#N/A,#N/A,50.24412434,114.3186425,81.98677838,90.31587823,152.9159633,221.3033053,216.1541563,278.0342999,50.32260599,118.1318428,147.693732,443.7095626,309.8129619,358.3104667,43.52171358,84.96830994,61.17466094,180.9095569,185.731605,261.4435797,46.97154467,90.67547034,66.09987558,207.2017777,64.12191497,123.2191533,1,1,1,1,0,1,1,1,0,1,1,1,0,1,1,0,0,0,0,0,0,0,0,ENSMUSG00000033777,#N/A
Ston1,3.180390239,0.160510971,0.494513418,-0.664434424,-1.212583778,-0.488452897,0.081655759,6.758532634,4.216127939,0,13.47939926,30.44689031,24.58678065,54.49149984,73.39814153,0,508.6251356,572.4658738,748.0386594,768.1411058,841.0377984,1024.472374,908.3472347,884.3035371,955.1230616,863.9492981,901.8744913,585.78979,383.4413511,747.3332591,500.0730227,667.8350342,507.0438243,182.2204957,273.239765,265.3750621,539.7122584,712.6922482,547.8662764,505.6483748,417.9798902,361.2177917,1,1,1,1,0,1,1,0,1,1,1,0,1,1,1,0,0,0,0,0,0,0,0,ENSMUSG00000033855,ENSG00000243244
Lgals3bp,0.006615518,0.998288451,2.645943643,0.775947683,1.034599004,1.056627769,1.73552E-09,3199.68245,3066.530388,108.5159713,98.84892789,7305.223882,2091.413029,673.0279928,891.2631471,1747.803799,3592.841384,4289.130747,3054.551655,3566.108768,24048.97593,17630.8565,21852.81036,27235.77663,1631.458886,1839.859373,1885.451898,2822.971075,3942.465562,2406.729524,896.8886466,1005.325985,712.9200871,1950.676962,1642.117411,1772.115692,967.9822245,1072.851827,770.3177808,2150.906527,1892.783935,1811.996726,1,1,1,1,0,1,1,1,0,1,1,1,0,1,1,1,1,0,1,1,0,0,0,ENSMUSG00000033880,ENSG00000108679
Ccp110,-0.09003359,0.984343247,0.857862268,-0.489468106,-0.595198143,-0.209458449,0.578408829,182.4803811,301.2189183,65.94432104,124.3100154,224.2920919,186.4497533,51.013319,188.7380782,261.8018348,566.5991252,393.5702883,607.2825974,544.6321142,1100.994936,1034.188129,824.6343534,868.8571871,876.6197963,716.725285,777.2251713,532.2185567,636.8377551,518.386831,906.2756828,725.0099717,970.5595245,491.6020568,705.4229227,521.9042888,978.113342,773.707518,1048.699949,654.8716734,906.0189097,860.0021724,1,1,1,1,0,1,1,0,1,1,1,0,1,1,1,0,0,0,1,1,0,0,0,ENSMUSG00000033904,ENSG00000103540
Jcad,-1.183868875,0.675099993,-2.013481422,-1.11478605,-1.196796999,-0.232339966,0.390497262,4697.180181,9974.421787,1641.095382,1304.506306,360.288202,5996.613355,2398.20569,3509.130195,789.0928542,32164.74243,32815.55902,50084.48948,47002.57251,9406.684299,13810.40578,9335.860437,7585.445043,43591.45421,31517.39934,41029.52825,16328.74482,16819.78395,20477.67584,35729.62012,37123.21048,32837.85213,11496.93344,19204.46937,15401.58231,38561.79616,39616.7062,35481.65052,26761.34519,38729.63664,31267.28212,1,1,1,0,1,1,1,0,1,1,1,0,1,1,1,0,0,0,1,1,0,0,0,ENSMUSG00000033960,ENSG00000165757
Slc16a2,-1.647967557,0.335444707,-3.016396025,-0.491690603,-1.333965976,-0.458695415,0.101091477,2279.556507,3689.111947,685.3200958,702.4264724,312.5880738,1372.249695,1210.98663,246.9905715,398.2337769,8240.036392,11285.25713,7084.963636,11163.58992,972.7807822,1495.146721,1340.655547,858.5596205,4031.847192,3587.152749,3705.960453,2361.792632,2510.058719,3180.121726,2135.124066,2692.780738,1707.008327,592.5443458,1062.599086,934.7099409,2304.368721,2873.649719,1844.440759,1885.72627,1922.470006,1306.460611,1,1,1,0,1,1,1,0,1,1,1,0,1,1,1,0,0,0,1,1,0,0,0,ENSMUSG00000033965,ENSG00000147100
Rfc3,-1.117236137,0.371013232,0.759319353,0.916301125,1.165067309,0.35147897,0.656275169,216.2730443,214.5540662,500.0082063,140.7848367,240.5304334,123.4461278,123.4754199,138.640934,88.49639487,119.0399254,179.768247,124.0684876,104.0001022,208.2009655,196.474154,272.3792258,214.9617041,111.7161853,105.78971,94.27259491,164.2074759,251.4839784,172.1751593,57.17558451,62.73361201,42.35168834,148.1360865,120.5469551,98.28706003,61.70771555,66.94730988,45.76145232,88.39341891,67.68424358,67.51734425,1,1,1,1,0,1,1,1,0,1,1,1,0,1,1,0,0,0,1,1,0,0,0,ENSMUSG00000033970,ENSG00000133119
Kcnk1,1.779794529,NA,0.639494558,-1.082647715,-1.060329061,-1.063770035,1.54877E-05,0,22.01755702,0,4.493133086,147.1599698,0,0,0,0,285.2320289,174.5322786,331.5748471,163.2984061,423.4595908,408.0617044,347.3459852,310.2141957,167.0710519,278.5795696,252.4410597,128.1051231,84.14673041,118.1959202,416.4430633,367.6666122,499.9852096,260.8768248,212.5198172,143.4991076,449.4532118,392.362082,540.2393677,256.6260549,175.7415447,226.1831032,1,1,1,1,0,1,1,0,1,1,1,0,1,1,1,1,0,1,0,0,0,0,0,ENSMUSG00000033998,ENSG00000135750
Cct2,-0.027300743,0.994316726,1.102654869,0.865683527,0.459685895,0.062649773,0.884647879,1242.6045,1255.469209,5014.272614,2610.510323,2279.457188,1799.957233,2792.399519,1999.225569,3263.304561,2912.613239,3529.915335,3242.468253,3867.161695,6998.846015,6538.703026,7625.368877,7938.136701,2303.768902,2465.781823,2650.10739,4801.61293,4636.676088,4082.877967,1120.470783,1333.287779,1221.140347,1820.894019,1787.666698,1446.785524,1209.287023,1422.842194,1319.455209,1452.313377,1448.680301,1227.971699,1,1,1,1,0,1,1,1,0,1,1,1,0,1,1,0,0,0,1,1,0,0,0,ENSMUSG00000034024,ENSG00000166226
Galnt17,-2.214686299,NA,1.176392801,-0.872685019,-1.2778817,-0.288053771,0.456037561,1.931009324,74.48492692,0,0,0,32.2701496,0,0,0,200.9764974,202.4574432,225.6450272,193.4036988,481.0971462,370.2782133,462.2950163,548.3454248,325.0840347,356.1586902,350.9035477,204.9681969,140.5632883,218.7089862,305.505362,254.9049298,351.7543004,125.8501266,102.688147,147.43059,329.7218234,272.026411,380.0742846,270.883058,263.6123171,267.5374766,1,1,1,1,0,1,1,0,1,1,1,0,1,1,1,0,0,0,0,0,0,0,0,ENSMUSG00000034040,ENSG00000185274
Gpbp1l1,0.252387866,0.933612911,-0.422377346,-0.472292407,-0.628842196,-0.168940539,0.557648042,549.3721527,669.427425,443.246006,395.3957115,528.760995,513.249046,593.6095302,1309.516049,619.4747641,541.8635563,474.7277978,535.453473,483.5092471,390.5238448,374.5963265,363.5887831,391.3075332,806.1681479,708.7910568,707.0444618,542.6998849,518.2673623,540.7230679,1184.473303,1349.963803,1132.907663,686.9319408,842.0428052,841.3372339,1278.362824,1440.638314,1224.11885,1143.411645,1214.754056,1152.014686,1,1,1,0,1,1,1,0,1,1,1,0,1,1,1,0,0,0,1,1,0,0,0,ENSMUSG00000034042,ENSG00000159592
Golim4,0.568857607,0.885269361,-1.483020863,-0.733819674,-0.767458557,-0.106160019,0.740384252,1861.492988,1477.050155,272.1246666,2547.60646,2271.338017,1923.915586,1492.139581,2263.691889,210.1789378,5011.271663,4947.990099,5818.159078,6541.971342,2023.195823,2249.737016,1997.864138,1711.970458,6069.912734,5273.617042,4818.377073,3026.77468,2820.827894,3869.75304,4568.926559,5251.359193,5289.2553,2686.113639,3111.004383,3076.384979,4931.09118,5604.083041,5715.096935,4532.776503,5367.241772,5197.147574,1,1,1,0,1,1,1,0,1,1,1,0,1,1,1,0,0,0,1,1,0,0,0,ENSMUSG00000034109,ENSG00000173905
Vav1,21.55101128,NA,1.326528075,1.26107194,2.465192216,2.107134119,7.19261E-11,0,0,0,0,228.3516773,0,0,2.330099731,0,88.12046423,84.64815513,78.35904482,78.45621746,185.8517093,192.1560407,197.4124664,252.2903832,45.29034539,96.97390081,140.3614191,221.2724853,227.5786572,228.0157515,67.41598771,57.17493753,56.46891779,246.4564978,318.7797258,434.4288053,72.75984371,61.01526976,61.01526976,327.9110702,170.9917733,339.2746549,1,1,1,1,0,1,1,1,0,1,1,1,0,1,1,1,1,0,0,0,0,0,0,ENSMUSG00000034116,ENSG00000141968
Srsf2,-0.355405489,0.888222498,0.949975595,0.630030211,0.856368328,0.216521176,0.478213243,1820.941793,1822.304187,2080.167697,1953.015181,2157.669627,1637.582036,1449.242017,1128.93332,615.7874143,1003.336514,1265.35902,1355.321257,1376.632932,2271.390194,1862.18635,2445.165802,3082.83402,1210.7619,1188.371075,1227.63868,2100.924018,1872.264752,1641.713411,546.1548371,550.3087737,527.0432327,946.4978268,987.5920918,1005.476624,589.4468351,587.2719715,569.4758511,730.909023,687.5294216,611.8759323,1,1,1,1,0,1,1,1,0,1,1,1,0,1,1,0,0,0,1,1,0,0,0,ENSMUSG00000034120,ENSG00000161547
Hdac11,-0.658322792,0.898638044,0.357946559,-0.986043582,-1.67241956,-0.560625585,0.085575059,245.2381842,11.7114665,127.7149509,49.42446394,256.7687749,106.0304915,23.76756908,16.31069812,33.18614808,407.3639004,326.375361,383.0886636,329.333657,458.74789,497.6625549,487.2839361,410.6154707,396.5421352,439.0272964,423.1792038,207.2973809,167.337248,260.5894303,402.7891924,362.902034,605.8644305,94.38759491,157.1575119,175.9338375,434.7170409,387.2774761,654.6429985,276.5858592,355.0454181,367.1255594,1,1,1,1,0,1,1,0,1,1,1,0,1,1,1,0,0,0,1,1,0,0,0,ENSMUSG00000034245,ENSG00000163517
Flvcr2,0.133911864,0.980291826,-2.428342263,-0.673884933,-0.805602829,0.173777118,0.737235372,757.9211597,139.6006807,833.9035027,1344.944504,283.1560799,326.2870682,1169.248459,547.5734368,125.3698927,1424.614172,1894.547884,1265.353465,1718.738531,297.5979902,375.6758549,246.14086,249.7159916,1315.43292,1188.371075,1167.932704,762.8077782,766.8827021,771.5308491,473.6186478,511.3980523,369.4008372,197.9517616,306.2785601,269.3065445,511.1609273,545.7476907,399.1415564,569.3296551,675.6549929,402.5721651,1,1,1,0,1,1,1,0,1,1,1,0,1,1,1,0,0,0,1,1,0,0,0,ENSMUSG00000034258,ENSG00000119686
Lif,2.835977627,NA,4.199554568,6.214114922,2.483815839,0.72573917,0.835612081,0,0,0,0,5.074481718,0,0,0,0,3.864932642,4.363306965,1.451093423,5.47368959,56.46127877,14.03386814,37.4833797,167.3354583,0,6.171066415,15.71209915,739.5159376,558.4283018,322.0140818,5.973568531,0.794096355,9.411486298,22.28595991,56.25524574,8.845835403,6.447074759,0.847434302,10.16921163,19.0093374,9.499542959,0,1,0,1,1,0,0,1,1,0,0,0,1,0,0,0,0,0,0,0,0,0,0,0,ENSMUSG00000034394,ENSG00000128342
Scara3,1.151521083,0.905391567,-0.634595176,-0.580399282,-1.56431627,-0.606263489,0.016294231,22.20660723,44.03511403,0,11.98168823,265.902842,0,13.91272336,2.330099731,0,752.115892,598.6457156,799.5524759,582.0356597,398.7577813,474.9924602,412.3171767,474.9752623,565.6260913,412.5798689,540.4962108,265.5269823,337.5431345,410.4283528,506.0465913,521.7213049,381.1651951,136.3376371,138.4057633,201.4884731,546.1593332,556.7643366,411.8530709,335.5148051,298.0481603,362.0617585,1,1,1,0,1,1,1,0,1,1,1,0,1,1,1,1,0,1,0,0,0,0,0,ENSMUSG00000034463,ENSG00000168077
Hid1,-0.334058121,0.94368435,1.342213929,0.87122977,1.03362446,-0.015894778,0.983791738,2660.930849,843.2255878,172.7908159,1686.422618,365.3626837,669.4775481,958.2388217,780.5834099,1375.38147,694.9148889,727.7996018,448.3878676,491.7197815,1677.37049,1450.88606,1005.804022,1856.136391,622.9938621,605.6460896,624.2940729,1145.958555,1455.355951,788.2830267,177.5003221,242.9934845,217.6406207,427.3660547,509.8689733,368.5764751,191.5702214,259.3148965,235.1630189,190.093374,238.6760168,249.8141737,1,1,1,1,0,1,1,1,0,1,1,1,0,1,1,0,0,0,1,1,0,0,0,ENSMUSG00000034586,ENSG00000167861
Ppp1r18,1.508045021,0.305744016,1.409482358,0.612475401,0.605870186,0.482318619,0.024622118,43.44770979,291.8497451,172.7908159,290.5559395,345.0647568,725.8222537,761.7216042,396.1169543,372.4223284,753.6618651,886.6239753,1191.3477,1288.141617,2517.232012,2392.234754,2683.809986,3350.570753,1031.613423,966.2126844,1459.130274,1800.459275,2017.609104,1465.815546,480.4455833,586.837206,544.6897695,635.8053268,985.806211,828.5599161,518.5290128,626.2539494,588.5431229,882.0332554,765.900651,773.0735917,1,1,1,1,0,1,1,1,0,1,1,1,0,1,1,1,1,0,1,1,0,0,0,ENSMUSG00000034595,ENSG00000146112
Ppm1h,-0.28768072,0.959807152,-0.925057897,-0.771341127,-0.860381699,-0.053118556,0.914316904,1418.326349,708.3094938,651.9305662,2107.279417,316.6476592,500.4434311,909.5442899,709.5153681,7.374699572,656.2655625,681.548548,801.729116,716.1410547,355.2355456,473.9129319,343.5976472,329.5221332,808.1810521,719.3700278,685.047523,433.2282343,432.2082062,430.9032366,765.4701389,804.4196072,867.0331752,454.8957699,433.0760981,454.0862173,826.1465798,858.4509482,936.8386212,757.5220954,982.0152534,788.2649941,1,1,1,0,1,1,1,0,1,1,1,0,1,1,1,0,0,0,1,0,0,0,0,ENSMUSG00000034613,ENSG00000111110
Pik3ip1,-1.320128775,0.376339622,-0.568830848,-0.562007902,-0.940726132,-0.385796532,0.293665345,5032.210298,2298.726644,2792.199416,1329.967393,2326.14242,2312.694055,779.1125084,549.9035365,807.5296032,1746.176567,1959.124827,1993.802363,3216.704916,1522.101974,1822.243802,1411.873969,1252.441545,1897.162246,1291.516043,2154.65253,1074.918442,1287.06249,1255.482648,422.4166318,439.9293804,291.7560753,213.6830274,182.1598433,207.3856967,455.9002865,469.4786035,315.2455604,346.9204076,344.3584323,261.629709,1,1,1,0,1,1,1,0,1,1,1,0,1,1,1,0,0,0,1,1,0,0,0,ENSMUSG00000034614,ENSG00000100100
Zyg11b,0.016437388,0.99624411,-0.323941207,-0.33143576,-1.230828167,-0.645792959,1.16224E-05,288.6858939,916.3051388,395.6659262,320.5101601,429.3011534,618.2550884,484.6265305,546.4083869,844.403101,1368.186155,1612.678254,1731.88,1762.528048,1228.032813,1310.547379,1305.67106,1328.386099,1702.916987,1470.476969,1437.133336,1171.57958,1221.083804,1270.373473,2993.611201,3003.272413,3206.963956,1158.869915,1447.456402,1312.132251,3230.905465,3204.996531,3465.158862,2003.584162,2288.20241,2037.335863,1,1,1,0,1,1,1,0,1,1,1,0,1,1,1,1,0,1,1,1,0,0,0,ENSMUSG00000034636,ENSG00000162378
Ankrd12,-0.290284739,0.947281648,-0.478522079,-0.560274961,-0.726155423,-0.329938628,0.218919777,670.0602354,803.8750604,252.0909488,444.8201755,414.0777082,900.4908413,114.2002709,799.2242078,147.4939914,574.3289905,486.9450573,686.3671889,607.5795445,477.5683163,382.1530248,421.0632986,410.6154707,964.1811307,696.448924,735.3262403,487.9640596,556.5158761,578.8808059,2543.03346,2851.600009,3063.43879,1698.976708,1793.917281,1618.787879,2744.611826,3043.136579,3310.078385,2244.05228,1991.341693,2997.770085,1,1,1,0,1,1,1,0,1,1,1,0,1,1,1,0,0,0,1,1,0,0,0,ENSMUSG00000034647,ENSG00000101745
Cacna1a,-1.689075168,0.669495662,-0.926886387,-0.562760481,-1.278711019,-0.521805826,0.037735186,4.82752331,94.16019064,5.008429446,1.497711029,4.059585375,34.31904799,12.17363294,10.48544879,0,257.4045139,183.2588925,198.7997989,143.2282109,111.7462809,102.5551903,97.45678722,100.401275,249.6001257,193.0662207,212.6370752,154.8907397,150.1254167,138.670804,682.6935464,529.6622685,762.3303902,207.1283333,350.9255805,252.5977443,736.8085439,565.2386796,823.7061418,472.3820344,466.6650478,538.4508204,1,1,1,0,1,1,1,0,1,1,1,0,1,1,1,1,0,1,0,0,0,0,0,ENSMUSG00000034656,ENSG00000141837
Cnot6l,-0.677108106,0.881894653,-1.22907732,-0.574298827,-0.548318129,-0.113187525,0.789611579,862.1956632,1819.024976,1215.378879,820.7456437,600.8186354,1618.117501,855.6324869,964.6612887,11.06204936,2132.669832,2672.089186,2904.363485,3829.75815,1168.042705,1349.410398,1256.942666,1146.891487,2080.336531,1637.977343,1828.888341,1101.704058,1280.369,1341.10489,3494.537591,4007.804301,2950.500955,2117.166191,2535.05782,2495.508454,3771.538734,4277.000924,3188.047845,3386.513458,4112.114658,2896.494068,1,1,1,0,1,1,1,0,1,1,1,0,1,1,1,0,0,0,1,1,0,0,0,ENSMUSG00000034724,ENSG00000138767
Dusp5,1.218731524,NA,2.394970383,2.374894857,2.52582691,1.832480148,0.000908483,50.20624242,100.7186119,1086.82919,55.41530806,73.07253674,4564.945607,248.1102333,489.3209435,328.174131,30.91946113,45.37839244,37.00288228,68.42111987,201.1433056,173.8040593,253.637536,323.086154,21.13549451,32.61849391,85.89280869,324.9211757,254.3526169,143.3241867,23.89427412,18.26421615,16.47010102,89.14383964,106.2599086,143.4991076,25.78829904,19.49098895,17.79612035,83.64108456,43.93538618,97.05618236,1,1,1,1,0,1,1,1,0,1,1,1,0,1,1,1,1,0,1,1,0,0,0,ENSMUSG00000034765,ENSG00000138166
Sos2,0.091308581,0.982171354,-0.63528585,-0.503113424,-0.692830362,-0.087684132,0.816505827,216.2730443,355.5601229,117.698092,158.757369,154.2642442,256.1122984,461.4386583,306.4081146,129.0572425,1343.450586,1438.145976,1548.316682,1779.861398,975.1333355,949.9849204,1019.547928,988.5663996,1581.13628,1300.331852,1290.487077,947.9779106,950.4755684,1044.219074,1811.697999,1989.211368,1642.304359,977.9603584,1283.155367,1104.746555,1955.305673,2122.822927,1774.527429,1669.970291,1961.655621,1879.514071,1,1,1,0,1,1,1,0,1,1,1,0,1,1,1,0,0,0,1,1,0,0,0,ENSMUSG00000034801,ENSG00000100485
Larp6,-0.037778617,0.994719143,0.730253159,-0.750388635,-1.903055743,-1.380858789,0.033241039,28.96513986,232.3554953,137.7318098,28.45650954,117.7279759,259.185646,135.069356,17.47574798,221.2409872,111.3100601,89.88412348,109.5575534,72.07024627,148.2108568,143.5772664,177.4213306,168.6226541,127.8194192,150.7503367,144.5513122,80.35684992,58.32898358,112.611861,72.53618931,56.38084117,64.7039683,6.554694091,20.5376294,23.58889441,78.28590779,60.16783546,69.91332994,31.36540671,9.499542959,37.97850614,1,1,1,1,0,1,1,0,1,1,0,0,1,1,0,1,0,1,1,1,0,0,0,ENSMUSG00000034839,ENSG00000166173
Filip1,2.040038767,0.269228,-0.827603982,-0.616691274,-0.908624776,-0.160291957,0.650482792,47.30972844,120.3938756,8.34738241,167.7436352,177.6068601,149.5695823,129.2723879,694.3697199,132.7445923,1282.38465,1119.624567,1092.673347,1413.124196,656.3623657,676.8642558,700.9392004,731.127233,1600.25887,1277.410748,1285.249711,835.0124839,726.7217626,1152.177553,1394.401569,1723.189089,1727.007736,571.5693248,1132.248438,872.7890931,1504.931451,1838.932436,1866.050334,1305.941479,1753.853119,1602.692959,1,1,1,0,1,1,1,0,1,1,1,0,1,1,1,0,0,0,0,1,0,0,0,ENSMUSG00000034898,ENSG00000118407
Cobll1,-1.260538531,0.66293957,-1.390076142,-0.573251188,-0.964437077,0.014170118,0.98034307,3228.64759,3813.72195,810.530832,486.7560843,76.11722577,2935.559165,901.4285347,724.6610164,1430.691717,4670.384604,5393.047409,4029.686435,3772.284409,1658.550064,1571.793232,1630.527017,1956.537666,4493.808715,3111.980635,3906.027849,2549.291949,2403.919094,2782.722845,3432.241805,4855.105112,4058.703466,1575.74846,2627.030682,2121.034755,3704.304954,5181.213324,4385.472514,4165.896291,5214.061641,4025.721651,1,1,1,0,1,1,1,0,1,1,1,0,1,1,1,0,0,0,1,1,0,0,0,ENSMUSG00000034903,ENSG00000082438
Tmem106a,1.358051739,0.717931413,2.341383918,0.983281465,1.137550427,0.970375935,0.037476607,69.51633567,15.92759444,14.1905501,71.89012937,269.9624274,80.9314863,34.78180841,50.09714422,0,160.0082114,305.4314876,184.2888647,223.5089916,1048.062487,1035.267658,1216.960394,1118.573179,134.864584,140.1713657,201.1148691,263.1977983,285.9076408,389.9534689,65.70925384,81.79192452,45.8809957,141.5813924,107.152849,179.8653199,70.91782235,87.28573313,49.57490668,175.836371,90.24565811,142.6303897,1,1,1,1,0,1,1,1,0,1,1,1,0,1,1,1,1,0,1,0,0,0,0,ENSMUSG00000034947,ENSG00000184988
Dpp4,8.724726847,NA,-3.47521251,-0.59861894,-0.76637818,-0.050275079,0.928089417,0,0,0,8.986266172,293.3050433,19.46453468,0,15.14564825,0,617.6162361,730.417586,378.7353833,1126.667774,47.05106564,52.89688761,83.71288133,73.37016247,176.1291209,189.539897,161.3108846,103.6486905,104.2272002,139.6014805,481.2989502,482.0164872,390.5766814,213.6830274,323.2444279,257.5120973,519.4500234,514.3926215,422.0222825,501.8465074,499.9134482,407.6359659,1,1,1,0,1,1,1,0,1,1,1,0,1,1,1,0,0,0,0,0,0,0,0,ENSMUSG00000035000,ENSG00000197635
Igsf6,3.761784809,NA,2.20933208,1.427025178,1.879033239,1.624554279,1.39195E-07,6.758532634,29.51289557,5.843167687,1.497711029,1080.864606,0,15.07211698,47.76704449,0,30.91946113,61.08629751,31.9240553,35.57898233,161.1498998,192.1560407,169.9246546,211.1001166,43.27744115,72.28963515,63.89586988,184.0055404,119.5266057,180.5512482,60.58905224,78.6155391,70.58614724,256.9440084,200.9115919,314.5185921,65.39175827,83.89599593,76.26908721,287.0409947,174.5541019,232.9348377,1,1,1,1,0,1,1,1,0,1,1,1,0,1,1,1,1,0,0,0,0,0,0,ENSMUSG00000035004,ENSG00000140749
Baz1a,1.103364898,0.552231189,1.845441498,0.720407626,1.722826676,1.006345088,1.04794E-05,222.0660723,136.32147,110.1854478,317.5147381,513.5375499,455.8798912,239.4147812,422.9131012,58.99759658,120.5858984,132.6445317,150.913716,167.8598141,466.9818265,399.4254779,552.2551276,637.1619372,204.3097803,193.9478016,240.9188536,330.7441359,390.134841,330.3901706,373.7747167,415.3123934,414.1053971,1346.334166,1359.055302,1264.954463,403.4026778,443.2081401,447.4453116,940.9622013,619.8451781,1034.703301,1,1,1,1,0,1,1,1,0,1,1,1,0,1,1,1,1,0,1,1,0,0,0,ENSMUSG00000035021,ENSG00000198604
Ccl5,2.144392236,NA,3.032139192,2.011864034,5.127543832,5.306410514,6.47325E-13,22.20660723,132.1053421,18.3642413,145.2779698,1091.013569,132.6661706,33.6224148,67.5728922,58.99759658,6.956878755,32.28847154,13.0598408,11.85966078,104.6886211,87.44179381,99.9556792,230.4080541,7.045164838,10.578971,18.85451898,25.62102461,87.01536894,33.50435533,3.413467732,2.382289064,2.352871575,99.63135019,98.22344494,89.44122463,3.684042719,2.542302907,2.542302907,174.8859041,39.1856147,134.1907217,1,0,1,1,0,0,1,1,0,0,1,1,0,0,1,1,1,0,1,1,0,0,0,ENSMUSG00000035042,ENSG00000271503
Arhgap5,0.672279202,0.786190368,-0.844717487,-0.610705342,-0.869925079,-0.338489927,0.040578731,271.30681,402.4059889,70.95275048,206.6841219,478.0161779,291.9680202,414.4832169,600.0006808,383.4843778,1278.519718,1139.695779,1776.138349,2053.545878,784.5765196,764.3060496,937.0844925,993.7151829,1509.67818,1031.449672,1168.980177,702.2489927,806.0874288,919.5084184,4448.601822,4396.911515,4406.928459,2182.713132,2689.53651,2376.581112,4801.228674,4692.243732,4761.733344,3526.232088,3806.941841,3940.481004,1,1,1,0,1,1,1,0,1,1,1,0,1,1,1,1,0,1,1,1,0,0,0,ENSMUSG00000035133,ENSG00000100852
Ccdc186,-0.519960675,0.940590697,0.391051664,-0.430120213,-0.618981495,-0.205058023,0.424943293,841.9200653,1663.96516,253.7604253,525.696571,168.472793,1627.337544,852.1543061,673.3988223,0,641.5788185,651.8780606,787.2181818,727.0884339,902.2041837,821.5210504,1027.044604,933.2169788,980.2843646,829.5676423,857.8806136,613.7399986,666.4803533,698.0074026,1316.745178,1404.756451,1322.313825,721.01635,1041.168516,867.8747401,1421.119479,1499.111281,1428.774234,1173.826584,1224.253599,1373.977955,1,1,1,1,0,1,1,0,1,1,1,0,1,1,1,0,0,0,1,0,0,0,0,ENSMUSG00000035173,ENSG00000165813
Slfn8,#N/A,#N/A,3.655206247,1.030917148,3.473271597,2.867279622,1.2168E-18,#N/A,#N/A,#N/A,#N/A,#N/A,#N/A,#N/A,#N/A,#N/A,22.41660932,23.56185761,13.78538752,8.210534385,42.34595908,212.6670788,391.0765949,211.1001166,24.15485087,29.97375116,37.70903796,62.8879695,60.24140927,64.21668104,26.45437492,32.55795054,37.64594519,406.3910337,282.1691691,378.4051811,28.55133108,34.74480639,40.67684651,320.3073352,186.4285306,245.5943397,1,0,1,1,0,1,1,1,0,1,1,1,0,1,1,1,1,0,0,0,0,0,0,ENSMUSG00000035208,#N/A
Hpse,6.840676836,NA,3.633601865,1.170163351,2.314244493,1.913186955,0.004389853,0,0.93691732,0,0,221.2474029,0,0,13.98059839,0,1.545973057,14.83524368,13.0598408,22.80703996,188.2042626,110.1118885,154.9313028,187.9305916,13.08387756,17.63161833,20.94946553,48.91286517,26.77395967,40.94976762,13.65387093,13.49963803,10.58792209,74.72351264,49.11172247,65.85233022,14.73617088,14.40638314,11.44036308,70.33454838,29.68607175,53.1699086,1,0,1,1,0,1,1,1,0,1,1,1,0,1,1,1,1,0,0,0,0,0,0,ENSMUSG00000035273,ENSG00000173083
Ccl12,#N/A,#N/A,4.765223213,1.752710885,1.449957299,1.342839171,0.031374481,#N/A,#N/A,#N/A,#N/A,#N/A,#N/A,#N/A,#N/A,#N/A,23.18959585,64.57694309,34.82624214,73.89480946,1250.382069,655.2736894,1474.346268,1950.101687,16.10323392,49.36853132,101.6049078,185.1701324,138.6508626,238.2531934,13.65387093,28.58746876,36.46950941,89.14383964,61.61288819,62.90371842,14.73617088,30.50763488,39.40569506,95.046687,52.24748627,64.98544384,1,1,1,1,0,1,1,1,0,1,1,1,0,1,1,1,1,0,0,0,0,0,0,ENSMUSG00000035352,#N/A
Nfkbiz,0.711294261,0.925344378,5.604296876,1.071464873,1.097816764,0.715956615,0.025761436,699.0253753,595.8794154,843.0856234,130.3008595,4808.578876,1361.492978,108.4033029,590.6802818,0,64.15788185,41.01508547,125.5195811,52.9123327,3034.793734,2257.293714,3897.022043,4667.37209,152.9807222,238.9084283,312.1470365,545.029069,531.6543421,402.9829405,126.2983061,229.4938465,171.7596249,393.2816455,316.993845,420.6686169,136.3095806,244.9085134,185.5881122,306.0503321,318.2346891,308.0478831,1,1,1,1,0,1,1,1,0,1,1,1,0,1,1,1,1,0,1,0,0,0,0,ENSMUSG00000035356,ENSG00000144802
Shq1,0.106517053,0.979568203,0.699514343,1.09259601,1.115091248,0.29812611,0.720589844,426.7530606,122.2677102,121.8717832,464.2904189,211.0984395,193.108673,184.3435846,249.3206712,140.1192919,98.16928909,121.2999336,79.08459153,105.8246654,175.2652195,155.4520779,176.1718846,148.0275208,76.4903611,78.46070156,76.4655492,207.2973809,152.0378424,135.8787744,47.78854825,75.43915368,50.58673885,158.623597,101.7952066,118.9273426,51.57659807,80.50625872,54.6595125,69.38408151,78.37122941,82.70874671,1,1,1,1,0,1,1,1,0,1,1,1,0,1,1,0,0,0,1,1,0,0,0,ENSMUSG00000035378,ENSG00000144736
Tgfbi,7.677668435,0.000416252,0.895815124,1.814960263,1.376632247,0.707001151,0.392670953,15.44807459,44.03511403,0,8.986266172,9455.789234,242.2822343,495.6407699,1753.400048,12477.99168,398.0880621,733.9082316,481.0374696,488.9829367,892.7939706,817.2029372,1171.980339,1028.46947,454.9163581,973.2653317,800.2695834,2696.030544,2119.923879,3027.490774,599.063587,1028.354779,712.9200871,1953.298839,1532.285741,2594.778385,646.5494973,1097.427421,770.3177808,1787.828182,716.0280505,1600.161059,1,1,1,1,0,1,1,1,0,1,1,1,0,1,1,0,0,0,0,0,1,1,0,ENSMUSG00000035493,ENSG00000120708
Isg15,-1.491837489,0.278674728,3.840087822,0.811513895,1.925508451,1.893238284,1.23543E-08,4496.355211,8335.753394,11694.68276,1451.281987,1210.771338,5886.997292,2546.608072,3633.790531,2710.202093,681.0011314,678.0579024,434.6024801,595.7198837,8830.308745,6462.056515,9043.490075,9872.792038,173.1097646,193.9478016,170.7381441,242.2351418,426.4709291,274.5495784,47.78854825,42.08710679,47.05743149,137.6485759,215.1986384,165.1222609,51.57659807,44.91401802,50.84605814,211.0036451,199.4904021,136.7226221,1,1,1,1,0,1,1,1,0,1,1,1,0,1,1,1,1,0,1,1,0,0,0,ENSMUSG00000035692,ENSG00000187608
Dok3,9.542976339,0.000239074,1.053644213,1.347203784,1.998765991,0.951438287,0.371726061,0,0,0,44.93133086,310.5582812,2.561122984,88.11391464,147.9613329,0,30.1464746,38.39710129,42.80725597,28.28072955,72.92915175,88.52132212,44.98005564,83.66772913,62.40003142,53.7764359,55.51608367,158.3845158,155.8626938,122.8493029,17.06733866,13.49963803,14.11722945,49.81567509,49.11172247,79.61251862,18.4202136,14.40638314,15.25381744,47.5233435,26.12374314,19.41123647,1,1,1,1,0,1,1,1,0,1,1,1,0,1,1,0,0,0,0,0,1,1,0,ENSMUSG00000035711,ENSG00000146094
Ddx11,1.153783138,0.839129731,-1.244934014,0.627571157,2.484574737,0.881733302,0.042211281,61.79229837,71.67417497,0,140.7848367,7.104274406,80.9314863,11.01423933,40.77674529,317.1120816,81.936572,63.70428169,72.55467113,67.50883828,38.81712916,35.62443451,28.73725777,16.73354583,66.4258399,62.59224507,63.89586988,96.6611383,109.9644772,91.20630061,64.85588691,59.55722659,48.23386728,288.40654,359.8549846,322.3815569,69.99681167,63.55757267,52.11720959,107.4027563,136.55593,100.4320496,1,1,1,0,1,1,1,1,0,1,1,1,0,1,1,1,1,0,0,0,0,0,0,ENSMUSG00000035842,ENSG00000013573
Ids,1.017332551,0.681656595,-0.319441346,-0.453824434,-1.192703585,-0.800039511,2.59841E-05,85.92991492,103.5293638,170.2866012,106.337483,174.5621711,150.0818069,126.9536007,129.3205351,778.0308049,2560.904368,2535.081347,3168.462488,3110.88025,2120.826784,2246.498431,2485.148074,2264.17747,1964.594538,1719.964368,1738.805639,1312.495215,1241.164273,1405.321571,2445.74963,2310.026295,2058.762628,901.925907,1009.022662,1069.363213,2639.616609,2465.186385,2224.515043,1704.187098,1360.809529,1146.106919,1,1,1,0,1,1,1,0,1,1,1,0,1,1,1,1,0,1,1,1,0,0,0,ENSMUSG00000035847,ENSG00000010404
Palm,-1.854738566,0.644339448,-2.632696577,-0.888736022,-1.482702038,-0.451949941,0.022183523,423.8565466,1526.706773,137.7318098,86.86723966,25.37240859,725.8222537,271.2981056,43.10684502,0,5422.500496,6238.656299,7001.525764,5212.777053,981.0147187,1141.061433,980.8151021,745.2863872,4567.279719,3402.902337,3423.142668,1871.499389,2030.996084,2249.44519,1976.397817,1900.272576,2135.230954,584.6787129,915.2639187,647.7117256,2133.060735,2027.910285,2307.139888,1454.214311,1840.536448,1435.587532,1,1,1,0,1,1,1,0,1,1,1,0,1,1,1,1,0,1,1,0,0,0,0,ENSMUSG00000035863,ENSG00000099864
Dennd5a,0.084892915,0.981715521,-0.403222707,-0.496040176,-0.523594548,-0.13035949,0.700626471,1094.882287,493.2869689,349.755323,525.696571,807.8574895,1154.042017,557.0886314,615.146329,446.1693241,8711.558174,8921.217421,7975.934998,8850.956067,6511.867485,6835.573313,6384.669009,6322.705931,6734.171133,5970.947547,6661.93004,4534.921356,4557.310422,4638.49186,4107.255049,4621.640784,4128.113178,2641.541719,3288.699525,3011.515519,4432.824402,4932.067639,4460.47045,3822.777751,4989.634939,3823.169618,1,1,1,0,1,1,1,0,1,1,1,0,1,1,1,0,0,0,1,1,0,0,0,ENSMUSG00000035901,ENSG00000184014
Dcdc2a,#N/A,#N/A,0.868505082,-0.968933562,-1.243672688,-0.481420301,0.044444125,#N/A,#N/A,#N/A,#N/A,#N/A,#N/A,#N/A,#N/A,#N/A,289.0969616,323.7573768,391.0696774,447.9302648,771.6374766,569.9909522,617.226319,691.2241622,648.1551651,940.6468378,729.0414006,420.417722,290.688705,473.7143573,668.1863085,772.655753,608.217302,270.0533966,286.6338711,308.6213685,721.1513623,824.5535761,657.1853014,530.3605135,593.7214349,457.4300073,1,1,1,1,0,1,1,0,1,1,1,0,1,1,1,1,0,1,0,0,0,0,0,ENSMUSG00000035910,#N/A
Tmtc2,1.577675247,0.581235567,-1.443198842,-0.73086754,-1.172152397,-0.107018433,0.829357737,39.58569114,8.900714538,55.92746215,89.86266172,164.4132077,102.957144,77.09967531,185.2429286,0,1673.515834,1891.057239,1215.290741,1866.52815,575.1992775,672.5461425,519.7695318,675.7778122,1075.897316,762.5674927,830.6463084,460.013851,633.9691166,512.8027718,1220.314714,1302.318021,1251.727678,418.189483,758.9993472,494.383912,1317.045272,1389.792256,1352.505146,1090.1855,1639.858603,1043.142969,1,1,1,0,1,1,1,0,1,1,1,0,1,1,1,0,0,0,0,0,0,0,0,ENSMUSG00000036019,ENSG00000179104
Dgkb,1.467286961,0.801893973,0.5908705,-0.81417716,-2.381418239,-0.827533105,1.03129E-08,1.931009324,0,15.02528834,1.497711029,58.86398793,11.78116573,15.07211698,4.660199462,0,759.8457573,705.1104056,987.4690741,808.2814961,928.0822698,1027.710959,1534.319676,1423.638591,551.5357616,494.5668941,498.5972797,246.8935099,198.8922719,431.8339131,2609.596081,2809.512902,2736.389641,306.7596835,547.3724704,707.6668322,2816.450659,2998.222561,2956.698281,1715.5927,1490.240802,1734.35178,1,1,1,1,0,1,1,0,1,1,1,0,1,1,1,1,0,1,0,0,0,0,0,ENSMUSG00000036095,ENSG00000136267
Prickle1,-1.722495527,0.264133294,-3.113265653,-0.743799272,-1.422381026,-0.624919135,0.000182715,382.3398462,407.0905755,109.3507096,148.2733918,18.26813419,104.4938178,65.50573917,74.56319139,136.4319421,2826.811734,3363.237009,3196.75881,3444.775315,403.4628879,405.9026478,347.3459852,324.3733499,2100.465574,1503.095462,1440.275755,776.7828825,939.0010143,1294.571063,1776.709955,1804.981014,1737.595658,532.2411602,726.8534925,722.4098912,1917.544235,1926.218169,1877.490697,1140.560244,1409.494686,1162.986255,1,1,1,0,1,1,1,0,1,1,1,0,1,1,1,1,0,1,1,1,0,0,0,ENSMUSG00000036158,ENSG00000139174
Armh4,0.477778809,0.952897363,0.582571058,-1.212220344,-1.939876913,-1.13218083,0.00013286,141.9291853,0,35.05900612,64.40157423,273.0071164,38.92906936,93.91088271,20.97089758,0,99.71526215,57.59565194,72.55467113,75.71937266,102.3360678,105.7937752,141.1873969,109.4116458,79.50971746,129.5923947,79.60796903,29.11480069,38.24851382,56.77126875,304.6519951,242.1993881,362.3422225,60.30318564,90.18698126,84.52687163,328.8008127,258.4674622,391.5146477,159.6784342,106.8698583,177.2330287,1,1,1,1,0,1,1,0,1,1,1,0,1,1,1,1,0,1,0,0,0,0,0,ENSMUSG00000036242,ENSG00000139971
Igfbp7,1.211165399,0.614718723,0.924254426,1.074085486,0.711247262,0.166511714,0.638801183,23679.00184,23488.51721,61655.43595,178146.736,36588.02808,43264.02612,186861.2078,28039.25511,30999.54965,25519.37725,29771.71609,38173.91467,27282.69348,68776.89521,52970.29554,42412.44413,64985.36882,29915.78281,35014.63084,35374.22003,73095.61862,78147.45101,59938.361,1910.688563,2427.552556,1964.647765,3591.972362,3714.632099,3015.447002,2062.142912,2590.606662,2122.822927,3017.732312,2420.008569,2168.994684,1,1,1,1,0,1,1,1,0,1,1,1,0,1,1,0,0,0,1,1,0,0,0,ENSMUSG00000036256,ENSG00000163453
Lrrn3,0.252104529,0.971252078,-3.121381537,-1.131100023,-1.280353852,-0.246262703,0.483457057,45.37871911,58.08887383,6.677905928,19.47024337,144.1152808,51.73468428,37.10059564,8.155349059,0,2369.203709,2938.25091,1539.610121,1915.791356,239.9604348,281.7568912,231.1475081,253.5775791,1607.304035,1089.634013,715.424248,455.3554829,460.8945915,641.2361339,633.1982643,726.5981644,850.5630742,253.0111919,394.6796606,259.4778385,683.3899245,775.4023866,919.0425008,549.3698509,746.9015651,707.244181,1,1,1,0,1,1,1,0,1,1,1,0,1,1,1,0,0,0,0,0,0,0,0,ENSMUSG00000036295,ENSG00000173114
Kidins220,-0.082829468,0.985497682,-0.422081014,-0.414926804,-0.920197173,-0.561144516,0.000187831,705.7839079,1188.948079,153.5918363,453.8064417,859.6172031,599.8150029,399.4110999,798.0591579,759.5940559,2164.362279,1937.308293,2314.494009,2091.861705,1606.793892,1435.772664,1640.522585,1669.492995,2628.852937,2304.452515,2429.090529,1727.089977,1859.833985,1933.015167,4563.806358,4320.678265,4913.972284,2353.135179,2370.756785,2566.275137,4925.565116,4610.890039,5309.599621,3331.386379,3150.285934,3576.731312,1,1,1,0,1,1,1,0,1,1,1,0,1,1,1,1,0,1,1,1,0,0,0,ENSMUSG00000036333,ENSG00000134313
Cracd,20.95591483,NA,-3.021009786,-1.129031975,-1.396635084,-0.596117604,0.045436185,0,0,0,0,150.2046589,0,0,0,0,415.0937657,430.2220668,339.5558609,275.5090427,42.34595908,48.57877434,38.73282569,50.20063748,390.5034224,282.1058933,304.8147235,139.7510433,115.7017543,190.7886901,313.1856644,263.6399897,332.9313278,107.4969831,101.7952066,135.6361428,338.0109195,281.3481884,359.7358613,176.7868378,233.9262454,236.3107049,1,1,1,0,1,1,1,0,1,1,1,0,1,1,1,1,0,1,0,0,0,0,0,ENSMUSG00000036377,ENSG00000109265
Npy1r,1.006637893,0.82442395,1.083104885,-0.895381,-1.950005592,-0.5894938,0.069169399,56.96477506,39.35052743,11.68633537,37.44277571,131.9365247,170.5707908,75.9402817,15.14564825,0,390.3581968,477.345782,856.8706661,766.3165426,1183.334301,1123.78898,1395.631171,1575.527699,594.8132028,468.1194666,560.398203,242.2351418,188.3739306,441.1406785,881.5280418,1253.878144,671.7448346,141.5813924,272.3468246,310.5871097,951.4040323,1338.098763,725.8274799,854.4697161,626.9698353,524.9473515,1,1,1,1,0,1,1,0,1,1,1,0,1,1,1,0,0,0,1,0,0,0,0,ENSMUSG00000036437,ENSG00000164128
Btg1,0.375685422,0.876666148,2.032188162,0.505684788,0.745840658,0.402198514,0.302128646,2453.347346,4810.601979,3976.69298,3232.0604,3788.608051,5967.416553,8074.596823,3399.615508,4705.058327,1266.151933,1506.213564,1186.268873,1333.755697,5527.323937,4519.98507,6123.534797,5473.156681,1007.458572,1273.002843,1507.314045,1605.972406,2110.36175,1660.326942,421.5632649,591.6017842,414.1053971,755.1007593,724.1746713,917.0182701,454.9792759,631.3385552,447.4453116,861.1229842,461.9152764,703.8683138,1,1,1,1,0,1,1,1,0,1,1,1,0,1,1,0,0,0,1,1,0,0,0,ENSMUSG00000036478,ENSG00000133639
Bicral,-0.683729515,0.893093503,-0.844083114,-0.490620796,-0.666981955,-0.413996263,0.076909931,68.550831,404.2798235,55.92746215,28.45650954,79.1619148,292.4802448,42.3178669,202.7186766,11.06204936,567.3721118,643.1514467,605.831504,607.5795445,343.4727792,342.210477,293.6198076,370.7123998,707.5358402,627.6856125,614.8668134,477.4827314,396.8283309,513.7334483,614.4241918,655.1294925,649.3925546,381.4831961,370.5702695,456.0519585,663.1276895,699.1332994,701.6756023,582.6361913,469.0399336,496.2524802,1,1,1,0,1,1,1,0,1,1,1,0,1,1,1,0,0,0,1,1,0,0,0,ENSMUSG00000036568,ENSG00000112624
Etl4,#N/A,#N/A,-0.724487626,-0.707898555,-1.122425761,-0.296042007,0.223165013,#N/A,#N/A,#N/A,#N/A,#N/A,#N/A,#N/A,#N/A,#N/A,674.8172392,624.8255574,639.2066527,714.3164915,374.0559719,342.210477,522.2684238,368.1380082,513.2905811,438.1457155,464.0306616,251.551878,305.0318977,308.0539337,1680.279491,1504.018496,1917.590333,580.7458965,966.161522,792.1937038,1813.470029,1605.040569,2071.976869,1444.709642,1642.233489,1384.105557,1,1,1,0,1,1,1,0,1,1,1,0,1,1,1,0,0,0,0,0,0,0,0,ENSMUSG00000036617,#N/A
Tcaf1,0.591799009,0.888621888,-0.477571548,-0.351758001,-1.089374858,-0.702549866,4.27703E-05,226.8935956,132.5738008,8.34738241,206.6841219,210.0835431,161.350748,48.11483497,196.8934273,287.6132833,1967.250715,1777.611258,2001.783377,1750.668387,1452.701652,1468.158513,1224.45707,1238.282391,1972.646155,1955.346473,1798.511616,1398.675025,1552.889661,1534.685609,2475.617473,2198.058709,2803.446481,1169.357426,1138.499021,1204.999356,2671.851982,2345.698149,3029.153913,1573.973137,1537.738516,1828.876062,1,1,1,0,1,1,1,0,1,1,1,0,1,1,1,1,0,1,0,1,0,0,0,ENSMUSG00000036667,ENSG00000198420
Aaas,0.790480355,0.708649333,-0.648679036,0.496386254,1.668563184,0.559946932,0.372769801,513.6484802,215.9594422,411.5259528,584.1073011,917.4662947,268.4056888,729.8382798,304.0780149,1146.765783,311.5135709,390.9523041,329.3982069,395.9302137,212.906072,226.7009469,234.8958461,235.5568374,287.8453062,275.0532459,225.2067545,379.657001,340.411773,392.7454986,51.20201598,44.46939586,70.58614724,203.1955168,138.4057633,183.7968023,55.26064079,47.45632093,76.26908721,102.650422,87.87077237,71.73717827,1,1,1,0,1,1,1,1,0,1,1,1,0,1,1,0,0,0,1,1,0,0,0,ENSMUSG00000036678,ENSG00000094914
Slc6a20a,#N/A,#N/A,0.49900536,-1.150715669,-1.382222003,-0.535855249,0.012618379,#N/A,#N/A,#N/A,#N/A,#N/A,#N/A,#N/A,#N/A,#N/A,1300.936327,2012.357172,2135.283971,2390.177788,2974.803625,2098.603051,2988.674808,3015.899836,2106.504287,3686.771392,2601.923619,1285.709599,753.4957223,1742.226477,750.1095341,838.5657504,658.8040409,317.247194,256.2738972,290.9296977,809.5683876,894.8906232,711.8448139,604.4969293,558.0981488,506.3800819,1,1,1,1,0,1,1,0,1,1,1,0,1,1,1,1,0,1,0,0,0,0,0,ENSMUSG00000036814,#N/A
Unc93b1,-0.176584321,0.9804609,0.52684502,0.477155474,0.955187745,0.831514398,0.008941523,43.44770979,247.8146311,221.2056339,8.986266172,152.2344515,428.219763,245.7914461,65.24279247,3.687349786,698.7798216,981.7440672,803.9057561,889.4745584,1155.103662,1229.582755,1181.975907,1292.344616,595.8196549,812.8176049,635.816279,980.5864874,945.6945042,922.300448,273.0774186,347.8142033,197.6412123,494.2239345,491.1172247,606.4311604,294.7234176,371.1762244,213.5534442,697.6426826,396.6059185,474.3093434,1,1,1,1,0,1,1,1,0,1,1,1,0,1,1,1,1,0,1,0,0,0,0,ENSMUSG00000036908,ENSG00000110057
Nfkbid,0.984399529,0.858516119,2.169652597,1.65054034,1.903654156,1.065595031,0.417158204,79.17138229,126.4838382,43.40638853,58.41073011,686.0699283,130.6172722,48.69453178,60.58259301,0,13.14077098,11.34459811,18.13866778,14.59650557,61.16638534,61.53311416,48.72839361,87.52931663,19.12259027,36.14481757,27.23430519,107.1424666,85.10294325,68.87006373,7.680302397,7.146867191,12.94079366,27.52971518,52.6834841,21.62315321,8.289096119,7.626908721,13.98266599,24.71213862,13.06187157,23.63107049,1,1,1,1,0,1,1,1,0,0,1,1,0,0,1,0,0,0,1,0,0,0,0,ENSMUSG00000036931,ENSG00000167604
Trappc14,1.480102291,0.676012173,0.996468464,0.58133081,1.249484358,0.78512962,0.150797921,3.862018648,12.17992516,2.504214723,10.4839772,4.059585375,52.75913348,26.66605312,8.155349059,0,128.3157637,96.86541463,118.2641139,81.19306225,195.2619224,246.1324566,181.1696685,226.5464666,190.2194506,189.539897,192.7350829,291.1480069,308.8567491,256.8667242,118.6180037,51.61626305,134.1136798,222.8595991,246.4515527,249.6491325,128.0204845,55.08322965,144.9112657,158.7279673,136.55593,265.849543,1,1,1,1,0,1,1,1,0,1,1,1,0,1,1,0,0,0,0,0,0,0,0,ENSMUSG00000036948,ENSG00000146826
Inhbb,5.922856957,0.018491822,5.242923608,2.755800897,2.227262713,-0.418628646,0.507202513,2.896513986,0,8.34738241,16.47482131,86.26618921,48.6613367,166.9526804,1029.904081,0,33.23842072,33.16113294,30.47296188,20.98247676,1170.395258,1288.956812,685.9458485,1332.247687,98.63230773,80.22386339,336.2389218,1235.632141,1778.555893,463.4769154,109.2309674,81.79192452,81.17406932,507.3333227,366.9985079,404.9426873,117.889367,87.28573313,87.70945029,62.73081342,85.49588663,71.73717827,1,1,1,1,0,1,1,1,0,1,1,1,0,1,1,0,0,0,0,0,1,1,0,ENSMUSG00000037035,ENSG00000163083
Rab11fip3,0.942432293,0.815220875,-0.471388173,-0.41645025,-0.746754358,-0.392905372,0.098026127,19.31009324,2.810751959,18.3642413,26.95879851,19.28303053,43.02686614,10.43454252,52.42724395,0,944.5895376,935.4930133,1007.058835,1024.492235,741.0542839,748.1131248,694.6919704,635.8747414,1163.45865,995.3048546,1119.748933,812.8852354,760.1892122,882.2813569,721.9484253,690.8638285,732.9194955,348.7097257,465.2219528,461.9491821,779.1750352,737.267843,791.9273555,512.3016429,660.2182356,586.5569282,1,1,1,0,1,1,1,0,1,1,1,0,1,1,1,0,0,0,0,0,0,0,0,ENSMUSG00000037098,ENSG00000090565
Setd7,0.746599901,0.714106816,0.319100563,-0.502730752,-0.733116231,-0.454145763,0.002928148,315.7200245,570.1141891,199.5024396,332.4918483,391.7499886,466.1243831,758.2434234,1148.739167,545.7277683,1626.363656,1680.745843,1743.488747,1627.510371,2023.195823,1980.934465,2246.50389,2082.682857,1824.697693,1667.069513,1828.888341,1124.995899,1257.419892,1369.955862,3880.259444,4091.978515,4195.170018,2219.419419,2408.260282,2690.116833,4187.835561,4366.82896,4532.926083,3027.236981,3143.161276,3380.931013,1,1,1,1,0,1,1,0,1,1,1,0,1,1,1,1,0,1,1,1,0,0,0,ENSMUSG00000037111,ENSG00000145391
Dennd11,2.161535527,0.101744672,-0.954917301,-0.590765867,-0.721439044,-0.353800382,0.18515816,74.34385898,138.6637633,202.8413926,700.9287614,525.716306,116.2749835,730.4179766,1260.583955,387.1717275,1205.085998,1098.680694,822.0444239,797.3341169,591.6671505,512.7759513,428.5599746,490.4216123,929.9617586,811.936024,826.4564153,577.6376458,586.1584743,541.6537445,712.5613891,835.389365,884.6797121,432.60981,554.5159937,485.5380765,769.0439177,891.500886,955.905893,589.2894594,786.0871798,672.6415421,1,1,1,0,1,1,1,0,1,1,1,0,1,1,1,0,0,0,1,1,0,0,0,ENSMUSG00000037172,ENSG00000257093
Rbm17,-0.625472847,0.74269973,0.447933764,0.480340128,0.585191909,0.188512378,0.637666505,2251.556872,2557.784283,1524.232028,1303.008595,766.2467395,2568.806353,1367.504767,1297.86555,903.4006976,1068.267382,1197.291431,1173.934579,1382.106621,1665.607724,1515.657759,1648.019261,1746.724745,856.4907539,876.2914309,927.0138499,1201.858973,1390.333477,1117.742521,342.2001401,336.6968543,394.1059887,576.81308,475.9372377,556.3047598,369.3252826,359.3121442,425.8357369,457.1745645,384.7314898,470.0895093,1,1,1,1,0,1,1,1,0,1,1,1,0,1,1,0,0,0,1,1,0,0,0,ENSMUSG00000037197,ENSG00000134453
Mxd4,-0.10064694,0.983909156,-1.096169776,-0.499486973,-0.876714495,-0.288530588,0.223544149,862.1956632,1739.387004,1257.115791,1036.416032,549.0589219,1925.45226,2716.459237,446.2140985,519.9163198,3735.843891,4353.70769,5159.362664,5862.321551,2424.306157,2721.490891,1842.932835,1948.814491,5061.44771,4224.535751,5567.320466,3344.708304,3284.591124,3875.337099,2859.632592,2776.160856,2230.522253,1094.633913,1683.19267,1503.792018,3086.306788,2962.630321,2410.103156,2264.962551,2539.940299,2125.952377,1,1,1,0,1,1,1,0,1,1,1,0,1,1,1,0,0,0,1,1,0,0,0,ENSMUSG00000037235,ENSG00000123933
Tbcel,-0.050156236,0.993258408,-0.510293039,-0.37899112,-0.765927594,-0.163559903,0.578335319,81.10239161,50.12507661,116.0286155,28.45650954,54.80440256,144.9595609,116.5190582,129.3205351,0,1275.427772,1553.33728,1065.102572,1087.439665,898.6753538,899.2470894,918.3428026,780.0406747,936.0004713,1085.226108,1043.283384,829.1895238,719.0720598,809.6885871,1076.949069,1159.380678,1059.968644,538.7958543,736.675837,660.4890434,1162.315478,1237.254081,1145.30746,977.0799424,1131.633055,1058.334371,1,1,1,0,1,1,1,0,1,1,1,0,1,1,1,0,0,0,1,0,0,0,0,ENSMUSG00000037287,ENSG00000154114
Tap1,-0.72490212,0.632589268,4.260560906,0.736407446,2.558382402,2.199207399,2.07737E-28,4200.910784,1533.733653,4037.628872,2573.067547,2203.339962,1792.273864,1291.564486,2183.303448,1780.989947,1158.706806,1537.629375,666.051881,1026.316798,20082.57109,18098.29226,22566.24402,23351.0196,629.0325748,666.4751728,633.7213324,998.0553678,1363.559518,852.4997078,439.4839705,502.6629924,368.2244014,3030.890548,1877.853679,2823.787235,474.3205001,536.4259133,397.8704049,2734.493185,1657.670246,2085.441971,1,1,1,1,0,1,1,1,0,1,1,1,0,1,1,1,1,0,1,1,0,0,0,ENSMUSG00000037321,ENSG00000168394
Paqr7,-0.766496868,0.748503868,-1.485437368,-0.354590966,-0.978225792,-0.309373851,0.323857698,137.101662,229.0762847,373.1279937,266.5925631,197.904787,153.1551545,124.0551167,80.38844072,44.24819743,2622.743291,3007.19116,2554.649971,3845.266937,1017.479295,1674.348422,900.8505588,701.5217289,2246.401131,2010.004489,2142.082851,1575.693014,1592.094388,1834.363454,492.3927203,536.0150393,391.7531172,250.3893143,241.9868507,229.9917205,531.4231623,572.018154,423.293434,408.7007541,406.1054615,419.4515012,1,1,1,0,1,1,1,0,1,1,1,0,1,1,1,0,0,0,1,1,0,0,0,ENSMUSG00000037348,ENSG00000182749
Ccn3,-0.363024773,0.96105351,-1.047649108,-0.945136593,-2.68216861,-1.092011232,1.6845E-05,1870.18253,35.13439949,322.208961,798.2799782,368.4073727,860.0250981,188.981159,1246.603356,0,1060.537517,1273.212972,1044.787264,1249.82579,404.6391645,607.7744434,650.9613608,575.3765373,214.3743015,186.0135734,331.0015554,104.8132825,151.0816296,122.8493029,501.7797566,504.2511851,358.8129151,45.88285864,51.79054369,114.0129896,541.5542798,538.1207819,387.7011933,280.3877267,225.6141453,183.9847631,1,1,1,0,1,1,1,0,1,1,1,0,1,1,1,1,0,1,1,0,0,0,0,ENSMUSG00000037362,ENSG00000136999
Srrt,0.77845669,0.847378255,0.894861378,0.508184015,1.054336305,0.449179524,0.06758447,617.9229837,279.66982,10.85159713,783.3028679,775.3808065,273.5279347,228.4005419,407.7674529,648.9735624,1131.652277,1178.092881,1374.185471,1508.913764,2504.292969,2128.829844,2252.75112,2770.045432,1122.194113,1125.77883,1210.879108,1715.444057,1713.533419,1490.943812,832.0327597,686.0992503,849.3866384,1385.662331,2102.874662,1423.196629,897.9854129,732.1832372,917.7713494,937.1603338,1232.565699,1306.460611,1,1,1,1,0,1,1,1,0,1,1,1,0,1,1,0,0,0,1,1,0,0,0,ENSMUSG00000037364,ENSG00000087087
Icam1,0.627820132,0.877569462,5.002408651,1.128993305,1.135796444,1.068679882,2.88462E-05,2492.933037,636.1668601,246.2477811,1520.176694,3680.014142,2951.950352,571.0013547,1052.040029,652.6609121,928.3568205,1110.897953,746.587566,692.4217331,24431.26584,23007.98705,27860.14668,36186.93645,1115.148949,1440.503217,1596.349274,3642.843863,2781.623168,2658.012189,291.8514911,500.2807034,434.1048055,799.6726791,944.7309522,948.4701293,314.9856525,533.8836104,469.0548863,1061.671494,683.967093,1016.136031,1,1,1,1,0,1,1,1,0,1,1,1,0,1,1,1,1,0,1,1,0,0,0,ENSMUSG00000037405,ENSG00000090339
Serpine1,4.90323675,0.001255378,3.364945828,2.723941899,4.406221692,2.894820043,7.55283E-10,864.1266725,68.39496435,298.8362903,4277.462698,2284.53167,3203.964853,5232.343379,11264.86715,47415.6309,71.1147606,60.21363612,73.28021784,84.84218864,619.8977899,634.7626513,679.6986185,1047.777408,113.7290895,182.4872497,306.9096701,1906.437149,1200.047121,877.6279743,31.57457652,40.49891408,14.11722945,828.5133331,482.1878206,564.1677246,34.07739516,43.21914942,15.25381744,317.4559346,90.24565811,289.4806135,1,1,1,1,0,1,1,1,0,1,1,1,0,1,1,1,1,0,1,1,1,1,0,ENSMUSG00000037411,ENSG00000106366
Atg14,-0.404232468,0.852262122,-0.351399582,-0.462436854,-0.747911939,-0.27617381,0.600616179,168.9633159,204.7164344,202.8413926,113.8260382,217.1878175,190.0353254,86.95452103,150.2914327,110.6204936,430.5534963,452.911263,393.2463175,414.1758456,301.1268201,354.0852885,341.0987553,328.2349374,414.6582733,379.961375,411.6569978,259.7040222,297.382195,316.4300225,192.0075599,300.168422,215.2877491,133.7157595,126.797538,161.1907784,207.227403,320.3301663,232.620716,252.8241874,206.6150594,169.6373274,1,1,1,0,1,1,1,0,1,1,1,0,1,1,1,0,0,0,1,1,0,0,0,ENSMUSG00000037526,ENSG00000126775
Kcnk2,5.747238836,NA,0.391784547,-1.146331833,-1.320627404,-0.995887928,1.58291E-05,0,0,0,0,42.62564643,0,0,0,0,392.6771564,356.9185098,501.3527775,349.4038522,550.497468,495.5034982,574.7451554,481.4112415,408.6195606,543.9354254,454.6034021,194.4868686,131.0011598,309.9152868,501.7797566,536.8091357,551.7483842,233.3471096,158.0504523,246.7005207,541.5542798,572.8655883,596.1700317,362.1278775,238.6760168,255.7219413,1,1,1,1,0,1,1,0,1,1,1,0,1,1,1,1,0,1,0,0,0,0,0,ENSMUSG00000037624,ENSG00000082482
Phc3,-0.146866849,0.975813517,-0.489481663,-0.56049108,-0.744774186,-0.273183588,0.243365475,213.3765303,435.198095,115.1938773,125.8077264,251.6942932,276.0890577,144.9242017,538.2530379,40.56084765,1144.793048,1192.928124,1120.244122,1287.229335,811.6308824,813.9643522,905.8483427,848.2620538,1511.691084,1136.357801,1156.410498,821.0373796,892.1465849,865.5291793,2968.010193,3344.733845,2968.147491,1556.084377,1927.858342,2052.233813,3203.275145,3569.393281,3207.115117,2864.707146,3052.915618,2344.539779,1,1,1,0,1,1,1,0,1,1,1,0,1,1,1,0,0,0,1,1,0,0,0,ENSMUSG00000037652,ENSG00000173889
Cdkn1c,-0.518639,0.904825833,-0.909904213,-0.628207047,-1.460004814,-0.332501129,0.346682239,28.96513986,122.7361689,212.0235132,13.47939926,62.92357331,98.3471226,64.34634556,59.41754314,213.8662876,1517.372555,1803.791099,1395.226326,1811.791254,783.400243,935.9510522,830.8815833,922.9194121,896.7488387,844.5545179,922.8239568,549.6874371,437.9454832,735.2344641,730.4820946,1094.264777,743.5074176,234.6580485,409.8596475,286.9982153,788.385142,1167.764469,803.3677186,575.9829232,795.5867228,822.0236662,1,1,1,0,1,1,1,0,1,1,1,0,1,1,1,0,0,0,1,1,0,0,0,ENSMUSG00000037664,ENSG00000129757
Atp8a1,0.104753955,0.986905982,-1.052776515,-0.492259564,-1.127943287,-0.389198129,0.028658564,78.20587762,54.80966321,75.96117993,62.9038632,163.3983113,79.90703711,19.70969143,121.165186,0,2218.471336,2614.493534,2202.034269,2552.563912,1180.981748,1122.709451,1188.223136,1128.870745,2044.104255,1490.75333,1626.725999,1059.778745,1355.909815,1251.759942,2884.380234,2856.364587,3029.322152,1135.273017,1451.028164,1423.196629,3113.016098,3048.221185,3273.214993,2172.767265,2634.935728,2396.865721,1,1,1,0,1,1,1,0,1,1,1,0,1,1,1,1,0,1,1,0,0,0,0,ENSMUSG00000037685,ENSG00000124406
Themis2,6.129137364,0.01348071,2.687272578,0.978051859,3.010033272,2.692394949,5.06559E-19,9.65504662,0,11.68633537,329.4964263,2110.984395,25.09900525,244.6320525,255.1459206,0,44.83321864,91.62944627,48.61162966,50.17548791,319.9472464,364.8805717,338.5998633,487.8472206,57.36777082,76.69753973,84.84533541,171.1950281,117.61418,143.3241867,29.86784266,39.70481773,44.70455992,214.9939662,206.2692344,494.383912,32.2353738,42.37171511,48.30375523,319.3568683,246.9881169,222.807236,1,1,1,1,0,1,1,1,0,1,1,1,0,1,1,1,1,0,0,0,1,1,0,ENSMUSG00000037731,ENSG00000130775
Limch1,-0.437204757,0.916457221,-2.024374714,-0.7246919,-0.81739735,-0.230996658,0.419340997,4336.081437,4651.794493,469.9576297,1586.075979,1156.981832,3781.241974,2165.167574,4165.053269,1113.579635,2788.935394,2394.582863,3622.65473,3125.476756,829.275032,831.2368053,610.9790891,660.3314622,2893.549844,2748.769297,2947.589801,1664.202008,1862.702623,1669.633707,3498.804425,3540.081549,3816.357694,1801.229936,2399.330878,1955.912495,3776.143787,3777.86212,4123.615315,2627.090429,3748.75714,3574.199411,1,1,1,0,1,1,1,0,1,1,1,0,1,1,1,0,0,0,1,1,0,0,0,ENSMUSG00000037736,ENSG00000064042
Ppp1r16b,0.68627046,0.839929093,-1.699313719,-0.459772106,-0.789571728,-0.364249891,0.08984442,352.4092016,391.6314397,42.57165029,253.1131638,442.4948058,655.647484,455.0619934,611.6511794,110.6204936,1998.943162,1760.15803,1454.721156,1448.703178,630.4842796,489.0263283,429.8094205,502.0063748,1459.355574,1290.634462,1375.332412,895.5712693,1183.791503,918.5777419,1869.72695,1821.657037,2144.64244,884.8837023,1343.875315,1143.078508,2017.9344,1944.014289,2317.3091,1419.997504,1649.358146,1806.088959,1,1,1,0,1,1,1,0,1,1,1,0,1,1,1,0,0,0,1,1,0,0,0,ENSMUSG00000037754,ENSG00000101445
Vopp1,0.116737605,0.984606808,-0.626415202,0.351179921,-0.524522662,-0.177849067,0.649685201,1405.774788,1533.733653,1702.866012,1112.799294,6124.899434,817.5104566,1060.26546,683.8842711,265.4891846,1229.04858,1545.483327,1308.886267,1384.843466,829.275032,1030.949544,854.6210571,825.0925288,693.4455105,722.0147705,698.6646756,828.0249317,1008.804552,859.0144435,515.4336275,648.7767217,583.5121505,394.5925843,372.3561503,448.1889937,556.2904506,692.353825,630.4911209,588.3389925,466.6650478,604.280231,1,1,1,0,1,1,1,1,0,1,1,0,1,1,1,0,0,0,1,1,0,0,0,ENSMUSG00000037788,ENSG00000154978
Ppm1k,-0.932170663,0.392709284,1.065112127,-0.507326901,-0.887456131,-0.530349589,0.004866132,341.7886504,307.7773396,526.7198301,151.2688139,228.3516773,269.9423625,153.6196538,267.9614691,158.5560408,368.714574,306.304149,354.7923418,256.3511291,682.2404518,513.8554796,839.6277053,659.0442664,348.2324334,320.0138727,278.6278916,210.791157,246.7029141,208.4715443,832.8861266,859.2122556,883.5032763,470.6270358,472.3654761,449.1718643,898.9064236,916.9239151,954.6347415,690.0389476,636.4693782,591.620729,1,1,1,1,0,1,1,0,1,1,1,0,1,1,1,1,0,1,1,1,0,0,0,ENSMUSG00000037826,ENSG00000163644
Ifi206,#N/A,#N/A,1.458190391,2.800593958,5.098973164,4.287870971,1.31147E-17,#N/A,#N/A,#N/A,#N/A,#N/A,#N/A,#N/A,#N/A,#N/A,5.410905698,13.0899209,4.353280268,6.385971188,22.34925618,12.95433982,18.74168985,25.74391666,1.00645212,4.407904582,5.237366384,10.48132825,44.94200374,18.61353074,12.800504,6.352770837,2.352871575,245.145559,286.6338711,238.8375559,13.8151602,6.779474418,2.542302907,196.7466421,102.1200868,169.6373274,1,0,1,1,0,0,1,1,0,0,1,1,0,0,1,1,1,0,0,0,0,0,0,ENSMUSG00000037849,#N/A
Ackr1,2.070118052,0.316917426,7.241424168,3.226462079,4.381047009,3.599271877,2.52715E-19,608.2679371,759.8399464,1270.471603,2948.993015,1113.341289,14153.27784,1714.743155,1591.458116,634.2241632,101.2612352,84.64815513,2035.158525,82.10534385,79518.65349,64679.93921,104892.2403,99459.04761,453.909906,1527.779728,1178.407436,8927.762485,11177.17195,9475.217822,29.86784266,24.61698699,16.47010102,561.0818142,446.4702043,498.3153944,32.2353738,26.27046337,17.79612035,518.0044442,199.4904021,216.8994684,1,1,1,1,0,1,1,1,0,1,1,1,0,1,1,1,1,0,1,1,0,0,0,ENSMUSG00000037872,ENSG00000213088
Wdr19,0.091344608,0.991987611,-1.542859212,-0.549869474,-0.639880223,-0.055633663,0.914994343,111.9985408,79.63797218,0,94.3557948,88.2959819,59.41805324,13.91272336,151.4564825,0,331.6112206,452.911263,271.35447,301.0529274,101.1597911,140.3386814,104.9534632,118.4220166,342.1937207,281.2243123,240.9188536,177.0179882,187.4177177,225.2237219,477.0321155,579.6903388,551.7483842,326.4237657,358.9620442,345.9704513,514.84497,618.6270407,596.1700317,544.6175165,619.8451781,501.3162811,1,1,1,0,1,1,1,0,1,1,1,0,1,1,1,0,0,0,0,0,0,0,0,ENSMUSG00000037890,ENSG00000157796
Ccr7,1.35490939,NA,2.903867563,2.076225279,5.976257239,6.153501727,3.62248E-14,0,48.25124197,0,0,243.5751225,0,0,3.495149597,0,5.410905698,10.47193672,3.627733557,2.736844795,34.11202259,28.06773628,58.72396153,45.05185415,7.045164838,5.289485498,14.66462587,33.7731688,48.76685512,29.78164918,1.706733866,2.382289064,0,57.681308,103.5810874,120.8930838,1.84202136,2.542302907,0,127.3625606,85.49588663,131.6588213,1,0,1,1,0,0,1,1,0,0,1,1,0,0,1,1,1,0,0,0,0,0,0,ENSMUSG00000037944,ENSG00000126353
Cramp1,-0.078796959,0.98668794,-0.64252796,-0.46504386,-0.585048822,-0.221414958,0.43441536,50.20624242,78.2325962,22.53793251,55.41530806,40.59585375,61.46695162,46.95544135,71.0680418,7.374699572,529.4957719,487.8177187,591.3205697,678.7375092,401.1103346,359.4829301,338.5998633,365.5636165,820.2584776,713.1989614,826.4564153,557.8395813,560.3407275,590.0489244,887.5016103,990.2381541,802.3292069,540.1067931,583.9830272,662.4547846,957.8511071,1056.750575,866.9252912,835.4603787,862.0835235,777.2934257,1,1,1,0,1,1,1,0,1,1,1,0,1,1,1,0,0,0,1,0,0,0,0,ENSMUSG00000038002,ENSG00000007545
Dennd4c,-0.65706598,0.793820513,-0.347794375,-0.70644713,-0.594216871,-0.114241769,0.700865662,1106.468343,1053.563526,391.492235,585.6050122,308.5284885,549.1047678,528.6834878,1047.379829,213.8662876,647.7627107,749.6161366,806.807943,721.6147443,550.497468,578.6271788,637.2174549,532.8990748,1549.936264,1157.515743,1488.459526,748.8326738,898.8400748,921.3697715,2353.586001,2672.928329,2409.340492,1325.359145,1905.534832,1691.520303,2540.147455,2852.463861,2603.318177,2443.650323,2574.376142,2371.546717,1,1,1,0,1,1,1,0,1,1,1,0,1,1,1,0,0,0,1,1,0,0,0,ENSMUSG00000038024,ENSG00000137145
Phf2,-0.531040844,0.876998341,-0.300268061,-0.382767965,-0.888249678,-0.178016299,0.502801194,162.2047832,237.5085406,50.08429446,83.8718176,76.11722577,139.3250903,134.4896592,163.1069812,22.12409872,1765.501231,1810.772391,1946.641826,1913.966793,1626.790595,1457.36323,1540.566906,1414.62822,2197.084977,2062.017763,2167.22221,1680.506296,1576.794982,1671.49506,1550.567717,1636.632587,1437.604532,600.4099788,945.6238926,949.4529999,1673.476405,1746.562097,1553.347076,1370.573227,1534.176188,1493.821242,1,1,1,0,1,1,1,0,1,1,1,0,1,1,1,0,0,0,1,1,0,0,0,ENSMUSG00000038025,ENSG00000197724
Kmt2c,-0.292194401,0.924938907,-0.575464484,-0.623307075,-0.502756001,-0.177402383,0.436439281,484.6833403,972.520178,378.9711614,336.9849814,482.0757632,844.6583602,482.3077433,580.194833,269.1765344,730.4722692,644.0241081,938.1318977,774.527077,555.2025746,472.8334035,472.2905842,572.8021456,1546.916908,1146.055191,1287.344657,889.7483092,841.4673041,852.4997078,5465.815206,5681.759417,5733.948027,3712.578733,4033.411825,4166.388475,5899.073405,6063.392433,6195.592184,4950.031459,5690.226232,5417.422909,1,1,1,0,1,1,1,0,1,1,1,0,1,1,1,0,0,0,1,1,0,0,0,ENSMUSG00000038056,ENSG00000055609
Smim3,-2.447356166,0.064328907,1.702165756,0.754417269,0.995159713,0.368378863,0.498073485,4640.215406,1852.285541,8624.515506,465.7881299,894.1236788,1303.099374,891.5736889,192.2332278,1799.426696,271.3182714,387.4616585,286.590951,316.5617146,998.6588683,701.6934071,1213.212056,1191.943341,179.1484773,276.8164078,395.9448986,450.6971147,559.3845146,426.2498539,103.2573989,84.17421358,105.8792209,218.9267826,156.2645715,209.3514379,111.4422923,89.82803604,114.4036308,134.0158287,157.9299017,115.623452,1,1,1,1,0,1,1,1,0,1,1,1,0,1,1,0,0,0,1,1,0,0,0,ENSMUSG00000038059,ENSG00000256235
Mturn,-2.370329431,0.118171173,-0.461830748,-0.855394424,-1.712703753,-0.745189715,2.78046E-05,227.8591002,590.7263701,596.0031041,26.95879851,184.7111345,168.5218924,106.0845157,34.95149597,22.12409872,2965.949309,2528.100056,2292.727608,2201.335497,1767.943792,1742.358706,1927.895163,1814.946124,2197.084977,1942.122759,1881.262005,1083.070586,910.3146289,1333.659477,1298.824472,1556.428855,1465.838991,294.9612341,491.1172247,528.784383,1401.778255,1660.971232,1583.854711,791.7389027,989.1399106,991.6609937,1,1,1,0,1,1,1,0,1,1,1,0,1,1,1,1,0,1,1,1,0,0,0,ENSMUSG00000038065,ENSG00000180354
Rnf144b,-0.843638869,0.536332963,-1.122877003,-0.948730164,-0.993484984,-0.356323185,0.261704702,5200.20811,4999.859277,4808.092268,2604.519479,1451.301771,4278.099833,3328.039368,3396.120358,1662.994754,4767.780907,5667.063086,6320.962949,7243.515891,2584.279781,3591.590716,2571.359847,2270.613449,7873.474933,4677.668342,8813.44015,3654.489783,3925.253731,3488.17566,2405.641384,2784.895915,2014.058068,968.7837867,1502.818708,1145.044249,2596.329107,2971.952098,2176.211288,2050.157039,2534.003084,1471.034138,1,1,1,0,1,1,1,0,1,1,1,0,1,1,1,0,0,0,1,1,0,0,0,ENSMUSG00000038068,ENSG00000137393
Atp13a4,7.819592344,NA,1.396438948,-0.81830086,-1.353487039,0.252322175,0.844329735,0,0,0,1.497711029,159.338726,8.707818147,5.217271262,4.660199462,0,67.24982796,41.01508547,34.82624214,23.71932156,158.7973465,92.8394354,103.7040172,84.95492497,63.40648354,53.7764359,67.03828971,30.27939272,39.20472667,34.43503186,122.0314714,48.43987763,107.0556566,53.74849155,11.60822531,44.22917701,131.7045272,51.69349244,115.6747823,41.82054228,119.9317299,193.2683979,1,1,1,1,0,1,1,0,1,1,1,0,1,1,1,0,0,0,0,0,0,0,0,ENSMUSG00000038094,ENSG00000127249
Ormdl3,-0.003815966,0.998235792,-0.96030252,-0.342400797,-0.641484073,-0.37502828,0.1359643,223.9970816,111.4931611,129.3844274,155.761947,92.35556727,124.9828016,97.38906355,214.3691753,247.0524357,1522.010474,1799.427792,1193.52434,1427.720701,855.1531181,820.4415221,692.1930784,684.7881831,1173.523172,1245.673835,1311.436542,925.8506621,1015.498042,999.5466006,581.9962483,623.3656383,561.1598705,331.667521,417.0031708,382.3366635,628.1292837,665.2359273,606.3392433,491.3913718,541.4739486,434.6429036,1,1,1,0,1,1,1,0,1,1,1,0,1,1,1,0,0,0,1,1,0,0,0,ENSMUSG00000038150,ENSG00000172057
Nop2,-2.262434761,0.426081341,1.085038179,1.111992242,1.616765342,0.466057575,0.174833029,2.896513986,21.54909836,70.11801224,10.4839772,18.26813419,0.512224597,5.796968068,3.495149597,0,325.4273284,356.0458484,346.0857813,374.0354553,781.0476897,621.8083115,799.6454336,771.0303039,286.8388541,282.1058933,335.1914486,745.3388978,606.2389441,603.0783959,147.6324794,159.6133673,148.2309092,478.4926687,492.0101651,427.5487111,159.3348476,170.3342948,160.1650831,243.3195187,207.8025022,225.3391364,1,1,1,1,0,1,1,1,0,1,1,1,0,1,1,0,0,0,0,0,0,0,0,ENSMUSG00000038279,ENSG00000111641
Wdr36,0.002927957,0.998508797,0.712310888,0.643426569,0.633965241,-0.057579169,0.936764346,183.4458858,458.621028,479.9744886,272.5834072,352.1690312,153.1551545,284.0514354,678.0590217,512.5416203,568.1450983,759.2154119,612.3614244,771.7902322,1004.540252,1025.551903,1150.739757,1260.16472,404.5937521,460.1852384,545.7335772,773.2891064,746.8022323,683.1165781,328.5462692,417.6946825,289.4032037,621.3849998,439.326681,551.3904068,354.5891117,445.750443,312.7032575,408.7007541,412.0426758,252.3460741,1,1,1,1,0,1,1,1,0,1,1,1,0,1,1,0,0,0,1,1,0,0,0,ENSMUSG00000038299,ENSG00000134987
Sesn1,0.15822244,0.965397622,-0.876903843,-0.75758875,-1.226110194,-0.448859228,0.050897512,483.7178357,288.5705345,399.8396174,235.1406315,998.6580021,366.2405868,285.7905258,217.8643249,512.5416203,2664.484563,3412.106047,2302.885262,4087.02156,1717.363896,2286.440979,1426.867321,1355.417212,2984.130535,2339.715752,4162.658802,1723.596201,1794.811511,2091.230178,1490.832032,1509.57717,1103.496768,488.9801792,652.7394386,611.3455134,1609.005658,1610.972609,1192.340063,1122.501373,1162.50657,951.9945539,1,1,1,0,1,1,1,0,1,1,1,0,1,1,1,0,0,0,1,1,0,0,0,ENSMUSG00000038332,ENSG00000080546
Tsr1,1.178312855,0.559301912,1.600775341,1.104680341,0.778662702,0.120343946,0.857186976,317.6510338,114.7723717,44.24112677,488.2537953,610.9675989,163.3996464,165.21359,378.6412063,350.2982297,150.732373,180.6409084,152.3648094,129.543987,438.7511871,405.9026478,457.2972323,559.9301873,121.7807065,163.9740505,173.8805639,387.8091452,317.4626647,284.7870203,168.1132858,179.4657761,184.7004186,306.7596835,308.9573813,296.8269213,181.4391039,191.5201523,199.5707782,166.3317023,231.5513596,224.4951696,1,1,1,1,0,1,1,1,0,1,1,1,0,1,1,0,0,0,1,1,0,0,0,ENSMUSG00000038335,ENSG00000167721
Setd1b,-0.922783783,0.841230309,-0.636985033,-0.427467973,-0.755363932,-0.436322072,0.02388005,126.4811107,365.8662134,36.7284826,107.8351941,150.2046589,141.3739887,33.6224148,123.4952857,0,494.7113781,527.0874814,753.8430331,731.6498419,445.808847,410.2207611,418.5644066,337.2453082,801.1358873,658.5409446,692.3798359,528.7247806,503.9241696,566.7820109,1098.283243,1105.382126,941.1486298,540.1067931,676.8488296,644.7631138,1185.340745,1179.628549,1016.921163,822.1538426,832.3974518,846.4987035,1,1,1,0,1,1,1,0,1,1,1,0,1,1,1,1,0,1,1,0,0,0,0,ENSMUSG00000038384,ENSG00000139718
Mllt6,-0.975074735,0.839639387,-1.206511901,-0.634219763,-0.716877077,-0.258341997,0.237736538,740.5420758,669.427425,94.32542123,383.4140233,297.3646287,511.2001477,160.5760155,175.9225297,0,3159.968928,2594.422322,2976.918157,2440.353276,1297.433135,1348.33087,987.0623321,1207.389691,3708.776061,2997.375116,3146.609723,2082.290546,1967.886036,2296.909693,2997.024669,3244.677705,3078.732455,1310.938818,2317.18036,2038.473625,3234.589508,3462.616559,3326.603354,2462.65966,3051.728175,2867.799197,1,1,1,0,1,1,1,0,1,1,1,0,1,1,1,0,0,0,1,0,0,0,0,ENSMUSG00000038437,ENSG00000275023
Cdk19,-0.50853729,0.896939378,-2.027083372,-1.151492566,-1.238659593,-0.513680174,0.001145222,104.2745035,144.2852673,47.58007974,65.89928526,32.476683,102.957144,101.4469412,102.5243882,7.374699572,6845.568695,7261.415452,6347.082631,6585.760858,1360.952074,2236.782676,1725.484912,1309.078162,6583.203315,4423.773039,6306.836599,2040.365233,2677.395967,3074.024601,4614.155007,4762.989935,3972.823654,1325.359145,2294.85685,2033.559272,4979.904746,5082.910945,4292.678458,3252.497629,3562.328609,3244.208391,1,1,1,0,1,1,1,0,1,1,1,0,1,1,1,1,0,1,1,0,0,0,0,ENSMUSG00000038481,ENSG00000155111
Socs7,1.291204573,0.789554881,0.813486057,-0.389062553,-0.613282537,-0.38130112,0.119860742,41.51670047,38.88206877,0,67.39699629,90.32577458,89.12707985,66.08543598,79.22339086,0,747.4779729,630.0615258,719.7423376,637.6848372,1189.215684,1129.186621,1228.205408,1264.026308,787.0455576,696.448924,785.6049575,578.8022378,554.6034504,598.4250132,807.2851186,686.8933467,830.5636658,420.8113607,558.9806957,536.6473478,871.2761032,733.0306715,897.4329261,569.3296551,699.4038503,651.542372,1,1,1,1,0,1,1,0,1,1,1,0,1,1,1,0,0,0,0,0,0,0,0,ENSMUSG00000038485,ENSG00000274211
Slc19a3,-3.05959193,0.273762197,-0.959690164,-1.562397506,-1.256391313,-0.185298387,0.684790033,1449.222498,1640.542227,1412.377104,109.3329051,2.029792687,751.4334836,194.7781271,16.31069812,3.687349786,2894.061562,3685.249063,2589.476213,5254.742006,1529.159633,1881.617859,2338.962893,1665.631408,2993.188604,2526.610906,2794.658702,839.670852,803.2187902,1170.791083,1576.168725,1839.921254,1264.668471,545.3505484,848.2933881,564.1677246,1701.106726,1963.505278,1366.487812,1345.861088,1937.906764,1146.950885,1,1,1,0,1,1,1,0,1,1,1,0,1,1,1,0,0,0,1,0,0,0,0,ENSMUSG00000038496,ENSG00000135917
Rpf2,0.085922745,0.983909156,1.087924287,1.423988965,1.979304065,1.370747432,0.03219694,353.3747063,464.242532,568.4567421,336.9849814,238.5006408,311.9447795,355.9338394,524.2724395,1183.639281,146.8674404,182.3862311,192.2698785,145.0527741,336.4151194,249.3710416,446.0522184,387.4459457,104.6710205,134.8818802,121.5069001,302.7939272,371.9667969,295.0244622,33.28131039,10.32325261,35.29307362,146.8251476,58.93406696,103.201413,35.91941651,11.01664593,38.1345436,62.73081342,86.6833295,68.36131105,1,1,1,1,0,1,1,1,0,1,1,1,0,1,1,1,1,0,1,1,0,0,0,ENSMUSG00000038510,ENSG00000197498
Atf5,-0.662259302,0.885836988,0.613709849,0.356208139,-0.611776709,-0.057334301,0.921345503,24.13761655,120.3938756,20.86845602,43.43361983,19.28303053,55.32025646,41.15847329,47.76704449,0,2053.825206,2182.526144,1473.585371,1438.668081,2339.614239,3400.514204,2566.362063,2631.028282,1189.626406,1416.700533,1419.32629,1784.154987,1609.306219,1760.840008,728.7753608,1083.147428,655.2747335,409.0129113,567.9100998,636.900149,786.5431206,1155.900388,708.0313596,902.9435265,826.4602374,821.1796994,1,1,1,1,0,1,1,1,0,1,1,0,1,1,1,0,0,0,1,0,0,0,0,ENSMUSG00000038539,ENSG00000169136
Susd4,8.105830298,NA,-1.08630365,-1.074872032,-1.488513632,-1.138497984,5.04206E-05,0,0,0,2.995422057,198.9196834,17.41563629,0,0,0,405.8179274,377.8623832,459.2710683,544.6321142,216.434902,284.9954761,168.6752086,169.9098499,570.6583519,576.5539193,533.1638979,248.0581019,176.8993764,372.2706147,215.901834,219.9646902,228.2285427,49.81567509,74.11405391,111.0643778,233.015702,234.7393017,246.603382,109.3036901,87.87077237,125.7510537,1,1,1,0,1,1,1,0,1,1,1,0,1,1,1,1,0,1,0,0,0,0,0,ENSMUSG00000038576,ENSG00000143502
Cep85l,-0.555586113,0.922751613,-0.900344689,-0.517259166,-0.920930056,-0.217659039,0.416861372,203.7214837,343.8486564,94.32542123,82.37410657,83.22150018,322.701496,133.3302656,249.3206712,0,554.2313408,566.3572441,537.6301131,547.368959,317.5946931,241.8143434,273.6286718,350.1172665,502.2196077,374.6718895,423.1792038,285.3250468,318.4188776,303.400551,1474.61806,1704.924873,1445.839583,639.7381433,948.3027138,852.1488105,1591.506455,1819.441447,1562.245136,1297.387278,1579.299017,1403.516794,1,1,1,0,1,1,1,0,1,1,1,0,1,1,1,0,0,0,1,0,0,0,0,ENSMUSG00000038594,ENSG00000111860
Ctss,1.248528471,NA,1.077674494,0.995539476,3.283746956,2.948486707,2.49317E-39,742.4730851,367.2715894,915.7078503,626.0432099,6224.359276,883.5874296,663.7528438,759.6125123,464.6060731,915.989036,1274.958295,1221.820662,1034.527332,2111.416571,2062.978617,2623.836579,2589.838016,576.6970646,847.1992607,876.7351326,1452.246259,1549.06481,1585.872819,560.662075,605.8955185,437.6341129,5761.576106,4503.09848,5388.096631,605.1040167,646.5923726,472.8683407,5225.666851,2709.744629,5389.572005,1,1,1,1,0,1,1,1,0,1,1,1,0,1,1,1,1,0,1,1,0,0,0,ENSMUSG00000038642,ENSG00000163131
Herc1,-0.052062698,0.992451032,-0.379673288,-0.508235768,-0.466951539,-0.184504255,0.514866358,309.9269965,747.1915625,175.2950306,263.597141,374.4967508,478.9299981,241.7335685,979.8069369,36.87349786,951.5464163,822.0470322,995.4500879,815.5797489,757.5221569,744.8745398,541.0101137,711.8192955,1942.452591,1616.819401,1779.657097,1192.542236,1288.018703,1271.304149,4054.346299,3490.053478,4678.685126,2990.251444,2837.764618,3013.481261,4375.72174,3724.473759,5055.36933,3722.028263,3998.120143,3852.708456,1,1,1,0,1,1,1,0,1,1,1,0,1,1,1,0,0,0,1,1,0,0,0,ENSMUSG00000038664,ENSG00000103657
Gngt2,0.255745208,0.948675002,0.656295439,1.579829228,1.221317407,0.838634421,0.076210244,94.61945688,49.18815929,125.2107361,217.1680991,44.65543912,30.73347581,125.7942071,107.1845876,117.9951932,360.9847087,390.9523041,534.0023795,350.3161338,434.0460806,614.2516133,773.4070678,759.4455414,310.993705,255.6584658,335.1914486,826.8603397,1180.922864,685.9086077,62.29578611,66.70409378,72.93901881,149.4470253,181.2669029,138.5847546,67.23377963,71.18448139,78.81139011,155.8765667,151.9926873,81.0208131,1,1,1,1,0,1,1,1,0,1,1,1,0,1,1,0,0,0,1,1,0,0,0,ENSMUSG00000038811,ENSG00000167083
Rpl12,0.436588108,0.88894806,0.311905391,1.117639088,1.383804414,0.731581502,2.14137E-05,1256.121565,1948.319567,3651.145066,2306.474984,1976.003181,1913.158869,2537.91262,2666.799142,7164.520634,7308.587625,7799.847531,7022.566619,8858.25432,8676.216505,10293.30252,9965.581216,9530.397946,3562.840504,4066.732767,4521.942136,8501.521803,10254.42656,7611.072718,713.414756,811.5664744,895.2676341,2667.760495,1934.108925,1714.126327,769.9649284,866.0778569,967.3462561,1454.214311,1342.997886,1519.984212,1,1,1,1,0,1,1,1,0,1,1,1,0,1,1,1,1,0,1,1,0,0,0,ENSMUSG00000038900,ENSG00000197958
Rabggtb,0.247491391,0.951906036,0.859553616,0.678578322,0.89558393,0.151343328,0.794832057,296.4099312,226.7339914,1188.667255,422.3545101,582.5505013,480.4666718,261.4432599,715.3406174,1607.684507,465.33789,523.5968358,581.1629158,636.7725556,1022.184401,892.7699195,1024.545712,1064.510954,470.0131399,506.027446,547.8285237,887.4191252,851.0294325,701.7301088,163.8464511,155.6428855,164.7010102,370.9956856,285.7409307,245.7176501,176.8340505,166.0971232,177.9612035,188.1924403,185.2410877,204.2399664,1,1,1,1,0,1,1,1,0,1,1,1,0,1,1,0,0,0,1,1,0,0,0,ENSMUSG00000038975,ENSG00000137955
Abhd2,0.198773318,0.9476157,-1.46803917,-0.439397316,-0.443402543,0.087759729,0.83347474,709.6459266,1508.905344,774.6370876,638.0248982,818.006453,923.5409481,1238.812076,1707.963103,1548.68691,18191.46496,25877.90095,17297.75914,22144.72352,6829.462178,8504.524094,7145.581617,7706.441451,13087.90336,10360.33893,12315.14331,9300.431934,9265.702473,7807.445468,10304.40572,11869.35821,9640.891277,7013.522678,8994.588735,7387.255432,11121.20396,12666.60052,10417.08616,12296.1899,14055.76125,10004.38248,1,1,1,0,1,1,1,0,1,1,1,0,1,1,1,0,0,0,1,1,0,0,0,ENSMUSG00000039202,ENSG00000140526
Tgfb2,-0.431629899,0.932530736,-2.358946786,-1.000516827,-0.71074783,-0.13946628,0.687801953,156.4117552,112.898537,50.08429446,34.44735366,165.428104,120.8850049,38.83968606,107.1845876,3.687349786,3609.847087,4070.092737,2125.851864,1798.10703,506.9752323,548.4003858,613.4779811,593.3972789,1963.588086,1596.54304,1260.110352,819.8727875,479.0626356,1110.297108,1583.849028,2096.414376,1774.065167,998.9353795,1201.004849,1131.284061,1709.395822,2237.226558,1916.896392,1707.038499,1961.655621,1657.550801,1,1,1,0,1,1,1,0,1,1,1,0,1,1,1,0,0,0,1,0,0,0,0,ENSMUSG00000039239,ENSG00000092969
Vstm2b,1.728229409,NA,-1.883473072,-1.238911623,-1.898611449,-0.919168196,0.095056568,0,0,2.504214723,0,16.2383415,0,0,0,0,156.1432787,134.3898545,132.0495015,263.6493819,41.16968244,51.81735929,46.22950163,46.33904998,223.4323706,193.0662207,323.6692425,69.87552167,178.8118021,64.21668104,92.16362876,54.79264846,111.7613998,22.28595991,35.71761634,10.8115766,99.46915343,58.47296686,120.7593881,57.0280122,47.49771479,42.19834016,1,1,1,0,1,1,1,0,1,1,1,0,1,1,1,0,0,0,0,0,0,0,0,ENSMUSG00000039257,ENSG00000187135
Prrc2b,0.295902978,0.959807152,-0.414374284,-0.386964487,-0.791734897,-0.469375014,0.001985476,352.4092016,476.8909158,44.24112677,277.0765403,341.0051715,289.9191218,331.0068767,900.5835461,3.687349786,3541.824273,3214.884572,3553.727792,3066.178452,2694.849785,2494.789944,2272.742256,2575.678861,4862.17019,4337.378109,4447.571533,3584.614261,3293.19704,3558.907077,5051.078876,5191.00787,5611.598705,2787.055928,3072.607946,3295.565123,5451.462214,5539.678034,6063.392433,3842.737555,4229.671502,4244.309053,1,1,1,0,1,1,1,0,1,1,1,0,1,1,1,1,0,1,1,0,0,0,0,ENSMUSG00000039262,ENSG00000288701
Megf9,-0.209684236,0.975813517,-0.82727127,-0.595151426,-1.172149773,-0.701997957,2.81543E-06,44.41321445,240.7877512,133.5581186,26.95879851,328.8264153,124.470577,183.7638878,58.25249328,0,1426.160145,1427.674039,1324.122748,1237.966129,763.4035401,717.8863319,783.4026357,789.0510455,939.0198277,709.6726377,806.5544231,527.5601886,533.5667678,563.0593048,1763.909451,1753.364751,1845.82775,873.085253,742.0334795,766.6390682,1903.729075,1871.134939,1994.43663,1118.699506,1179.13077,1247.382935,1,1,1,0,1,1,1,0,1,1,1,0,1,1,1,1,0,1,1,0,0,0,0,ENSMUSG00000039270,ENSG00000106780
C130074G19Rik,#N/A,#N/A,-1.641367586,-0.663335761,-0.899816676,0.139413728,0.730846583,#N/A,#N/A,#N/A,#N/A,#N/A,#N/A,#N/A,#N/A,#N/A,13921.48737,14621.44164,9527.879413,13668.71519,4347.518466,4044.99261,3553.424395,4639.053781,7897.629783,5987.697584,6579.179651,4319.471831,4151.876175,4449.564523,3935.728295,4254.768268,4912.795848,1687.178259,3219.943113,2111.206049,4247.701256,4540.552992,5308.328469,3940.635643,6074.957722,5510.259258,1,1,1,0,1,1,1,0,1,1,1,0,1,1,1,0,0,0,0,0,0,0,0,ENSMUSG00000039349,#N/A
Prdm16,0.421923256,0.9657168,-1.867611167,-0.519395736,-1.216038112,-0.220037215,0.413870248,16.41357925,0.46845866,0,2.995422057,16.2383415,21.00120847,0,3.495149597,0,1144.020062,1255.759745,1036.80625,1311.860938,364.6457587,327.0970805,318.6087274,289.6190624,1105.084427,878.0545927,956.3431017,632.3734711,636.8377551,779.9069379,1116.203948,1272.14236,1014.087649,363.1300527,513.4407349,585.7908778,1204.681969,1357.589752,1095.732553,1024.603286,1066.323697,1052.426603,1,1,1,0,1,1,1,0,1,1,1,0,1,1,1,0,0,0,0,0,0,0,0,ENSMUSG00000039410,ENSG00000142611
Mtmr7,1.43724785,0.820035616,0.677206006,-0.771668097,-0.951638482,-0.312889677,0.381392532,0,12.17992516,0,1.497711029,6.089378062,21.51343307,22.02847866,15.14564825,0,136.8186155,141.3711457,169.7779304,95.78956782,192.9093691,202.9513239,259.8847659,216.2488999,164.0516955,144.5792703,177.0229838,85.01521803,79.36566618,119.1265967,302.9452612,300.9625184,322.3434057,162.5564135,158.0504523,158.2421666,326.9587914,321.1776006,348.2954982,268.0316573,303.9853747,231.2469041,1,1,1,1,0,1,1,0,1,1,1,0,1,1,1,0,0,0,0,0,0,0,0,ENSMUSG00000039431,ENSG00000003987
Tspyl4,-0.005726484,0.998189316,-0.47096431,-1.161463884,-2.103377173,-1.280286085,2.16171E-10,196.9629511,539.1959175,747.9254639,154.2642359,255.7538786,414.9019235,596.5080142,620.9715783,918.1500967,761.3917304,530.578127,630.5000921,531.8601718,446.9851236,412.3798177,453.5488944,459.5289123,452.9034539,604.7645087,448.3185624,203.8036049,213.2354646,255.9360476,605.0371555,485.986969,631.7460178,140.2704536,88.40110044,172.9852257,652.996572,518.629793,682.6083305,239.5176512,255.300217,267.5374766,1,1,1,0,1,1,1,0,1,1,1,0,1,1,1,1,0,1,1,1,0,0,0,ENSMUSG00000039485,ENSG00000187189
Atp8b1,1.065944003,0.618520639,2.582899293,0.885357595,1.245512517,0.71787727,0.010676832,84.96441026,225.3286154,73.45696521,221.6612322,60.89378062,316.0425763,357.093233,496.3112427,154.868691,216.4362279,157.9517121,444.0345873,134.105395,1240.971856,1301.911152,1730.482696,1442.946529,449.8840975,851.6071653,632.6738591,977.0927113,1568.189067,1028.397573,401.0824585,597.1604586,459.9863928,1047.440116,1336.731792,1074.277566,432.8750195,637.2705953,497.0202183,998.9406804,596.0963207,981.533392,1,1,1,1,0,1,1,1,0,1,1,1,0,1,1,1,1,0,1,1,0,0,0,ENSMUSG00000039529,ENSG00000081923
Myo9a,-0.108583254,0.98668794,-0.641216536,-0.461216329,-0.851825336,-0.293864295,0.122882549,308.9614918,486.260089,133.5581186,179.7253234,195.8749943,549.6169924,321.7317278,469.5150958,3.687349786,825.5496122,722.5636334,941.7596313,815.5797489,596.372257,484.708215,487.2839361,552.2070123,1165.471555,906.2651821,979.3875137,708.0719529,700.9040158,805.9658809,3740.307267,3923.630088,4181.052788,1782.876793,2316.28742,2460.125113,4036.78981,4187.172888,4517.672265,3185.964948,3587.26491,3618.929652,1,1,1,0,1,1,1,0,1,1,1,0,1,1,1,0,0,0,1,0,0,0,0,ENSMUSG00000039585,ENSG00000066933
Rcan2,2.4049985,0.140340926,0.59215034,-0.945388515,-1.794597961,-0.445426391,0.016918444,25.10312121,113.3669957,40.06743557,332.4918483,682.0103429,106.0304915,300.8626428,432.2335001,40.56084765,3445.200957,2562.13385,3575.494193,2566.248136,4690.991245,4229.591952,4631.696285,4766.486169,2566.452905,2054.965116,2350.530033,1019.018024,1083.389154,1516.072079,4240.38029,5468.941594,4237.521706,707.9069619,1634.973888,1673.828632,4576.502068,5836.28004,4578.687535,3677.35632,3443.584323,3888.999029,1,1,1,1,0,1,1,0,1,1,1,0,1,1,1,1,0,1,1,1,0,0,0,ENSMUSG00000039601,ENSG00000172348
Zer1,-0.20544233,0.96889082,-0.347776195,-0.516033272,-0.572464143,-0.405699053,0.064807476,337.9266317,423.9550872,136.0623333,253.1131638,312.5880738,217.1832291,216.226909,548.7384867,7.374699572,1028.845069,974.762776,899.677922,796.4218353,829.275032,766.4651062,669.7030506,641.0235247,1092.00055,1064.949747,1003.479399,734.8575695,702.8164415,772.4615256,613.5708248,586.0431097,611.7466094,343.4659704,424.146694,448.1889937,662.2066788,625.4065151,660.9987558,501.8465074,483.289248,485.2809118,1,1,1,0,1,1,1,0,1,1,1,0,1,1,1,0,0,0,1,0,0,0,0,ENSMUSG00000039686,ENSG00000160445
Arhgap29,0.136322179,0.97469496,-0.405083744,-0.731209667,-0.547511657,-0.12202223,0.73637112,2580.793962,3353.227088,1631.078523,2369.378847,405.9585375,3599.914467,3469.485389,4391.072943,2393.090011,7966.399161,9533.825719,8218.267599,9102.745788,5862.562779,6400.523401,7265.528432,6768.075689,10605.99244,10094.98307,12240.77271,6562.476076,6677.2343,6603.150029,9409.223803,12584.83903,9467.955216,5808.769904,8907.080575,6808.344648,10155.06376,13430.13882,10230.2269,9861.093776,11640.50245,9576.491315,1,1,1,0,1,1,1,0,1,1,1,0,1,1,1,0,0,0,1,1,0,0,0,ENSMUSG00000039831,ENSG00000137962
Nhsl1,0.124286717,0.979427227,-0.48450983,-0.440335652,0.659955041,0.221905276,0.387107451,704.8184033,846.0363398,77.63065641,727.8875599,503.3885864,430.780886,304.3408236,1068.350727,516.2289701,1505.777757,1405.857504,1361.851177,1180.492388,942.1975895,1061.176337,847.1243812,1047.777408,1954.530016,1898.043713,1898.021577,1419.637682,1444.83761,1373.678568,1605.183201,1863.744144,1770.53586,2960.099852,2636.853026,2683.236739,1732.421089,1988.928307,1913.082937,2006.435563,2463.943955,2103.165273,1,1,1,0,1,1,1,0,1,1,1,1,0,1,1,0,0,0,1,1,0,0,0,ENSMUSG00000039835,ENSG00000135540
Mcph1,0.182099267,0.94713074,1.836606367,1.012239596,1.936484992,0.490812305,0.184187171,292.5479126,481.1070437,190.3203189,452.3087306,251.6942932,322.701496,387.8171638,406.6024031,368.7349786,93.53136992,94.24743045,91.41888563,73.89480946,332.8862894,290.3931177,272.3792258,368.1380082,103.6645683,126.066071,137.2189993,284.1604548,304.0756849,152.630952,135.6853423,170.7307162,169.4067534,764.277331,480.4019398,577.927913,146.4406981,182.198375,183.0458093,243.3195187,279.0490744,197.4882319,1,1,1,1,0,1,1,1,0,1,1,1,0,1,1,0,0,0,1,1,0,0,0,ENSMUSG00000039842,ENSG00000147316
Rere,-0.299311945,0.943712767,-0.79650325,-0.372769548,-0.456143975,-0.09408785,0.784368067,351.443697,733.6062614,150.2528834,236.6383425,229.3665737,559.8614844,477.6701688,419.4179516,81.12169529,2427.950685,2678.197815,2509.666074,2956.70466,1519.74942,1732.642951,1489.33962,1342.545254,2764.723973,2518.676678,2614.493299,1916.918478,1859.833985,2321.107283,2183.765982,2287.791597,2375.223855,1439.410822,1866.245454,1681.691597,2356.86633,2441.458225,2566.454784,2055.85984,2439.007655,2404.461422,1,1,1,0,1,1,1,0,1,1,1,0,1,1,1,0,0,0,1,1,0,0,0,ENSMUSG00000039852,ENSG00000142599
Heca,0.318897089,0.929583494,-0.621419476,-0.697756044,-0.524645427,-0.214783579,0.507136826,287.7203893,424.8920045,103.5075419,202.1909889,384.6457142,352.9227472,381.4404989,572.039484,140.1192919,1217.453782,1321.209349,1348.06579,1686.808675,782.2239663,891.6903912,1065.777429,883.0163413,1029.600518,911.5546676,975.1976206,600.9294863,580.4211972,616.1078674,907.1290498,1100.617547,805.8585143,529.6192826,753.6417048,671.30062,979.0343527,1174.543943,870.7387456,901.9930596,921.455667,786.5770605,1,1,1,0,1,1,1,0,1,1,1,0,1,1,1,0,0,0,1,1,0,0,0,ENSMUSG00000039879,ENSG00000112406
Clstn1,0.90683165,0.779429646,-1.081264957,-0.543266459,-1.552255998,-0.647975219,5.46959E-06,477.9248077,542.4751282,13.35581186,521.2034379,488.1651413,524.0057626,792.445535,766.6028115,785.4055044,8999.109162,9128.038171,8570.883301,10832.4317,4326.345486,4721.856865,4599.210689,4088.133965,7923.797539,6963.607659,7667.504386,4809.765075,4941.707986,5723.660702,5719.265185,6671.997571,6651.567941,1865.465938,2240.387485,2384.444076,6172.613576,7120.143008,7187.090318,4205.8159,4500.408477,4363.308372,1,1,1,0,1,1,1,0,1,1,1,0,1,1,1,1,0,1,1,1,0,0,0,ENSMUSG00000039953,ENSG00000171603
Hip1,-0.048530177,0.992552199,-1.568038918,-0.417195293,-0.571685818,-0.112551654,0.726500146,682.611796,1066.21191,55.0927239,647.0111643,510.4928609,1083.867247,359.9917171,711.8454678,173.3054399,4910.783414,5177.500045,4588.357402,4023.161849,1551.50889,1752.074461,1434.363996,1567.804524,5536.493111,4596.562898,4586.885479,3330.733199,3711.062053,3979.572872,4210.512447,4977.39595,4291.637752,2467.186856,3509.255805,3090.145167,4544.266694,5311.718207,4637.160502,4336.980328,4945.699553,4126.997667,1,1,1,0,1,1,1,0,1,1,1,0,1,1,1,0,0,0,1,1,0,0,0,ENSMUSG00000039959,ENSG00000127946
Slc7a5,-1.130187603,0.665937511,-3.616331979,-1.023663901,-0.823644619,-0.067696933,0.902662402,15893.17224,22767.55933,4053.488898,9410.118393,1627.893735,10221.44183,12336.52775,3615.149733,1814.176095,21401.67801,29018.6093,26330.8157,46706.08099,2439.597754,3519.262319,2116.561507,1990.004758,24330.97999,16858.47186,26605.82123,11034.50946,10961.06785,11349.60037,4885.525691,4782.048247,3946.942066,2501.271265,3127.970251,2063.04539,5272.786142,5103.249368,4264.713126,4340.782195,6084.457265,3550.568341,1,1,1,0,1,1,1,0,1,1,1,0,1,1,1,0,0,0,1,1,0,0,0,ENSMUSG00000040010,ENSG00000103257
Gjb6,3.063417966,NA,0.570700381,-1.489814938,-2.532579841,-0.890887726,0.000344284,0,0,0,0,6.089378062,0,0,0,0,454.5160786,338.5926205,647.1876665,476.2109943,752.8170503,756.7493513,737.1731341,601.1204539,593.8067506,766.0938164,567.730516,170.0304361,194.1112076,321.0834052,364.3876804,416.9005861,309.4026121,66.85787973,18.75174858,103.201413,393.2715603,444.9030087,334.3128322,232.8643832,178.1164305,221.1193024,1,1,1,1,0,1,1,0,1,1,1,0,1,1,1,1,0,1,0,0,0,0,0,ENSMUSG00000040055,ENSG00000121742
Thbs1,8.085510275,5.06547E-13,3.327911807,2.427047179,2.030122676,0.61979042,0.507136826,31.86165385,48.25124197,27.54636195,3269.503175,6873.892936,2044.288366,2359.366004,34642.75775,9380.617856,136.8186155,157.9517121,142.9327021,123.1580158,1156.279938,676.8642558,774.6565138,3024.910207,365.3421195,514.8432552,1512.551412,5807.820442,2816.04683,4242.954332,573.462579,1004.531889,457.6335213,3127.90002,2525.235475,2675.373774,618.9191769,1072.004392,494.4779154,1479.876917,663.7805642,1215.312197,1,1,1,1,0,1,1,1,0,1,1,1,0,1,1,0,0,0,1,1,1,1,0,ENSMUSG00000040152,ENSG00000137801
Fmo1,3.392832861,0.505066567,-1.540060153,-0.83591353,-1.520136867,-0.59361652,0.010340016,0,1.40537598,0.834738241,0,0,0.512224597,0.579696807,3.495149597,47.93554722,1635.639494,2053.372258,1617.969166,2310.809289,571.6704476,611.0130283,610.9790891,826.3797247,1276.181288,835.7387088,1195.167009,425.0760901,619.6259239,805.9658809,815.818788,1091.088391,743.5074176,226.7924156,303.5997389,392.1653695,880.48621,1164.374731,803.3677186,691.9398814,625.7823924,572.2094925,1,1,1,0,1,1,1,0,1,1,1,0,1,1,1,1,0,1,0,0,0,0,0,ENSMUSG00000040181,ENSG00000010932
Ankrd6,1.235085107,0.823063589,-1.689442973,-0.685650114,-1.511355589,-0.568951427,0.028912914,26.06862587,46.84586599,0,29.95422057,117.7279759,134.2028444,33.6224148,26.79614691,0,449.8781595,345.5739116,251.0391621,470.7373047,116.4513875,126.3048133,109.9512471,117.1348208,254.6323863,202.7636108,217.8744416,128.1051231,156.8189067,134.0174213,354.1472772,320.8149272,379.9887593,81.27820673,157.1575119,128.7560486,382.2194321,342.3634581,410.5819195,230.0129825,276.6741887,258.2538418,1,1,1,0,1,1,1,0,1,1,1,0,1,1,1,1,0,1,0,0,0,0,0,ENSMUSG00000040183,ENSG00000135299
Zfp704,#N/A,#N/A,-1.315035427,-0.762583492,-1.149331787,-0.622959125,3.21071E-05,#N/A,#N/A,#N/A,#N/A,#N/A,#N/A,#N/A,#N/A,#N/A,741.2940806,624.8255574,721.1934311,752.6323186,319.9472464,286.0750044,278.6264558,256.1519707,1119.174757,877.1730118,943.7734223,549.6874371,561.2969403,620.7612501,1912.395297,1944.741972,1789.358832,596.4771623,970.626224,975.0076355,2063.984934,2075.366606,1933.421361,1314.495681,1363.184415,1267.638138,1,1,1,0,1,1,1,0,1,1,1,0,1,1,1,1,0,1,0,0,0,0,0,ENSMUSG00000040209,#N/A
Tm7sf3,-1.378308936,0.722968857,-0.990351903,-0.379400769,-0.613104567,-0.420697105,0.121749145,838.0580466,1086.355632,2448.287261,605.0752555,392.764885,888.7096755,1183.74088,291.2624664,0,1432.344037,1560.318571,1392.324139,1570.036631,584.6094906,960.7802035,857.1199491,593.3972789,1175.536076,1155.752581,1133.366085,821.0373796,835.730027,1005.13066,639.1718328,746.4505733,509.3966959,503.4005062,318.7797258,420.6686169,689.8369992,796.5882441,550.4085793,550.3203177,492.788791,481.0610778,1,1,1,0,1,1,1,0,1,1,1,0,1,1,1,0,0,0,1,0,0,0,0,ENSMUSG00000040234,ENSG00000064115
Daam2,0.982071519,0.865695467,0.353020297,-0.89091658,-1.247188648,-0.217839721,0.520503363,43.44770979,175.2035388,21.70319427,2.995422057,137.0110064,6.658919759,51.013319,97.8641887,660.0356117,1791.009786,1494.868966,1817.494512,1430.457546,2396.075518,2011.161258,1876.667877,2063.37492,2106.504287,2186.320673,2163.032316,1157.604476,860.591561,1463.023516,3121.616241,3583.756848,3625.775096,964.8509702,1736.769095,1646.308256,3369.057067,3824.471006,3917.688779,2368.56344,3487.519709,3697.418564,1,1,1,1,0,1,1,0,1,1,1,0,1,1,1,0,0,0,1,0,0,0,0,ENSMUSG00000040260,ENSG00000146122
Hey1,-0.525461921,0.897818156,-2.961320848,-0.686900435,-1.397335509,-0.49717994,0.08830202,1935.836847,1010.465329,728.7264844,1704.395151,1450.286875,808.8026384,566.9434771,484.6607441,88.49639487,2737.145297,3033.371002,2841.240922,4320.56565,363.4694821,484.708215,362.3393371,449.2313457,1629.445982,1358.516192,1389.997038,881.596165,936.1323758,900.8948877,757.7898365,852.8594848,597.62938,199.2627004,361.6408654,275.2037681,817.8574837,910.1444406,645.7449383,570.280122,683.967093,432.1110032,1,1,1,0,1,1,1,0,1,1,1,0,1,1,1,0,0,0,1,1,0,0,0,ENSMUSG00000040289,ENSG00000164683
Cchcr1,-1.085174751,0.796851816,1.91120417,1.261424113,2.227841323,0.799992309,0.082193134,211.445521,171.4558695,21.70319427,74.88555143,160.3536223,63.00362541,17.39090421,64.0777426,0,108.9911005,95.99275323,105.9298199,85.75447024,383.466185,386.4711381,263.6331039,460.8161081,152.9807222,178.0793451,163.4058312,448.3679307,449.4200374,289.440403,45.22844745,58.76313024,69.40971145,224.1705379,356.283223,226.0602381,48.81356603,62.71013837,74.99793575,115.9569581,99.74520107,107.183784,1,1,1,1,0,1,1,1,0,1,1,1,0,1,1,0,0,0,1,0,0,0,0,ENSMUSG00000040312,ENSG00000204536
Mars1,0.519636325,0.813135422,0.892190439,0.719875369,0.5851372,0.010560903,0.986868148,1530.324889,677.8596809,755.4381081,1872.138786,2047.045925,725.3100291,1186.059667,1092.816774,1574.498359,858.7880329,1029.740444,791.5714621,880.3517424,1724.421556,1747.756348,1559.308595,1572.953308,716.5939092,834.8571278,760.4655989,1394.016657,1231.602145,1185.681908,367.8011481,454.2231148,392.929553,694.7975737,550.0512916,580.8765248,396.955603,484.7324209,424.5645854,495.1932393,440.5413047,381.472995,1,1,1,1,0,1,1,1,0,1,1,1,0,1,1,0,0,0,1,1,0,0,0,ENSMUSG00000040354,ENSG00000166986
Sgms1,-2.522139004,0.05730929,-0.4680229,-0.930600456,-1.178752328,-0.358848776,0.153252233,6278.676817,4538.895956,5655.351583,670.9745408,485.1204523,2951.438127,863.7482422,475.3403451,283.9259335,17477.2254,21351.4063,24616.34882,30604.31078,15306.88793,18831.29199,17743.3825,16110.54304,24735.57375,18173.79059,24901.58221,11805.46939,10850.14716,12919.65168,11610.91049,13681.48609,10149.11154,3910.530495,7065.837452,4676.498316,12531.27131,14600.44559,10966.22359,9478.055628,12028.79627,8207.57716,1,1,1,0,1,1,1,0,1,1,1,0,1,1,1,0,0,0,1,1,0,0,0,ENSMUSG00000040451,ENSG00000198964
Ltbp4,-1.061867483,0.896939378,-1.283052412,-0.717219814,-1.597605152,-0.505990691,0.058429956,1068.813661,871.3331074,0,41.9359088,688.099721,764.7513231,178.5466165,184.0778788,0,31969.94982,36128.18167,23443.86534,37816.8091,10646.47988,14217.38796,16881.26477,11410.99106,14534.17506,11690.64453,15628.30129,7510.453987,7465.153685,10480.34848,6677.596251,10137.43406,5524.542457,1504.957763,2833.299916,3041.001637,7206.90857,10818.3463,5969.327225,5714.206822,6215.075981,4971.808437,1,1,1,0,1,1,1,0,1,1,1,0,1,1,1,0,0,0,0,0,0,0,0,ENSMUSG00000040488,ENSG00000090006
Pvr,1.464459946,0.49055911,2.367901902,1.084447764,2.02729322,0.918250595,0.00061373,577.3717879,204.2479757,43.40638853,1458.770542,736.8147455,219.7443521,461.4386583,1114.952721,560.4771675,420.5046714,426.7314212,570.2797151,658.667314,2574.869567,2051.103805,2311.475081,3779.206965,626.0132185,709.6726377,954.2481551,1829.574076,1976.491952,1049.803134,206.5147978,192.1713178,147.0544734,854.7321095,749.1770027,630.0200548,222.8845845,205.0791012,158.8939317,325.0596695,450.0408477,339.2746549,1,1,1,1,0,1,1,1,0,1,1,1,0,1,1,1,1,0,1,1,0,0,0,ENSMUSG00000040511,ENSG00000073008
Milr1,4.204347568,0.195468904,1.919235251,2.068674118,2.811342478,2.280327683,0.004112581,11.58605594,0,0.834738241,10.4839772,354.1988239,45.07576452,4.637574455,34.95149597,0,20.09764974,31.41581015,11.60874738,7.298252787,51.75617221,62.61264248,87.4612193,64.35979164,11.07097332,14.98687558,14.66462587,46.58368111,44.94200374,79.10750563,11.94713706,12.70554167,1.176435787,60.30318564,45.53996083,82.56113043,12.89414952,13.55894884,1.271151453,50.37474411,32.06095749,56.54577581,1,0,1,1,0,1,1,1,0,0,1,1,0,0,1,1,1,0,0,0,0,0,0,ENSMUSG00000040528,ENSG00000271605
Abcb1a,#N/A,#N/A,-2.190476478,-0.860120738,-1.010072209,-0.129748408,0.717535082,#N/A,#N/A,#N/A,#N/A,#N/A,#N/A,#N/A,#N/A,#N/A,25613.6816,28417.3456,26881.50565,31714.55748,6242.500134,7558.857287,5541.292965,5328.990748,31916.60962,25757.14963,26338.71554,15034.88308,13306.65796,17940.6516,17698.83019,21909.11842,18326.51669,7824.993806,11753.7746,9183.942889,19101.7615,23380.7124,19801.99734,18087.38454,22574.4764,16270.836,1,1,1,0,1,1,1,0,1,1,1,0,1,1,1,0,0,0,0,0,0,0,0,ENSMUSG00000040584,#N/A
Mthfd1l,2.061268448,0.148298784,0.666578942,0.89424946,3.71931833,1.676348689,3.43698E-08,46.34422378,21.0806397,52.58850918,92.85808377,59.87888428,159.8140742,169.2714676,81.55349059,442.4819743,219.528174,208.5660729,282.9632174,331.1582202,328.1811829,501.9806681,362.3393371,460.8161081,165.0581476,158.684565,361.3782805,407.6072097,503.9241696,360.1718198,50.34864905,69.08638285,63.52753251,1031.70885,633.0947496,746.9816562,54.33963011,73.7267843,68.64217848,219.557847,235.1136882,174.7011282,1,1,1,1,0,1,1,1,0,1,1,1,0,1,1,1,1,0,1,1,0,0,0,ENSMUSG00000040675,ENSG00000120254
Il17rd,0.439027196,0.92353414,-1.497247726,-0.546987849,-1.071518429,-0.253937668,0.452122811,196.9629511,177.0773734,93.49068299,145.2779698,102.5045307,48.6613367,83.47634019,224.854624,671.0976611,1110.008655,1438.145976,1101.379908,1156.773067,371.7034186,453.4018938,457.2972323,419.6258415,1218.813517,1024.397025,947.9633154,706.9073608,723.8531241,752.9173183,872.1410055,1201.467784,983.5003182,436.5426265,467.0078336,550.4075362,941.2729148,1282.168099,1062.682615,918.1509964,1078.198126,762.94599,1,1,1,0,1,1,1,0,1,1,1,0,1,1,1,0,0,0,1,1,0,0,0,ENSMUSG00000040717,ENSG00000144730
Kcna2,7.095298231,0.125348033,1.053911783,-1.089792393,-2.552101893,-1.192011593,0.175711934,0,0,0,0,92.35556727,0,11.59393614,4.660199462,0,944.5895376,266.1617249,733.5277251,456.1407992,1471.522078,1182.083509,1236.95153,1095.403654,728.6713347,553.6328155,636.8637522,280.6666787,368.1419455,252.2133415,1968.717514,1403.962355,2946.971647,381.4831961,267.8821226,428.5315817,2124.771638,1498.263846,3184.234391,614.001598,687.5294216,1676.962038,1,1,1,1,0,1,1,0,1,1,1,0,1,1,1,0,0,0,0,0,0,0,0,ENSMUSG00000040724,ENSG00000177301
Cd53,6.13642843,NA,1.806657625,1.187435891,2.113454923,1.798908702,9.07102E-08,15.44807459,0,45.91060325,22.46566543,8221.67528,100.396021,16.8112074,259.80612,0,218.7551875,405.7875478,296.7486049,349.4038522,773.9900298,779.419446,1414.372861,1476.41362,143.9226531,212.4610009,299.5773571,536.8769248,409.2590979,547.2378037,87.04342717,120.7026459,54.11604622,395.9035231,321.4585471,426.5658405,93.94308935,128.8100139,58.47296686,398.2456185,219.6769309,367.1255594,1,1,1,1,0,1,1,1,0,1,1,1,0,1,1,1,1,0,0,0,0,0,0,ENSMUSG00000040747,ENSG00000143119
Chil3,#N/A,#N/A,4.981694001,4.302720186,7.710943848,5.915562053,6.06566E-07,#N/A,#N/A,#N/A,#N/A,#N/A,#N/A,#N/A,#N/A,#N/A,12.36778445,16.58056647,32.64960201,20.07019516,416.401931,775.1013327,502.277288,901.037083,52.33551023,206.2899344,86.94028197,3037.256008,1163.711033,2625.43851,2.560100799,0,0,150.7579641,326.8161895,85.50974223,2.76303204,0,0,33.26634045,112.8070726,31.22677172,1,1,1,1,0,1,1,1,0,0,1,1,0,0,1,1,1,0,0,0,0,0,0,ENSMUSG00000040809,#N/A
Plekhh2,-1.880923636,0.612565669,-1.816800656,-1.229978906,-1.28767686,0.047242435,0.934445119,57.93027972,49.18815929,7.512644169,5.990844114,6.089378062,45.07576452,0.579696807,2.330099731,0,661.6764682,664.9679815,410.6594386,674.1761012,167.031283,174.8835876,181.1696685,160.8994791,737.7294037,693.8041812,408.5145779,273.6791265,138.6508626,372.2706147,756.0831026,794.0963546,770.5654407,250.3893143,385.7502565,311.5699803,816.0154624,847.4343023,832.604202,728.0576224,1104.321869,750.286488,1,1,1,0,1,1,1,0,1,1,1,0,1,1,1,0,0,0,0,0,0,0,0,ENSMUSG00000040852,ENSG00000152527
Rfx3,0.134463923,0.986410008,-0.758915289,-0.583058785,-1.160923198,-0.527953326,0.003382422,224.9625862,560.7450159,97.66437419,151.2688139,208.0537504,566.5204041,382.5998925,629.1269274,0,190.154686,149.2250982,197.3487055,186.1054461,124.685324,93.91896372,107.4523551,101.6884708,208.3355888,151.6319176,170.7381441,115.2946107,109.0082644,129.3640386,1189.593505,1052.17767,1154.083507,525.6864661,521.4771986,471.7778881,1283.888888,1122.850451,1246.999576,820.2529088,906.0189097,808.5201974,1,1,1,0,1,1,1,0,1,1,1,0,1,1,1,1,0,1,1,0,0,0,0,ENSMUSG00000040929,ENSG00000080298
Rcc2,0.457086983,0.939750414,-0.703149906,0.499137951,0.498079183,0.138486624,0.704974804,199.859465,383.6676425,87.6475153,286.0628065,363.332891,387.2417952,386.0780734,418.2529017,0,1368.959142,1684.236489,1120.244122,1264.422295,803.3969459,961.8597319,805.8926635,767.1687164,910.8391683,975.0284935,1010.811712,1497.665348,1389.377265,1208.948821,506.0465913,545.5441956,498.8087738,685.6210019,770.6075725,733.2214678,546.1593332,582.1873657,538.9682162,609.2492637,588.9716634,637.1949364,1,1,1,0,1,1,1,1,0,1,1,1,0,1,1,0,0,0,1,0,0,0,0,ENSMUSG00000040945,ENSG00000179051
Cables1,-1.029009313,0.877569462,-1.438798589,-0.862338122,-1.383739243,-0.219946141,0.663813952,4.82752331,136.32147,0,35.94506469,11.16385978,17.92786089,31.88332438,40.77674529,0,769.1215957,794.1218677,972.9581399,1888.422909,454.0427835,419.9365159,407.3193927,350.1172665,601.8583676,491.9221514,653.6233247,301.6293352,261.0461068,397.3988812,419.856531,394.6658882,330.5784562,97.00947255,219.6633405,119.9102132,453.1372545,421.1748482,357.1935584,259.4774555,461.9152764,339.2746549,1,1,1,0,1,1,1,0,1,1,1,0,1,1,1,0,0,0,0,0,0,0,0,ENSMUSG00000040957,ENSG00000134508
Mill2,#N/A,#N/A,0.880614846,-0.710470145,-0.871558863,0.056028276,0.910405808,#N/A,#N/A,#N/A,#N/A,#N/A,#N/A,#N/A,#N/A,#N/A,1374.370047,1550.719295,1379.264298,1580.98401,2658.385209,2479.676548,2884.970791,2811.235699,1086.968289,989.1337882,1063.185376,598.6003023,577.5525587,740.8185233,925.0497554,1100.617547,1038.7928,443.0973206,652.7394386,575.9621718,998.375577,1174.543943,1122.426733,980.8818098,1338.248114,1108.972379,1,1,1,1,0,1,1,0,1,1,1,0,1,1,1,0,0,0,0,0,0,0,0,ENSMUSG00000040987,#N/A
Map7d2,5.279656497,NA,0.845328546,-0.77045612,-0.770613862,-0.309587201,0.559977511,0,0,0,0,28.41709762,0,0,2.330099731,0,218.7551875,124.7905792,237.2537746,176.9826301,329.3574595,377.8349115,346.0965392,310.2141957,212.3613973,202.7636108,161.3108846,114.1300187,93.70885886,130.2947152,446.310906,461.369982,684.6856282,327.7347046,333.9597128,270.2894151,481.6885856,492.3593296,739.8101459,344.0690069,358.6077467,676.0174093,1,1,1,1,0,1,1,0,1,1,1,0,1,1,1,0,0,0,0,0,0,0,0,ENSMUSG00000041020,ENSG00000184368
Wdr43,0.632073023,0.689434663,0.953080929,0.572484302,0.952909398,0.16831976,0.598083191,493.3728823,337.2902351,376.4669467,578.116457,440.4650131,559.3492598,426.6568498,645.4376255,1098.830236,617.6162361,710.3463739,647.1876665,705.1936755,1213.917494,1066.573979,1485.591282,1423.638591,542.4776925,555.3959773,660.9556376,954.9654628,894.0590106,766.8774664,600.7703208,605.1014222,661.1569125,1233.593428,1317.980043,1060.517378,648.3915186,645.7449383,714.3871168,783.1847009,725.5275935,746.066654,1,1,1,1,0,1,1,1,0,1,1,1,0,1,1,0,0,0,1,1,0,0,0,ENSMUSG00000041057,ENSG00000163811
Ostc,-0.336209545,0.939392456,0.730963108,0.912863499,0.734861728,-0.058188948,0.936622088,957.7806247,1403.970604,7553.546343,2234.584855,1243.248021,1417.325459,2832.398598,3157.285136,4826.74087,1335.720721,1732.232865,1373.459925,1719.650813,2465.47584,2345.815036,2697.553892,2714.696011,816.2326691,1092.278755,875.6876593,1706.127321,1788.118021,1750.602566,276.4908863,286.668784,198.8176481,520.4427108,376.8208524,376.4394399,298.4074603,305.9237831,214.8245956,318.4064015,256.4876599,214.367568,1,1,1,1,0,1,1,1,0,1,1,1,0,1,1,0,0,0,1,1,0,0,0,ENSMUSG00000041084,ENSG00000198856
Chd7,1.294065817,0.759461756,2.110960874,0.677551993,1.605567969,0.623142419,0.001063325,179.5838671,217.8332769,18.3642413,304.0353388,687.0848246,246.8922557,323.4708182,476.505395,0,187.8357264,167.5509875,243.783695,140.4913661,789.2816262,599.1382168,732.1753501,1081.2445,415.6647254,359.6850139,448.3185624,711.565729,812.7809187,432.7645896,671.5997763,683.7169613,763.506826,2207.62097,2305.572135,1930.357859,724.8354051,729.6409343,824.9772933,1109.194837,1058.011597,1338.53135,1,1,1,1,0,1,1,1,0,1,1,1,0,1,1,1,1,0,1,0,0,0,0,ENSMUSG00000041235,ENSG00000171316
Thoc6,0.118742362,0.968081707,0.604452725,0.958693463,1.415164544,0.570578365,0.521515594,202.755979,167.2397416,399.0048792,287.5605175,299.3944214,217.1832291,286.9499194,184.0778788,398.2337769,207.9333761,280.9969686,237.2537746,228.9826812,334.0625661,359.4829301,382.3304729,375.8611832,151.9742701,187.7767352,163.4058312,344.7192402,339.4555602,295.9551387,25.60100799,39.70481773,28.2344589,89.14383964,83.04345799,78.62964802,27.6303204,42.37171511,30.50763488,65.58221403,42.74794331,41.35437335,1,1,1,1,0,1,1,1,0,1,1,1,0,1,1,0,0,0,1,1,0,0,0,ENSMUSG00000041319,ENSG00000131652
Atp1b2,0.390080745,0.951171017,0.287931617,-0.873546628,-1.52787545,-0.542675779,0.002651404,9.65504662,372.8930933,40.90217381,4.493133086,314.6178665,46.61243831,244.0523557,79.22339086,424.0452254,7334.869167,7312.029812,8269.781416,7196.989529,9098.499819,8955.766931,9474.548942,9239.491688,7805.036188,7859.29387,8654.224212,4044.628112,3642.214729,5584.989898,3161.724487,3590.903715,3538.718848,1263.745021,966.161522,1340.635499,3412.344569,3832.097915,3823.623572,2356.207371,2264.453553,2974.139014,1,1,1,1,0,1,1,0,1,1,1,0,1,1,1,1,0,1,0,0,0,0,0,ENSMUSG00000041329,ENSG00000129244
Pum3,0.617501041,0.867581068,0.904535273,1.030237624,0.51459146,0.129099605,0.773069235,224.9625862,116.6462063,52.58850918,274.0811182,103.5194271,154.1796037,187.2420686,454.3694476,33.18614808,613.7513035,618.7169277,578.2607289,650.4567796,1208.03611,944.5872788,1219.459286,1235.707999,435.7937678,464.5931429,431.55899,989.9032236,894.0590106,839.4702362,303.7986281,333.5204689,327.0491489,448.3410758,479.5089994,449.1718643,327.879802,355.922407,353.380104,390.6418836,369.2947325,373.8772938,1,1,1,1,0,1,1,1,0,1,1,1,0,1,1,0,0,0,1,1,0,0,0,ENSMUSG00000041360,ENSG00000080608
Pik3r1,1.395395628,0.461754359,0.478057378,-0.334565675,-0.423295304,-0.105864992,0.730626129,152.5497366,216.8963595,25.04214723,202.1909889,807.8574895,223.3299242,308.9783981,341.3596106,191.7421889,1177.258483,1161.512314,1334.280402,1208.773118,1779.706558,1494.067193,1815.445023,1713.257653,1384.878117,1343.529317,1593.206854,1090.058138,1115.900391,1219.186263,3038.839648,3454.319142,3577.541229,2199.755337,2621.673039,2685.20248,3279.719031,3686.339215,3865.57157,3388.414392,3220.345063,3453.512158,1,1,1,1,0,1,1,0,1,1,1,0,1,1,1,0,0,0,1,1,0,0,0,ENSMUSG00000041417,ENSG00000145675
Mfsd6,0.123912513,0.973615403,-0.931515858,-0.487905652,-0.971890787,-0.484580944,0.015361148,427.7185653,181.76196,133.5581186,209.679544,383.6308179,157.7651758,148.9820794,287.7673168,435.1072748,1004.882487,965.1635007,1068.004759,984.3518446,563.4365111,571.0704805,511.0234099,462.103304,676.3358244,570.3828529,591.8224013,390.1383293,467.5880815,451.3781204,991.6123761,1250.701758,1230.551834,519.131772,582.1971463,667.3691376,1070.21441,1334.709026,1329.62442,880.1323216,942.8296386,846.4987035,1,1,1,0,1,1,1,0,1,1,1,0,1,1,1,1,0,1,1,1,0,0,0,ENSMUSG00000041439,ENSG00000151690
Rrp9,-0.256749123,0.930522133,1.18272512,1.221257635,1.203004842,0.158986668,0.87077274,247.1691935,405.6851995,338.0689876,338.4826925,191.8154089,221.2810258,334.4850576,143.3011335,435.1072748,334.7031668,321.1393926,310.5339924,315.649433,748.1119437,646.6374628,697.1908624,819.9437455,264.6969075,299.7375116,270.2481054,804.7330912,589.9833257,554.683216,76.80302397,83.38011723,90.58555562,184.8423734,186.6245454,204.4370849,82.89096119,88.98060174,97.87866191,67.48314777,94.99542959,137.5665889,1,1,1,1,0,1,1,1,0,1,1,1,0,1,1,0,0,0,1,1,0,0,0,ENSMUSG00000041506,ENSG00000114767
Irf8,24.69199957,NA,5.081765488,0.883776721,3.673558411,3.438019943,7.75575E-29,0,0,0,4.493133086,2138.386596,0,19.12999463,33.7864461,0,86.57449117,124.7905792,91.41888563,74.80709106,3675.864503,2746.320042,2635.081593,3726.431936,133.8581319,128.7108138,211.5896019,366.8464887,270.6082353,237.3225169,38.40151199,30.17566147,34.11663783,423.4332383,391.1078989,494.383912,41.44548059,32.20250349,36.86339215,474.2829681,250.5504455,469.2455425,1,1,1,1,0,1,1,1,0,1,1,1,0,1,1,1,1,0,0,0,0,0,0,ENSMUSG00000041515,ENSG00000140968
Pcca,-1.012768853,0.402978336,-0.919788116,-0.37651962,-0.491975397,-0.114170619,0.802643938,498.2004056,455.3418174,1045.927016,401.3865557,241.5453298,455.8798912,259.1244727,230.6798734,394.5464271,1184.988348,1404.112181,1106.458735,1316.422346,701.0608781,633.683123,655.9591447,657.7570706,917.8843332,983.8443027,1003.479399,685.9447043,722.8969112,827.3714413,826.9125581,1003.737792,915.2670425,633.1834492,705.4229227,613.3112546,892.4593488,1071.156958,988.9558308,829.7575775,1109.07164,792.4848281,1,1,1,0,1,1,1,0,1,1,1,0,1,1,1,0,0,0,1,1,0,0,0,ENSMUSG00000041650,ENSG00000175198
Slc39a11,-0.520224752,0.82341327,-0.506774066,0.617406925,0.985526069,0.110190739,0.92833526,409.3739767,450.1887722,545.0840714,209.679544,605.8931172,285.821325,452.1635093,180.5827292,221.2409872,219.528174,277.506323,271.35447,247.2283131,150.5634101,195.3946257,201.1608044,167.3354583,148.9549137,164.8556314,188.5451898,256.2102461,249.5715527,264.3121365,41.81497972,61.1454193,52.93961043,103.5641666,87.50816003,117.944472,45.12952331,65.25244128,57.2018154,83.64108456,53.43492914,43.88627376,1,1,1,0,1,1,1,1,0,1,1,1,0,1,1,0,0,0,1,1,0,0,0,ENSMUSG00000041654,ENSG00000133195
Fcho2,0.862253403,0.68819066,-0.491540477,-0.620909294,-0.528037898,-0.061921553,0.870890004,320.5475478,567.3034371,336.3995111,335.4872704,350.1392386,472.7833029,878.8203592,1728.934,685.8470602,2180.594996,2177.290176,2437.111403,2860.915092,1523.27825,1640.883044,1799.202226,1905.049833,2161.859153,1742.003891,1954.585134,1069.095481,1383.639987,1354.134361,3813.696824,4406.440671,3782.241056,2249.571012,3278.87718,2792.335375,4115.996728,4702.412943,4086.751923,3948.239378,4476.659619,3942.168937,1,1,1,0,1,1,1,0,1,1,1,0,1,1,1,0,0,0,1,1,0,0,0,ENSMUSG00000041685,ENSG00000157107
Amot,-0.954062896,0.85226407,-1.283904872,-0.897868839,-1.11484265,-0.234385163,0.442179956,167.9978112,380.3884318,10.01685889,89.86266172,49.72992084,192.5964484,130.4317815,111.8447871,0,1766.274217,1795.064485,1434.405848,1606.527895,775.1663065,677.9437841,605.9813051,651.3210914,1332.542607,1139.002544,977.2925672,543.864477,629.1880524,676.6018423,1918.368865,2015.416548,2030.528169,761.6554534,1077.779073,911.1210465,2070.432008,2150.788259,2194.007409,1578.725471,2266.828439,1611.132627,1,1,1,0,1,1,1,0,1,1,1,0,1,1,1,0,0,0,1,0,0,0,0,ENSMUSG00000041688,ENSG00000126016
Gpr155,1.341269677,0.608390296,-1.674084922,-0.535556104,-0.570789561,-0.407243566,0.123612628,161.2392786,93.22327332,8.34738241,209.679544,534.8503731,53.27135807,101.4469412,226.0196739,206.491588,1145.566035,1340.4079,1004.882195,1469.685655,431.6935273,372.4372699,368.586567,381.0099665,783.0197491,683.2252102,499.644753,451.8617068,422.6460777,482.0904461,559.808708,500.2807034,548.2190769,407.7019725,337.5314744,339.0903571,604.183006,533.8836104,592.3565773,472.3820344,465.477605,367.9695262,1,1,1,0,1,1,1,0,1,1,1,0,1,1,1,0,0,0,0,1,0,0,0,ENSMUSG00000041762,ENSG00000163328
Ptpre,2.600701356,0.057975132,3.248213997,1.3328353,1.35997637,0.639618577,0.063827088,41.51670047,249.2200071,80.96960937,970.5167465,1181.339344,250.9900525,888.6752049,1039.22448,184.3674893,105.1261678,78.53952537,79.81013825,96.70184942,791.6341795,735.158785,762.1620539,1134.019529,119.7678022,122.5397474,177.0229838,451.8617068,368.1419455,236.3918404,229.555705,179.4657761,197.6412123,488.9801792,557.1948149,510.1098416,247.7518729,191.5201523,213.5534442,346.9204076,236.3011311,431.2670364,1,1,1,1,0,1,1,1,0,1,1,1,0,1,1,0,0,0,1,1,0,0,0,ENSMUSG00000041836,ENSG00000132334
Tcf20,-1.229321228,0.820423731,-0.572607021,-0.419011524,-0.618568461,-0.464171253,0.011775186,12.55156061,271.7060227,11.68633537,4.493133086,17.25323784,125.4950262,31.30362757,72.23309166,0,464.5649035,350.80988,443.3090406,303.7897722,252.8994778,270.961608,248.639752,279.3214957,619.9745057,588.0144712,497.5498064,411.1009858,413.0839493,451.3781204,2634.343722,2723.750496,3246.962773,1657.026666,1976.077124,1967.706942,2843.159969,2906.699657,3508.378011,2043.503771,2418.821126,2247.483597,1,1,1,0,1,1,1,0,1,1,1,0,1,1,1,1,0,1,1,0,0,0,0,ENSMUSG00000041852,ENSG00000100207
Mcm3,0.369312794,0.943712767,0.526526476,0.737680182,1.774128301,0.542939121,0.07356172,1706.046738,846.0363398,162.773957,2649.45081,1417.810192,766.8002215,885.7767209,1184.855713,106.9331438,524.8578527,633.5521714,488.2929367,526.3864822,816.3359889,910.0423726,664.7052667,736.2760164,389.4969703,489.2774086,457.7458219,774.4536985,786.9631719,669.15643,174.9402213,202.4945704,194.1119049,724.9491665,596.4841929,634.9344078,188.8071894,216.0957471,209.7399898,306.0503321,251.7378884,335.8987876,1,1,1,1,0,1,1,1,0,1,1,1,0,1,1,0,0,0,1,1,0,0,0,ENSMUSG00000041859,ENSG00000112118
Znrf3,-1.629464828,0.402702062,-0.646699152,-0.668662882,-0.571636029,-0.170477843,0.645080911,227.8591002,603.374754,128.5496891,68.89470731,34.50647568,282.2357529,125.7942071,72.23309166,33.18614808,316.1514901,390.0796427,329.3982069,332.0705018,225.8451151,214.8261354,213.6552643,218.8232916,475.0454005,435.5009727,427.3690969,294.641783,257.2212554,290.3710795,550.4216718,716.2749118,589.3943294,389.348829,405.3949455,454.0862173,594.0518885,764.3857407,636.8468782,581.6857244,630.5321639,562.9258577,1,1,1,0,1,1,1,0,1,1,1,0,1,1,1,0,0,0,1,1,0,0,0,ENSMUSG00000041961,ENSG00000183579
Acacb,-0.739334611,0.862757726,-0.834356824,-1.118728755,-0.829391593,-0.35093687,0.135414515,283.8583706,184.572712,60.93589159,113.8260382,41.61075009,252.0145017,91.59209548,128.1554852,3.687349786,1253.011162,1274.958295,1917.619958,1320.983754,837.5089685,1014.756619,688.4447405,692.5113581,4111.356909,3085.533207,3671.393835,1587.338934,1586.357111,1829.710071,1026.60042,1194.320917,912.9141709,477.1817298,641.1312133,643.7802432,1107.975848,1274.541191,986.4135279,942.863135,837.1472232,863.3780396,1,1,1,0,1,1,1,0,1,1,1,0,1,1,1,0,0,0,1,0,0,0,0,ENSMUSG00000042010,ENSG00000076555
Dstyk,-0.270382666,0.96323827,-0.681008952,-0.562764013,-0.567197475,-0.342595753,0.163543534,587.0268345,395.379109,201.1719161,440.3270424,459.7480437,252.5267262,373.3247436,434.5635998,0,896.6643728,1037.594396,755.2941265,759.9305714,483.4496995,548.4003858,561.0012495,558.6429914,865.548823,789.0149202,800.2695834,538.0415168,509.6614467,613.3158378,855.9270338,900.5052661,805.8585143,448.3410758,625.9512264,652.6260786,923.7737119,960.9904988,870.7387456,732.8099568,815.7732516,627.9113015,1,1,1,0,1,1,1,0,1,1,1,0,1,1,1,0,0,0,1,0,0,0,0,ENSMUSG00000042046,ENSG00000133059
Tmcc2,3.158617428,NA,0.519785775,-0.592403353,-1.587888395,-0.782978107,0.00031057,18.34458858,0,0,0,294.3199397,0.512224597,24.34726589,5.825249328,0,1159.479792,766.1967031,1101.379908,940.5623279,1532.688463,1554.520779,1375.640035,1226.697629,872.5939878,654.13304,869.4028197,520.5726364,517.3111494,550.0298333,589.6765507,528.0740758,737.6252386,180.9095569,205.376294,229.0088499,636.4183798,563.543811,797.0119613,378.2858143,409.6677901,371.3453934,1,1,1,1,0,1,1,0,1,1,1,0,1,1,1,1,0,1,0,0,0,0,0,ENSMUSG00000042066,ENSG00000133069
Inpp5f,0.395194106,0.904825833,-1.742815813,-0.71595072,-0.593382363,-0.240679901,0.355301142,133.2396434,102.5924465,117.698092,290.5559395,43.64054278,85.02928308,131.0114783,222.5245243,158.5560408,1226.72962,1268.849665,1542.512308,1714.177123,436.3986339,450.1633088,431.0588665,400.317904,1476.46526,1092.278755,1221.353841,699.9198087,745.8460195,859.9451201,1146.925158,1092.676584,1168.200737,780.0085969,713.4593864,765.6561976,1237.838354,1166.0696,1262.253393,1000.841614,1160.131684,943.5548859,1,1,1,0,1,1,1,0,1,1,1,0,1,1,1,0,0,0,1,1,0,0,0,ENSMUSG00000042105,ENSG00000198825
Tmc7,-1.442433269,0.660062627,-1.261422769,-1.003877111,-1.358802238,-0.189592563,0.69478806,489.5108636,420.6758766,61.77062983,149.7711029,113.6683905,262.7712182,71.30270724,115.3399367,0,1019.569231,1086.463434,1874.812702,3247.72249,866.9158845,768.6241628,617.226319,762.019933,1495.58785,1177.792104,1804.796456,704.5781768,801.3063645,725.9276988,947.2372956,910.8285187,758.8010828,292.3393565,458.0784296,268.3236739,1022.321855,972.0071447,819.8926875,773.6800322,1103.134426,595.840563,1,1,1,0,1,1,1,0,1,1,1,0,1,1,1,0,0,0,1,0,0,0,0,ENSMUSG00000042246,ENSG00000170537
Grk3,0.740108942,0.94713074,0.73674966,-0.725769031,-0.682721441,-0.14092592,0.782078213,28.96513986,0,0,7.488555143,52.77460987,0,9.854845716,25.63109704,0,306.1026652,239.9818831,370.7543695,306.526617,559.9076812,509.5373664,451.0500024,520.0271165,437.8066721,403.7640597,445.1761426,279.5020867,211.3230389,287.5790499,512.8735267,421.6651643,574.1006642,250.3893143,350.0326401,336.1417453,553.5274186,449.9876145,620.3219093,415.3540222,457.1655049,596.6845298,1,1,1,1,0,1,1,0,1,1,1,0,1,1,1,0,0,0,0,0,0,0,0,ENSMUSG00000042249,ENSG00000100077
Trem1,7.958063524,0.01378846,5.966124779,4.850433207,6.384576496,2.716724472,NA,5.793027972,0.93691732,0,0,2558.553682,0,15.65181378,145.6312332,582.6012662,0,2.617984179,0.725546711,0.912281598,49.40361893,76.64651062,27.48781178,102.9756666,0,7.052647331,3.14241983,142.0802274,63.1100478,99.58238944,0,0,0,13.10938818,18.75174858,10.8115766,0,0,0,1.90093374,0,1.687933606,1,0,1,1,0,0,1,1,0,0,1,1,0,0,0,0,0,0,0,0,1,1,0,ENSMUSG00000042265,ENSG00000124731
Ikbke,6.547927572,0.002349375,3.904992058,1.641223417,2.64071477,2.640348363,5.72505E-07,2.896513986,0,0,221.6612322,130.9216283,5.122245969,9.27514891,16.31069812,110.6204936,13.14077098,8.72661393,9.432107247,7.298252787,117.6276641,163.0087761,81.21398935,220.1104874,17.10968604,20.27636108,19.90199226,71.04011369,53.54791935,54.90991567,17.92070559,6.352770837,24.70515153,107.4969831,97.33050453,93.37270703,19.34122428,6.779474418,26.69418052,102.650422,73.62145793,144.3183233,1,0,1,1,0,1,1,1,0,0,1,1,0,0,1,1,1,0,0,0,1,1,0,ENSMUSG00000042349,ENSG00000263528
Gnl3,1.090420461,0.431147004,1.536653317,1.060808571,1.865205438,0.525026156,0.069169399,353.3747063,261.8683909,121.0370449,745.8600922,773.3510139,423.097517,328.6880895,567.3792845,294.9879829,276.7291771,263.5437407,288.0420444,372.2108921,870.4447144,661.7508593,934.5856005,1015.597512,278.7872372,294.4480261,364.5207003,739.5159376,647.3560964,569.5740406,215.0484671,261.2577007,249.4043869,1165.424609,748.2840623,733.2214678,232.0946913,278.8058854,269.4841081,380.186748,313.4849176,427.0472024,1,1,1,1,0,1,1,1,0,1,1,1,0,1,1,0,0,0,1,1,0,0,0,ENSMUSG00000042354,ENSG00000163938
Atf4,1.476729302,0.264904202,2.731735316,0.929745212,0.575735471,0.378838349,0.066042471,1793.907662,413.6489967,1328.90328,3456.717054,3355.247312,2222.030301,1512.428969,3962.334593,5177.0391,2153.540468,1996.649267,2043.139539,2359.160213,14502.31471,11569.30499,11299.98953,19437.94427,2602.685182,2933.90129,3653.586789,6807.040402,6179.047408,4521.226616,1016.360017,993.4145396,990.5589329,1470.873354,1582.290404,1418.282276,1096.92372,1060.140312,1070.309524,1287.882609,1588.79856,1322.49598,1,1,1,1,0,1,1,1,0,1,1,1,0,1,1,0,0,0,1,1,0,0,0,ENSMUSG00000042406,ENSG00000128272
Mindy2,-0.283497156,0.933851631,-0.826243677,-0.474589745,-0.805053348,-0.231474804,0.378213615,1006.055858,1003.43845,290.4889079,608.0706776,298.379525,1070.037183,639.405578,619.8065285,542.0404186,2012.85692,2188.634774,2664.207524,2974.950292,1304.490795,1517.816816,1345.653331,1381.161129,2095.433313,1717.319625,1748.232899,1180.896316,1429.538204,1389.50007,3107.96237,3657.607809,2757.565485,1609.832869,2062.692344,1777.030045,3354.320896,3903.282396,2979.579007,2804.827733,3208.470634,2711.665338,1,1,1,0,1,1,1,0,1,1,1,0,1,1,1,0,0,0,1,1,0,0,0,ENSMUSG00000042444,ENSG00000128923
Dctpp1,-1.141456288,NA,-1.028927779,1.389705344,1.241098109,0.534416615,0.613903328,397.7879208,401.0006129,2646.954962,507.7240387,349.1243422,494.296736,805.7785615,336.6994111,630.5368134,251.9936082,296.7048736,171.9545706,178.8071933,128.2141539,130.6229265,104.9534632,75.94455414,132.8516798,138.4082039,102.6523811,357.5297525,306.9443234,318.2913756,19.62743946,24.61698699,32.94020204,73.41257382,47.32584165,60.93797722,21.18324564,26.27046337,35.5922407,40.87007541,27.31118601,50.63800819,1,1,1,0,1,1,1,1,0,1,1,1,0,1,1,0,0,0,1,1,0,0,0,ENSMUSG00000042462,ENSG00000179958
Itpr3,-0.831004542,0.895129221,-2.34749846,-0.429866952,-1.138626302,-0.359208857,0.089036025,277.099838,246.8777138,58.43167687,98.84892789,4.059585375,316.0425763,39.41938287,194.5633275,0,3700.286511,3855.418034,4016.626594,3769.547564,719.8813044,992.0865248,682.1975105,617.8539997,4658.866862,3364.994358,4046.389268,2921.961398,3011.114251,3025.629421,3024.332411,3875.984307,2930.501546,1036.952605,1709.087942,1716.092068,3264.061849,4136.326829,3166.43827,2553.90448,2884.298731,2802.813753,1,1,1,0,1,1,1,0,1,1,1,0,1,1,1,0,0,0,1,0,0,0,0,ENSMUSG00000042644,ENSG00000096433
Arrdc4,1.126489226,0.819204314,2.595607246,0.909576536,0.94628272,1.180828752,0.000477384,43.44770979,0,38.39795908,10.4839772,116.7130795,44.05131533,29.56453715,20.97089758,136.4319421,122.1318715,140.4984843,82.71232509,88.49131504,617.5452366,484.708215,795.8970956,723.404058,120.7742544,132.2371375,111.0321673,260.8686142,209.4106132,215.9169566,110.0843344,106.4089115,58.82178937,166.4892299,131.26224,235.8889441,118.8103777,113.5561965,63.55757267,243.3195187,185.2410877,246.4383065,1,1,1,1,0,1,1,1,0,1,1,1,0,1,1,1,1,0,0,1,0,0,0,ENSMUSG00000042659,ENSG00000140450
Wdr55,0.306287798,0.925344378,0.63775176,1.153085445,1.390255896,0.853082522,0.122882549,585.0958252,342.4432804,446.5849589,1058.881697,479.0310742,295.0413678,337.3835416,358.8353586,873.9018993,177.7869015,232.1279306,232.1749476,224.4212732,362.2932055,329.2561372,316.1098355,339.8196999,136.8774883,193.9478016,152.9310984,387.8091452,369.0981584,322.0140818,44.37508052,68.29228649,38.82238098,171.7329852,102.688147,126.7903074,47.89255535,72.87935,41.94799796,130.2139612,91.43310098,74.26907868,1,1,1,1,0,1,1,1,0,1,1,1,0,1,1,0,0,0,1,1,0,0,0,ENSMUSG00000042660,ENSG00000120314
Mapk6,0.494842155,0.820754861,2.14516263,0.655545178,0.490965459,0.117149881,0.75617615,320.5475478,132.1053421,226.2140633,296.5467837,521.6567206,200.792042,226.6614515,349.5149597,317.1120816,723.5153905,617.8442663,689.9949225,665.0532852,2639.564783,1994.968333,3390.996417,3905.352157,520.3357459,583.6065667,708.0919351,1131.983451,1000.198636,723.1356691,659.6526392,691.6579248,764.6832617,1026.465095,1067.956729,877.7034461,711.9412555,738.1152773,826.2484447,872.5285867,769.4629797,823.7115999,1,1,1,1,0,1,1,1,0,1,1,1,0,1,1,0,0,0,1,1,0,0,0,ENSMUSG00000042688,ENSG00000069956
Naa25,0.972667074,0.56316157,2.315246094,0.845635262,0.830060754,0.348930471,0.180624626,264.5482774,237.9769992,96.82963595,440.3270424,305.4837994,174.1563629,267.8199248,470.6801457,700.5964594,330.0652476,374.3717376,348.2624214,390.4565241,1598.559955,1389.352946,2006.61026,2186.94572,385.4711619,368.5008231,329.9540822,731.3637934,703.7726543,514.6641249,494.0994542,539.1914247,459.9863928,977.9603584,787.5734403,893.4293757,533.2651836,575.4078912,497.0202183,750.8688273,600.8460921,693.7407122,1,1,1,1,0,1,1,1,0,1,1,1,0,1,1,0,0,0,1,1,0,0,0,ENSMUSG00000042719,ENSG00000111300
Wdr74,-0.149465644,0.961897024,0.869490283,1.106390525,1.114312119,-0.418528971,0.675880977,280.9618566,314.8042195,267.1162371,307.0307609,319.6923482,124.470577,161.1557123,182.9128289,468.2934228,201.7494839,237.3638989,171.9545706,201.6142332,374.0559719,364.8805717,334.8515253,409.3282748,171.0968604,185.1319924,174.9280372,461.178443,377.704074,307.1232572,45.22844745,43.6752995,79.99763354,124.5391877,140.1916441,97.30418943,48.81356603,46.60888663,86.43829883,54.17661159,54.62237201,27.0069377,1,1,1,1,0,1,1,1,0,1,1,1,0,1,1,0,0,0,1,1,0,0,0,ENSMUSG00000042729,ENSG00000133316
Sgtb,0.991168956,0.730305755,-0.630744007,-0.565725626,-1.176821433,-0.746441066,0.011103923,175.7218485,22.01755702,66.77905928,259.1040079,409.0032265,96.81044881,71.30270724,145.6312332,66.37229615,271.3182714,308.0494717,301.8274319,288.2809851,175.2652195,182.4402858,197.4124664,200.8025499,281.8065935,216.8689054,227.301701,161.8782919,160.643758,167.5217766,323.4260676,278.7278205,425.869755,131.0938818,165.1939756,156.2764254,349.0630477,297.4494401,460.1568261,181.5391722,242.2383454,234.6227713,1,1,1,0,1,1,1,0,1,1,1,0,1,1,1,1,0,1,1,1,0,0,0,ENSMUSG00000042743,ENSG00000197860
Apobr,7.671671007,NA,1.2052524,1.547225764,2.374822424,1.945489121,0.004722542,0,0,0,0,151.2195552,0,0.579696807,10.48544879,0,13.14077098,16.58056647,31.9240553,18.24563197,28.23063939,62.61264248,38.73282569,55.34942081,24.15485087,47.60536949,49.23124401,140.9156354,94.66507171,119.1265967,11.94713706,11.91144532,9.411486298,48.50473628,57.14818614,67.81807142,12.89414952,12.71151453,10.16921163,61.78034655,30.87351462,45.57420737,1,1,1,1,0,1,1,1,0,0,1,1,0,1,1,1,1,0,0,0,0,0,0,ENSMUSG00000042759,ENSG00000184730
9930038B18Rik,#N/A,#N/A,-3.398754879,-0.814883133,-1.599446533,-1.048104437,0.047911862,#N/A,#N/A,#N/A,#N/A,#N/A,#N/A,#N/A,#N/A,#N/A,79.61761242,78.53952537,67.47584415,32.84213754,3.528829923,14.03386814,3.74833797,2.574391666,86.5548823,89.03967256,102.6523811,47.74827314,38.24851382,71.66209334,62.29578611,83.38011723,63.52753251,9.176571728,18.75174858,40.29769461,67.23377963,88.98060174,68.64217848,40.87007541,29.68607175,37.97850614,1,1,0,0,1,1,1,0,1,1,0,0,1,1,1,1,0,1,0,0,0,0,0,ENSMUSG00000042976,#N/A
Sbk1,4.763964188,NA,-0.87578288,-0.440604851,-2.021495375,-1.516795298,7.1852E-09,0,0,0,0,0,15.8789625,5.217271262,0,0,343.9790051,253.9444654,512.2359782,369.4740473,258.780861,219.1442487,173.6729926,154.4634999,319.0453219,298.8559307,280.7228382,225.9308534,212.2792517,224.2930454,352.4405433,246.9639663,323.5198415,53.74849155,66.07759023,106.1500248,380.3774108,263.552068,349.5666497,127.3625606,122.3066156,97.90014916,1,1,1,0,1,1,1,0,1,1,1,0,1,1,1,1,0,1,0,0,0,0,0,ENSMUSG00000042978,ENSG00000188322
Notum,-1.621523536,NA,-4.241212594,-1.186064947,-1.437500825,-0.152273387,0.884446601,79.17138229,123.6730862,79.30013289,1.497711029,0,180.8152827,0,0,0,656.2655625,732.1629088,476.6841893,604.8426997,35.28829923,39.94254779,27.48781178,27.03111249,741.7552122,602.1197659,504.8821194,244.5643258,226.6224444,340.6276125,79.36312477,90.52698442,76.46832617,23.59689873,41.07525879,25.55463561,85.65399323,96.60751046,82.62484447,59.87941281,118.744287,61.60957663,1,1,1,0,1,1,1,0,1,1,1,0,1,1,1,0,0,0,1,0,0,0,0,ENSMUSG00000042988,ENSG00000185269
Tuba1c,1.419601893,0.378249597,3.405744386,1.841940942,1.448517399,0.663631966,0.300814837,300.2719499,169.5820349,748.7602022,2321.452094,919.4960873,593.1560832,914.7615612,484.6607441,1286.885075,282.9130694,300.1955192,408.4827985,332.0705018,3093.607566,2890.976837,3163.597247,4887.482577,254.6323863,255.6584658,559.3507298,1406.82717,1490.735826,934.399243,46.08181438,71.46867191,44.70455992,166.4892299,177.6951413,101.2356718,49.73457671,76.26908721,48.30375523,127.3625606,84.30844376,65.82941064,1,1,1,1,0,1,1,1,0,1,1,1,0,1,1,0,0,0,1,1,0,0,0,ENSMUSG00000043091,ENSG00000167553
Exoc3l,#N/A,#N/A,-1.676201351,0.68142507,1.883698052,0.817897194,0.25466987,#N/A,#N/A,#N/A,#N/A,#N/A,#N/A,#N/A,#N/A,#N/A,157.6892518,179.768247,99.39989945,58.38602229,48.22734229,43.18113274,37.4833797,25.74391666,118.7613501,115.4871,114.1745872,187.4993165,214.1916774,157.2843347,50.34864905,25.41108335,24.70515153,94.38759491,132.1551805,145.4648488,54.33963011,27.11789767,26.69418052,63.68128029,52.24748627,75.11304548,1,1,1,0,1,1,1,1,0,1,1,1,0,1,1,0,0,0,0,0,0,0,0,ENSMUSG00000043251,#N/A
Tmem64,-1.267012354,0.710886279,-0.642645853,-0.405117955,-0.681855371,-0.375813072,0.192945522,199.859465,273.5798574,792.1665907,109.3329051,212.1133358,272.5034855,245.2117493,209.7089758,0,1368.959142,1826.480296,1537.433481,1354.738174,903.3804604,952.143977,1153.238649,890.7395163,1069.858603,1459.016417,1195.167009,911.8755577,933.2637372,967.9035983,588.8231838,824.272016,618.8052241,361.8191138,409.8596475,494.383912,635.4973691,879.6368058,668.6256645,634.9118692,522.4748627,526.6352852,1,1,1,0,1,1,1,0,1,1,1,0,1,1,1,0,0,0,1,0,0,0,0,ENSMUSG00000043252,ENSG00000180694
Fam13c,-0.283790388,0.961345853,-1.616528448,-0.50747828,-0.651600453,0.133915589,0.734992879,206.6179977,297.0027904,55.92746215,7.488555143,146.1450735,198.230919,18.55029782,85.04864018,468.2934228,1886.087129,2342.223179,1591.123938,2310.809289,885.7363108,997.4841664,406.0699467,360.4148332,3013.317646,3214.244021,2383.001705,2099.759426,1834.972451,2123.803857,1478.884895,1653.30861,1701.126148,815.4039449,1355.48354,902.2752111,1596.111508,1764.358217,1838.085002,1520.746992,2262.078667,1922.556378,1,1,1,0,1,1,1,0,1,1,1,0,1,1,1,0,0,0,1,0,0,0,0,ENSMUSG00000043259,ENSG00000148541
Ifi209,#N/A,#N/A,3.45660045,3.581593547,4.159676526,4.165567763,4.21058E-35,#N/A,#N/A,#N/A,#N/A,#N/A,#N/A,#N/A,#N/A,#N/A,12.36778445,24.43451901,10.88320067,17.33335037,108.217451,119.8276434,228.6486162,252.2903832,9.058069077,9.697390081,3.14241983,89.67358614,98.48992309,78.1768291,19.62743946,19.05831251,19.99940838,267.4315189,288.4197519,490.4524296,21.18324564,20.33842325,21.60957471,537.0137816,279.0490744,313.9556508,1,1,1,1,0,0,1,1,0,1,1,1,0,1,1,1,1,0,0,0,0,0,0,ENSMUSG00000043263,#N/A
Rhbdl2,-1.871524318,0.297737907,-1.926537767,3.205697813,3.442848299,0.739194099,0.690901073,36.68917716,66.98958837,33.38952964,11.98168823,19.28303053,25.09900525,4.057877648,11.65049866,0,15.45973057,27.05250318,14.51093423,20.07019516,1.176276641,7.55669823,6.24722995,5.148783331,11.07097332,15.8684565,10.47473277,139.7510433,106.1396259,103.3050956,11.94713706,4.764578127,9.411486298,99.63135019,99.11638534,82.56113043,12.89414952,5.084605814,10.16921163,19.0093374,7.124657219,20.25520328,1,1,0,0,1,1,1,1,0,0,1,1,0,0,0,0,0,0,1,0,0,0,0,ENSMUSG00000043333,ENSG00000158315
Tril,3.029136304,0.408242451,-2.334091767,-1.076823166,-1.399910968,-0.585906537,0.005548731,17.37908392,0,0,34.44735366,128.8918356,17.92786089,25.5066595,72.23309166,0,2192.962781,2674.70717,1625.224633,1887.510627,456.3953367,419.9365159,386.0788109,399.0307082,1283.226453,975.9100745,1091.467154,497.2807959,401.6093951,688.7006373,687.813748,691.6579248,582.3357147,167.8001687,249.130374,324.3472981,742.334608,738.1152773,629.2199694,502.7969742,485.6641338,419.4515012,1,1,1,0,1,1,1,0,1,1,1,0,1,1,1,1,0,1,0,0,0,0,0,ENSMUSG00000043496,ENSG00000255690
Mmp3,22.26585258,NA,6.189786636,7.310026684,11.57427837,9.695275873,4.68375E-13,0,0,0,0,0,0,0,0,420.3578756,0,0.872661393,0.725546711,0,22.34925618,9.715754867,11.24501391,75.94455414,2.012904239,6.171066415,24.09188536,1872.663981,1929.637522,1290.848357,0,0,0,343.4659704,1065.277907,151.3620724,0,0,0,182.489639,169.8043304,104.6518836,1,0,0,1,0,0,1,1,0,0,1,1,0,0,1,1,1,0,0,0,0,0,0,ENSMUSG00000043613,ENSG00000149968
Ecm2,2.004713374,0.664083706,-0.638354786,-0.867644304,-1.469138765,-0.316354916,0.115224394,91.72294289,0,10.85159713,2.995422057,210.0835431,22.53788226,22.02847866,90.87388951,475.6681224,2148.902549,2691.287736,1650.618768,2267.932053,1242.148133,1189.640207,1545.56469,1650.185058,1113.136044,1142.528868,878.8300792,511.2559002,414.0401621,792.0057329,2337.372029,2721.368207,2288.167606,781.3195357,871.5098387,999.5794005,2522.648252,2904.157354,2472.389577,2168.965397,2213.393509,1964.754718,1,1,1,0,1,1,1,0,1,1,1,0,1,1,1,0,0,0,0,0,0,0,0,ENSMUSG00000043631,ENSG00000106823
Tox3,-1.362569985,NA,-0.789275706,-0.972276871,-1.10611761,-0.424712257,0.578335319,6.758532634,152.2490645,0,0,100.474738,17.41563629,4.057877648,1.165049866,0,85.80150464,72.43089562,50.06272308,65.68427508,41.16968244,29.1472646,48.72839361,39.90307082,63.40648354,65.23698781,54.46861039,29.11480069,32.51123675,31.64300225,81.92322557,71.46867191,123.5257577,36.70628691,44.64702043,46.19491821,88.41702527,76.26908721,133.4709026,49.42427724,68.87168645,102.1199832,1,1,1,0,1,1,1,0,1,1,1,0,1,1,1,0,0,0,0,0,0,0,0,ENSMUSG00000043668,ENSG00000103460
Ptpn11,0.117186259,0.978918988,0.265234151,-0.366480192,-0.655878162,-0.165138562,0.519344589,693.2323473,895.6929577,377.3016849,711.4127386,795.6787334,989.1056965,877.0812688,780.5834099,106.9331438,5469.652674,5379.084827,4870.595073,4774.881886,6042.533105,6134.959435,6042.320807,6411.522443,4797.757255,4238.641046,4956.643545,3561.322421,3585.798171,3705.023293,2791.363238,3022.330725,2861.091835,1494.470253,2266.282757,1741.646704,3012.625934,3225.334954,3091.440335,2600.477356,3032.72909,2689.722202,1,1,1,1,0,1,1,0,1,1,1,0,1,1,1,0,0,0,1,1,0,0,0,ENSMUSG00000043733,ENSG00000179295
Trem6l,#N/A,#N/A,4.205538625,2.685290313,2.993764536,3.077763036,0.000119003,#N/A,#N/A,#N/A,#N/A,#N/A,#N/A,#N/A,#N/A,#N/A,2.318959585,5.235968358,2.902186845,5.47368959,43.52223572,97.15754867,79.96454336,66.93418331,5.032260599,14.98687558,7.332312937,66.38174558,69.80353772,42.8111207,3.413467732,7.146867191,2.352871575,34.08440927,26.78821226,45.21204761,3.684042719,7.626908721,2.542302907,52.27567785,35.62328609,32.91470532,1,0,1,1,0,0,1,1,0,0,1,1,0,0,1,1,1,0,0,0,0,0,0,ENSMUSG00000043740,#N/A
Wdfy3,0.262441993,0.953374799,-0.358486233,-0.491790517,-0.731255977,-0.461548365,0.004593259,103.3089988,259.5260976,30.05057668,80.87639554,146.1450735,229.988844,144.3445049,313.3984138,25.8114485,1157.933819,1008.79657,1418.443821,1215.159089,971.6045056,904.644731,884.6077609,984.7048121,2215.201115,1947.412244,1781.752044,1412.65013,1374.077859,1440.687279,4259.154363,4003.039723,4646.92136,2241.705379,2791.331717,2739.260363,4596.764303,4271.916318,5021.048241,3418.829331,3545.704409,3121.833205,1,1,1,0,1,1,1,0,1,1,1,0,1,1,1,1,0,1,1,1,0,0,0,ENSMUSG00000043940,ENSG00000163625
S100a1,NA,NA,-0.791705634,0.34358707,-0.687410222,-0.089541535,0.850232695,0,0,0,0,0,0,0,0,0,1276.973745,1348.261852,1307.435174,1409.475069,761.0509868,865.7817115,739.6720261,716.9680789,655.2003299,647.9619736,722.7565609,922.356886,831.9051756,817.1339994,611.864091,665.4527451,565.8656137,313.3143776,528.6207218,300.7584037,660.3646575,710.1499453,611.4238491,553.1717183,707.7159504,605.1241978,1,1,1,0,1,1,1,1,0,1,1,0,1,1,1,0,0,0,0,0,0,0,0,ENSMUSG00000044080,ENSG00000160678
Ctla2a,#N/A,#N/A,2.183350918,1.753343592,1.862736306,0.341351388,0.433595654,#N/A,#N/A,#N/A,#N/A,#N/A,#N/A,#N/A,#N/A,#N/A,3975.469715,4790.911048,5171.696958,3844.354655,26053.35132,17920.17009,11914.71696,24882.78264,9478.766063,8864.296114,12894.39604,40220.35027,46942.40101,18150.05382,151.0459471,152.4665001,168.2303176,544.0396096,825.0769375,344.0047101,163.0188903,162.707386,181.7746578,229.0625157,238.6760168,175.5450951,1,1,1,1,0,1,1,1,0,1,1,1,0,1,1,0,0,0,0,0,0,0,0,ENSMUSG00000044258,#N/A
Rps2,-0.547072896,0.904825833,0.874166883,1.632016489,1.139526625,0.216289797,0.678837741,1192.398258,12080.14346,25646.49772,3561.556826,6904.339826,10847.38029,20328.80762,2577.090303,9052.443725,4740.726378,5961.149976,5806.550331,6075.795445,9866.608466,9500.928732,10264.19881,11763.68272,2627.846485,2928.611804,3321.53776,8992.979638,10827.19805,7695.764283,279.0509871,285.0805913,198.8176481,749.857004,485.7595822,452.1204761,301.1704923,304.2289145,214.8245956,396.3446848,280.2365173,278.509045,1,1,1,1,0,1,1,1,0,1,1,1,0,1,1,0,0,0,1,1,0,0,0,ENSMUSG00000044533,ENSG00000140988
Kcnj10,1.353162343,NA,0.466058549,-0.630268144,-1.396312408,-0.602942428,0.08324221,1.931009324,73.07955094,0.834738241,2.995422057,366.3775801,0,8.115755296,10.48544879,0,2372.295655,1275.830957,1633.931194,1487.931287,2326.675196,2439.734,2157.793225,2428.938537,1005.445668,930.9494477,1199.356902,652.1715355,764.9702764,607.7317786,1851.806245,1223.702482,1756.41863,606.9646728,652.7394386,574.9793012,1998.593175,1305.89626,1897.82912,692.8903482,1138.757712,1591.721391,1,1,1,1,0,1,1,0,1,1,1,0,1,1,1,0,0,0,0,0,0,0,0,ENSMUSG00000044708,ENSG00000177807
Macir,0.68482584,0.860825186,0.696012909,0.430650696,0.604316489,0.144120234,0.729828359,83.03340093,17.33297042,95.16015947,125.8077264,224.2920919,51.73468428,78.25906892,133.9807345,11.06204936,251.9936082,294.9595508,372.2054629,395.9302137,468.1581032,499.8216115,587.2396153,575.3765373,265.7033596,276.8164078,294.3399908,370.3402648,405.4342465,351.7957309,384.0151199,342.2555288,403.517475,576.81308,617.9147627,520.9214182,414.4548059,365.2441843,436.0049485,463.8278326,427.4794331,449.8343061,1,1,1,1,0,1,1,1,0,1,1,1,0,1,1,0,0,0,1,1,0,0,0,ENSMUSG00000044768,ENSG00000181751
Tlr1,0.126188203,0.985509434,2.229040398,1.524474357,2.798295208,1.456289478,0.157176517,138.0671667,222.9863221,137.7318098,137.7894146,434.3756351,100.396021,254.4868982,159.6118316,0,5.410905698,12.2172595,4.353280268,11.85966078,29.40691603,37.78349115,44.98005564,43.76465832,9.058069077,17.63161833,20.94946553,41.925313,35.37987528,59.56329836,14.50723786,11.91144532,5.882178937,64.23600209,90.18698126,74.69816562,15.65718156,12.71151453,6.355757267,47.5233435,13.06187157,35.44660573,1,0,1,1,0,0,1,1,0,0,1,1,0,0,1,0,0,0,1,0,0,0,0,ENSMUSG00000044827,ENSG00000174125
Ankrd50,1.980345798,0.160509375,-0.424752277,-0.59543064,-1.254338156,-0.410028681,0.051166036,118.7570734,93.22327332,35.05900612,209.679544,187.7558236,139.3250903,244.6320525,851.6514517,317.1120816,1566.070706,1823.862311,1399.579606,1511.650608,1315.077285,1164.811056,1146.991419,1065.79815,1896.155794,2144.004789,1855.075173,1318.318175,1094.863708,1489.082459,1985.784853,2556.990262,2250.521661,820.6477002,992.9497343,1032.01413,2143.191852,2728.738453,2431.71273,1710.840366,2093.46178,1695.529307,1,1,1,0,1,1,1,0,1,1,1,0,1,1,1,0,0,0,1,1,0,0,0,ENSMUSG00000044864,ENSG00000151458
Prkce,0.216078974,0.972101465,0.731600595,-0.502358413,-1.409568203,-0.801535182,2.31935E-05,80.13688695,124.1415449,126.8802126,56.91301909,73.07253674,298.62694,169.8511644,167.7671806,0,935.3136992,712.9643581,1016.490943,956.071115,1576.210699,1287.877284,1578.050285,1572.953308,720.6197177,676.1725629,725.8989808,534.5477407,546.9537476,417.8737651,2505.485315,2161.530277,3146.965731,912.4134175,985.806211,1040.859966,2704.087356,2306.716171,3400.330138,1526.449793,1506.865002,1788.365656,1,1,1,1,0,1,1,0,1,1,1,0,1,1,1,1,0,1,1,0,0,0,0,ENSMUSG00000045038,ENSG00000171132
Dpy19l4,-1.016473437,0.804665158,-0.576023754,-0.451817662,-0.446335418,-0.139173825,0.644448813,270.3413054,196.2841785,520.8766624,133.2962815,67.99805502,195.669796,198.2563079,378.6412063,0,799.2680703,917.1671241,779.9627147,906.8079087,482.2734229,603.4563301,570.9968174,625.5771747,778.9939407,637.3830026,567.730516,453.0262988,492.4496154,504.426683,1500.219068,1566.752108,1316.431646,1069.726076,1010.808542,1138.164155,1619.136775,1671.987878,1422.418476,1415.245169,1468.86683,1399.29696,1,1,1,0,1,1,1,0,1,1,1,0,1,1,1,0,0,0,1,0,0,0,0,ENSMUSG00000045205,ENSG00000156162
Lhfpl2,0.27254999,0.958621374,-2.680214096,-0.70504266,-0.578219569,-0.173271477,0.647705485,525.2345361,747.6600212,61.77062983,587.1027232,1277.754497,287.8702234,542.5962112,490.4859934,36.87349786,2712.409728,3465.338392,1170.306845,1911.229948,292.8928836,290.3931177,354.8426611,507.1551581,1511.691084,1136.357801,1009.764239,773.2891064,670.3052047,800.3818217,825.2058242,929.0927348,761.1539544,481.1145463,661.6688427,540.5788302,890.6173274,991.4981337,822.4349904,732.8099568,963.0161674,707.244181,1,1,1,0,1,1,1,0,1,1,1,0,1,1,1,0,0,0,1,1,0,0,0,ENSMUSG00000045312,ENSG00000145685
Penk,9.089064831,0.004554892,-0.694749156,-1.280069803,-2.693737112,-1.932814251,0.005025968,0,0,0,55.41530806,0,0,139.7069305,107.1845876,132.7445923,511.7170817,453.7839244,967.8793129,488.0706551,344.6490558,418.8569876,403.5710548,329.5221332,242.5549609,224.8031337,311.0995632,95.49654628,94.66507171,129.3640386,613.5708248,404.9891408,939.9721941,86.521962,111.6175511,103.201413,662.2066788,432.1914942,1015.650011,117.8578919,137.7433729,296.2323479,1,1,1,0,1,1,1,0,1,1,1,0,1,1,1,1,0,1,0,0,1,1,0,ENSMUSG00000045573,ENSG00000181195
Mtus1,-0.697793486,0.819204314,-0.593466855,-0.45205188,-0.821040402,-0.263179443,0.24138724,8341.96028,10920.23982,2583.514856,3688.862263,1194.532996,8376.408832,4386.565737,7152.241125,2134.975526,7016.398717,7572.082907,8655.046719,8741.482275,5380.289356,6174.901982,5127.726343,4512.90859,8802.430239,8642.137724,9211.479996,5856.733308,6893.338403,6732.514068,4603.061237,5477.676654,4473.985299,1986.07231,3347.633591,2901.434012,4967.931607,5845.601817,4834.188977,4141.184153,4816.26828,4085.643294,1,1,1,0,1,1,1,0,1,1,1,0,1,1,1,0,0,0,1,1,0,0,0,ENSMUSG00000045636,ENSG00000129422
C2cd4c,-0.892253954,0.897198797,-2.953997402,-1.162830394,-1.437334849,-1.010969475,0.145059324,24.13761655,0.46845866,53.42324742,5.990844114,9.134067093,60.95472703,2.318787227,3.495149597,0,105.8991544,141.3711457,81.26123167,99.43869422,12.93904305,23.74962301,13.74390589,3.861587498,66.4258399,47.60536949,50.27871728,15.13969636,24.86153398,32.57367879,77.6563909,45.26349221,39.99881677,22.28595991,20.5376294,17.69167081,83.81197187,48.30375523,43.21914942,25.66260549,24.93630027,36.29057253,1,1,0,0,1,1,1,0,1,1,1,0,1,1,1,0,0,0,0,0,0,0,0,ENSMUSG00000045912,ENSG00000183186
Ifit2,-1.826727484,0.328246485,5.691888112,-0.652127668,1.423367198,1.832179795,7.09533E-32,1591.151683,3269.841446,780.4802553,182.7207455,794.6638371,1433.204422,300.2829459,329.7091119,136.4319421,729.6992827,927.6390608,571.0052618,744.4217842,35491.79509,28931.35894,45659.75426,43532.96307,523.3551023,498.0932178,521.6416918,255.0456541,436.9892704,288.5097264,661.3593731,875.0941827,805.8585143,2014.912964,2110.911126,2155.435226,713.7832769,933.8726011,870.7387456,3224.93409,3049.35329,2693.098069,1,1,1,1,0,1,1,0,1,1,1,1,0,1,1,1,1,0,1,1,0,0,0,ENSMUSG00000045932,ENSG00000119922
Cavin2,-1.196592671,0.739543039,-3.115943142,-0.623951797,-1.318914509,-0.534440407,0.00236315,31930.20468,4531.400617,828.8950733,4223.545101,3064.986958,14435.00136,3835.853771,6062.9195,914.462747,6744.307459,7163.677376,8525.173858,12927.03025,813.9834356,1762.869744,655.9591447,844.4004663,7807.049093,5118.458801,7588.94389,4038.805152,4064.860806,5206.204547,6192.030466,7176.248756,5428.074723,1641.2954,3150.293761,2739.260363,6682.853493,7658.26379,5865.092806,4319.871924,5135.690412,4500.030994,1,1,1,0,1,1,1,0,1,1,1,0,1,1,1,1,0,1,1,1,0,0,0,ENSMUSG00000045954,ENSG00000168497
Slc25a51,-0.233703205,0.952976551,-0.699273553,-0.291081946,-0.68436455,-0.367844225,0.110890984,86.89541958,164.8974483,197.8329631,290.5559395,112.6534941,91.68820284,123.4754199,125.8253855,18.43674893,1705.208281,2011.484511,1767.431789,1934.94927,1123.344192,1243.616623,1145.741973,1054.213387,1560.000786,1544.529766,1609.966426,1196.036013,1306.186747,1348.550302,1265.543162,1536.576446,1234.081141,726.2601053,905.4415742,878.6863167,1365.858838,1639.785375,1333.437875,1030.306087,1275.313642,1060.866272,1,1,1,0,1,1,1,0,1,1,1,0,1,1,1,0,0,0,1,1,0,0,0,ENSMUSG00000045973,ENSG00000122696
Lrrc8d,1.072095864,0.565194618,0.592893562,0.842613366,1.01252083,0.163437643,0.723761233,227.8591002,126.9522968,33.38952964,173.7344793,491.2098303,260.7223198,187.2420686,216.699275,302.3626825,234.2149181,276.6336616,265.5500963,241.7546236,378.7610784,429.6522708,331.1031873,395.1691207,345.2130771,424.0404208,361.3782805,694.0968485,816.6057701,518.386831,246.6230436,257.2872189,298.81469,610.8974893,506.2972116,501.2640062,266.1720865,274.5687139,322.8724692,325.0596695,299.2356032,340.1186217,1,1,1,1,0,1,1,1,0,1,1,1,0,1,1,0,0,0,1,1,0,0,0,ENSMUSG00000046079,ENSG00000171492
Plaur,4.137942149,0.000660609,5.346028315,2.185621307,2.093597882,1.106525477,8.306E-06,181.5148765,48.71970063,238.7351369,1710.385995,8661.125397,1009.082456,1282.869034,998.4477348,2839.259335,197.1115647,235.6185761,325.0449267,530.0356086,11735.71205,9417.805051,7772.803504,23442.41051,564.6196392,463.711562,1294.67697,4659.532703,4230.285629,1677.079119,133.1252415,204.0827631,197.6412123,600.4099788,1126.890796,551.3904068,143.6776661,217.7906157,213.5534442,443.8680283,383.544047,408.4799327,1,1,1,1,0,1,1,1,0,1,1,1,0,1,1,1,1,0,1,1,1,1,0,ENSMUSG00000046223,ENSG00000011422
Pilra,23.30310727,NA,2.897109122,2.58000379,4.898203685,3.535281889,0.002948205,0,0,0,2.995422057,781.4701846,4.610021372,0,23.30099731,0,10.04882487,20.07121204,11.60874738,4.561407992,62.34266198,117.6685867,82.46343534,82.3805333,12.07742544,16.75003741,11.52220604,111.8008347,46.85442943,84.69156485,0.853366933,5.558674482,0,74.72351264,46.43290124,89.44122463,0.92101068,5.932040116,0,23.76167175,13.06187157,48.10610778,1,0,1,1,0,1,1,1,0,0,1,1,0,0,1,1,1,0,0,0,0,0,0,ENSMUSG00000046245,ENSG00000085514
Stxbp6,-3.212812332,0.233086079,-2.248830425,-0.817828153,-0.691124641,-0.391440265,0.11901253,1475.291124,2549.820486,3525.099592,62.9038632,85.25129287,1107.941803,342.021116,27.96119677,0,840.2363563,839.5002601,1238.508236,1462.387402,211.7297954,302.2679292,222.4013862,184.0690041,832.335903,678.8173056,777.2251713,399.4550655,386.3099896,510.9414187,545.3014702,630.5125055,501.1616454,234.6580485,474.1513569,327.2959099,588.5258244,672.862836,541.5105192,463.8278326,474.9771479,438.0187708,1,1,1,0,1,1,1,0,1,1,1,0,1,1,1,0,0,0,1,0,0,0,0,ENSMUSG00000046314,ENSG00000168952
Ppm1e,2.935205885,NA,0.630843408,-1.024427687,-1.868831236,-1.029107341,4.44185E-09,0,0,0,1.497711029,4.059585375,0,0,0,0,377.2174258,295.8322122,451.2900544,304.7020538,524.6193819,479.3105735,637.2174549,575.3765373,453.909906,479.5800185,466.1256081,187.4993165,190.2863563,308.9846102,1146.071791,1102.999836,1271.727086,318.5581328,265.2033013,380.3709223,1236.917343,1177.086246,1374.114721,609.2492637,537.91162,705.5562474,1,1,1,1,0,1,1,0,1,1,1,0,1,1,1,1,0,1,0,0,0,0,0,ENSMUSG00000046442,ENSG00000175175
Ar,5.835877499,0.154402672,0.994682051,-1.025872069,-2.074927068,-0.821706864,0.000226921,0.965504662,0,0.834738241,0,33.49157934,0,6.376664875,154.9516321,0,108.218114,65.44960448,89.24224549,65.68427508,163.5024531,130.6229265,196.1630204,167.3354583,94.60649925,111.0791955,72.27565609,38.43153692,38.24851382,59.56329836,380.6016521,344.6378179,388.2238098,49.81567509,89.29404085,122.858825,410.7707632,367.7864872,419.4799796,235.7157838,214.9271594,226.1831032,1,1,1,1,0,1,1,0,1,1,1,0,1,1,1,1,0,1,0,0,0,0,0,ENSMUSG00000046532,ENSG00000169083
Hmga1,0.401483125,0.923503541,3.07780889,1.635524012,1.382421223,0.300647066,0.762267089,155.4462506,533.105955,127.7149509,158.757369,326.7966227,470.7344045,295.6453715,117.6700364,792.780204,218.7551875,228.637285,216.9384667,231.719526,1830.286454,1274.922944,1473.096822,2987.581528,296.9033753,216.8689054,373.9479598,1148.287739,1103.469624,505.3573595,57.17558451,49.23397398,63.52753251,169.1111076,149.1210482,123.8416956,61.70771555,52.54092674,68.64217848,109.3036901,42.74794331,71.73717827,1,1,1,1,0,1,1,1,0,1,1,1,0,1,1,0,0,0,1,1,0,0,0,ENSMUSG00000046711,ENSG00000137309
Bst2,-1.751031474,0.102359682,3.732646268,1.022553166,1.689527527,1.011927595,0.000838677,10217.93584,7973.166392,15940.16145,2354.401737,2063.284267,7016.964752,2478.783546,4098.645427,2264.032769,2684.582213,3278.588854,1384.343125,2238.739042,32146.46432,28386.19714,23859.42062,43032.24389,893.7294823,1092.278755,1035.951071,1756.204778,2617.154558,1765.49339,191.154193,263.6399897,196.4647765,922.900928,547.3724704,636.900149,206.3063923,281.3481884,212.2822927,646.3174716,439.3538618,328.3030864,1,1,1,1,0,1,1,1,0,1,1,1,0,1,1,1,1,0,1,1,0,0,0,ENSMUSG00000046718,ENSG00000130303
Mpeg1,7.911805654,NA,3.072129635,1.391984368,3.285188612,2.987254575,7.75575E-29,0,1.87383464,0,0,918.481191,0,0,27.96119677,0,463.791917,584.6831333,542.7089401,467.0881783,3992.28292,3216.994389,4669.179664,5434.540806,389.4969703,539.5275208,565.6355694,1367.231041,1176.1418,1380.193304,228.702338,196.1417996,136.4665513,1854.978428,1360.841183,2278.294052,246.8308622,209.3162727,147.4535686,2359.058771,1018.825982,1422.084063,1,1,1,1,0,1,1,1,0,1,1,1,0,1,1,1,1,0,0,0,0,0,0,ENSMUSG00000046805,ENSG00000197629
Ckap4,0.298505453,0.943265221,0.814487161,0.792440091,1.677923662,0.354274616,0.33876054,548.406648,868.0538968,267.9509754,667.9791187,594.7292574,619.7917622,1431.271416,696.6998196,129.0572425,932.9947397,1073.373513,1252.293624,1148.562532,1920.859755,1838.436727,1962.87965,2029.907828,948.0778968,1037.620739,1093.562101,1723.596201,1946.849353,1662.188295,283.3178218,426.4297424,312.9319194,1423.679557,901.8698126,953.3844823,305.7755457,455.0722203,338.1262866,490.4409049,383.544047,530.8551192,1,1,1,1,0,1,1,1,0,1,1,1,0,1,1,0,0,0,1,1,0,0,0,ENSMUSG00000046841,ENSG00000136026
Fbl,-0.255953315,0.944117728,1.109927146,1.554617792,1.376552643,0.810508968,0.044992369,344.6851643,556.528888,1253.776838,416.3636659,571.3866415,499.9312065,566.3637803,329.7091119,1231.574829,309.9675978,385.7163357,288.7675911,385.8951161,723.4101343,647.7169912,678.4491725,906.1858663,177.1355731,207.1715154,229.3966476,683.6155203,648.3123093,471.8530042,56.32221758,81.79192452,69.40971145,188.7751898,175.9092605,174.9509669,60.78670487,87.28573313,74.99793575,125.4616268,138.9308158,127.4389873,1,1,1,1,0,1,1,1,0,1,1,1,0,1,1,1,1,0,1,1,0,0,0,ENSMUSG00000046865,ENSG00000105202
Atxn1,-0.313523421,0.953967681,-0.956477419,-0.599242016,-1.235409563,-0.426284026,0.019367804,370.7537902,530.7636617,429.0554559,329.4964263,358.2584093,370.3383835,531.0022751,549.9035365,0,571.2370444,443.3119877,482.488563,530.0356086,252.8994778,250.4505699,309.8626055,231.6952499,348.2324334,335.0007482,370.80554,189.8285005,258.1774683,245.6986057,1777.563321,1650.926321,1747.007144,656.7803479,685.7782337,854.1145517,1918.465246,1761.815914,1887.659908,1348.712489,1272.938756,1519.140246,1,1,1,0,1,1,1,0,1,1,1,0,1,1,1,1,0,1,1,0,0,0,0,ENSMUSG00000046876,ENSG00000124788
Tshz1,-0.587871694,0.914687574,-1.270176451,-0.47567335,-0.792184267,-0.166401912,0.595294557,301.2374545,298.876625,63.44010631,101.8443499,277.0667018,246.3800311,123.4754199,131.6506348,0,932.9947397,794.9945291,949.7406451,777.2639218,441.1037404,303.3474575,288.6220237,400.317904,1053.755369,861.3045553,953.2006818,680.1217442,641.6188193,739.8878468,1003.559513,1166.527545,962.324474,492.9129957,705.4229227,608.3969016,1083.10856,1244.88099,1039.801889,958.070605,1078.198126,968.0299232,1,1,1,0,1,1,1,0,1,1,1,0,1,1,1,0,0,0,1,0,0,0,0,ENSMUSG00000046982,ENSG00000179981
Neurl3,0.590223759,0.950193639,5.625731907,2.133544961,3.602212896,3.155501804,8.25337E-11,23.17211189,0,35.05900612,5.990844114,0,101.9326948,55.07119665,10.48544879,0,40.968286,82.03017095,36.27733557,25.54388475,1803.232091,1246.855208,3152.352233,2918.072953,26.16775511,37.90797941,47.13629745,189.8285005,164.4686094,134.0174213,11.09377013,18.26421615,7.058614724,127.1610654,132.1551805,194.6083789,11.97313884,19.49098895,7.626908721,162.5298348,84.30844376,109.7156844,1,1,1,1,0,1,1,1,0,0,1,1,0,0,1,1,1,0,0,0,0,0,0,ENSMUSG00000047180,ENSG00000163121
Tgif1,0.372047803,0.904825833,2.22668366,0.969073715,1.585523188,1.157684424,0.001779481,650.7501422,332.6056485,1129.40084,793.7868451,1200.622375,1290.805984,337.3835416,787.5737091,1058.269389,261.2694466,345.5739116,229.9983075,279.1581691,1175.100364,929.4738823,1473.096822,1643.749078,197.2646155,226.5662955,288.0551511,499.6099799,536.4354063,357.3797902,81.06985864,88.14469536,44.70455992,247.7674366,216.9845193,183.7968023,87.49601459,94.06520755,48.30375523,172.9849703,153.1801302,190.7364975,1,1,1,1,0,1,1,1,0,1,1,1,0,1,1,1,1,0,1,1,0,0,0,ENSMUSG00000047407,ENSG00000177426
Flrt2,1.980161603,0.586180504,-1.572470153,-0.747859259,-1.183867808,-0.462775316,0.02480567,7.724037296,1.87383464,33.38952964,38.94048674,64.95336599,2.048898387,84.05603699,146.7962831,0,1756.998379,2292.48148,1164.502472,1405.825943,564.6127877,487.9468,702.1886464,471.1136748,1225.858682,1553.345575,1408.851557,723.2116492,620.5821367,1149.385523,1810.844632,2580.813152,2017.587375,781.3195357,979.5556281,1058.551637,1954.384663,2754.161482,2180.024743,1659.515155,1701.605632,1638.983532,1,1,1,0,1,1,1,0,1,1,1,0,1,1,1,1,0,1,0,0,0,0,0,ENSMUSG00000047414,ENSG00000185070
Arl4a,-2.30506422,0.194839297,-0.618765212,-0.455034762,-0.801975745,-0.168698055,0.609503453,3892.914797,4669.595922,12518.5694,1172.707735,1088.983777,3565.083194,1724.598,891.2631471,84.80904508,5539.994448,6206.367827,3769.940712,7654.954892,3811.136317,3612.101754,3439.72481,4225.863919,3623.227631,2761.993011,3589.690919,2284.929558,2705.12614,2284.810898,2426.122191,2725.338689,2291.696914,1334.535717,1700.158538,1233.502603,2618.433363,2908.394525,2476.203031,2451.254058,2723.993943,1949.563315,1,1,1,0,1,1,1,0,1,1,1,0,1,1,1,0,0,0,1,1,0,0,0,ENSMUSG00000047446,ENSG00000122644
Rnf152,3.236515264,0.24406998,-0.641162223,-0.694844509,-1.456971047,-0.426306277,0.042384436,77.24037296,4.684586599,20.86845602,26.95879851,36.53626837,32.2701496,20.86908505,262.1362197,1559.74896,847.9662215,908.4405102,721.9189778,708.8428019,476.3920396,530.0484044,529.7650997,507.1551581,689.419702,531.5932926,722.7565609,349.3776083,297.382195,552.8218629,1318.451911,1584.222227,1258.786292,353.9534809,574.1606827,584.8080072,1422.9615,1690.631433,1360.132055,1237.507865,1050.88694,1042.299002,1,1,1,0,1,1,1,0,1,1,1,0,1,1,1,1,0,1,0,1,0,0,0,ENSMUSG00000047496,ENSG00000176641
Baiap3,0.466594124,0.958904177,0.884591219,-0.908562999,-1.773861819,-0.858128762,0.033231933,32.82715851,0,10.85159713,17.97253234,64.95336599,0,13.33302656,23.30099731,0,84.25553158,67.19492726,55.86709677,103.0878206,174.0889429,138.1796248,118.697369,140.3043458,201.2904239,253.8953039,181.2128769,117.6237948,81.27809187,140.5321571,247.4764106,134.9963803,176.4653681,60.30318564,42.86113961,60.93797722,267.0930972,144.0638314,190.672718,95.046687,94.99542959,140.9424561,1,1,1,1,0,1,1,0,1,1,1,0,1,1,1,1,0,1,0,0,0,0,0,ENSMUSG00000047507,ENSG00000007516
Flrt1,-1.925299108,NA,1.058262699,-1.267779543,-2.158288903,-1.580576696,1.41838E-09,0,0,9.182120651,0,3.044689031,0,0,1.165049866,0,24.73556891,11.34459811,36.27733557,19.15791356,43.52223572,48.57877434,47.47894762,52.77502915,38.24518055,56.42117865,64.94334316,15.13969636,14.34319268,36.29638494,349.0270756,262.8458934,431.7519339,72.101635,57.14818614,104.1842836,376.6933681,280.5007541,466.5125834,116.907425,130.6187157,127.4389873,1,1,1,1,0,1,1,0,1,1,1,0,1,1,1,1,0,1,0,0,0,0,0,ENSMUSG00000047787,ENSG00000126500
Sned1,-0.487651405,0.93345634,-1.39962482,-1.052222759,-1.038215931,-0.187787616,0.556076293,414.2015,555.123512,96.82963595,245.6246087,100.474738,618.2550884,191.2999463,358.8353586,3.687349786,224.9390797,173.6596172,275.7077503,169.6843773,65.8714919,116.5890584,76.21620539,60.49820414,416.6711776,323.5401963,311.0995632,152.5615556,137.6946498,215.9169566,634.9049982,640.8357581,659.9804767,196.6408227,333.9597128,408.8741697,685.2319458,683.8794819,713.1159654,605.4473962,560.4730346,659.98204,1,1,1,0,1,1,1,0,1,1,1,0,1,1,1,0,0,0,1,0,0,0,0,ENSMUSG00000047793,ENSG00000162804
Cd300lf,21.60082114,NA,5.382836115,2.616660259,5.283459083,4.676947043,3.85886E-26,0,0,0,0,235.4559517,0,0,3.495149597,0,1.545973057,1.745322786,4.353280268,5.47368959,134.0955371,98.23707699,136.1896129,176.3458291,9.058069077,18.51319924,13.6171526,117.6237948,71.71596341,66.07803412,5.973568531,8.7350599,12.94079366,332.9784598,335.7455936,374.4736987,6.447074759,9.321777325,13.98266599,278.4867929,140.1182586,320.7073852,1,0,1,1,0,0,1,1,0,0,1,1,0,0,1,1,1,0,0,0,0,0,0,ENSMUSG00000047798,ENSG00000186074
Ccdc88b,-0.977602497,0.673171289,2.326001613,1.423251857,2.93989429,2.600983304,1.18974E-08,28.96513986,131.6368834,133.5581186,41.9359088,15.22344515,72.22366816,59.1290743,27.96119677,84.80904508,19.32466321,29.67048736,23.94304147,19.15791356,96.45468457,136.0205681,94.95789524,133.8683666,29.18711147,35.26323666,33.51914486,96.6611383,84.14673041,82.83021178,18.77407253,13.49963803,18.8229726,86.521962,147.3351674,154.3106842,20.26223496,14.40638314,20.33842325,125.4616268,72.43401506,132.5027881,1,1,1,1,0,1,1,1,0,1,1,1,0,1,1,1,1,0,1,1,0,0,0,ENSMUSG00000047810,ENSG00000168071
Tnrc6b,0.265991814,0.947281648,-0.623968498,-0.525955587,-0.575543116,-0.271240942,0.136893173,1002.193839,1249.847705,254.5951635,964.5259024,1206.711753,1423.984379,828.9664338,1353.787944,247.0524357,501.6682569,485.1997345,496.2739505,396.8424953,338.7676726,265.5639664,281.1253477,335.9581124,836.3617115,737.0016461,717.5191946,522.9018205,530.6981293,537.0003618,3097.721967,3231.178067,3154.024346,1999.181698,1955.539495,2408.032971,3343.268768,3448.210176,3407.957047,2914.131423,2816.614487,2720.948973,1,1,1,0,1,1,1,0,1,1,1,0,1,1,1,0,0,0,1,1,0,0,0,ENSMUSG00000047888,ENSG00000100354
Marcksl1,2.093714851,0.22162627,2.489565308,1.130778528,2.21314189,1.622029743,1.67404E-06,216.2730443,1162.245935,643.5831838,2149.215326,2304.829596,1935.184527,8782.986321,1301.3607,789.0928542,267.4533388,315.9034243,264.8245496,328.4213754,1391.535266,1255.491435,1461.851808,2497.159916,166.0645998,237.1452665,349.8560744,612.5754066,564.1655789,471.8530042,58.88231838,92.11517713,97.64417035,439.1645041,308.9573813,401.9940755,63.54973691,98.30237906,105.5055706,301.2979978,174.5541019,342.6505221,1,1,1,1,0,1,1,1,0,1,1,1,0,1,1,1,1,0,1,1,0,0,0,ENSMUSG00000047945,ENSG00000175130
Ldlrad3,-0.406575645,0.863421152,-1.702334637,-0.656663925,-0.909385259,-0.124090499,0.77926475,2117.351724,1953.94107,1168.633537,1545.637781,875.8555446,1597.628518,1318.810236,1900.196331,663.7229615,3147.601143,4120.707098,2321.749476,4247.583122,976.3096121,925.155769,1218.20984,1132.732333,2009.884883,1729.661758,1636.153258,1098.210282,1019.322893,1291.779033,1472.057959,1747.01198,1394.076408,655.4694091,1048.31204,749.930268,1588.743423,1864.355465,1506.314472,1384.83023,1895.15882,1276.077806,1,1,1,0,1,1,1,0,1,1,1,0,1,1,1,0,0,0,1,1,0,0,0,ENSMUSG00000048058,ENSG00000179241
Gng7,1.492659812,0.685382022,-0.678047992,-0.78760325,-1.990505602,-1.672631773,2.03205E-07,60.82679371,38.41361011,181.1381983,218.6658102,747.9786053,86.56595687,249.8493238,272.6216685,0,973.1900391,691.1478233,1290.022053,793.6849905,735.1729007,657.432746,516.0211939,433.7849957,521.342198,472.5273712,456.6983487,296.9709671,213.2354646,330.3901706,321.7193337,241.4052918,495.2794665,87.83290082,89.29404085,88.45835403,347.2210263,257.6200279,535.1547619,96.94762074,159.1173446,102.1199832,1,1,1,0,1,1,1,0,1,1,1,0,1,1,1,1,0,1,1,0,0,0,0,ENSMUSG00000048240,ENSG00000176533
Syngr2,-1.429499637,0.215738338,0.342090294,0.401217053,0.720799048,0.459945222,0.295753297,6773.980709,8816.391979,21497.01392,3515.127784,3323.785525,7217.756794,5967.978627,3425.246605,4085.583563,2045.322354,2685.179106,2030.805245,2252.423266,2699.554891,2899.613064,2939.946414,2884.605861,1398.968446,1618.582563,1605.776533,2083.455138,2030.996084,1992.578465,170.6733866,250.934448,202.3469554,306.7596835,298.2420964,423.6172287,184.202136,267.7892395,218.63805,411.5521547,217.3020452,292.8564807,1,1,1,1,0,1,1,1,0,1,1,1,0,1,1,0,0,0,1,1,0,0,0,ENSMUSG00000048277,ENSG00000108639
Frmd6,2.176853547,0.45692684,-0.529630126,-0.43783579,-0.676347252,-0.245756398,0.403854156,182.4803811,0,74.29170345,298.0444947,236.4708481,205.9142879,168.112074,425.2432009,988.2097427,1120.05748,1274.958295,888.0691747,709.7550835,651.6572592,634.7626513,720.9303362,759.4455414,1053.755369,1206.002694,987.7673,776.7828825,721.9406984,899.0335346,758.6432034,1006.120081,834.0929732,498.1567509,575.9465635,551.3904068,818.7784944,1073.699261,901.2463805,838.3117793,759.9634367,758.726156,1,1,1,0,1,1,1,0,1,1,1,0,1,1,1,0,0,0,0,1,0,0,0,ENSMUSG00000048285,ENSG00000139926
Omd,-2.945429482,NA,1.410598389,-1.312069892,-1.025224035,-0.793448309,0.086351858,4905.729188,695.1926513,795.5055436,115.3237492,6.089378062,1176.067674,212.1690313,16.31069812,132.7445923,63.38489532,58.46831333,108.8320067,96.70184942,203.4958589,141.4182097,228.6486162,298.6294332,113.7290895,134.8818802,99.50996129,52.40664125,19.12425691,68.87006373,111.7910682,204.0827631,123.5257577,78.65632909,61.61288819,76.66390682,120.6523991,217.7906157,133.4709026,103.6008888,65.30935784,102.96395,1,1,1,1,0,1,1,0,1,1,1,0,1,1,1,0,0,0,1,0,0,0,0,ENSMUSG00000048368,ENSG00000127083
Msx1,-0.224193814,0.973251037,-0.705511532,-0.705420191,-0.777385868,-0.415199316,0.28538211,125.5156061,454.4049001,104.3422801,68.89470731,63.93846965,709.9432912,179.1263133,143.3011335,3.687349786,675.5902257,793.2492063,649.3643066,773.6147954,464.6292732,400.5050062,498.52895,409.3282748,631.0454791,692.9226003,568.7779893,349.3776083,319.3750904,491.3972115,193.7142938,246.1698699,212.9348775,89.14383964,158.0504523,131.7046604,209.0694243,262.7046337,230.0784131,203.3999102,169.8043304,153.6019582,1,1,1,0,1,1,1,0,1,1,1,0,1,1,1,0,0,0,1,0,0,0,0,ENSMUSG00000048450,ENSG00000163132
Tlcd5,-1.610845168,0.221255477,0.53448003,-0.823260674,-1.112628855,-0.288089859,0.621383338,162.2047832,406.6221168,839.7466704,157.259658,135.99611,101.9326948,287.5296162,126.9904353,110.6204936,137.591602,180.6409084,158.8947298,156.9124349,224.6688385,226.7009469,246.14086,220.1104874,217.3936579,241.5531711,197.9724493,104.8132825,119.5266057,146.1162163,162.1397173,215.9942084,158.8188313,103.5641666,66.07759023,80.59538922,174.9920292,230.5021302,171.6054462,190.093374,172.1792161,112.2475848,1,1,1,1,0,1,1,0,1,1,1,0,1,1,1,0,0,0,1,1,0,0,0,ENSMUSG00000048503,ENSG00000181264
Nog,0.617307608,0.943265221,-2.260861142,-1.273676277,-3.170611691,-1.097609116,0.007250929,11.58605594,0,0,1.497711029,4.059585375,13.31783952,4.057877648,1.165049866,11.06204936,81.936572,82.03017095,102.3020863,141.4036477,28.23063939,28.06773628,11.24501391,16.73354583,93.60004713,74.05279698,58.6585035,22.12724853,43.02957805,27.92029611,117.7646368,116.7321641,91.76199141,5.243755273,14.28704654,15.7259296,127.0994738,124.5728424,99.14981337,55.12707846,65.30935784,44.73024057,1,1,1,0,1,1,1,0,1,1,0,0,1,1,1,1,0,1,0,0,0,0,0,ENSMUSG00000048616,ENSG00000183691
A730049H05Rik,#N/A,#N/A,4.42354915,4.298441566,2.696155852,1.056456112,0.235212592,#N/A,#N/A,#N/A,#N/A,#N/A,#N/A,#N/A,#N/A,#N/A,1.545973057,2.617984179,4.353280268,5.47368959,64.69521526,46.4197177,53.72617757,133.8683666,3.019356359,9.697390081,26.18683192,241.0705497,368.1419455,153.5616286,17.92070559,14.29373438,22.35227996,76.03445146,181.2669029,91.40696583,19.34122428,15.25381744,24.15187761,39.91960854,59.37214349,22.78710368,1,0,1,1,0,0,1,1,0,1,1,1,0,1,1,0,0,0,0,0,0,0,0,ENSMUSG00000048636,#N/A
Arhgap30,3.794530986,NA,1.13315853,1.310489541,3.304783256,2.639043999,2.86232E-20,14.48256993,0,21.70319427,0,947.913185,23.56233146,16.8112074,12.81554852,0,89.66643728,90.75678488,87.06560536,90.31587823,214.0823487,165.1678327,188.6663445,217.5360957,74.47745686,129.5923947,106.8422742,328.4149518,174.0307379,270.8268722,55.46885065,79.40963546,101.1734777,789.1851686,721.4958501,802.0224098,59.86569419,84.74343023,109.319025,580.7352576,349.1082037,638.88287,1,1,1,1,0,1,1,1,0,1,1,1,0,1,1,1,1,0,0,0,0,0,0,ENSMUSG00000048865,ENSG00000186517
Ndnf,-3.146583848,0.137700102,-2.401779561,-1.115961053,-1.118620113,0.009989303,0.987088699,71.44734499,53.40428723,52.58850918,8.986266172,0,22.53788226,4.057877648,2.330099731,0,2857.731195,3684.376401,1686.896104,1862.879024,522.2668287,509.5373664,442.3038804,435.0721915,2648.981979,2733.782422,1320.863802,937.4965823,692.2981002,1463.023516,1799.750862,2674.516522,2582.276553,955.6743985,1330.481209,961.2474471,1942.411524,2854.15873,2790.17744,2096.729915,2943.670874,2599.417754,1,1,1,0,1,1,1,0,1,1,1,0,1,1,1,0,0,0,1,0,0,0,0,ENSMUSG00000049001,ENSG00000173376
Clec4a1,#N/A,#N/A,0.977561932,0.936643251,1.380103414,0.867285645,0.208658504,#N/A,#N/A,#N/A,#N/A,#N/A,#N/A,#N/A,#N/A,#N/A,68.02281449,98.61073741,87.79115207,106.736947,179.9703261,114.4300018,176.1718846,240.7056207,63.40648354,111.0791955,99.50996129,194.4868686,131.9573727,199.1647789,26.45437492,43.6752995,50.58673885,82.58914555,108.0457894,120.8930838,28.55133108,46.60888663,54.6595125,120.7092925,58.18470062,56.54577581,1,1,1,1,0,1,1,1,0,1,1,1,0,1,1,0,0,0,0,0,0,0,0,ENSMUSG00000049037,#N/A
Ptgr3,-0.839484253,0.630476562,-1.68492255,-0.411063568,-0.631841897,-0.161141937,0.707112149,475.0282937,511.5568566,461.6102473,185.7161675,102.5045307,402.6085331,264.3417439,199.223527,468.2934228,1637.185467,2016.720479,1361.12563,1498.878666,443.4562937,574.3090655,532.2639917,474.9752623,1078.916672,932.7126096,977.2925672,733.6929775,692.2981002,820.8567055,485.5657849,496.3102216,375.2830162,298.8940506,275.0256458,303.7070155,524.0550768,529.6464389,405.4973136,422.9577572,473.7897051,411.8557999,1,1,1,0,1,1,1,0,1,1,1,0,1,1,1,0,0,0,1,1,0,0,0,ENSMUSG00000049090,ENSG00000180011
Ccr2,5.510758478,0.451459798,1.071730979,2.716486639,3.910385033,3.614712184,2.38388E-23,0,0,0,0,31.46178665,0,0,4.660199462,0,39.42231294,72.43089562,42.08170926,57.47374069,64.69521526,85.28273717,153.6818568,140.3043458,59.38067506,103.1449672,92.17764835,610.2462225,400.6531823,666.3644004,35.84141119,34.9402396,19.99940838,356.5753586,376.8208524,650.6603374,38.68244855,37.2871093,21.60957471,625.4072005,232.7388025,351.0901901,1,1,1,1,0,1,1,1,0,1,1,1,0,1,1,1,1,0,0,0,0,0,0,ENSMUSG00000049103,ENSG00000121807
Hcar1,1.58645612,0.772629981,-1.827757029,-0.996988304,-1.555557126,-0.956921365,0.134742076,63.72330769,14.99067712,28.38110019,365.441491,0,66.07697299,118.2581486,92.03893938,0,273.637231,418.0048073,245.2347884,246.3160315,55.28500213,107.9528319,99.9556792,69.50857497,329.1098431,425.8035826,295.387464,179.3471723,102.3147745,244.7679292,51.20201598,109.5852969,61.17466094,14.420327,23.21645062,37.34908281,55.26064079,116.9459337,66.09987558,51.32521098,27.31118601,43.88627376,1,1,1,0,1,1,1,0,1,1,1,0,1,1,1,0,0,0,1,0,0,0,0,ENSMUSG00000049241,ENSG00000196917
Scn3b,-2.114762714,NA,-1.437813994,-0.850621829,-1.869066905,-1.133474602,7.77398E-06,7.724037296,69.33188167,5.843167687,1.497711029,0,31.24570041,4.057877648,0,0,309.9675978,299.3228578,241.6070549,300.1406458,102.3360678,137.1000965,96.20734123,87.52931663,134.864584,133.1187184,121.5069001,59.39419342,85.10294325,70.7314168,431.8036681,288.2569767,334.1077636,124.5391877,67.86347105,98.28706003,466.031404,307.6186517,361.0070128,183.4401059,160.3047874,173.0131946,1,1,1,0,1,1,1,0,1,1,1,0,1,1,1,1,0,1,0,0,0,0,0,ENSMUSG00000049281,ENSG00000166257
Fut4,0.46206629,0.94713074,2.508211477,1.438815607,2.760429548,1.136802198,0.199056511,21.24110256,39.81898609,0.834738241,10.4839772,33.49157934,5.634470565,69.56361682,50.09714422,0,23.96258238,28.79782597,25.3941349,21.89475836,110.5700043,150.0544363,169.9246546,139.0171499,33.21291995,38.78956032,39.80398452,104.8132825,120.4828185,78.1768291,26.45437492,22.23469793,11.76435787,140.2704536,148.2281078,128.7560486,28.55133108,23.72816046,12.71151453,69.38408151,20.18652879,54.0138754,1,1,1,1,0,1,1,1,0,1,1,1,0,1,1,0,0,0,0,0,0,0,0,ENSMUSG00000049307,ENSG00000196371
Aff4,0.570264941,0.80115183,0.374146546,-0.441964933,-0.567526364,-0.298349314,0.112484689,573.5097692,435.198095,174.4602924,404.3819777,654.6081417,575.7404469,473.0325944,1012.428333,390.8590773,1711.392174,1747.94077,1995.979003,1984.212476,2487.825096,2084.569183,2260.247796,2811.235699,2751.640095,2557.466239,2896.26361,1943.704094,1966.929823,2127.526563,3742.014001,4080.06707,3729.301446,2438.346202,2856.516367,2498.457066,4038.631831,4354.117445,4029.550107,3396.968593,3606.263996,3101.578001,1,1,1,1,0,1,1,0,1,1,1,0,1,1,1,0,0,0,1,1,0,0,0,ENSMUSG00000049470,ENSG00000072364
Ctu2,0.113237392,0.976496097,0.933249294,0.730656492,1.090794936,0.610802435,0.417038964,103.3089988,110.5562437,207.849822,124.3100154,249.6645005,87.59040606,109.5626965,76.89329113,269.1765344,251.9936082,276.6336616,200.2508923,206.1756412,483.4496995,406.9821761,464.7939083,429.9234082,228.4646312,230.9742001,231.4915942,411.1009858,367.1857327,369.4785851,61.44241918,29.38156512,37.64594519,87.83290082,116.9751935,68.80094202,66.31276895,31.35506918,40.67684651,70.33454838,56.99725775,83.55271351,1,1,1,1,0,1,1,1,0,1,1,1,0,1,1,0,0,0,1,1,0,0,0,ENSMUSG00000049482,ENSG00000174177
Tecrl,1.137008408,NA,-4.944872223,-1.313260549,-0.943856973,-0.364044956,0.809758086,0,0,0,0,1.014896344,0,0,0,0,143.0025077,164.9330033,281.512124,391.3688057,8.233936488,12.95433982,6.24722995,3.861587498,289.8582105,163.0924695,179.1179303,59.39419342,55.46034504,138.670804,371.2146159,293.0215548,227.0521069,196.6408227,173.2304392,95.33844823,400.6396457,312.7032575,245.3322305,172.9849703,438.166419,135.0346885,1,1,0,0,1,1,1,0,1,1,1,0,1,1,1,0,0,0,0,0,0,0,0,ENSMUSG00000049537,ENSG00000205678
Polr1a,0.849142002,0.739767227,0.765548122,0.635489323,0.497124658,0.10511493,0.794477124,91.72294289,198.6264718,29.21583843,188.7115896,212.1133358,67.61364678,117.6784518,326.2139623,243.3650859,335.4761533,363.0271395,401.2273314,358.5266681,606.9587468,600.2177451,673.4513886,599.8332581,385.4711619,455.7773338,456.6983487,766.3015543,612.932434,639.3747808,696.3474173,763.1265967,843.5044595,1109.05424,1075.993192,1063.46599,751.5447148,814.3843645,911.4155921,959.9715387,825.2727945,876.0375416,1,1,1,1,0,1,1,1,0,1,1,1,0,1,1,0,0,0,1,1,0,0,0,ENSMUSG00000049553,ENSG00000068654
Gpr55,4.148152842,NA,2.713916181,2.316742149,4.451173079,1.108770729,0.484029036,0,0,0,4.493133086,7.104274406,0,2.318787227,0,0,1.545973057,0.872661393,6.529920402,5.47368959,19.9967029,25.90867965,22.49002782,27.03111249,9.058069077,11.46055191,5.237366384,53.57123328,59.28519642,16.75217766,8.53366933,2.382289064,10.58792209,191.3970675,150.0139886,111.0643778,9.210106799,2.542302907,11.44036308,16.15793679,14.24931444,18.56726967,1,0,1,1,0,0,1,1,0,0,1,1,0,0,1,0,0,0,0,0,0,0,0,ENSMUSG00000049608,ENSG00000135898
Tifab,NA,NA,1.015203363,1.271402106,2.638761734,1.888010199,3.27819E-05,0,0,0,0,0,0,0,0,0,34.78439377,65.44960448,31.19850859,69.33340147,91.74957801,111.1914168,107.4523551,92.67809996,30.19356359,51.13169315,48.18377073,119.9529789,65.97868634,127.5026856,22.18754026,21.44060157,24.70515153,106.1860443,145.5492866,171.0194845,23.94627768,22.88072616,26.69418052,103.6008888,68.87168645,97.90014916,1,1,1,1,0,1,1,1,0,1,1,1,0,1,1,1,1,0,0,0,0,0,0,ENSMUSG00000049625,ENSG00000255833
Mmp12,NA,NA,1.823344885,3.346332412,4.036011867,2.979542712,0.000121912,0,0,0,0,0,0,0,0,0,8.502851811,7.853952537,3.627733557,3.649126393,19.9967029,18.35198142,33.73504173,11.5847625,7.045164838,10.578971,14.66462587,126.940531,137.6946498,63.28600451,6.826935464,9.529156255,0,47.19379746,188.4104262,37.34908281,7.368085439,10.16921163,0,42.77100915,43.93538618,59.07767622,1,0,1,1,0,0,1,1,0,0,1,1,0,0,1,1,1,0,0,0,0,0,0,ENSMUSG00000049723,ENSG00000262406
Sertad2,-0.27381339,0.955596004,-0.837863943,-0.386695522,-0.661465965,-0.26604667,0.294685923,156.4117552,514.3676086,40.06743557,59.90844114,133.9663174,480.4666718,86.95452103,335.5343613,77.43434551,1511.188663,1889.311916,1467.05545,1656.703383,766.93237,913.2809575,1050.784078,919.0578246,1401.987803,1176.028942,1201.451848,901.3942295,935.1761629,1052.595163,993.31911,1162.557063,934.0900151,550.5943037,681.3135317,720.44415,1072.056431,1240.643819,1009.294254,953.3182706,933.3300957,878.5694421,1,1,1,0,1,1,1,0,1,1,1,0,1,1,1,0,0,0,1,1,0,0,0,ENSMUSG00000049800,ENSG00000179833
Rasl11b,0.118869036,NA,0.785759537,-0.796136122,-1.03581109,-0.463193066,0.252392795,0.965504662,0,0,0,1.014896344,0,0,0,0,195.5655917,168.4236489,214.7618266,209.8247676,421.1070375,316.3017973,318.6087274,303.7782165,136.8774883,149.8687558,225.2067545,102.4840984,84.14673041,107.9584783,176.6469551,161.9956563,156.4659597,65.54694091,109.8316702,64.86945962,190.6492107,172.8765977,169.0631433,145.4214311,113.9945155,126.5950205,1,1,1,1,0,1,1,0,1,1,1,0,1,1,1,0,0,0,0,0,0,0,0,ENSMUSG00000049907,ENSG00000128045
Tdrp,-0.997716625,0.80115183,-1.728933895,-0.723062164,-0.635780111,0.013282166,0.98210503,464.4077424,784.1997967,2371.491343,650.0065864,38.56606106,525.0302118,1835.32009,467.1849961,106.9331438,3697.194565,4721.970798,2727.330088,3302.459386,1113.933979,1095.721243,1094.514687,1054.213387,2249.420488,2152.820598,2044.667836,1333.457872,1155.105117,1417.420366,1607.743302,2132.148712,1761.124374,863.9086812,1667.119743,1006.459495,1735.184121,2275.361102,1902.913726,1617.694613,2428.320669,1925.932245,1,1,1,0,1,1,1,0,1,1,1,0,1,1,1,0,0,0,1,1,0,0,0,ENSMUSG00000050052,ENSG00000180190
Gpr171,6.026082259,NA,5.079634563,3.050278982,3.006423585,2.566941355,1.53463E-11,0,0,0,0,51.75971353,0,0,0,0,0.772986528,5.235968358,2.902186845,0.912281598,68.22404518,37.78349115,114.9490311,110.6988416,2.012904239,0.881580916,2.094946553,15.13969636,17.21183122,8.376088832,36.69477812,15.88192709,23.52871575,183.5314346,196.4468899,230.9745911,39.60345923,16.94868605,25.42302907,170.1335697,155.5550159,159.5097258,1,0,1,1,0,0,0,1,0,1,1,1,0,1,1,1,1,0,0,0,0,0,0,ENSMUSG00000050075,ENSG00000174946
Heatr1,1.064850034,0.798136508,1.286750937,1.018749116,0.630704481,-0.049173166,0.921448786,58.89578438,114.303913,36.7284826,104.839772,54.80440256,187.986427,155.3587442,373.9810068,0,313.059544,303.6861648,307.6318056,323.8599674,664.5963022,685.5004823,844.6254892,852.1236413,333.1356516,349.9876238,378.1378529,780.2766586,736.283891,634.7213981,564.9289096,615.4246748,576.4535358,939.9431327,831.3275203,950.4358705,609.7090701,656.7615843,622.8642122,676.7324114,616.2828494,534.2309864,1,1,1,1,0,1,1,1,0,1,1,1,0,1,1,0,0,0,1,0,0,0,0,ENSMUSG00000050244,ENSG00000119285
Synpo2,-0.574831754,0.927970844,-0.924432563,-0.759138037,-0.879225245,-0.156531539,0.618686145,127.4466154,245.0038791,20.03371778,19.47024337,147.1599698,117.8116573,37.10059564,203.8837265,0,2230.839121,2405.054799,1627.401273,1156.773067,853.9768414,912.2014292,1120.753053,1023.320687,1789.471869,2269.189279,1461.225221,934.0028063,814.6933444,1512.349372,2459.403501,3124.769155,2466.985846,797.0508015,1735.876154,1840.916634,2654.352779,3334.653979,2665.604598,2449.353124,2468.693726,2847.543994,1,1,1,0,1,1,1,0,1,1,1,0,1,1,1,0,0,0,1,0,0,0,0,ENSMUSG00000050315,ENSG00000172403
Lgals3,-2.77645076,0.164420611,1.86694148,1.904368811,4.680854292,4.15574403,4.17358E-14,7838.932351,12348.10182,42001.52407,335.4872704,2542.315341,9611.382335,1187.21906,390.291705,4085.583563,77.29865283,97.73807602,110.2831001,56.5614591,258.780861,247.211985,391.0765949,353.978854,100.645212,81.10544431,159.2159381,472.8243633,344.2366244,456.0315031,5.120201598,7.146867191,3.529307362,117.9844936,158.0504523,140.5504958,5.526064079,7.626908721,3.81345436,114.0560244,77.18378654,118.9993192,1,1,1,1,0,1,1,1,0,0,1,1,0,0,1,1,1,0,1,1,0,0,0,ENSMUSG00000050335,ENSG00000131981
Fam171a1,-0.895673654,0.845198765,-0.931453116,-0.280362786,-0.955344711,-0.37753044,0.043902083,568.6822459,452.9995241,152.7570981,307.0307609,95.4002563,367.7772605,226.6614515,263.3012696,0,2088.609599,2501.047552,2159.95256,2293.475938,1219.798877,1361.28521,1246.947098,911.3346496,1811.613815,1733.188082,1837.268127,1378.876961,1547.152384,1503.042607,1434.509814,1606.456925,1436.428096,748.5460652,763.4640493,797.1080568,1548.218953,1714.359594,1552.075925,1197.588256,1313.311814,1197.588894,1,1,1,0,1,1,1,0,1,1,1,0,1,1,1,1,0,1,1,0,0,0,0,ENSMUSG00000050530,ENSG00000148468
Vstm4,1.221447776,0.599537883,0.827341723,-0.904391721,-1.53806392,-0.266856871,0.439278484,117.7915688,14.0537598,25.87688547,38.94048674,217.1878175,153.6673791,58.54937749,131.6506348,132.7445923,437.510375,669.3312885,629.7745454,684.2111987,1035.123444,1013.677091,1135.746405,1109.562808,788.0520097,1150.463096,789.7948507,470.4951792,341.3679858,645.8895166,349.8804425,410.5478153,341.1663783,117.9844936,107.152849,154.3106842,377.6143787,438.1235343,368.6339215,352.6232088,317.0472462,315.6435844,1,1,1,1,0,1,1,0,1,1,1,0,1,1,1,0,0,0,1,1,0,0,0,ENSMUSG00000050666,ENSG00000165633
2310061I04Rik,#N/A,#N/A,-0.771147691,0.431103776,1.053311791,0.145060794,0.902860638,#N/A,#N/A,#N/A,#N/A,#N/A,#N/A,#N/A,#N/A,#N/A,320.7894092,304.5588262,360.5967155,383.1582713,222.3162852,221.3033053,189.9157905,167.3354583,253.6259342,261.8295322,303.7672503,383.1507771,382.4851382,338.7662594,52.90874985,44.46939586,48.23386728,119.2954325,77.68581554,106.1500248,57.10266215,47.45632093,52.11720959,66.5326809,67.68424358,39.66643975,1,1,1,0,1,1,1,1,0,1,1,1,0,1,1,0,0,0,0,0,0,0,0,ENSMUSG00000050705,#N/A
Plekho2,1.992903285,0.026327469,2.608672854,0.99582851,1.928736829,0.943837555,0.005312698,196.9629511,207.0587277,233.7267075,856.6907084,1342.707863,496.3456344,694.4767746,1278.059702,405.6084765,277.5021637,287.1055983,306.1807122,212.5616124,1563.271656,1443.329362,1565.555825,2044.066983,340.1808165,406.4088025,450.413509,803.5684992,850.0732197,733.373111,91.31026183,119.9085495,136.4665513,351.3316033,481.2948802,484.5552059,98.54814275,127.9625796,147.4535686,307.9512659,218.489488,190.7364975,1,1,1,1,0,1,1,1,0,1,1,1,0,1,1,1,1,0,1,1,1,1,0,ENSMUSG00000050721,ENSG00000241839
Zfp366,#N/A,#N/A,-2.3495979,-0.619723397,-0.695400204,-0.084013377,0.83533805,#N/A,#N/A,#N/A,#N/A,#N/A,#N/A,#N/A,#N/A,#N/A,3471.482499,4009.00644,5801.471504,6626.81353,1018.655571,1155.095301,1020.797374,710.5320997,5233.551023,3969.758867,4577.458219,2885.859045,3216.700012,2864.62238,6000.022906,6968.989608,5263.373712,2730.685558,5012.967453,3512.779525,6475.62609,7437.083437,5687.131603,5409.106957,6663.929386,6422.587372,1,1,1,0,1,1,1,0,1,1,1,0,1,1,1,0,0,0,0,0,0,0,0,ENSMUSG00000050919,#N/A
Prkca,1.505916553,0.630476562,0.648157131,-0.514862961,-1.438855918,-1.01613662,1.63813E-06,42.48220513,11.7114665,0.834738241,14.97711029,134.9812137,11.78116573,28.98484034,47.76704449,73.74699572,320.7894092,205.9480888,309.082899,228.0703996,501.0938491,385.3916097,367.337121,415.764254,297.9098274,277.6979887,313.1945097,196.8160527,197.936059,226.1543985,1008.679715,861.5945447,1236.434012,418.189483,311.6362026,416.7371345,1088.634624,919.466218,1335.980178,486.6390374,503.4757768,659.98204,1,1,1,1,0,1,1,0,1,1,1,0,1,1,1,1,0,1,0,1,0,0,0,ENSMUSG00000050965,ENSG00000154229
Gimap9,#N/A,#N/A,2.551642132,1.11853383,0.707491145,0.705077628,0.046803323,#N/A,#N/A,#N/A,#N/A,#N/A,#N/A,#N/A,#N/A,#N/A,270.5452849,301.0681806,300.3763385,361.2635129,1746.770812,1498.385306,1726.734358,2255.167099,208.3355888,204.5267726,202.1623424,427.4052742,577.5525587,330.3901706,93.87036263,135.7904766,116.4671429,184.8423734,205.376294,174.9509669,101.3111748,144.9112657,125.8439939,188.1924403,180.4913162,237.1546717,1,1,1,1,0,1,1,1,0,1,1,1,0,1,1,1,1,0,0,0,0,0,0,ENSMUSG00000051124,#N/A
Plcb1,0.795828948,0.856680746,-0.866441428,-0.921585988,-0.943055814,-0.38168509,0.11389459,85.92991492,278.264444,83.4738241,286.0628065,120.7726649,395.4373888,347.2383873,399.6121039,3.687349786,1551.383962,1545.483327,1734.05664,1851.019363,943.3738662,753.5107664,965.8217502,1004.01275,1845.833188,1325.897698,1555.497816,660.3236797,1007.848339,825.5100882,2864.752794,2626.076645,3809.299079,1563.95001,1710.873823,1559.815643,3091.832852,2802.465238,4115.988406,2422.740052,2822.551702,2435.688194,1,1,1,0,1,1,1,0,1,1,1,0,1,1,1,0,0,0,1,0,0,0,0,ENSMUSG00000051177,ENSG00000182621
Islr2,0.232038388,0.979427227,-1.755752209,-1.129082508,-1.85401096,-1.087523332,3.19846E-05,1.931009324,22.01755702,0,5.990844114,29.43199397,1.536673791,7.536058489,11.65049866,0,1525.10242,1549.846634,1358.223444,2026.17743,366.998312,590.5019903,503.526734,450.5185415,843.4068763,355.2771093,1073.660109,277.1729026,362.4046685,398.3295578,630.6381635,615.4246748,592.9236368,120.6063713,205.376294,179.8653199,680.6268924,656.7615843,640.6603325,242.3690519,442.9161904,248.9702069,1,1,1,0,1,1,1,0,1,1,1,0,1,1,1,1,0,1,0,0,0,0,0,ENSMUSG00000051243,ENSG00000167178
Pcmtd1,-1.345135904,0.407135731,-0.792928417,-0.946828694,-0.790561956,-0.08637396,0.804156126,997.3663159,1312.621165,2088.515079,347.4689586,509.4779645,1037.767033,504.336222,929.7097927,129.0572425,4236.739162,4687.064342,4655.1077,4300.495454,2356.082112,2884.499667,2697.553892,2380.025095,5038.299311,4084.364386,3864.128918,2332.677832,1766.125126,2638.467982,4585.993898,5561.056771,5352.782832,2257.436645,3805.712021,2893.571047,4949.511394,5934.582419,5783.739113,4903.458582,5556.045188,5240.189881,1,1,1,0,1,1,1,0,1,1,1,0,1,1,1,0,0,0,1,1,0,0,0,ENSMUSG00000051285,ENSG00000168300
Rab11fip5,0.014710716,0.99624411,-1.390804207,-0.336973023,-0.850524799,-0.214194205,0.506033531,892.1263077,948.1603276,357.2679671,600.5821225,172.5323784,697.1376763,837.6618859,526.6025392,1611.371857,2161.270333,2665.980556,2441.464684,2315.370697,909.2618436,1056.858224,783.4026357,903.6114746,1782.426704,1470.476969,1607.87148,1276.392862,1265.069595,1305.739181,749.2561672,831.4188832,931.7371435,338.2222151,590.23361,460.9663115,808.6473769,887.2637145,1006.751951,684.3361464,777.7750797,865.0659732,1,1,1,0,1,1,1,0,1,1,1,0,1,1,1,0,0,0,1,1,0,0,0,ENSMUSG00000051343,ENSG00000135631
Cd14,4.562682422,NA,8.18562469,1.804095764,2.327971654,1.871825305,1.45214E-07,165.1012972,0,255.4299017,62.9038632,18753.25464,173.6441383,95.07027632,652.4279247,132.7445923,112.8560331,157.0790507,203.8786259,96.70184942,36824.51653,36415.72877,43750.60078,49461.78707,306.9678965,818.9886713,1490.554473,2990.672327,3581.973319,2564.013859,32.42794345,51.61626305,36.46950941,237.2799261,180.3739625,191.6597671,34.99840583,55.08322965,39.40569506,189.1429071,146.055473,140.9424561,1,1,1,1,0,1,1,1,0,1,1,1,0,1,1,1,1,0,0,1,0,0,0,ENSMUSG00000051439,ENSG00000170458
Spn,5.180000903,NA,1.682957729,2.072139581,3.655572107,3.471997808,7.69713E-27,0,0,1.669476482,8.986266172,101.4896344,3.585572178,0,2.330099731,0,27.05452849,29.67048736,21.04085463,11.85966078,39.9934058,120.9071717,62.4722995,64.35979164,11.07097332,30.85533207,15.71209915,129.2697151,46.85442943,68.87006373,48.64191518,41.29301044,17.64653681,322.4909493,474.1513569,581.8593954,52.49760875,44.06658372,19.0672718,490.4409049,298.0481603,517.3516503,1,1,1,1,0,1,1,1,0,1,1,1,0,1,1,1,1,0,0,0,0,0,0,ENSMUSG00000051457,ENSG00000197471
Treml4,NA,NA,3.46408365,3.119556484,2.971886844,2.084412973,0.047378127,0,0,0,0,0,0,0,0,0,9.27583834,13.0899209,8.706560536,8.210534385,74.10542839,168.4064177,93.70844925,95.25249163,3.019356359,13.22371375,2.094946553,75.6984818,35.37987528,53.0485626,3.413467732,8.7350599,3.529307362,26.21877636,62.5058286,36.36621221,3.684042719,9.321777325,3.81345436,19.95980427,21.37397166,31.22677172,1,0,1,1,0,0,1,1,0,0,1,1,0,0,1,1,1,0,0,0,0,0,0,ENSMUSG00000051682,ENSG00000188056
Nlgn2,0.724086081,0.899947864,0.652445899,-0.490561335,-1.143226913,-0.719997315,0.001378493,64.68881236,3.279210619,8.34738241,34.44735366,88.2959819,78.37036332,28.98484034,18.64079785,0,720.4234444,498.2896554,699.4270297,503.5794423,1216.270047,795.6123708,887.1066529,910.0474538,693.4455105,736.1200652,762.5605455,525.2310045,535.4791935,499.7733003,609.3039902,508.2216669,704.6850366,243.8346202,259.8456589,319.4329451,657.6016254,542.3579535,761.4197206,355.4746094,416.7924473,416.9196007,1,1,1,1,0,1,1,0,1,1,1,0,1,1,1,1,0,1,0,0,0,0,0,ENSMUSG00000051790,ENSG00000169992
Babam2,-0.017684208,0.99624411,0.30319851,0.601195471,0.864191958,0.461472855,0.398692176,677.7842727,688.6342301,418.2038587,664.9836967,538.9099585,1021.888071,587.2328653,660.5832738,47.93554722,734.3372019,802.8484816,820.5933305,875.7903344,1039.828551,972.655015,1013.300698,962.8224829,546.503501,557.1591392,614.8668134,873.4440208,986.8116566,746.4025826,97.28383036,120.7026459,125.8786292,238.5908649,203.5904131,183.7968023,104.9952175,128.8100139,136.0132055,183.4401059,219.6769309,107.183784,1,1,1,1,0,1,1,1,0,1,1,1,0,1,1,0,0,0,1,1,0,0,0,ENSMUSG00000052139,ENSG00000158019
Cd177,1.137008408,NA,4.170061912,2.653511529,5.601941909,4.10582076,0.209020676,0,0,0,0,0,0,0,1.165049866,0,6.956878755,2.617984179,7.981013825,4.561407992,62.34266198,167.3268894,103.7040172,70.7957708,5.032260599,9.697390081,4.189893107,36.10235286,41.11715236,43.74179723,0,0,1.176435787,17.04220464,20.5376294,10.8115766,0,0,1.271151453,11.40560244,7.124657219,0,1,0,1,1,0,0,1,1,0,0,1,1,0,0,0,0,0,0,0,0,0,0,0,ENSMUSG00000052212,ENSG00000204936
Tbc1d30,-0.925301514,0.787068441,-1.086139281,-0.780699417,-1.159487714,-0.642576975,0.05512915,11.58605594,64.64729507,33.38952964,23.96337646,7.104274406,2.561122984,38.83968606,18.64079785,25.8114485,366.3956144,342.0832661,321.4171931,372.2108921,204.6721356,125.225285,157.4301947,173.7714374,378.425997,323.5401963,320.5268227,187.4993165,180.7242278,226.1543985,407.056027,388.3131174,661.1569125,229.4142932,159.8363331,262.4264503,439.3220943,414.3953738,714.3871168,261.3783893,406.1054615,335.8987876,1,1,1,0,1,1,1,0,1,1,1,0,1,1,1,0,0,0,1,0,0,0,0,ENSMUSG00000052302,ENSG00000111490
Slc39a1,-0.766688838,0.840163799,1.178085326,0.709410501,0.621559892,0.486462657,0.084400381,19.31009324,27.17060227,19.19897954,26.95879851,8.119170749,5.634470565,7.536058489,27.96119677,0,1661.921036,2143.256381,1607.085966,1719.650813,3744.088549,4057.94695,3917.013179,4416.368902,1670.710519,2063.780925,1910.591257,3020.95172,3430.89169,2779.930816,526.5273977,575.7198571,574.1006642,802.2945568,959.0179987,815.7825983,568.2635895,614.3898692,620.3219093,675.7819446,746.9015651,1100.532711,1,1,1,1,0,1,1,1,0,1,1,1,0,1,1,0,0,0,1,0,0,0,0,ENSMUSG00000052310,ENSG00000143570
Epha3,-1.265454945,0.72908474,-0.705282243,-0.901732747,-1.724528744,-0.679917772,0.026027846,147.7222133,498.9084728,410.6912146,61.40615217,2.029792687,433.3420089,202.8938824,64.0777426,114.3078434,190.9276725,212.0567185,224.1939338,236.280934,103.5123444,114.4300018,182.4191145,130.0067791,140.9032968,192.1846398,156.0735182,57.06500936,70.75975057,133.0867448,332.8131039,382.7544429,323.5198415,87.83290082,145.5492866,79.61251862,359.1941651,408.4633337,349.5666497,304.1493984,178.1164305,214.367568,1,1,1,0,1,1,1,0,1,1,1,0,1,1,1,1,0,1,1,0,0,0,0,ENSMUSG00000052504,ENSG00000044524
St6galnac3,-0.551989111,0.822968298,-3.366729085,-0.625982117,-1.292249439,-0.500473202,0.05332912,2684.10296,1306.531202,2603.548574,2206.128345,475.9863852,1592.506272,1920.535521,1710.293203,1087.768187,1587.714329,1868.368043,1618.694713,2336.353173,145.8583035,248.2915133,214.9047103,108.12445,962.1682264,839.2650324,1002.431926,549.6874371,627.2756267,637.5134278,673.3065101,818.7133416,654.0982977,235.9689873,325.9232491,312.5528509,726.6774264,873.7047656,706.7602081,504.697908,668.5303357,461.6498413,1,1,1,0,1,1,1,0,1,1,1,0,1,1,1,0,0,0,1,1,0,0,0,ENSMUSG00000052544,ENSG00000184005
Trim30b,#N/A,#N/A,7.035342896,3.182395699,3.017712947,2.48464717,0.001696099,#N/A,#N/A,#N/A,#N/A,#N/A,#N/A,#N/A,#N/A,#N/A,1.545973057,0,1.451093423,5.47368959,279.9538406,209.4284938,311.1120515,271.5983207,4.025808479,2.644742749,3.14241983,34.93776083,32.51123675,21.40556035,5.120201598,6.352770837,5.882178937,35.39534809,31.2529143,73.71529502,5.526064079,6.779474418,6.355757267,40.87007541,29.68607175,33.75867213,1,0,1,1,0,0,1,1,0,0,1,1,0,0,1,1,1,0,0,0,0,0,0,ENSMUSG00000052749,#N/A
A630001G21Rik,#N/A,#N/A,2.282305828,2.073247659,2.173412146,1.432885072,0.0928988,#N/A,#N/A,#N/A,#N/A,#N/A,#N/A,#N/A,#N/A,#N/A,18.55167668,21.81653483,18.13866778,22.80703996,70.57659847,76.64651062,99.9556792,148.0275208,9.058069077,18.51319924,15.71209915,52.40664125,75.5408148,54.90991567,12.800504,24.61698699,10.58792209,69.47975737,57.14818614,93.37270703,13.8151602,26.27046337,11.44036308,62.73081342,18.99908592,58.23370942,1,1,1,1,0,0,1,1,0,1,1,1,0,1,1,0,0,0,0,0,0,0,0,ENSMUSG00000052760,#N/A
Junb,-0.257934675,0.944153937,2.836687342,1.126467637,1.177275422,0.658708451,0.013302866,8385.40799,10038.60062,19481.12107,5060.765566,12270.09679,21574.38779,4317.002121,11903.31448,8270.72557,1590.806275,2097.877989,1969.133775,2698.528968,14830.49589,11802.48311,12525.69605,20530.77353,1262.090958,2095.517838,3164.416769,5060.152361,5651.217917,3527.264075,167.2599189,206.4650522,192.9354691,363.1300527,524.1560198,392.1653695,180.5180933,220.3329186,208.4688384,334.5643382,292.110946,334.210854,1,1,1,1,0,1,1,1,0,1,1,1,0,1,1,1,1,0,1,1,0,0,0,ENSMUSG00000052837,ENSG00000171223
Lamb2,0.92960804,0.745697646,-0.502596874,-0.329982965,-1.12101394,-0.261188919,0.326369865,6205.298463,1598.849406,362.2763966,6947.881462,2967.556909,3901.10253,3017.32188,7959.620681,6316.430184,12830.80338,13877.06147,12686.90979,12646.04752,9556.071432,9320.647503,8351.296997,9503.366834,17156.98928,16471.45784,17400.62607,13466.17762,12152.50905,14976.44683,6510.336332,9069.374465,6305.69582,2220.730358,4008.409494,3830.246729,7026.390477,9678.547166,6813.37179,6776.828783,6565.371627,6285.020783,1,1,1,0,1,1,1,0,1,1,1,0,1,1,1,0,0,0,1,1,0,0,0,ENSMUSG00000052911,ENSG00000172037
Gpr141,5.14548498,0.518988614,5.544773972,2.445430701,5.064501429,4.84751863,2.33507E-31,0,0,0,0,23.3426159,0,0,4.660199462,0,6.956878755,6.108629751,4.353280268,1.824563197,151.7396867,231.0190602,297.3681456,229.1208582,7.045164838,10.578971,13.6171526,79.19225789,44.94200374,46.53382684,10.2404032,10.32325261,4.705743149,267.4315189,191.0892474,413.7885227,11.05212816,11.01664593,5.084605814,369.7316124,205.4276165,232.0908709,1,0,1,1,0,0,1,1,0,0,1,1,0,0,1,1,1,0,0,0,0,0,0,ENSMUSG00000053101,ENSG00000187037
Mapk11,-0.078568632,0.989497508,1.443634371,1.683863156,1.103857054,0.181536104,0.832808865,108.1365221,15.45913578,181.9729365,68.89470731,12.17875612,107.5671653,107.8236061,253.9808707,25.8114485,206.3874031,233.0005919,267.0011898,158.7369981,645.775876,614.2516133,568.4979254,527.7502915,214.3743015,194.8293825,194.8300295,619.5629588,843.3797297,477.4370634,97.28383036,75.43915368,70.58614724,133.7157595,229.485685,159.2250372,104.9952175,80.50625872,76.26908721,95.046687,84.30844376,117.3113856,1,1,1,1,0,1,1,1,0,1,1,1,0,1,1,0,0,0,1,1,0,0,0,ENSMUSG00000053137,ENSG00000185386
Bcl3,1.284914349,0.702893795,3.590198113,0.633427772,2.001747152,1.082800658,0.058231451,28.96513986,212.2117729,118.5328302,35.94506469,101.4896344,1002.935761,404.6283712,88.54378978,117.9951932,119.8129119,110.8279969,264.0990029,285.5441403,2507.821799,2039.228994,2521.382008,2328.537262,345.2130771,605.6460896,620.1041798,855.9751404,860.591561,721.2743161,29.86784266,34.14614325,28.2344589,115.362616,131.26224,123.8416956,32.2353738,36.439675,30.50763488,71.28501525,49.87260053,88.61651433,1,1,1,1,0,1,1,1,0,1,1,1,0,1,1,0,0,0,1,1,0,0,0,ENSMUSG00000053175,ENSG00000069399
Sec61b,0.204542254,0.959807152,0.464491091,0.964612712,1.128929678,0.056317409,0.968567042,735.7145525,1393.196055,3434.947862,1072.361096,806.8425932,1542.308261,1857.348569,2862.52752,4686.621578,739.7481076,887.4966367,634.8533724,769.965669,993.9537617,1020.154261,1144.492527,1023.320687,484.1034696,593.3039567,434.7014098,1024.840984,966.7311868,963.2502157,36.69477812,37.32252866,37.64594519,111.4297996,87.50816003,46.19491821,39.60345923,39.82941221,40.67684651,34.21680732,45.12282905,45.57420737,1,1,1,1,0,1,1,1,0,1,1,1,0,1,1,0,0,0,1,1,0,0,0,ENSMUSG00000053317,ENSG00000106803
Slamf8,7.317964712,NA,5.861397533,2.154881693,6.477201786,6.799115209,7.92593E-11,0,0,0,2.995422057,119.7577686,0,0.579696807,3.495149597,0,0.772986528,7.853952537,1.451093423,2.736844795,156.4447933,141.4182097,227.3991702,191.7921791,2.012904239,2.644742749,4.189893107,11.64592028,18.16804406,9.306765369,2.560100799,0,0,78.65632909,65.18464982,99.26993063,2.76303204,0,0,153.0251661,54.62237201,118.1553524,1,0,1,1,0,0,0,1,0,0,1,1,0,0,1,1,1,0,0,0,0,0,0,ENSMUSG00000053318,ENSG00000158714
Tarm1,NA,NA,6.867100334,3.719261545,7.548692467,6.988884633,2.29399E-05,0,0,0,0,0,0,0,0,0,0,0,0,0,4.705106564,24.82915133,17.49224386,23.16952499,1.00645212,6.171066415,2.094946553,60.55878544,23.90532114,41.88044416,0,0,0,31.46253164,45.53996083,18.67454141,0,0,0,24.71213862,28.49862888,16.87933606,1,0,0,1,0,0,1,1,0,0,1,1,0,0,1,1,1,0,0,0,0,0,0,ENSMUSG00000053338,ENSG00000248385
Cbx7,-2.130024706,0.274579508,-0.513942612,-0.734701115,-0.609754599,0.173019396,0.637759481,231.7211189,484.3862543,355.5984907,32.94964263,70.02784771,245.3555819,85.79512741,47.76704449,3.687349786,936.8596723,1113.515938,970.7814998,1054.597528,618.7215132,782.658031,735.9236881,715.680883,1481.49752,1262.423872,1243.350779,838.50626,620.5821367,937.1912726,412.1762286,439.9293804,384.6945024,262.1877636,250.0233144,298.7926625,444.8481584,469.4786035,415.6665253,470.4811007,527.2246342,503.8481815,1,1,1,0,1,1,1,0,1,1,1,0,1,1,1,0,0,0,1,0,0,0,0,ENSMUSG00000053411,ENSG00000100307
Tll1,4.912074242,0.049586574,2.221489094,2.044723303,1.503412047,-0.648118045,0.39030973,8.689541958,0,0,44.93133086,56.83419524,172.1074645,67.8245264,164.272031,0,38.64932642,30.54314876,61.67147046,31.92985594,138.8006437,166.2473611,264.8825499,194.3665708,31.20001571,29.97375116,14.66462587,100.1549144,120.4828185,93.99833022,39.25487892,92.90927348,68.23327566,171.7329852,158.9433927,237.8546853,42.36649127,99.14981337,73.7267843,54.17661159,42.74794331,40.51040655,1,1,1,1,0,1,1,1,0,1,1,1,0,1,1,0,0,0,0,0,1,1,0,ENSMUSG00000053626,ENSG00000038295
Nebl,-1.511304851,0.764971976,-1.435997651,-0.781764334,-1.237792042,-0.317729818,0.155792854,667.1637215,2020.930659,952.436333,109.3329051,30.44689031,1654.485448,656.2167854,101.3593383,0,6753.583298,8208.253063,6102.573389,7272.708902,2002.022843,3216.994389,2988.674808,2264.17747,5696.518998,3632.994957,4652.876295,2133.532595,3210.006522,2787.376228,5051.078876,5794.521099,4315.166468,1506.268702,2753.82822,2165.263932,5451.462214,6183.728104,4662.583531,4038.533731,4834.079923,4208.862447,1,1,1,0,1,1,1,0,1,1,1,0,1,1,1,0,0,0,1,0,0,0,0,ENSMUSG00000053702,ENSG00000078114
Grwd1,0.026959093,0.99422303,1.662979501,1.473267187,0.982228902,0.310320979,0.649511188,676.8187681,497.0346382,1214.544141,964.5259024,940.8089106,531.6891315,447.5259349,542.9132373,1445.441116,210.2523357,213.8020413,185.7399581,167.8598141,611.6638534,519.2531212,658.4580367,675.7778122,136.8774883,182.4872497,164.4533044,501.939164,460.8945915,383.4387332,74.24292317,87.350599,91.76199141,220.2377215,142.8704654,138.5847546,80.12792915,93.21777325,99.14981337,100.7494882,90.24565811,145.1622901,1,1,1,1,0,1,1,1,0,1,1,1,0,1,1,0,0,0,1,1,0,0,0,ENSMUSG00000053801,ENSG00000105447
Pde5a,-1.419310155,0.636568755,0.644312665,-0.790769745,-1.385297881,-0.375722051,0.116142626,32.82715851,118.0515823,24.20740899,17.97253234,15.22344515,6.658919759,27.82544673,61.74764287,0,870.3828309,693.7658075,1003.431102,720.7024627,1150.398555,1073.051149,1299.42383,1620.579554,1260.078054,1287.108138,1214.021528,690.6030725,439.8579089,1043.288398,1767.322918,2290.173887,1664.656639,437.8535653,986.6991514,762.7075858,1907.413118,2444.000528,1798.679307,1785.927249,1490.240802,1465.970337,1,1,1,1,0,1,1,0,1,1,1,0,1,1,1,0,0,0,1,0,0,0,0,ENSMUSG00000053965,ENSG00000138735
Utp18,-0.320958545,0.888448754,0.993960547,0.795787075,0.599052625,0.189253506,0.684246268,363.9952576,433.3242604,589.3251981,452.3087306,418.1372936,457.9287896,409.8456424,227.1847238,250.7397855,450.651146,533.1961112,446.2112275,593.8953205,1068.05919,931.6329389,958.3250743,1069.659737,398.5550394,436.3825536,392.8024788,716.2240971,748.714658,668.2257535,263.6903823,253.3167371,207.0526986,361.8191138,415.21729,321.3986863,284.5923001,270.3315424,223.7226558,279.4372598,287.3611745,322.3953188,1,1,1,1,0,1,1,1,0,1,1,1,0,1,1,0,0,0,1,1,0,0,0,ENSMUSG00000054079,ENSG00000011260
Lifr,-0.859659406,0.860671354,-1.002752185,-0.677614597,-1.309199425,-0.543738801,0.005203416,1231.018444,3264.219942,893.1699178,293.5513616,357.243513,3066.176437,1387.214459,813.2048061,18.43674893,1623.271709,1663.292615,1856.674034,2109.195055,888.088864,830.157277,1010.801806,890.7395163,2031.020378,1374.384649,1689.574395,981.7510794,948.5631428,1253.621295,4240.38029,5245.006422,3650.480248,1297.82943,1897.498368,2103.343085,4576.502068,5597.303567,3944.38296,3509.123684,3255.968349,2923.501006,1,1,1,0,1,1,1,0,1,1,1,0,1,1,1,1,0,1,1,1,0,0,0,ENSMUSG00000054263,ENSG00000113594
Taf4b,1.795316908,0.724346463,2.2907841,0.857471244,1.363067926,0.304771354,0.692744097,5.793027972,17.33297042,1.669476482,19.47024337,110.6237015,8.707818147,0,33.7864461,0,92.7583834,117.8092881,102.3020863,118.5966078,545.7923615,464.197177,541.0101137,556.0685998,68.43874414,96.97390081,101.6049078,189.8285005,175.9431636,119.1265967,60.58905224,74.64505733,87.05624826,204.5064556,227.6998042,137.601884,65.39175827,79.65882441,94.06520755,117.8578919,108.0573012,69.20527786,1,1,1,1,0,1,1,1,0,1,1,1,0,1,1,0,0,0,0,0,0,0,0,ENSMUSG00000054321,ENSG00000141384
Cklf,-1.523211889,NA,1.080311095,1.439164625,1.102718115,0.543377381,0.370334593,1.931009324,0,4.173691205,1.497711029,0,0,0,2.330099731,0,47.15217823,47.12371522,40.63061583,57.47374069,98.80723785,76.64651062,102.4545712,128.7195833,57.36777082,44.07904582,32.47167158,137.4218593,151.0816296,75.38479949,64.85588691,56.38084117,62.35109673,137.6485759,115.1893127,141.5333664,69.99681167,60.16783546,67.37102703,110.2541569,111.6196298,66.67337745,1,1,1,1,0,1,1,1,0,1,1,1,0,1,1,0,0,0,0,0,0,0,0,ENSMUSG00000054400,ENSG00000217555
Gimap4,-0.922600215,0.512007497,3.462825722,1.373598741,2.251877611,1.627372066,2.1774E-10,5693.580992,8614.017838,3026.760862,2686.893585,1906.99023,3955.398337,3101.377917,4479.616733,2157.099625,229.5769989,308.0494717,322.8682865,346.6670074,3050.08533,3061.542312,4251.864704,2939.955282,141.9097489,160.4477268,162.3583579,368.0110808,532.610555,303.400551,135.6853423,166.7602345,164.7010102,682.9991243,786.6804999,751.8960092,146.4406981,177.9612035,177.9612035,638.7137366,356.2328609,553.6422229,1,1,1,1,0,1,1,1,0,1,1,1,0,1,1,1,1,0,1,1,0,0,0,ENSMUSG00000054435,ENSG00000133574
Gm9946,#N/A,#N/A,-5.560132185,-1.521612502,-1.673071351,-0.471507403,0.466096276,#N/A,#N/A,#N/A,#N/A,#N/A,#N/A,#N/A,#N/A,#N/A,251.2206217,358.6638325,153.0903561,248.1405947,1.176276641,8.636226549,3.74833797,7.723174997,107.6903768,59.0659214,101.6049078,26.78561664,42.0733652,24.19758996,155.3127818,173.9071016,201.1705196,39.32816455,83.9363984,41.28056521,167.6239437,185.5881122,217.3668985,70.33454838,218.489488,124.0631201,1,1,0,0,1,1,1,0,1,1,1,0,1,1,1,0,0,0,0,0,0,0,0,ENSMUSG00000054488,#N/A
Sh3bp2,1.371655437,0.348698557,1.969030993,1.165416188,2.532412678,1.816587797,0.000135301,251.9967168,368.2085067,65.94432104,913.6037274,597.7739464,622.8651098,548.3931793,620.9715783,247.0524357,41.74127253,58.46831333,44.9838961,55.6491775,199.967029,174.8835876,196.1630204,212.3873124,54.34841446,63.47382598,127.7917398,185.1701324,186.4615049,177.7592185,26.45437492,22.23469793,25.88158732,116.6735548,133.0481209,179.8653199,28.55133108,23.72816046,27.96533198,117.8578919,59.37214349,103.8079168,1,1,1,1,0,1,1,1,0,1,1,1,0,1,1,1,1,0,1,1,0,0,0,ENSMUSG00000054520,ENSG00000087266
Phactr1,1.709667662,0.539965812,0.689790989,-0.831007893,-1.516536087,-0.953993051,0.000178626,377.5123228,391.162981,10.01685889,948.0510811,2413.423505,269.4301379,446.9462381,867.9621498,147.4939914,1885.314143,1148.422393,1917.619958,1492.492695,2941.867879,2545.527775,2650.074945,2259.028687,1754.246045,1536.595537,1578.542228,942.1549505,837.6424527,957.6661564,1977.251184,1600.898251,3010.49918,707.9069619,744.7123007,848.2173281,2133.981745,1708.427553,3252.876569,1016.049084,1136.382826,1506.480744,1,1,1,1,0,1,1,0,1,1,1,0,1,1,1,1,0,1,1,1,0,0,0,ENSMUSG00000054728,ENSG00000112137
Set,-0.142748507,0.95432373,0.341709853,0.620383167,0.456620265,0.083169262,0.861210845,3750.020107,4619.939304,3879.028606,4577.004903,4600.525126,3623.476798,3744.261675,3969.324892,1670.369453,1561.432787,1533.266068,1689.072744,1792.633341,2151.409977,1975.536823,1975.37411,2231.997574,1263.09741,1250.96332,1288.39213,1978.641855,2094.106132,1772.938803,1017.213384,1193.526821,1135.260535,1599.345358,1710.873823,1281.663263,1097.84473,1273.693756,1226.661153,1190.934988,1090.072555,1527.579914,1,1,1,1,0,1,1,1,0,1,1,1,0,1,1,0,0,0,1,1,0,0,0,ENSMUSG00000054766,ENSG00000119335
Usp46,-0.910068457,0.810274417,-1.253122271,-0.477459092,-0.891673078,-0.320917445,0.238040752,293.5134173,294.1920384,292.1583843,259.1040079,172.5323784,135.7395182,157.0978347,209.7089758,0,2056.917152,2281.136881,2027.903058,2568.984981,923.3771633,964.0187885,1027.044604,832.8157038,1355.691005,1096.68666,1454.940381,810.5560513,1039.403363,953.9434503,941.2637271,1178.43899,924.6785288,490.291118,597.3771333,552.3732774,1015.87478,1257.592505,999.1250424,927.6556651,952.3291816,743.5347536,1,1,1,0,1,1,1,0,1,1,1,0,1,1,1,0,0,0,1,0,0,0,0,ENSMUSG00000054814,ENSG00000109189
Atrnl1,-3.11999731,NA,0.580981681,0.586807292,-0.516853752,-0.261164654,0.321441443,2.896513986,0,2.504214723,0,0,0,0,0,0,1162.571739,1296.77483,1301.6308,1295.43987,1716.187619,1794.176065,1922.897379,2131.596299,1134.271539,1146.055191,1186.787223,1902.943373,1976.491952,1329.006095,1283.463867,1392.05091,1151.730636,833.7570884,955.4462371,885.5664109,1385.200063,1485.552332,1244.457273,1194.736856,1245.62757,997.5687613,1,1,1,1,0,1,1,1,0,1,1,0,1,1,1,0,0,0,0,0,0,0,0,ENSMUSG00000054843,ENSG00000107518
Rnd1,0.669408201,0.848311748,5.872448827,1.520224603,1.163262968,0.636216873,0.203916274,259.7207541,121.3307929,505.0166358,133.2962815,320.7072446,975.787857,146.0835953,794.5640083,446.1693241,365.6226279,393.5702883,452.7411479,303.7897722,19690.87097,14789.53796,26045.95111,28319.59552,436.80022,700.8568285,1160.600391,2386.249065,2587.51196,1617.515821,58.02895144,61.93951566,56.46891779,119.2954325,151.7998694,123.8416956,62.62872623,66.09987558,61.01526976,86.49248517,106.8698583,102.1199832,1,1,1,1,0,1,1,1,0,1,1,1,0,1,1,0,0,0,1,1,0,0,0,ENSMUSG00000054855,ENSG00000172602
Miga1,-0.279462235,0.891729557,-0.782834779,-0.616832979,-0.454884253,-0.321624729,0.180624626,306.0649779,329.7948966,510.0250652,311.5238939,305.4837994,383.1439984,233.0381164,341.3596106,313.4247318,635.3949263,636.1701555,671.130708,775.4393586,361.1169288,421.0160442,427.3105286,369.425204,665.2648511,742.2911316,641.0536454,436.7220104,437.9454832,461.6155623,1007.826348,1147.469232,1219.963911,895.3712129,768.8216917,799.073798,1087.713613,1224.542567,1318.184057,1035.058421,1014.076211,855.7823384,1,1,1,0,1,1,1,0,1,1,1,0,1,1,1,0,0,0,1,1,0,0,0,ENSMUSG00000054942,ENSG00000180488
Pdlim1,3.767839681,2.15156E-08,2.20661798,1.897612794,1.9058654,0.530974346,0.389474576,431.5805839,281.5436546,382.3101144,3732.295883,2019.643724,6911.446485,7084.474677,4547.189625,5538.399379,274.4102175,259.1804337,243.0581483,237.1932156,1251.558346,912.2014292,1079.521335,1439.084941,255.6388384,287.3953787,342.5237615,951.4716867,1636.080179,711.0368742,59.73568531,95.29156255,50.58673885,245.145559,289.3126924,241.7861677,64.47074759,101.6921163,54.6595125,110.2541569,124.6815013,86.92858072,1,1,1,1,0,1,1,1,0,1,1,1,0,1,1,0,0,0,1,1,1,1,0,ENSMUSG00000055044,ENSG00000107438
C1ra,#N/A,#N/A,3.835683974,0.611427476,0.837444654,1.14309445,0.005125003,#N/A,#N/A,#N/A,#N/A,#N/A,#N/A,#N/A,#N/A,#N/A,239.6258238,235.6185761,443.3090406,237.1932156,4282.82325,3915.449212,3833.300297,4493.600652,189.2129985,242.434752,240.9188536,273.6791265,371.0105841,381.5773801,88.75016103,170.7307162,92.9384272,226.7924156,164.3010352,241.7861677,95.78511071,182.198375,100.4209648,390.6418836,167.4294446,279.3530118,1,1,1,1,0,1,1,1,0,1,1,1,0,1,1,1,1,0,0,0,0,0,0,ENSMUSG00000055172,#N/A
Tmem245,-0.814641636,0.755813062,-1.140097731,-0.704182982,-0.469607053,-0.314687996,0.134866325,2264.108432,547.1597148,1338.0854,691.9424952,570.3717451,1665.242164,832.4446146,753.787263,199.1168885,1186.534321,1545.483327,1392.324139,1539.019056,655.1860891,663.9099159,660.9569287,588.2484956,1854.891257,1440.503217,1339.718321,949.1425026,901.7087133,993.9625414,2359.55957,2739.632423,2442.280694,2071.283333,1491.210482,1887.111553,2546.59453,2923.648343,2638.910417,2175.618665,2403.384369,1944.499514,1,1,1,0,1,1,1,0,1,1,1,0,1,1,1,0,0,0,1,1,0,0,0,ENSMUSG00000055296,ENSG00000106771
Pprc1,0.471625033,0.943712767,2.235450329,1.061389545,1.422290829,0.380801436,0.252834266,131.308634,251.5623004,15.02528834,190.2093006,83.22150018,396.461838,130.4317815,301.7479152,0,254.3125678,293.2142281,338.8303142,309.2634618,1289.199199,1223.105585,1658.014829,1462.254466,326.0904868,416.1061925,438.8913029,867.6210607,914.1394803,684.0472546,278.1976202,225.5233647,258.8158732,726.2601053,693.8146974,623.1399606,300.2494816,240.6713418,279.6533198,344.0690069,409.6677901,315.6435844,1,1,1,1,0,1,1,1,0,1,1,1,0,1,1,0,0,0,1,0,0,0,0,ENSMUSG00000055491,ENSG00000148840
Epm2a,-1.492700143,0.517154689,-0.889645057,-0.712652476,-1.413177895,-0.442198755,0.115224394,85.92991492,176.1404561,112.6896625,22.46566543,39.5809574,69.15032058,88.11391464,43.10684502,0,541.0905698,510.5069149,393.2463175,483.5092471,250.5469246,288.2340611,293.6198076,207.2385291,360.3098589,317.3691299,274.4379985,177.0179882,153.9502681,249.4213119,302.9452612,321.6090236,344.6956857,77.34539028,125.0116572,159.2250372,326.9587914,343.2108924,372.4473759,257.5765218,246.9881169,261.629709,1,1,1,0,1,1,1,0,1,1,1,0,1,1,1,0,0,0,1,0,0,0,0,ENSMUSG00000055493,ENSG00000112425
Nap1l3,-0.124764491,0.986905982,-0.501574245,-0.763490205,-1.618877964,-0.699285207,0.015015864,213.3765303,11.24300784,54.25798566,88.36495069,245.6049152,96.81044881,41.15847329,37.2815957,0,252.7665948,184.1315539,220.5662002,228.9826812,195.2619224,156.5316062,134.9401669,139.0171499,175.1226688,205.4083535,138.2664725,101.3195064,109.0082644,95.8596833,304.6519951,225.5233647,312.9319194,85.21102319,101.7952066,86.49261283,328.8008127,240.6713418,338.1262866,181.5391722,186.4285306,189.8925307,1,1,1,0,1,1,1,0,1,1,1,0,1,1,1,1,0,1,1,0,0,0,0,ENSMUSG00000055733,ENSG00000186310
Fmnl1,2.838708404,0.470718915,0.636775851,1.371013328,1.057965539,0.835362785,0.002565971,5.793027972,0.46845866,0,0,51.75971353,10.75671653,11.59393614,11.65049866,0,176.2409285,113.4459811,158.8947298,110.3860734,214.0823487,216.985192,202.4102504,238.1312291,118.7613501,149.8687558,144.5513122,411.1009858,317.4626647,342.4889656,187.7407253,152.4665001,212.9348775,275.2971518,404.5020051,466.8635351,202.6223496,162.707386,230.0784131,377.3353474,284.9862888,394.9764639,1,1,1,1,0,1,1,1,0,1,1,1,0,1,1,1,1,0,0,0,0,0,0,ENSMUSG00000055805,ENSG00000184922
S100a9,6.947717526,NA,4.028646179,2.812419758,3.527274942,1.758350408,0.202048952,7.724037296,44.97203135,0,0,12000.13437,8.707818147,4.057877648,1024.078832,0,64.93086838,99.48339881,323.5938333,185.1931645,1680.89932,4610.665449,2532.627022,2166.350587,63.40648354,450.4878483,227.301701,2607.52155,1624.605625,976.2796872,8.53366933,4.764578127,1.176435787,55.05943037,87.50816003,30.46898861,9.210106799,5.084605814,1.271151453,13.30653618,24.93630027,16.03536926,1,1,1,1,0,1,1,1,0,0,1,1,0,0,1,0,0,0,0,0,0,0,0,ENSMUSG00000056071,ENSG00000163220
Fez2,-1.216322898,0.411171631,0.393393869,0.498876238,-0.57736966,-0.030356372,0.951304744,498.2004056,944.881117,824.7213821,161.7527911,158.3238296,564.4715057,464.3371423,418.2529017,180.6801395,2411.717968,2617.984179,1900.206837,1991.510729,2968.922242,2670.75306,2791.262342,3287.498157,1500.62011,1654.72738,1715.761227,2494.556123,2297.779468,2093.091531,1045.374493,1276.112842,1051.733594,563.7036918,968.8403432,725.358503,1128.238083,1361.826924,1136.409399,1132.006042,1333.498343,1089.561143,1,1,1,1,0,1,1,1,0,1,1,0,1,1,1,0,0,0,1,1,0,0,0,ENSMUSG00000056121,ENSG00000171055
Npm3,1.218669312,0.695944541,1.925879421,1.148309037,1.183819967,0.738235677,0.322754007,7.724037296,2.810751959,53.42324742,29.95422057,70.02784771,12.29339032,24.92696269,66.40784234,95.87109444,144.5484808,164.9330033,186.4655048,180.6317565,601.0773636,732.9997283,657.2085907,577.9509289,127.8194192,149.8687558,160.2634113,343.5546482,337.5431345,290.3710795,25.60100799,57.96903388,27.05802311,110.1188607,83.04345799,60.93797722,27.6303204,61.86270407,29.23648343,57.0280122,73.62145793,69.20527786,1,1,1,1,0,1,1,1,0,1,1,1,0,1,1,0,0,0,0,1,0,0,0,ENSMUSG00000056209,ENSG00000107833
Adgrf5,-0.267563255,0.94368435,0.450161684,-0.613055415,-0.777181329,-0.152780136,0.577966631,12405.7694,9634.789258,3168.666363,8023.23798,2674.251866,9927.424912,5991.166499,10777.87631,4487.50469,35487.81151,38740.92988,43468.95457,47324.60791,54434.55412,52340.93053,55292.98284,63384.0972,50816.77398,39508.93035,47323.79517,28574.42999,29457.09292,31963.15498,38919.50571,46074.26459,40416.45147,20288.08915,29237.5478,23648.84951,42004.53408,49168.98565,43670.40818,36003.68504,44438.86196,40854.74501,1,1,1,1,0,1,1,0,1,1,1,0,1,1,1,0,0,0,1,1,0,0,0,ENSMUSG00000056492,ENSG00000069122
Cebpb,0.744807542,0.862757726,4.811923062,1.769972275,1.720904539,1.453421208,6.17031E-05,52.13725175,181.76196,201.1719161,23.96337646,279.0964945,745.2867884,201.154792,66.40784234,140.1192919,78.07163936,56.72299055,78.35904482,110.3860734,2042.016249,1852.470595,1752.972724,3431.66409,124.8000628,195.7109634,327.8591356,823.3665636,801.3063645,585.3955417,79.36312477,88.14469536,45.8809957,205.8173945,243.7727315,259.4778385,85.65399323,94.06520755,49.57490668,222.4092476,148.4303587,260.7857422,1,1,1,1,0,1,1,1,0,1,1,1,0,1,1,1,1,0,1,1,0,0,0,ENSMUSG00000056501,ENSG00000172216
Pign,0.567876391,0.772353665,1.735476351,0.390728679,0.981997679,0.323524813,0.202836109,214.342035,109.6193264,304.679458,449.3133086,369.4222691,200.792042,281.1529513,295.9226658,265.4891846,231.122972,269.6523705,266.2756431,212.5616124,741.0542839,689.8185956,974.5678722,859.8468163,260.671099,270.6453413,239.8713804,342.3900562,337.5431345,332.2515237,545.3014702,547.9264846,495.2794665,1257.190327,800.074606,1085.089143,588.5258244,584.7296686,535.1547619,770.8286316,725.5275935,643.9466708,1,1,1,1,0,1,1,1,0,1,1,1,0,1,1,0,0,0,1,1,0,0,0,ENSMUSG00000056536,ENSG00000197563
Fry,-0.959283714,0.585182584,-0.902913967,-0.701001049,-0.993278338,-0.214102146,0.395136096,3929.603974,3471.27867,6224.643063,2737.81576,812.9319713,3256.723987,3260.794539,2906.799415,1036.14529,4123.110142,4118.961775,5373.398944,6095.86564,2893.640537,3020.520235,2307.726743,2318.239695,7166.945544,6085.553066,7388.876494,4193.695892,4030.437144,4471.90076,9696.80846,11183.25896,10244.40284,4319.543406,6000.559545,5311.432724,10465.44436,11934.41728,11069.18686,9544.588309,10976.72189,8335.860114,1,1,1,0,1,1,1,0,1,1,1,0,1,1,1,0,0,0,1,1,0,0,0,ENSMUSG00000056602,ENSG00000073910
Gulp1,-1.248310331,0.671145844,-1.468404034,-0.955840366,-1.175310981,-0.260824292,0.486696911,260.6862587,223.9232394,232.057231,167.7436352,2.029792687,175.6930367,92.17179229,123.4952857,40.56084765,663.9954278,813.3204183,871.3816003,1070.106315,302.3030968,404.8231195,331.1031873,195.6537666,875.6133442,579.1986621,673.5253169,306.2877033,268.6958096,521.1788606,392.5487892,601.1309404,478.8093654,200.5736392,258.9527185,191.6597671,423.6649127,641.5077668,517.3586415,468.5801669,427.4794331,425.3592688,1,1,1,0,1,1,1,0,1,1,1,0,1,1,1,0,0,0,1,0,0,0,0,ENSMUSG00000056870,ENSG00000144366
Jmjd6,1.02285959,0.40801913,0.852296431,0.550639981,0.64638776,0.198404311,0.724740588,277.099838,195.8157198,321.3742228,357.9529358,750.008398,436.9275811,293.3265843,563.8841349,829.6537019,441.3753077,454.6565858,478.8608295,601.1935733,1012.774188,679.0233124,893.3538828,982.1304204,530.4002671,553.6328155,517.4517987,816.3790115,893.1027977,637.5134278,146.7791125,200.1122814,218.8170564,301.5159282,339.3173552,242.7690383,158.4138369,213.5534442,236.4341703,222.4092476,265.9872028,209.3037672,1,1,1,1,0,1,1,1,0,1,1,1,0,1,1,0,0,0,1,1,0,0,0,ENSMUSG00000056962,ENSG00000070495
Ebf1,-1.020652295,0.599682057,-0.905642061,-0.49854758,-1.031271069,-0.211221627,0.451183722,1638.461411,1495.788501,278.8025725,772.8188907,287.2156653,887.1730018,348.9774777,559.2239355,508.8542705,2197.6007,2186.889451,2061.278207,2581.756923,1199.802174,1198.276434,1145.741973,1274.323874,2093.420409,1559.516641,2104.373813,1216.998669,1310.011598,1545.853728,2732.480919,3426.52577,2482.279511,984.5150525,1775.165532,1465.460065,2949.076197,3656.679014,2682.129567,2631.842763,2830.863802,2564.815115,1,1,1,0,1,1,1,0,1,1,1,0,1,1,1,0,0,0,1,1,0,0,0,ENSMUSG00000057098,ENSG00000164330
Npm1,0.270965027,0.916377562,0.73735668,0.863799748,1.135802269,0.285014089,0.14566642,2254.453386,3392.577615,4359.837833,3837.135655,4349.845729,2707.619219,3241.084847,3464.8583,6556.10792,3558.05699,3786.477784,3719.152442,4390.811333,6161.337046,5612.467728,6557.092555,7433.555934,2274.581791,2247.149756,2464.70462,4335.776119,4411.009856,3966.5434,2925.341846,3401.908783,2825.798761,7780.421886,6709.554229,5628.899928,3157.224611,3630.408551,3053.305791,4056.592601,3888.875399,4047.664788,1,1,1,1,0,1,1,1,0,1,1,1,0,1,1,0,0,0,1,1,0,0,0,ENSMUSG00000057113,ENSG00000181163
Chd6,0.253119879,0.947281648,-0.317558992,-0.547914719,-0.502473761,-0.223054121,0.34539865,446.0631539,519.5206538,68.44853576,290.5559395,404.9436411,524.0057626,371.5856532,588.3501821,283.9259335,814.7278008,699.0017758,740.7831923,724.3515891,646.9521526,572.1500088,574.7451554,597.2588664,1287.252261,1116.08144,1140.698398,755.820226,792.7004489,873.9052681,1944.82324,1768.452582,1918.766769,1321.426329,1317.980043,1335.721146,2098.983339,1887.236191,2073.248021,1641.456284,1676.669332,1871.074403,1,1,1,0,1,1,1,0,1,1,1,0,1,1,1,0,0,0,1,1,0,0,0,ENSMUSG00000057133,ENSG00000124177
Scimp,21.35147061,NA,3.762880826,3.306514642,4.44222417,4.062534032,0.003346679,0,0,0,0,198.9196834,0,0.579696807,0,0,0.772986528,4.363306965,0.725546711,1.824563197,27.05436275,20.51103805,26.23836579,27.03111249,0,0.881580916,3.14241983,17.46888042,7.649702764,13.96014805,3.413467732,0,0,34.08440927,9.822344494,34.40047101,3.684042719,0,0,26.61307236,20.18652879,17.72330287,1,0,1,1,0,0,0,1,0,0,0,1,0,0,1,1,1,0,0,0,0,0,0,ENSMUSG00000057135,ENSG00000161929
5730455P16Rik,#N/A,#N/A,-0.579853615,-0.476543354,-0.660580118,-0.194300179,0.539516554,#N/A,#N/A,#N/A,#N/A,#N/A,#N/A,#N/A,#N/A,#N/A,316.9244766,295.8322122,293.8464181,242.6669052,219.9637319,183.5198142,212.4058183,153.1763041,419.6905339,345.5797192,335.1914486,243.3997338,249.5715527,296.8858153,597.3568531,581.2785315,594.1000726,388.0378902,320.5656067,413.7885227,644.7074759,620.3219093,641.931484,537.0137816,597.2837635,533.3870196,1,1,1,0,1,1,1,0,1,1,1,0,1,1,1,0,0,0,0,0,0,0,0,ENSMUSG00000057181,#N/A
AB124611,#N/A,#N/A,2.685329451,1.752531267,1.927771731,2.032630293,4.45531E-09,#N/A,#N/A,#N/A,#N/A,#N/A,#N/A,#N/A,#N/A,#N/A,48.69815128,72.43089562,49.33717637,53.8246143,351.7067157,267.723023,401.0721628,419.6258415,26.16775511,59.0659214,54.46861039,179.3471723,136.7384369,156.3536582,38.40151199,47.64578127,37.64594519,166.4892299,128.5834188,177.8995787,41.44548059,50.84605814,40.67684651,214.8055126,128.2438299,201.7080659,1,1,1,1,0,1,1,1,0,1,1,1,0,1,1,1,1,0,0,0,0,0,0,ENSMUSG00000057191,#N/A
Fam136a,0.473248555,0.859088621,-0.663271106,0.390085832,0.581667075,0.367359321,0.307669994,145.791204,164.8974483,293.8278608,327.9987153,482.0757632,113.2016359,315.3550629,185.2429286,254.4271352,495.4843646,667.5859657,470.8798156,568.3514358,354.059269,329.2561372,387.3282569,319.2245665,320.0517741,315.6059681,343.5712348,448.3679307,431.2519933,403.913617,205.6614309,205.6709558,190.5825975,327.7347046,293.7773944,281.1009917,221.9635738,219.4854843,205.9265355,287.0409947,237.488574,309.7358167,1,1,1,0,1,1,1,1,0,1,1,1,0,1,1,0,0,0,1,1,0,0,0,ENSMUSG00000057497,ENSG00000035141
Pus7,0.128165778,0.985497682,0.463801104,1.068944362,1.310739917,0.0826842,0.910934082,178.6183625,73.5480096,19.19897954,115.3237492,169.4876894,107.5671653,70.14331363,128.1554852,0,263.5884062,252.1991426,277.8843904,292.8423931,379.9373551,327.0970805,392.3260408,400.317904,267.7162638,227.4478764,211.5896019,517.0788603,497.2306797,469.0609746,184.3272575,162.7897527,199.9940838,558.4599366,413.4314091,385.2852753,198.9383069,173.724032,216.0957471,185.3410397,178.1164305,257.409875,1,1,1,1,0,1,1,1,0,1,1,1,0,1,1,0,0,0,1,0,0,0,0,ENSMUSG00000057541,ENSG00000091127
Eif1a,#N/A,#N/A,2.411878511,0.565924879,1.021500652,0.477039726,0.029906429,#N/A,#N/A,#N/A,#N/A,#N/A,#N/A,#N/A,#N/A,#N/A,791.538205,950.328257,1196.426527,1265.334577,5174.440944,4318.113274,6297.207789,6580.145097,881.6520569,1007.646987,1490.554473,1728.254569,1812.979555,1461.162163,546.1548371,555.0733518,450.5749065,1076.28077,1151.000187,926.8469761,589.4468351,592.3565773,486.8510067,805.0454389,809.8360372,712.3079818,1,1,1,1,0,1,1,1,0,1,1,1,0,1,1,1,1,0,0,0,0,0,0,ENSMUSG00000057561,#N/A
Sptan1,-0.824573285,0.857400029,-0.675101655,-0.318624374,-0.726658152,-0.346527533,0.060457332,2881.065911,3876.963869,153.5918363,1373.401013,686.0699283,2725.034855,776.7937212,2149.517002,92.18374465,18765.02096,18506.53016,23032.48035,20373.07265,13809.48777,13009.39577,10977.63247,12730.36679,23340.63111,18881.70007,21288.84688,17022.84167,16854.20762,17047.20213,20590.89073,21766.18108,25056.90583,13024.17716,14898.71072,12812.70115,22223.06669,23228.17423,27074.25481,18052.21726,20745.81438,18240.65452,1,1,1,0,1,1,1,0,1,1,1,0,1,1,1,0,0,0,1,1,0,0,0,ENSMUSG00000057738,ENSG00000197694
Megf6,-2.423163849,0.214350501,-4.451127681,-1.226569232,-0.685686346,-0.060387737,0.927794368,1558.324524,648.3467853,195.3287484,142.2825477,38.56606106,362.14279,275.9356801,22.13594745,51.62289701,1377.461993,1547.22865,1306.709627,1698.668336,47.05106564,158.6906628,33.73504173,30.89269999,1862.942874,1680.293227,1796.41667,652.1715355,719.0720598,908.3403,313.1856644,312.0798673,287.0503321,180.9095569,218.7704001,167.0880021,338.0109195,333.0416808,310.1609546,290.8428622,400.1682471,253.1900409,1,1,1,0,1,1,1,0,1,1,1,0,1,1,1,0,0,0,1,1,0,0,0,ENSMUSG00000057751,ENSG00000162591
Bak1,0.683405367,0.830518148,0.883639438,0.739052683,1.202539686,0.540236825,0.316889272,208.549007,81.04334816,475.8007974,567.6324798,360.288202,103.9815932,417.9613977,241.1653222,770.6561053,538.7716102,687.6571777,510.7848848,720.7024627,1150.398555,1038.506242,1193.22092,1149.465879,359.3034067,385.2508605,400.1347917,701.0844007,668.392779,542.584421,64.85588691,72.26276827,57.64535358,187.464251,145.5492866,117.944472,69.99681167,77.11652151,62.28642122,114.0560244,105.6824154,86.08461392,1,1,1,1,0,1,1,1,0,1,1,1,0,1,1,0,0,0,1,1,0,0,0,ENSMUSG00000057789,ENSG00000030110
Mdn1,0.831465568,0.849660723,1.073548674,0.445298826,0.829736418,0.092940284,0.808353102,150.6187273,103.5293638,116.8633537,242.6291866,192.8303053,199.7675928,280.5732545,401.9422036,0,158.4622383,161.4423577,205.3297193,149.6141821,371.7034186,314.1427407,332.3526333,405.4666873,291.8711147,321.7770345,301.6723037,482.1410995,409.2590979,357.3797902,1362.826992,1122.058149,1356.430463,2620.566698,1765.343188,2442.433442,1470.854056,1197.424669,1465.637626,1459.917112,1484.303587,1462.59447,1,1,1,1,0,1,1,1,0,1,1,1,0,1,1,0,0,0,1,0,0,0,0,ENSMUSG00000058006,ENSG00000112159
Palld,2.223342868,0.41029354,0.622190488,-0.610329536,-1.259070963,-0.293348818,0.358736624,101.3779895,94.16019064,0.834738241,38.94048674,1043.313441,235.6233146,118.2581486,136.3108343,261.8018348,1343.450586,1103.044001,1473.585371,1076.492286,1586.797189,1850.311538,2242.755552,2014.461478,972.2327476,845.4360988,1171.075123,548.5228451,537.3916192,870.182562,1770.736386,2655.45821,1696.420405,492.9129957,979.5556281,1083.123402,1911.097161,2833.820307,1833.000396,1977.921556,1585.236231,1806.088959,1,1,1,1,0,1,1,0,1,1,1,0,1,1,1,0,0,0,0,1,0,0,0,ENSMUSG00000058056,ENSG00000129116
Zfp729b,#N/A,#N/A,-0.520232515,-0.460490043,-0.58885394,-0.218414611,0.479567643,#N/A,#N/A,#N/A,#N/A,#N/A,#N/A,#N/A,#N/A,#N/A,222.6201202,231.2552692,235.0771345,228.9826812,171.7363896,127.3843416,177.4213306,164.7610666,253.6259342,217.7504864,238.8239071,165.3720679,173.074525,176.828542,530.7942323,617.0128675,568.2184853,398.5254007,422.3608132,320.4158157,572.8686429,658.4564529,613.966152,513.2521098,518.9125341,553.6422229,1,1,1,0,1,1,1,0,1,1,1,0,1,1,1,0,0,0,0,0,0,0,0,ENSMUSG00000058093,#N/A
Nfam1,8.781868663,NA,0.488642405,1.089589933,1.144583968,0.879993381,0.023306564,0,0,0,0,305.4837994,0,0,23.30099731,22.12409872,136.045629,178.8955856,182.8377713,137.7545213,231.7264983,240.734815,228.6486162,190.5049833,110.7097332,248.6058184,148.7412053,381.9861851,261.0461068,440.2100019,101.550665,86.55650265,62.35109673,132.4048206,208.0551152,214.2657909,109.6002709,92.37033895,67.37102703,183.4401059,130.6187157,183.1407963,1,1,1,1,0,1,1,1,0,1,1,1,0,1,1,1,1,0,0,0,0,0,0,ENSMUSG00000058099,ENSG00000235568
Tpm3-rs7,#N/A,#N/A,1.877254756,0.827183354,2.094676086,0.933412476,0.611536079,#N/A,#N/A,#N/A,#N/A,#N/A,#N/A,#N/A,#N/A,#N/A,49.47113781,58.46831333,68.20139086,66.59655668,218.7874552,184.5993425,209.9069263,279.3214957,58.37422294,58.18434048,85.89280869,133.9280832,129.0887341,95.8596833,2.560100799,7.146867191,15.29366523,55.05943037,26.78821226,22.60602381,2.76303204,7.626908721,16.52496889,19.0093374,24.93630027,6.751734425,1,1,1,1,0,1,1,1,0,0,1,1,0,0,0,0,0,0,0,0,0,0,0,ENSMUSG00000058126,#N/A
Spock2,-1.552895343,0.408678686,-3.634152362,-1.215704574,-1.298152701,0.109786248,0.772492396,12002.18845,7531.409875,1574.316322,3282.982575,611.9824952,3858.075664,3650.350793,2034.177065,947.648895,90817.41422,121996.3174,78668.12772,115518.5697,6574.210147,12246.16925,9004.75725,4953.129565,50579.25128,42955.91173,43504.7076,17995.27601,16492.75916,24514.95066,46825.09698,46407.78506,44823.37993,15230.48719,23082.50956,17823.37547,50536.77702,49524.90806,48432.14153,44593.05414,65415.04026,50231.21619,1,1,1,0,1,1,1,0,1,1,1,0,1,1,1,0,0,0,1,1,0,0,0,ENSMUSG00000058297,ENSG00000107742
Samd12,0.37657249,0.936208672,-1.479107987,-0.650101225,-1.361594963,-0.623747815,0.001732718,454.7526958,256.246887,189.4855807,402.8842667,31.46178665,389.2906936,809.8364392,513.7869907,188.0548391,936.0866858,1017.523184,1152.893724,1222.457342,323.4760763,451.2428372,436.0566505,341.1068957,819.2520254,643.554069,698.6646756,376.163225,501.0555311,497.9119472,1332.959149,1443.667173,1111.731819,374.928502,549.1583512,586.7737484,1438.618682,1540.635562,1201.238123,1011.29675,925.0179956,779.8253261,1,1,1,0,1,1,1,0,1,1,1,0,1,1,1,1,0,1,1,1,0,0,0,ENSMUSG00000058656,ENSG00000177570
Tubb2a,1.58193134,NA,1.047551516,0.679219731,-0.849538787,-0.534783229,0.005053353,118.7570734,14.52221846,109.3507096,97.35121686,1031.134685,46.61243831,61.44786153,66.40784234,147.4939914,1563.751747,1480.906384,2281.11886,3191.161031,4431.034107,4110.843837,4271.85584,4789.655694,1397.961994,1312.673985,1883.356952,2573.748381,2770.148613,2011.191996,1176.793001,1222.11429,1077.615181,515.1989556,809.0040101,602.499678,1270.073728,1304.201391,1164.374731,908.6463277,927.3928813,747.7545876,1,1,1,1,0,1,1,1,0,1,1,0,1,1,1,1,0,1,1,1,0,0,0,ENSMUSG00000058672,ENSG00000137267
Fcer1g,5.185936393,NA,1.636897943,1.061998556,2.132046078,1.237228905,0.001797178,14.48256993,109.1508678,0,10.4839772,8589.067756,7.171144356,44.63665413,360.0004085,0,345.5249782,568.1025669,488.2929367,505.4040055,1304.490795,1279.241058,1623.030341,1723.55522,251.6130299,469.8826284,515.3568521,867.6210607,758.2767865,956.7354799,69.12272157,100.0561407,72.93901881,441.7863817,263.4174205,361.6963809,74.60186507,106.7767221,78.81139011,293.6942628,125.8689442,194.1123647,1,1,1,1,0,1,1,1,0,1,1,1,0,1,1,1,1,0,0,0,0,0,0,ENSMUSG00000058715,ENSG00000158869
Kcnt1,1.812773897,NA,1.590772613,-0.816976939,-0.816072816,-0.189188329,0.745343029,0,0,0,0,0,0,0,0,7.374699572,88.89345075,46.25105383,142.9327021,62.03514869,282.3063939,288.2340611,234.8958461,222.6848791,291.8711147,220.3952291,232.5390674,156.0553317,98.48992309,168.4524532,244.0629428,177.0834871,235.2871575,106.1860443,128.5834188,136.6190134,263.4090544,188.9778494,254.2302907,171.0840366,244.6132312,204.2399664,1,1,1,1,0,1,1,0,1,1,1,0,1,1,1,0,0,0,0,0,0,0,0,ENSMUSG00000058740,ENSG00000107147
Thra,-1.432807637,0.60823907,-0.429461365,-0.737604013,-1.335996163,-0.416067785,0.020638375,178.6183625,1029.672134,258.7688547,55.41530806,131.9365247,552.1781154,248.1102333,69.90299193,25.8114485,2936.575821,2776.808553,3097.358911,2900.143201,2269.037641,2259.452771,2174.036023,1992.579149,3008.285386,2776.098306,2613.445825,1658.379048,1474.480208,1903.233518,4061.173234,4305.590434,4430.457175,1291.274736,1985.899469,1787.841622,4383.089825,4594.788787,4787.156374,2976.862237,3587.26491,3751.43244,1,1,1,0,1,1,1,0,1,1,1,0,1,1,1,1,0,1,1,1,0,0,0,ENSMUSG00000058756,ENSG00000126351
Pirb,#N/A,#N/A,3.422518706,2.645234941,2.739393769,2.791636523,4.03752E-10,#N/A,#N/A,#N/A,#N/A,#N/A,#N/A,#N/A,#N/A,#N/A,10.8218114,19.19855065,29.02186845,35.57898233,216.434902,265.5639664,251.138644,276.7471041,23.14839875,63.47382598,40.85145779,316.7690316,215.1478902,270.8268722,18.77407253,23.82289064,12.94079366,73.41257382,123.2257764,177.8995787,20.26223496,25.42302907,13.98266599,191.9943077,84.30844376,141.7864229,1,1,1,1,0,1,1,1,0,1,1,1,0,1,1,1,1,0,0,0,0,0,0,ENSMUSG00000058818,#N/A
Rpl18,-0.05877926,0.989401901,0.422044782,0.751182937,1.078396413,0.549752685,0.053283151,1794.873167,3202.851858,7978.428107,3339.895594,3004.093177,2872.043315,3509.484469,1968.934273,10228.70831,4346.503249,5119.904393,3866.438425,4892.566212,6081.350235,6425.352552,5547.540195,6361.321806,2728.491697,3029.112029,3296.398402,5249.980861,5364.354063,4625.462388,178.353689,227.9056538,221.169928,534.8630378,417.0031708,374.4736987,192.4912321,243.2136448,238.9764732,320.3073352,308.7351462,356.9979577,1,1,1,1,0,1,1,1,0,1,1,1,0,1,1,0,0,0,1,1,0,0,0,ENSMUSG00000059070,ENSG00000063177
Fcgr4,#N/A,#N/A,6.061720446,2.88510396,4.985195675,4.04082453,1.33646E-07,#N/A,#N/A,#N/A,#N/A,#N/A,#N/A,#N/A,#N/A,#N/A,15.45973057,19.19855065,24.66858818,20.98247676,1317.429838,1030.949544,1358.147791,1669.492995,10.0645212,22.92110383,27.23430519,182.8409484,159.6875452,103.3050956,2.560100799,3.176385418,5.882178937,128.4720042,96.43756412,127.773178,2.76303204,3.389737209,6.355757267,110.2541569,27.31118601,60.76560983,1,1,1,1,0,1,1,1,0,0,1,1,0,0,1,1,1,0,0,0,0,0,0,ENSMUSG00000059089,#N/A
Ifitm6,#N/A,#N/A,3.493129879,3.212919388,5.783057885,4.282949534,0.103419932,#N/A,#N/A,#N/A,#N/A,#N/A,#N/A,#N/A,#N/A,#N/A,11.59479792,13.96258229,10.15765396,10.03509758,91.74957801,154.3725496,127.443491,140.3043458,12.07742544,14.10529466,4.189893107,144.4094114,56.41655789,84.69156485,0,0,1.176435787,6.554694091,32.14585471,15.7259296,0,0,1.271151453,7.60373496,4.749771479,8.439668031,1,1,1,1,0,0,1,1,0,0,0,1,0,0,0,0,0,0,0,0,0,0,0,ENSMUSG00000059108,#N/A
Skap2,-0.220007435,0.965397622,0.68577768,0.697129173,1.278462459,0.766807312,0.001229343,1210.742846,826.3610761,524.2156153,780.3074459,1823.76873,731.4567243,668.3904183,354.1751591,36.87349786,399.6340351,433.7127123,378.7353833,449.754828,570.4941709,675.7847274,700.9392004,724.6912539,325.0840347,427.5667445,360.3308072,583.4606059,572.7714945,649.6122227,358.4141119,493.9279325,348.224993,1005.490074,949.1956542,963.2131883,386.8244855,527.104136,376.2608302,848.7669149,616.2828494,732.5631851,1,1,1,1,0,1,1,1,0,1,1,1,0,1,1,1,1,0,1,1,0,0,0,ENSMUSG00000059182,ENSG00000005020
Csf2ra,NA,NA,1.342723836,1.263667923,1.414610134,1.436540336,2.00314E-06,0,0,0,0,0,0,0,0,0,77.29865283,71.55823423,70.378031,56.5614591,184.6754327,193.235569,149.9335188,172.4842416,70.45164838,89.03967256,85.89280869,243.3997338,158.7313324,188.927337,74.24292317,57.17493753,76.46832617,204.5064556,147.3351674,201.4884731,80.12792915,61.01526976,82.62484447,187.2419734,189.9908592,225.3391364,1,1,1,1,0,1,1,1,0,1,1,1,0,1,1,1,1,0,0,0,0,0,0,ENSMUSG00000059326,ENSG00000198223
Eif4a1,-0.806058063,0.61470978,0.931056109,1.10509345,1.134214219,0.057588694,0.936768003,145.791204,355.0916642,175.2950306,79.37868451,119.7577686,111.1527375,111.8814837,129.3205351,228.6156867,1664.239995,2107.477264,1853.046301,2348.212834,3168.889271,3192.165238,4054.452237,4785.794106,1254.039341,1410.529466,1527.216037,3231.742877,3148.8089,2637.537305,270.5173178,355.7551668,270.5802311,774.7648416,547.3724704,651.643208,291.9603855,379.6505674,292.3648343,410.6016878,356.2328609,238.8426053,1,1,1,1,0,1,1,1,0,1,1,1,0,1,1,0,0,0,1,1,0,0,0,ENSMUSG00000059796,ENSG00000161960
Chpt1,-1.506073015,0.707014156,-0.425443253,-0.422944782,-1.181208848,-0.503921002,0.004078854,182.4803811,451.5941481,1354.780165,58.41073011,474.9714888,572.6670993,216.226909,75.72824126,0,954.6383625,842.9909057,907.6589359,943.2991727,677.5353453,658.5122743,665.9547126,715.680883,694.4519626,631.2119361,604.3920807,517.0788603,436.9892704,486.7438288,1332.959149,1247.525373,1278.785701,519.131772,659.8829619,520.9214182,1438.618682,1331.319289,1381.74163,896.2902584,993.8896821,1037.235201,1,1,1,0,1,1,1,0,1,1,1,0,1,1,1,1,0,1,1,0,0,0,0,ENSMUSG00000060002,ENSG00000111666
Alox5ap,7.989562092,NA,1.175757298,1.8904142,1.938482103,1.427324608,0.035990767,10.62055128,0,0,8.986266172,5002.424078,0,27.24574992,308.7382144,0,75.75267977,104.7193672,84.16341851,61.12286709,185.8517093,161.9292478,198.6619124,190.5049833,58.37422294,96.97390081,97.41501474,380.8215931,229.4910829,328.5288175,27.30774186,46.05758856,8.235050511,74.72351264,123.2257764,119.9102132,29.47234176,49.15118953,8.898060174,99.79902135,84.30844376,55.70180901,1,1,1,1,0,1,1,1,0,0,1,1,0,0,1,1,1,0,0,0,0,0,0,ENSMUSG00000060063,ENSG00000132965
Atp8b4,20.46738662,NA,2.740408048,2.25768727,3.477184853,3.24645641,8.68103E-08,0,0,0,0,103.5194271,0,0,2.330099731,0,3.091946113,6.108629751,5.078826979,5.47368959,24.70180946,38.86301947,19.99113584,47.62624581,12.07742544,12.34213283,14.66462587,76.86307383,52.5917065,57.70194529,9.387036263,5.558674482,9.411486298,70.79069619,78.57875595,117.944472,10.13111748,5.932040116,10.16921163,123.5606931,41.56050044,80.1768463,1,0,1,1,0,1,1,1,0,0,1,1,0,0,1,1,1,0,0,0,0,0,0,ENSMUSG00000060131,ENSG00000104043
Golm2,-0.139866465,0.96003685,-0.483749065,-0.540734725,-0.723123882,-0.58051517,0.001321823,985.7802599,1559.498879,1182.824087,768.3257577,641.4144892,1722.099095,1340.838714,1395.729739,896.025998,481.5706071,431.0947282,400.5017847,485.3338103,366.998312,254.7686832,307.3637135,357.8404415,428.748603,437.2641345,384.4226926,259.7040222,265.8271711,333.1822002,1116.203948,1111.734896,1222.316783,726.2601053,707.2088035,656.557561,1204.681969,1186.408023,1320.72636,871.5781198,733.8396936,873.5056412,1,1,1,0,1,1,1,0,1,1,1,0,1,1,1,1,0,1,1,1,0,0,0,ENSMUSG00000060227,ENSG00000166734
Gtf2i,0.095351235,0.988294603,-1.843191496,-0.512573138,-0.698853093,-0.231372365,0.316246052,283.8583706,129.2945901,40.06743557,230.6474984,305.4837994,108.0793899,108.9829997,213.2041254,0,5352.158722,6118.229027,5059.962765,5859.584706,1525.630804,1743.438235,1554.310812,1414.62822,4714.221729,4775.523824,3990.873184,3149.056843,2578.906044,3721.775471,3542.326139,4199.975619,4239.874577,2130.27558,2766.329386,2481.748266,3823.115332,4482.080025,4581.229838,3508.173217,3960.121971,3509.213967,1,1,1,0,1,1,1,0,1,1,1,0,1,1,1,0,0,0,1,0,0,0,0,ENSMUSG00000060261,ENSG00000263001
Ppih,-0.712810225,0.782077626,-0.601253749,0.901528377,1.472779442,0.360056546,0.766487664,86.89541958,83.85410012,424.0470264,107.8351941,122.8024576,148.0329085,108.9829997,69.90299193,169.6180902,147.6404269,164.0603419,128.4217679,146.8773373,68.22404518,116.5890584,106.2029091,95.25249163,90.58069077,92.56599622,64.94334316,161.8782919,162.5561837,140.5321571,22.18754026,45.26349221,24.70515153,108.8079219,74.11405391,75.68103622,23.94627768,48.30375523,26.69418052,52.27567785,42.74794331,32.91470532,1,1,1,0,1,1,1,1,0,1,1,1,0,1,1,0,0,0,1,1,0,0,0,ENSMUSG00000060288,ENSG00000171960
Tnfrsf19,-1.011293648,0.422056621,-2.515940815,-0.802661938,-1.017702827,-0.238408864,0.387107451,461.5112284,422.0812526,1179.485134,371.4323351,409.0032265,303.2369613,415.0629137,330.8741618,213.8662876,6761.313163,9028.554772,4617.379271,4961.899613,1164.513875,1083.846432,1153.238649,1033.618254,5263.744586,4461.681018,3797.090628,2477.087243,2149.566477,3125.211811,2189.73955,2783.307723,2397.576135,907.1696622,1450.135223,1279.697522,2363.313405,2970.257229,2590.606662,2152.807461,2581.500799,1986.697855,1,1,1,0,1,1,1,0,1,1,1,0,1,1,1,0,0,0,1,1,0,0,0,ENSMUSG00000060548,ENSG00000127863
Gmfg,1.086124453,0.528459119,1.019565021,0.816435429,2.038392292,2.090962867,0.000531463,480.8213217,727.0478402,1535.083625,1563.610314,1365.035582,665.8919759,2346.032977,2366.216277,3344.426256,40.19529947,76.79420259,58.04373691,61.12286709,125.8616006,131.7024549,112.4501391,106.8372541,41.26453691,61.71066415,59.70597677,109.4716506,77.45324049,100.513066,9.387036263,12.70554167,16.47010102,58.99224682,62.5058286,35.38334161,10.13111748,13.55894884,17.79612035,63.68128029,40.37305757,70.04924466,1,1,1,1,0,1,1,1,0,0,1,1,0,1,1,1,1,0,1,1,0,0,0,ENSMUSG00000060791,ENSG00000130755
Ctnna3,4.579821098,0.353711516,1.22383962,-1.127307817,-1.699954796,-0.671047236,0.00989674,0,0,1.669476482,0,45.67033546,28.68457742,2.318787227,0,0,84.25553158,104.7193672,132.7750482,73.89480946,190.5568159,223.4623619,283.6242397,229.1208582,112.7226374,94.32915806,142.4563656,37.26694489,33.46744959,88.414271,399.3757246,549.5146774,365.8715299,69.47975737,190.196307,142.516237,431.0329982,586.4245372,395.328102,307.000799,296.8607175,285.2607795,1,1,1,1,0,1,1,0,1,1,1,0,1,1,1,1,0,1,0,0,0,0,0,ENSMUSG00000060843,ENSG00000183230
Ube2s,0.10801009,0.98252994,0.942447209,0.571037211,1.353889403,0.293796939,0.640638476,45.37871911,131.1684248,165.2781717,43.43361983,129.906732,216.6710045,217.3863026,45.43694476,81.12169529,226.4850528,260.9257565,208.2319061,213.473894,458.74789,361.6419867,408.5688387,518.7399206,179.1484773,157.802984,175.9755105,287.6542309,259.1336811,215.9169566,100.6972981,150.8783074,96.46773456,359.1972362,285.7409307,249.6491325,108.6792602,161.0125174,104.2344192,153.9756329,184.0536448,123.2191533,1,1,1,1,0,1,1,1,0,1,1,1,0,1,1,0,0,0,1,1,0,0,0,ENSMUSG00000060860,ENSG00000108106
Rrs1,0.548131828,0.917978062,0.727612068,0.972684968,1.089410844,-0.110092246,0.934556874,60.82679371,53.40428723,6.677905928,92.85808377,41.61075009,98.85934719,57.38998388,60.58259301,0,204.0684435,245.2178514,209.6829996,268.2107899,359.9406522,338.971892,431.0588665,404.1794915,130.8387756,179.8425069,199.0199226,381.9861851,333.7182831,285.7176968,63.14915304,56.38084117,30.58733047,99.63135019,114.2963723,108.115766,68.15479031,60.16783546,33.04993779,43.72147602,40.37305757,65.82941064,1,1,1,1,0,1,1,1,0,1,1,1,0,1,1,0,0,0,0,0,0,0,0,ENSMUSG00000061024,ENSG00000179041
Prcp,0.096862535,0.983891677,-1.117783822,1.309520011,0.783556,0.006840725,0.99370605,4679.801097,3371.496975,7466.733566,13452.44046,2872.156653,3284.384115,5806.822914,5553.792709,2219.784571,1225.183647,1583.007767,792.2970088,1272.63283,548.1449148,554.8775558,678.4491725,463.3904998,586.7615858,693.8041812,636.8637522,1709.621097,1594.006813,1452.786074,331.10637,496.3102216,334.1077636,690.8647572,611.6641798,700.786738,357.3521438,529.6464389,361.0070128,617.8034655,307.5477033,329.1470532,1,1,1,0,1,1,1,1,0,1,1,1,0,1,1,0,0,0,1,1,0,0,0,ENSMUSG00000061119,ENSG00000137509
H2-K1,#N/A,#N/A,2.354791896,0.700826779,1.352212532,1.156469071,2.47203E-07,#N/A,#N/A,#N/A,#N/A,#N/A,#N/A,#N/A,#N/A,#N/A,12341.50291,16122.41924,10072.03945,15506.05033,74345.38882,56805.85965,68099.80424,77176.40055,5482.144696,5619.196761,6467.100011,7922.719565,12894.53022,7737.644727,1329.545682,1497.665725,949.3836804,3365.179946,2593.991887,3691.661975,1434.934639,1598.261094,1025.819223,3801.86748,2257.328896,2994.394217,1,1,1,1,0,1,1,1,0,1,1,1,0,1,1,1,1,0,0,0,0,0,0,ENSMUSG00000061232,#N/A
Exosc5,0.492038482,0.888490101,-0.47761136,0.565649727,1.0478439,0.122189159,0.907426867,148.687718,129.2945901,584.3167687,208.181833,352.1690312,266.869015,350.7165681,327.3790122,925.5247963,374.8984662,394.4429497,281.512124,332.9827834,241.1367114,290.3931177,214.9047103,245.8544041,254.6323863,308.5533207,230.4441209,441.3803785,345.1928372,390.8841455,54.61548371,63.52770837,79.99763354,152.0689029,96.43756412,160.2079078,58.94468351,67.79474418,86.43829883,92.19528639,60.55958636,77.64494589,1,1,1,0,1,1,1,1,0,1,1,1,0,1,1,0,0,0,1,1,0,0,0,ENSMUSG00000061286,ENSG00000077348
Cxcl12,-0.920088115,0.768687153,-3.860698149,-1.2118622,-1.484866637,-0.226429259,0.513044993,1486.87718,5324.03267,388.9880203,1024.434344,721.5913003,1847.594121,1190.697241,2429.12897,394.5464271,29868.19945,42575.40404,26095.01302,32984.45347,2043.192526,2669.673532,2287.735608,2051.790157,17384.44746,14419.13747,13117.50784,6138.564578,6436.268663,6817.205633,15375.9654,15659.58011,15872.47164,4834.742362,6947.076378,4974.308108,16594.77043,16711.40444,17150.37541,11582.38928,19164.14048,12385.21284,1,1,1,0,1,1,1,0,1,1,1,0,1,1,1,0,0,0,1,1,0,0,0,ENSMUSG00000061353,ENSG00000107562
Zic2,-1.368916972,0.628460784,-1.550034758,-0.477832441,-0.738978306,-0.516997451,0.033691589,265.5137821,1196.443417,129.3844274,224.6566543,38.56606106,547.0558694,173.9090421,205.0487763,40.56084765,1613.995871,1751.431416,2572.788638,2264.282927,781.0476897,802.0895407,620.974657,595.9716706,2187.020456,1953.583311,2011.148691,1327.634912,1438.14412,1649.158823,1342.346186,1802.598725,1115.261126,719.7054112,931.3368461,901.2923405,1448.749799,1923.675866,1205.051578,1152.916313,1065.136254,984.0652924,1,1,1,0,1,1,1,0,1,1,1,0,1,1,1,1,0,1,1,1,0,0,0,ENSMUSG00000061524,ENSG00000043355
Akap6,5.280341314,NA,0.609735009,-1.177941148,-2.523064363,-1.282085584,0.00745302,0,0,1.669476482,0,112.6534941,3.585572178,0.579696807,8.155349059,0,578.9669097,282.7422913,573.1819019,293.7546747,646.9521526,598.0586885,708.4358763,687.3625747,524.3615544,460.1852384,467.1730814,206.1327889,182.6366535,252.2133415,3425.414869,2526.020504,4855.150494,533.552099,625.058286,719.4612794,3696.936869,2695.688516,5246.042048,1304.040546,1341.810443,2138.611879,1,1,1,1,0,1,1,0,1,1,1,0,1,1,1,1,0,1,0,0,0,0,0,ENSMUSG00000061603,ENSG00000151320
Cd2ap,-0.364365219,0.939392456,-1.527919552,-0.690907348,-0.564648676,-0.12113759,0.644448813,329.2370897,807.154271,191.9897954,230.6474984,123.8173539,728.8956013,296.2250683,618.6414786,62.68494636,4575.307261,4500.314804,5291.412166,5989.128693,1611.498998,1725.086253,2040.345302,1682.364953,5466.041462,3787.271617,4443.38164,2465.441323,2664.9652,3352.296886,6031.597482,6398.034329,5966.882313,3352.070558,4987.072181,4095.621791,6509.703485,6827.778173,6447.280172,5814.005844,6430.00314,5949.965962,1,1,1,0,1,1,1,0,1,1,1,0,1,1,1,0,0,0,1,1,0,0,0,ENSMUSG00000061665,ENSG00000198087
Ext1,1.446145466,0.397357548,1.033798417,0.545966247,0.662246625,0.045724205,0.936099562,33.79266317,168.6451176,51.75377094,248.6200307,99.45984168,147.5206839,386.6577702,383.3014058,121.6825429,394.2231294,420.6227914,436.7791202,395.0179321,745.7593905,783.7375593,858.3693951,985.9920079,393.5227788,394.9482506,506.9770659,674.2987841,673.1738432,543.5150975,395.9622569,414.5182971,372.9301446,807.538312,493.7960459,575.9621718,427.3489555,442.3607058,402.9550107,491.3913718,371.6696183,449.8343061,1,1,1,1,0,1,1,1,0,1,1,1,0,1,1,0,0,0,1,1,0,0,0,ENSMUSG00000061731,ENSG00000182197
Cyp2d22,#N/A,#N/A,-1.2709481,-0.598252993,-0.79677542,-0.164761258,0.696547371,#N/A,#N/A,#N/A,#N/A,#N/A,#N/A,#N/A,#N/A,#N/A,1637.185467,1985.304669,1992.351269,2739.58164,1045.709934,988.8479398,653.4602528,772.3174997,2700.311037,2664.137529,2576.784261,1748.052634,1601.656516,1895.788106,407.056027,397.0481773,365.8715299,197.9517616,235.7362678,238.8375559,439.3220943,423.7171511,395.328102,381.1372149,415.6050044,328.3030864,1,1,1,0,1,1,1,0,1,1,1,0,1,1,1,0,0,0,0,0,0,0,0,ENSMUSG00000061740,#N/A
Rpl34,-0.767553175,NA,-0.913027829,0.526511445,0.879139398,0.667458011,0.010097746,2909.065547,3218.310994,16002.76682,2996.919768,2685.415725,2692.252481,2401.104174,3194.566731,12035.5097,6778.318867,7369.625464,5121.634235,6827.515482,2747.782234,3220.232974,5296.401551,2594.986799,3799.356752,4029.706369,4414.052388,6041.90344,6283.274608,5310.440319,466.7917124,523.3094977,537.6311548,1175.91212,902.762753,733.2214678,503.7928419,558.4592052,580.9162142,712.8501525,736.2145793,1157.078487,1,1,1,0,1,1,1,1,0,1,1,1,0,1,1,1,1,0,1,1,0,0,0,ENSMUSG00000062006,ENSG00000109475
Rapgef2,-0.091687506,0.98668794,-0.963569711,-0.733204688,-0.746398423,-0.060532891,0.880043747,678.7497774,654.4367479,137.7318098,239.6337646,108.5939088,762.7024247,252.168111,808.5446067,589.9759658,2270.261434,2197.361388,2596.006133,2590.879739,1157.456215,1192.878792,1185.724244,1415.915416,2577.523879,1905.09636,2265.684698,1227.479997,1387.464839,1442.548632,4147.363294,4551.760304,4843.386136,2288.899177,3010.995057,2768.746481,4476.111904,4857.493421,5233.330534,4079.403806,5003.884253,4884.03589,1,1,1,0,1,1,1,0,1,1,1,0,1,1,1,0,0,0,1,1,0,0,0,ENSMUSG00000062232,ENSG00000109756
Nectin2,0.320193481,0.914107029,0.714089949,0.630987222,1.383190828,0.6022618,0.059511029,2387.693029,2835.11181,1709.543918,4699.817208,1456.376253,2615.931016,4451.49178,2351.070629,1733.054399,351.7088704,453.7839244,539.8067532,343.017881,709.2948146,696.2957655,592.2373992,773.6046955,566.6325434,697.3305049,634.7688057,1044.639049,1059.483833,838.5395597,132.2718746,169.1425235,187.0532902,466.6942193,406.2878859,399.0454637,142.7566554,180.5035064,202.1130811,286.0905279,235.1136882,273.4452442,1,1,1,1,0,1,1,1,0,1,1,1,0,1,1,0,0,0,1,1,0,0,0,ENSMUSG00000062300,ENSG00000130202
Serpinb2,4.365398471,NA,7.409794714,5.821346268,5.876715936,5.426747352,0.483425319,0,0,0,0,16.2383415,0,0,0,0,0,0.872661393,0,0,57.63755541,14.03386814,17.49224386,79.80614163,0,0,0,4.658368111,20.08046976,5.584059221,0,0,0,3.932816455,5.357642451,20.64028261,0,0,0,0,0,23.63107049,1,0,1,1,0,0,0,1,0,0,0,1,0,0,0,0,0,0,0,0,0,0,0,ENSMUSG00000062345,ENSG00000197632
Rpl7a,0.56606705,0.785291477,0.582182604,1.128263084,0.644750534,0.270509702,0.280199268,4051.257562,6021.099156,8611.994432,8990.759305,6264.955129,7153.72872,8984.141113,6507.968549,17430.10244,6571.158477,8046.810705,6801.274872,8165.832587,11184.0383,10502.73101,10654.02596,11949.03892,3316.259734,3813.719044,4043.246848,8655.24795,8669.025657,7101.061976,1133.271287,1446.049462,1111.731819,1990.005126,2284.141565,1498.877665,1223.102183,1543.177864,1201.238123,1574.923604,1627.984175,1586.65759,1,1,1,1,0,1,1,1,0,1,1,1,0,1,1,0,0,0,1,1,0,0,0,ENSMUSG00000062647,ENSG00000148303
Phactr2,0.851068885,0.76626103,-1.180661037,-0.405370992,-0.842111431,-0.182318847,0.406876959,1554.462506,745.7861866,164.4434335,2165.690147,1340.67807,1099.233985,1386.055065,2480.391164,416.6705258,2096.339465,2018.465802,2006.862204,1972.352816,852.8005648,964.0187885,807.1421095,946.0889371,2092.413957,2173.97854,1780.70457,1489.513204,1462.049441,1614.723791,5191.88442,5801.667966,5305.725401,2330.849219,3617.301595,3140.271568,5603.428976,6191.355012,5732.893055,4974.743598,5295.995199,5177.736337,1,1,1,0,1,1,1,0,1,1,1,0,1,1,1,0,0,0,1,1,0,0,0,ENSMUSG00000062866,ENSG00000112419
Impdh2,0.356433107,0.953374799,1.056303005,1.004140772,0.633736247,0.06797326,0.929618663,50.20624242,1.87383464,12.52107361,19.47024337,11.16385978,12.29339032,59.1290743,60.58259301,0,901.302292,1237.433855,1069.455852,1320.071473,2390.194135,2268.088997,2154.044887,2601.422778,804.1552437,916.8441531,1062.137903,1919.247662,1967.886036,1694.761974,180.0604229,172.3189089,150.5837808,294.9612341,216.9845193,271.2722857,194.3332535,183.8932436,162.707386,199.5980427,225.6141453,144.3183233,1,1,1,1,0,1,1,1,0,1,1,1,0,1,1,0,0,0,0,0,0,0,0,ENSMUSG00000062867,ENSG00000178035
Klhl24,-0.086534983,0.976496097,-0.943795914,-0.943465682,-0.887079271,-0.353277803,0.081936736,447.0286585,495.6292622,1021.719607,530.1897041,715.5019223,477.9055489,540.277424,809.7096565,626.8494636,2199.91966,2664.235233,2080.142421,2415.721672,1079.821957,1382.875776,1251.944882,1149.465879,2156.826893,1974.741253,1886.499371,932.8382142,981.0743795,1213.602204,3033.719447,3521.817332,2826.975197,1486.60462,1656.404458,1929.374988,3274.192967,3758.371131,3054.576943,2842.846408,2695.495315,2361.419115,1,1,1,0,1,1,1,0,1,1,1,0,1,1,1,0,0,0,1,1,0,0,0,ENSMUSG00000062901,ENSG00000114796
Mtap,0.257677075,0.923588255,-0.920470145,0.448184649,0.667721125,0.126575009,0.81968894,282.892866,149.4383125,218.7014191,314.519316,161.3685186,235.6233146,176.8075261,335.5343613,335.5488305,719.6504578,785.3952537,529.6490993,677.8252276,314.0658632,361.6419867,372.334905,384.871554,486.1163738,483.9879231,424.2266771,682.4509283,598.5892413,623.5532797,258.5701807,262.051797,224.6992354,406.3910337,429.5043365,349.9019337,279.066236,279.6533198,242.7899276,284.1895941,337.233775,256.5659082,1,1,1,0,1,1,1,1,0,1,1,1,0,1,1,0,0,0,1,1,0,0,0,ENSMUSG00000062937,ENSG00000099810
Kcnma1,1.396519225,0.820423731,0.826895439,-1.244623987,-2.538048805,-1.385239262,0.004486628,4.82752331,112.4300784,10.01685889,8.986266172,474.9714888,3.585572178,72.46210086,110.6797372,0,315.3785035,163.1876805,296.7486049,139.5790845,449.3376769,372.4372699,397.3238248,406.7538832,281.8065935,228.3294574,241.9663269,95.49654628,87.97158179,133.0867448,2490.124711,1864.538241,3430.486756,477.1817298,333.0667724,530.7501242,2687.509164,1989.775742,3706.677638,1004.643482,743.3392365,1460.062569,1,1,1,1,0,1,1,0,1,1,1,0,1,1,1,1,0,1,0,0,0,0,0,ENSMUSG00000063142,ENSG00000156113
Rpl27,-0.452811667,0.934409207,0.459762482,0.861068484,1.018330206,0.37614236,0.489644424,1521.635347,3226.274791,17621.32427,2159.699303,1791.292047,2898.678994,3052.683385,3457.868001,19332.77493,2386.982399,2885.891227,1746.390934,2343.651426,3066.553203,3317.390523,3257.305696,3233.435932,1381.85876,1544.529766,1650.817884,2803.173011,3047.450339,2463.500793,98.99056423,121.4967422,77.64476196,216.304905,216.9845193,173.9680963,106.8372389,129.6574482,83.89599593,152.0746992,127.0563871,138.4105557,1,1,1,1,0,1,1,1,0,1,1,1,0,1,1,0,0,0,1,1,0,0,0,ENSMUSG00000063316,ENSG00000131469
Syne2,-0.791174237,0.831292824,-0.798705856,-0.628931054,-0.489762618,-0.122628964,0.690901693,1961.905473,2517.02838,350.5900612,614.0615217,893.1087824,2750.646085,310.1377917,778.2533102,232.3030365,1126.241372,890.9872823,1063.651479,735.2989682,609.3113001,538.684631,462.2950163,584.3869081,2217.21402,1582.437745,1934.683142,1116.843755,1192.397418,1396.945482,6810.721492,8399.951239,7842.120958,4977.634693,5249.596662,6188.1533,7350.586236,8964.160049,8473.495588,8133.145007,7729.06564,6907.024317,1,1,1,0,1,1,1,0,1,1,1,0,1,1,1,0,0,0,1,1,0,0,0,ENSMUSG00000063450,ENSG00000054654
Snrnp70,-0.152829624,0.983909156,0.657164752,0.478613235,1.072942496,0.684029207,0.000503259,59.86128904,595.4109567,106.0117566,56.91301909,51.75971353,575.2282223,529.8428815,138.640934,14.74939914,1107.689695,1227.83458,1467.780997,1485.194442,2257.274874,1914.003709,1976.623556,2192.094503,1504.645919,1374.384649,1270.585085,1876.157757,2009.959401,1895.788106,581.1428814,561.4261227,629.3931462,1230.97155,1403.702322,1090.003496,627.208273,599.1360517,680.0660276,903.8939934,960.6412817,1194.213026,1,1,1,1,0,1,1,1,0,1,1,1,0,1,1,1,1,0,1,1,0,0,0,ENSMUSG00000063511,ENSG00000104852
Slc22a8,-0.271723322,NA,-3.213958869,-1.003004961,-1.302704425,-0.241860363,0.463051037,0,0,3.338952964,1.497711029,0,0,0,3.495149597,0,8372.990075,10862.01636,7658.145538,14542.68096,897.4990772,1455.204173,1293.1766,818.6565497,5124.854194,6388.816901,4507.27751,2735.626673,1677.197331,3581.243314,1676.012656,2019.38703,1447.016018,618.7631222,734.8899562,730.272856,1808.864975,2155.025431,1563.516288,1613.892745,1798.975948,1266.794171,1,1,1,0,1,1,1,0,1,1,1,0,1,1,1,0,0,0,0,0,0,0,0,ENSMUSG00000063796,ENSG00000149452
Klk8,NA,NA,-2.873863031,0.881757139,1.705571171,0.682906843,0.302128646,0,0,0,0,0,0,0,0,0,231.122972,289.7235825,145.1093423,194.3159804,36.46457587,34.54490619,22.49002782,23.16952499,82.52907382,81.10544431,73.32312937,143.2448194,158.7313324,134.9480978,48.64191518,39.70481773,29.41089468,221.5486603,72.32817309,94.35557763,52.49760875,42.37171511,31.77878634,77.93828334,60.55958636,65.82941064,1,1,1,0,1,1,1,1,0,1,1,1,0,1,1,0,0,0,0,0,0,0,0,ENSMUSG00000064023,ENSG00000129455
Gpn1,-0.67744238,0.662725969,0.384769046,0.488275538,0.609930893,0.008558394,0.990852149,664.2672075,618.8338897,1615.218496,682.956229,576.4611232,526.054661,780.8515988,492.8160931,564.1645173,548.8204351,602.1363612,486.8418433,574.7374069,722.2338576,736.2383133,712.1842143,715.680883,402.5808479,396.7114124,403.2772115,532.2185567,612.932434,540.7230679,179.2070559,196.9358959,174.1124965,281.8518459,265.2033013,293.8783095,193.4122428,210.163707,188.1304151,195.7961752,191.178302,208.4598004,1,1,1,1,0,1,1,1,0,1,1,1,0,1,1,0,0,0,1,1,0,0,0,ENSMUSG00000064037,ENSG00000198522
Fbln2,-2.192793058,NA,-1.444012609,-0.743695521,-1.50619224,-0.689934547,0.003090331,2910.031051,2780.770605,451.5933884,61.40615217,586.6100866,1926.476709,27.82544673,82.71854045,0,4510.376393,4364.179627,2427.679296,3806.95111,1159.808768,1463.8404,1845.431727,1083.818891,1784.439608,1721.72753,1988.104279,915.3693338,914.1394803,1449.994044,3560.246844,4920.221013,2785.799944,932.0774998,1342.982374,1689.554562,3842.456556,5250.702937,3010.086642,2580.517552,2148.084152,2774.962849,1,1,1,0,1,1,1,0,1,1,1,0,1,1,1,1,0,1,1,0,0,0,0,ENSMUSG00000064080,ENSG00000163520
Rab44,2.940082944,NA,4.32078646,3.979770821,7.331626294,6.23460436,0.001383405,0,0,0,0,0,3.073347581,0,2.330099731,0,0,0,0,0,3.528829923,2.159056637,2.49889198,3.861587498,0,1.763161833,2.094946553,25.62102461,20.08046976,15.82150113,0,0,0,15.73126582,34.82467593,31.45185921,0,0,0,10.45513557,7.124657219,23.63107049,1,0,0,1,0,0,1,1,0,0,1,1,0,0,0,1,1,0,0,0,0,0,0,ENSMUSG00000064147,ENSG00000255587
mt-Rnr1,0.344956915,0.947281648,1.219680557,1.280948152,1.448326829,0.383673357,0.146762127,15300.35238,32029.45549,188498.0854,96818.03173,36474.35969,33467.21848,45971.11618,146139.1949,240186.5904,13160.86863,14247.0699,14599.45093,18511.10591,32408.77402,29432.26008,38625.37333,40477.16016,6935.461557,5906.59214,8890.953173,26548.03986,15986.92256,10276.53032,72424.39824,80935.88865,109294.4139,245136.3824,314596.3,157022.4242,78165.25539,86372.19896,118093.7835,136485.1416,132923.5423,99324.76513,1,1,1,1,0,1,1,1,0,1,1,1,0,1,1,0,0,0,1,1,0,0,0,ENSMUSG00000064337,ENSG00000211459
mt-Rnr2,0.719038943,0.818820056,1.336178543,1.435630353,1.080424473,0.293947141,0.144386966,391632.8285,591249.6385,1079348.266,823977.7041,706852.9756,239935.7334,681740.2561,1714144.857,2622531.664,22030.88904,25778.41755,22770.55799,28848.1687,54733.32839,50023.18323,73050.10925,73229.85812,12228.39325,10429.98382,14604.9199,47964.88726,33116.51948,19716.38243,1499449.331,1765418.339,1475790.461,2483568.347,5080375.525,2460922.221,1618306.024,1883998.145,1594607.381,2001438.958,2325773.103,1921555.433,1,1,1,1,0,1,1,1,0,1,1,1,0,1,1,0,0,0,1,1,0,0,0,ENSMUSG00000064339,ENSG00000210082
Selenop,-1.106652275,0.548284012,-0.770596201,-1.110646797,-0.897196387,-0.298462455,0.26361362,1437.636442,508.7461047,974.1395272,398.3911336,1137.698801,391.8518166,245.2117493,271.4566187,265.4891846,52371.38327,66356.29967,64949.4905,74781.54718,43877.47127,49479.10095,28442.38852,29700.75665,85093.51382,70756.56593,95729.63023,39303.81634,36690.8431,40507.69627,14578.06732,17002.39705,12964.32238,7914.137646,9383.017813,6620.616364,15733.62544,18144.41585,14008.08902,13125.94747,15353.63631,10463.50043,1,1,1,0,1,1,1,0,1,1,1,0,1,1,1,0,0,0,1,1,0,0,0,ENSMUSG00000064373,ENSG00000250722
Adamtsl1,0.804809213,0.934819222,1.323420284,-1.004159534,-1.725750923,-0.398102478,0.213377985,0,0,27.54636195,2.995422057,2.029792687,63.51585001,7.536058489,18.64079785,0,657.8115356,570.7205511,737.1554587,472.5618679,1432.704949,1388.273418,1634.275355,1652.759449,722.632622,657.6593636,738.4686601,323.7565837,194.1112076,537.9310383,796.1913485,1073.618271,664.6862198,144.20327,254.4880164,365.6278633,859.3029643,1145.731177,718.2005712,812.6491739,578.2846776,676.8613761,1,1,1,1,0,1,1,0,1,1,1,0,1,1,1,0,0,0,0,0,0,0,0,ENSMUSG00000066113,ENSG00000178031
Wdr6,-0.084696001,0.985052337,-1.26709935,-0.470211164,-0.905324989,-0.589008916,0.026027846,1280.259182,634.2930255,255.4299017,952.5442142,974.3004899,399.0229609,371.0059564,922.7194935,471.9807726,861.8799791,1075.991498,653.7175869,608.4918261,297.5979902,403.7435912,276.1275638,351.4044624,693.4455105,945.0547424,846.3584076,610.2462225,539.3040449,644.95884,392.5487892,357.3433596,389.4002456,184.8423734,208.9480556,213.2829203,423.6649127,381.345436,420.7511311,324.1092027,246.9881169,243.0624393,1,1,1,0,1,1,1,0,1,1,1,0,1,1,1,1,0,1,1,1,0,0,0,ENSMUSG00000066357,ENSG00000178252
Tecpr1,-0.106054785,0.98668794,-1.205540171,-0.352506714,-0.611058901,0.003418405,0.994204519,1161.502108,712.0571631,247.0825193,1421.327766,789.5893554,739.1400933,310.7174885,659.4182239,18.43674893,2317.413612,2307.316723,1845.790834,1747.019261,1052.767594,1005.040865,705.9369843,798.0614163,2225.265637,1949.175406,1834.125708,1631.593431,1548.108597,1527.240197,860.1938685,952.9156255,924.6785288,524.3755273,644.7029749,621.1742194,928.3787653,1016.921163,999.1250424,880.1323216,1097.197212,975.6256244,1,1,1,0,1,1,1,0,1,1,1,0,1,1,1,0,0,0,1,1,0,0,0,ENSMUSG00000066621,ENSG00000205356
Pilrb2,#N/A,#N/A,2.095399495,2.27231641,3.825097428,2.868226143,0.305439802,#N/A,#N/A,#N/A,#N/A,#N/A,#N/A,#N/A,#N/A,#N/A,0,5.235968358,2.902186845,2.736844795,4.705106564,19.43150973,7.49667594,14.15915416,3.019356359,1.763161833,4.189893107,17.46888042,10.5183413,14.89082459,0,2.382289064,0,5.243755273,10.7152849,20.64028261,0,2.542302907,0,3.80186748,9.499542959,6.751734425,1,0,0,1,0,0,1,1,0,0,0,1,0,0,0,0,0,0,0,0,0,0,0,ENSMUSG00000066682,#N/A
Pilrb1,#N/A,#N/A,2.322749662,2.757561101,4.235682034,2.49096364,NA,#N/A,#N/A,#N/A,#N/A,#N/A,#N/A,#N/A,#N/A,#N/A,1.545973057,7.853952537,1.451093423,7.298252787,17.64414962,32.38584956,14.99335188,23.16952499,1.00645212,2.644742749,2.094946553,19.79806447,7.649702764,12.09879498,0,1.588192709,0,3.932816455,16.96586776,11.7944472,0,1.694868605,0,7.60373496,0,2.531900409,1,0,1,1,0,0,0,1,0,0,0,1,0,0,0,0,0,0,0,0,0,0,0,ENSMUSG00000066684,#N/A
Hmcn1,0.611514325,0.892095337,-5.438172247,-1.217165749,-0.854569942,0.406167127,0.17445636,240.4106608,534.0428723,152.7570981,401.3865557,120.7726649,208.9876355,529.8428815,1486.603628,84.80904508,689.5039832,705.983067,584.7906493,895.8605296,12.93904305,26.98820796,8.74612193,16.73354583,1359.716814,1153.107839,998.2420327,593.9419342,502.9679567,415.0817354,2754.66846,2736.456038,2905.796395,1221.794979,2203.776928,1214.828062,2973.022475,2920.258606,3139.74409,3177.410746,5533.483773,3262.775661,1,1,0,0,1,1,1,0,1,1,1,0,1,1,1,0,0,0,1,1,0,0,0,ENSMUSG00000066842,ENSG00000143341
Ppp1r3c,-2.743522318,0.352786788,1.008864655,-0.764713289,-1.313224617,-0.525744278,0.073702861,31.86165385,168.6451176,34.22426788,4.493133086,0,42.51464154,17.39090421,3.495149597,0,504.760203,394.4429497,503.5294177,360.3512313,904.556737,851.7478434,1047.03574,747.8607789,409.6260127,376.4350513,527.9265315,220.1078932,234.2721472,317.3606991,286.7312895,324.785409,252.9336943,73.41257382,122.332836,150.3792018,309.4595884,346.6006296,273.2975625,224.3101813,197.1155164,224.4951696,1,1,1,1,0,1,1,0,1,1,1,0,1,1,1,0,0,0,1,0,0,0,0,ENSMUSG00000067279,ENSG00000119938
Zfp763,#N/A,#N/A,-1.572447672,-0.595083758,-0.679092866,-0.166262333,0.747970957,#N/A,#N/A,#N/A,#N/A,#N/A,#N/A,#N/A,#N/A,#N/A,262.0424331,287.1055983,208.2319061,251.7897211,90.57330137,78.80556726,88.71066529,81.09333747,180.1549294,199.2372871,173.8805639,115.2946107,123.3514571,127.5026856,211.6349994,235.052521,247.0515153,145.5142088,129.4763592,158.2421666,228.4106486,250.8405535,266.9418052,215.7559795,201.8652879,245.5943397,1,1,1,0,1,1,1,0,1,1,1,0,1,1,1,0,0,0,0,0,0,0,0,ENSMUSG00000067430,#N/A
Zic3,-1.98899892,0.412070772,-1.556997024,-0.800343046,-0.572490143,-0.244340742,0.463122176,612.1299557,1246.568494,578.473601,283.0673844,8.119170749,486.613367,239.4147812,193.3982777,14.74939914,1542.88111,1889.311916,2048.218366,2400.212885,783.400243,864.7021832,472.2905842,556.0685998,2215.201115,1690.872198,2038.382997,1177.40254,1049.921704,1185.681908,1171.672799,1557.222951,1247.021935,781.3195357,1192.968386,697.8381262,1264.547663,1661.818667,1347.420541,1074.027563,1468.86683,1069.30594,1,1,1,0,1,1,1,0,1,1,1,0,1,1,1,0,0,0,1,0,0,0,0,ENSMUSG00000067860,ENSG00000156925
Il2rb,5.134910363,NA,1.849781188,1.401331349,4.473823211,4.227059994,1.1647E-22,2.896513986,0,0,1.497711029,171.5174821,1.536673791,6.376664875,10.48544879,0,10.04882487,17.45322786,7.981013825,5.47368959,28.23063939,26.98820796,46.22950163,46.33904998,9.058069077,14.98687558,14.66462587,30.27939272,50.67928081,21.40556035,7.680302397,11.11734896,7.058614724,138.9595147,213.4127576,229.9917205,8.289096119,11.86408023,7.626908721,212.9045789,135.3684872,179.7649291,1,0,1,1,0,0,1,1,0,0,1,1,0,0,1,1,1,0,0,0,0,0,0,ENSMUSG00000068227,ENSG00000100385
Shroom4,0.647130175,0.873476981,-0.3654033,-0.399851695,-0.548738517,-0.048032813,0.916936135,1228.12193,769.6775782,151.9223599,1055.886275,158.3238296,1187.336616,962.2966994,2818.255625,549.4151181,3244.997446,3414.724031,3439.816958,3153.757485,2485.472543,2438.654472,2446.415248,2919.360149,3582.969546,2931.256547,3313.157974,2301.233847,2617.154558,2527.717474,2718.827049,3389.203241,2538.748429,1730.43924,2128.769934,2051.250943,2934.340026,3616.849602,2743.144836,2765.858592,3361.650764,2867.799197,1,1,1,0,1,1,1,0,1,1,1,0,1,1,1,0,0,0,1,1,0,0,0,ENSMUSG00000068270,ENSG00000158352
Usf3,-0.192351507,0.975813517,-0.767420219,-0.42232806,-0.572333928,-0.420926624,0.012905543,246.2036888,274.5167747,93.49068299,326.5010042,121.7875612,250.9900525,89.85300506,284.2721672,0,664.7684143,662.3499973,758.92186,562.8777462,430.5172506,349.7671752,388.5777029,388.7331415,1172.516719,975.0284935,1005.574346,810.5560513,742.977381,799.4511452,1648.704915,1710.483548,1696.420405,970.0947255,1175.109578,1252.177145,1779.392634,1825.373487,1833.000396,1401.938633,1380.996058,1279.453674,1,1,1,0,1,1,1,0,1,1,1,0,1,1,1,1,0,1,1,0,0,0,0,ENSMUSG00000068284,ENSG00000176542
Nat8f4,#N/A,#N/A,-1.595238182,-1.061096306,-1.370412625,-0.383918257,0.504685178,#N/A,#N/A,#N/A,#N/A,#N/A,#N/A,#N/A,#N/A,#N/A,370.2605471,405.7875478,193.7209719,228.0703996,97.63096121,127.3843416,106.2029091,64.35979164,269.7291681,218.6320673,221.0168614,115.2946107,78.40945333,146.1162163,193.7142938,145.3196329,132.937244,52.43755273,69.64935186,59.95510662,209.0694243,155.0804773,143.6401142,90.29435265,169.8043304,130.8148545,1,1,1,0,1,1,1,0,1,1,1,0,1,1,1,0,0,0,0,0,0,0,0,ENSMUSG00000068299,#N/A
Htra2,-0.533264529,0.854436118,-0.670443815,0.52057914,1.534942075,0.589693211,0.491007714,258.7552494,115.2408303,731.2306991,143.7802587,276.0518055,299.6513892,285.7905258,208.5439259,313.4247318,201.7494839,250.4538198,167.6012903,124.982579,101.1597911,136.0205681,126.194045,104.2628625,173.1097646,182.4872497,153.9785717,280.6666787,217.0603159,235.4611638,29.86784266,30.96975783,29.41089468,110.1188607,64.29170941,88.45835403,32.2353738,33.04993779,31.77878634,63.68128029,42.74794331,39.66643975,1,1,1,0,1,1,1,1,0,1,1,1,0,1,1,0,0,0,1,1,0,0,0,ENSMUSG00000068329,ENSG00000115317
Il3ra,NA,NA,2.435630751,0.679482383,1.628488655,1.481735084,0.149288899,0,0,0,0,0,0,0,0,0,165.4191171,221.6559938,201.7019857,174.2457853,1105.700043,834.4753903,957.0756283,1231.846412,191.2259027,216.8689054,187.4977165,284.1604548,370.0543712,299.6778449,5.973568531,26.99927606,9.411486298,36.70628691,33.03879511,62.90371842,6.447074759,28.81276628,10.16921163,67.48314777,45.12282905,16.03536926,1,1,1,1,0,1,1,1,0,0,1,1,0,0,1,0,0,0,0,0,0,0,0,ENSMUSG00000068758,ENSG00000185291
H2bc21,0.217521393,0.95077689,-0.537128096,-0.636022098,-1.051028177,-0.587566074,0.23552232,276.1343333,214.5540662,36.7284826,182.7207455,260.8283603,214.6221061,223.7629674,213.2041254,129.0572425,786.1272993,897.0959121,551.4155006,582.9479413,388.1712916,468.5152903,588.4890613,496.8575915,404.5937521,398.4745742,317.3844028,179.3471723,228.5348701,311.7766398,186.0339914,208.8473413,174.1124965,60.30318564,78.57875595,134.6532722,200.7803282,222.8752215,188.1304151,181.5391722,151.9926873,75.11304548,1,1,1,0,1,1,1,0,1,1,1,0,1,1,1,0,0,0,1,1,0,0,0,ENSMUSG00000068854,ENSG00000184678
Msi2,-0.017439534,0.99624411,-0.93060917,-0.368513695,-0.655911511,-0.342656317,0.049225263,364.9607622,381.3253492,318.0352698,332.4918483,444.5245985,348.8249505,467.8153231,471.8451955,33.18614808,1552.929935,1700.817055,1673.836263,2156.633698,689.2981117,863.6226549,1085.768565,1078.670108,1498.607206,1321.489794,1499.981732,1133.148043,1123.550093,1088.891548,5336.956799,5708.758693,4759.859195,2731.996497,4273.612795,3023.309967,5760.000792,6092.205199,5143.078781,4312.268189,4578.779706,4514.37843,1,1,1,0,1,1,1,0,1,1,1,0,1,1,1,1,0,1,1,1,0,0,0,ENSMUSG00000069769,ENSG00000153944
Irgm2,#N/A,#N/A,3.072597761,-0.489258519,0.881423809,1.247930375,4.12353E-09,#N/A,#N/A,#N/A,#N/A,#N/A,#N/A,#N/A,#N/A,#N/A,2305.045827,3049.951569,2130.930691,3104.494279,22082.24138,18762.20218,27686.47369,20551.36867,1064.826343,1025.278606,1207.736688,628.879695,900.7525005,817.1339994,1042.814392,1190.350435,721.1551376,1823.515896,1470.672853,2154.452356,1125.475051,1270.304019,779.2158409,3034.840716,2447.319755,2068.562634,1,1,1,1,0,1,1,0,1,1,1,1,0,1,1,1,1,0,0,0,0,0,0,ENSMUSG00000069874,#N/A
Sp110,-0.659424611,0.873974344,2.8540848,0.88873692,1.091656832,0.982727423,2.00039E-05,1065.917147,1292.945901,100.1685889,187.2138786,528.760995,1351.760711,140.2866273,396.1169543,508.8542705,364.8496414,380.4803674,230.7238542,345.7547258,2550.167758,2111.557391,2325.218987,2561.519707,122.7871586,116.368681,104.7473277,214.2849331,228.5348701,194.5113962,153.6060479,161.9956563,167.0538818,325.1128269,347.3538189,354.8162867,165.7819224,172.8765977,180.5035064,341.2176063,321.7970177,361.2177917,1,1,1,1,0,1,1,1,0,1,1,1,0,1,1,1,1,0,1,1,0,0,0,ENSMUSG00000070034,ENSG00000135899
Mfhas1,0.212480988,0.9476157,-0.827170061,-0.521046882,-0.868908959,-0.211006737,0.511810609,233.6521282,137.2583874,54.25798566,209.679544,98.44494533,171.0830153,186.082675,167.7671806,151.1813412,1348.861492,1440.76396,1382.892032,1494.317258,775.1663065,772.9422761,864.6166251,781.3278705,1721.033125,1369.095163,1419.32629,986.4094475,1013.585616,1141.009434,679.2800787,813.1546671,685.862064,275.2971518,473.2584165,441.3088995,733.1245012,867.7727255,741.0812973,710.9492188,718.4029362,596.6845298,1,1,1,0,1,1,1,0,1,1,1,0,1,1,1,0,0,0,1,1,0,0,0,ENSMUSG00000070056,ENSG00000147324
Gmppb,1.581498369,0.669597485,1.254519932,0.984356584,0.833446909,0.655612012,0.097159278,279.0308473,0,207.0150838,697.9333393,287.2156653,304.2614105,431.8741211,302.912965,884.9639487,202.5224704,248.708497,211.134093,255.4388475,545.7923615,472.8334035,580.9923853,588.2484956,164.0516955,212.4610009,175.9755105,384.3153692,364.3170941,347.1423482,82.7765925,89.73288807,81.17406932,178.2876793,133.0481209,142.516237,89.33803595,95.76007616,87.70945029,127.3625606,144.8680301,157.8217922,1,1,1,1,0,1,1,1,0,1,1,1,0,1,1,0,0,0,0,1,0,0,0,ENSMUSG00000070284,ENSG00000173540
Scn2b,3.170146795,NA,0.816164578,-0.797429982,-2.62180587,-1.214840283,2.14461E-07,1.931009324,0,0,0,33.49157934,0,0,0,0,521.7659066,400.5515794,650.0898533,416.0004088,862.2107779,913.2809575,885.8572069,843.1132705,450.8905496,521.8959025,448.3185624,299.3001511,211.3230389,308.0539337,989.9056423,871.9177973,1341.136798,154.6907806,169.6586776,194.6083789,1068.372389,930.4828639,1449.112657,431.511959,415.6050044,634.663036,1,1,1,1,0,1,1,0,1,1,1,0,1,1,1,1,0,1,0,0,0,0,0,ENSMUSG00000070304,ENSG00000149575
Eif3g,0.047478254,0.985497682,0.343739324,0.573707078,0.989405375,0.521459569,0.068143767,1383.568181,1461.591019,1248.768408,1385.382701,1525.389205,1645.265405,1642.860751,984.4671364,1275.823026,1934.012294,2319.533983,1945.91628,2380.14269,2839.531812,2665.355419,2608.843227,2771.332628,1507.665275,1566.569288,1768.134891,2619.16747,2426.868202,2161.961595,256.8634468,267.6104715,290.5796395,541.4177319,676.8488296,398.0625931,277.2242146,285.5853599,313.974409,335.5148051,436.9789761,484.436945,1,1,1,1,0,1,1,1,0,1,1,1,0,1,1,0,0,0,1,1,0,0,0,ENSMUSG00000070319,ENSG00000130811
Ccnd1,0.014812167,0.99624411,-0.794052129,0.740615412,1.016421105,0.203230502,0.609803213,2243.832835,741.5700586,646.0873985,2035.389288,756.097776,1150.968669,1217.363294,1019.418632,1157.827833,2186.778889,2948.722847,1616.518073,2142.037193,956.3129092,1447.647475,1755.471616,969.2584621,1012.490832,944.1731615,878.8300792,1946.033278,1347.303899,1447.202015,841.4197959,1112.528993,705.8614724,2052.930189,1683.19267,1652.205479,908.1165304,1187.255457,762.6908721,1217.54806,1144.694927,933.4272843,1,1,1,0,1,1,1,1,0,1,1,1,0,1,1,0,0,0,1,1,0,0,0,ENSMUSG00000070348,ENSG00000110092
Il18bp,0.373541968,0.937321999,4.161262143,0.839330118,1.780439477,1.172830021,0.000398619,219.1695583,1095.256347,247.9172576,432.8384873,228.3516773,1453.693406,1023.164864,723.4959665,184.3674893,173.1489823,231.2552692,211.134093,250.8774395,4362.810062,3241.823541,3699.609576,4176.950477,123.7936107,175.4346024,99.50996129,182.8409484,309.8129619,221.5010158,109.2309674,97.67385161,96.46773456,393.2816455,284.8479903,366.6107339,117.889367,104.2344192,104.2344192,331.7129376,232.7388025,172.1692278,1,1,1,1,0,1,1,1,0,1,1,1,0,1,1,1,1,0,1,1,0,0,0,ENSMUSG00000070427,ENSG00000137496
Rasal2,-0.283706644,0.942983417,-1.015417268,-0.572819057,-0.85970292,-0.136443441,0.610251809,451.8561818,1501.878464,289.6541696,572.1256129,338.9753788,950.1766272,547.2337857,936.7000919,339.2361803,1374.370047,1335.171931,2691.778299,1559.089252,872.7972677,857.145485,870.863855,843.1132705,2041.084899,2149.294274,1598.44422,1285.709599,1104.425837,1502.11193,4270.248133,4720.902828,4123.407435,2131.586518,2612.743635,2480.765395,4608.737442,5037.996927,4455.385844,4087.958008,4557.405734,4187.763277,1,1,1,0,1,1,1,0,1,1,1,0,1,1,1,0,0,0,1,1,0,0,0,ENSMUSG00000070565,ENSG00000075391
Lrrc8b,-0.516396558,0.883077173,-0.994582817,-0.431050346,-0.670638008,-0.513845114,0.014073341,243.3071748,409.9013274,247.0825193,278.5742513,283.1560799,212.5732077,251.5884142,210.8740257,18.43674893,1436.981956,1792.446501,1215.290741,1273.545111,715.1761978,813.9643522,613.4779811,725.9784497,1336.568415,1366.45042,1135.461032,910.7109657,965.774974,970.6956279,1152.04536,1143.498751,1143.495585,723.6382277,649.167677,788.2622214,1243.364418,1220.305395,1235.559213,968.5257405,920.2682241,703.8683138,1,1,1,0,1,1,1,0,1,1,1,0,1,1,1,1,0,1,1,1,0,0,0,ENSMUSG00000070639,ENSG00000197147
Runx3,4.350949345,0.40663199,2.246053876,3.343069184,4.849371848,4.055002768,4.45531E-09,3.862018648,0,0,0,120.7726649,24.58678065,0,6.990299193,0,6.956878755,1.745322786,6.529920402,8.210534385,27.05436275,23.74962301,24.9889198,36.04148332,6.038712718,4.407904582,6.28483966,66.38174558,38.24851382,64.21668104,3.413467732,4.764578127,3.529307362,102.2532278,108.0457894,130.7217898,3.684042719,5.084605814,3.81345436,102.650422,40.37305757,67.51734425,1,0,1,1,0,0,1,1,0,0,1,1,0,0,1,1,1,0,0,0,0,0,0,ENSMUSG00000070691,ENSG00000020633
Rasgrp3,1.547540918,0.360707102,-2.025531203,-0.802517425,-0.818856613,-0.093447772,0.834902193,811.9894208,392.568357,667.7905928,4217.554256,939.7940142,461.5143618,1893.869468,2575.925253,855.4651504,3755.941541,4285.640101,3172.815769,5168.075254,952.7840793,1116.232281,1079.521335,874.0059705,3300.156501,2648.269073,2725.525466,1688.65844,1605.481368,1678.940472,2163.285175,2280.64473,2129.348775,956.9853373,1580.504523,1185.341944,2334.762073,2433.831316,2300.784131,1919.943077,2758.429787,1952.095216,1,1,1,0,1,1,1,0,1,1,1,0,1,1,1,0,0,0,1,1,0,0,0,ENSMUSG00000071042,ENSG00000152689
Treml2,20.8021687,NA,3.474196607,1.564119833,3.101619797,2.662915395,1.2879E-05,0,0,0,0,131.9365247,0,0,2.330099731,0,2.318959585,7.853952537,4.353280268,3.649126393,56.46127877,43.18113274,34.98448772,65.64698747,7.045164838,12.34213283,18.85451898,41.925313,45.89821658,25.1282665,6.826935464,14.29373438,7.058614724,45.88285864,93.75874289,105.1671542,7.368085439,15.25381744,7.626908721,60.82987968,46.31027192,86.92858072,1,0,1,1,0,0,1,1,0,0,1,1,0,0,1,1,1,0,0,0,0,0,0,ENSMUSG00000071068,ENSG00000112195
Srsf3,-0.68056487,0.642470798,0.715989229,0.504442617,0.644200881,0.164481251,0.644854164,5442.54978,3100.72787,8726.353571,4430.229223,3543.003136,3671.113686,2609.215328,4153.402771,3141.622018,1752.36046,1931.199663,2276.76558,3068.915297,3327.686618,3239.664484,4059.450021,4203.98159,1382.865212,1354.989869,1565.972549,1990.287775,2306.385383,1807.373835,921.6362876,867.1532192,729.3901881,1274.232531,1269.761261,1394.693382,994.6915343,925.3982581,788.1139011,1100.640635,1056.824154,881.9453093,1,1,1,1,0,1,1,1,0,1,1,1,0,1,1,0,0,0,1,1,0,0,0,ENSMUSG00000071172,ENSG00000112081
Arhgef10,0.421229968,0.923583056,-1.727418748,-0.391710598,-0.783104453,-0.244873984,0.35095912,15.44807459,136.32147,24.20740899,83.8718176,57.84909159,28.68457742,68.40422321,83.88359032,154.868691,1386.737832,1414.584118,1406.109527,1196.001175,389.3475682,483.6286867,413.5666227,343.6812874,1295.303878,1121.370926,1129.176192,901.3942295,836.6862398,964.1808922,914.8093522,942.5923729,997.6175476,452.2738923,577.7324443,626.0885724,987.3234488,1005.904517,1077.936432,773.6800322,898.8942525,918.2358818,1,1,1,0,1,1,1,0,1,1,1,0,1,1,1,0,0,0,1,1,0,0,0,ENSMUSG00000071176,ENSG00000104728
C1qtnf9,-1.142065083,0.92353414,-1.071263067,-0.947517622,-1.006072381,-0.215294925,0.725908333,4.82752331,0,13.35581186,0,0,14.34228871,1.159393614,0,0,738.9751211,709.4737125,594.9483033,443.3688568,256.4283078,335.7333071,376.083243,214.9617041,776.9810364,523.6590643,775.1302248,391.3029213,240.9656371,443.9327081,128.8584069,139.7609584,130.5843724,48.50473628,93.75874289,55.04075362,139.0726127,149.1484372,141.0978113,140.6690968,111.6196298,117.3113856,1,1,1,0,1,1,1,0,1,1,1,0,1,1,1,0,0,0,0,0,0,0,0,ENSMUSG00000071347,ENSG00000240654
Psmg4,-1.217778519,0.399564644,1.57606872,0.832535433,1.379180588,0.946548428,0.044933463,178.6183625,331.6687312,581.812554,115.3237492,111.6385978,240.2333359,186.6623718,214.3691753,66.37229615,258.950487,305.4314876,229.9983075,277.3336059,718.7050277,754.5902947,870.863855,848.2620538,151.9742701,176.3161833,189.5926631,319.0982156,332.7620702,270.8268722,37.54814505,43.6752995,59.99822515,125.8501266,164.3010352,74.69816562,40.52446991,46.60888663,64.82872412,89.34388578,97.37031533,103.8079168,1,1,1,1,0,1,1,1,0,1,1,1,0,1,1,1,1,0,1,1,0,0,0,ENSMUSG00000071451,ENSG00000180822
Eef1g,NA,NA,0.33448763,0.702610695,0.61023696,0.300025361,0.149466498,0,0,0,0,0,0,0,0,0,4090.644708,4836.28944,4473.721022,5195.443702,5515.56117,5835.93009,6121.035905,5973.87586,2452.723816,2719.677127,2852.269733,4214.658548,4893.897343,3950.721899,1136.684755,1264.995493,1298.785109,2008.35827,1855.530169,1784.89301,1226.786226,1349.962844,1403.351205,1574.923604,1725.35449,1599.317092,1,1,1,1,0,1,1,1,0,1,1,1,0,1,1,0,0,0,0,0,0,0,0,ENSMUSG00000071644,ENSG00000254772
Csf2rb,2.135924608,0.613352568,4.364293804,2.253145467,3.744848004,3.487625046,2.03133E-20,34.75816783,56.21503919,0,134.7939926,473.9565925,100.9082456,24.92696269,65.24279247,0,38.64932642,43.63306965,60.94592375,41.05267192,1122.167916,983.4502982,902.1000048,804.4973955,46.29679751,123.4213283,128.839213,554.3458052,433.164419,437.4179723,24.74764106,57.17493753,15.29366523,344.7769092,485.7595822,500.2811356,26.70930972,61.01526976,16.52496889,490.4409049,258.8625456,443.9265384,1,1,1,1,0,1,1,1,0,1,1,1,0,1,1,1,1,0,0,0,0,0,0,ENSMUSG00000071713,ENSG00000100368
Csf2rb2,#N/A,#N/A,6.243179609,1.417562823,3.307559014,2.957381324,2.99581E-16,#N/A,#N/A,#N/A,#N/A,#N/A,#N/A,#N/A,#N/A,#N/A,19.32466321,14.83524368,34.82624214,36.49126393,2460.770733,1959.343898,2044.09364,1533.050237,73.47100474,120.7765855,102.6523811,289.9834149,257.2212554,248.4906353,23.89427412,30.96975783,22.35227996,183.5314346,280.3832883,304.6898861,25.78829904,33.04993779,24.15187761,269.9325911,138.9308158,238.8426053,1,1,1,1,0,1,1,1,0,1,1,1,0,1,1,1,1,0,0,0,0,0,0,ENSMUSG00000071714,#N/A
Ncf4,23.09114611,NA,2.967034317,2.52971723,3.411729606,2.512111587,0.003484666,0,0,0,0,673.8911722,0,0,23.30099731,0,8.502851811,27.92516458,19.58976121,11.85966078,124.685324,145.736323,114.9490311,144.1659333,15.0967818,12.34213283,25.13935864,122.2821629,87.97158179,91.20630061,8.53366933,5.558674482,2.352871575,43.260981,78.57875595,57.98936542,9.210106799,5.932040116,2.542302907,40.87007541,22.56141453,39.66643975,1,0,1,1,0,1,1,1,0,0,1,1,0,0,1,1,1,0,0,0,0,0,0,ENSMUSG00000071715,ENSG00000100365
Apcdd1,-0.744170964,0.80556234,-2.170202339,-0.361090638,-0.562941844,0.172199819,0.574775413,1801.631699,3162.095954,2175.327856,1625.016466,420.1670863,1754.369244,3569.19324,576.6996834,575.2265666,14892.35845,17897.41251,12909.65263,13243.59196,3658.220354,3899.256287,2931.200292,2605.284366,11547.02517,12540.48854,10139.54132,9498.412578,8010.195007,9142.035622,3353.732047,3821.191658,3459.89765,2198.444398,2763.650564,2235.047745,3619.571972,4077.853863,3738.456424,3714.424528,5090.567583,4084.799327,1,1,1,0,1,1,1,0,1,1,1,0,1,1,1,0,0,0,1,1,0,0,0,ENSMUSG00000071847,ENSG00000154856
Mcc,-0.345634984,0.93345634,-1.703122974,-0.924973106,-0.829518217,-0.098698786,0.816110631,1040.814026,1198.785711,209.5192985,464.2904189,483.0906596,1449.083384,746.6494872,350.6800095,357.6729293,1227.502607,1240.924501,837.2809049,1007.158885,374.0559719,317.3813257,316.1098355,316.6501749,1562.01369,1252.726482,1079.944948,661.4882718,589.0271128,800.3818217,1862.046648,2167.883048,2099.93788,905.8587234,1355.48354,1184.359073,2009.645303,2313.495645,2269.005344,1759.314176,2474.630941,1925.088278,1,1,1,0,1,1,1,0,1,1,1,0,1,1,1,0,0,0,1,1,0,0,0,ENSMUSG00000071856,ENSG00000171444
Klf12,-0.589214534,0.896672932,-2.043994317,-0.602675581,-1.239756901,-0.569747396,0.00023701,287.7203893,785.6051727,85.97803882,176.7299014,167.4578967,514.7857198,369.266866,287.7673168,22.12409872,886.615548,1129.223843,729.8999916,906.8079087,196.4381991,177.0426442,263.6331039,249.7159916,815.226217,603.0013468,744.7534998,371.5048569,481.9312741,568.643364,2214.487191,2147.236543,2202.287794,819.3367614,977.7697473,979.9219885,2390.022714,2291.462353,2379.595521,1581.576872,1709.917733,1467.658271,1,1,1,0,1,1,1,0,1,1,1,0,1,1,1,1,0,1,1,1,0,0,0,ENSMUSG00000072294,ENSG00000118922
Nanos1,1.692762989,0.760668033,-1.218066279,-0.961083595,-1.02353001,-0.154672558,0.786333438,3.862018648,0,0,2.995422057,5.074481718,6.658919759,1.739090421,5.825249328,0,557.3232869,616.9716049,521.6680854,727.0884339,236.4316049,251.5300982,251.138644,302.4910207,513.2905811,357.9218521,295.387464,210.791157,119.5266057,268.9655192,209.0748986,190.5831251,177.6418039,76.03445146,90.18698126,116.9616014,225.6476166,203.3842325,191.9438695,187.2419734,200.677845,171.325261,1,1,1,0,1,1,1,0,1,1,1,0,1,1,1,0,0,0,0,0,0,0,0,ENSMUSG00000072437,ENSG00000188613
Slfn2,#N/A,#N/A,3.841386493,0.994577681,1.600237728,1.585017241,4.12564E-19,#N/A,#N/A,#N/A,#N/A,#N/A,#N/A,#N/A,#N/A,#N/A,990.1957428,1438.145976,1107.184281,1535.36993,17155.99481,15167.37288,20568.37989,19771.32799,354.2711461,400.237736,536.3063177,800.0747231,1055.658981,714.7595803,305.505362,410.5478153,371.7537088,1006.801012,1321.551805,968.1275413,329.7218234,438.1235343,401.6838593,1296.436811,1123.320955,1088.717176,1,1,1,1,0,1,1,1,0,1,1,1,0,1,1,1,1,0,0,0,0,0,0,ENSMUSG00000072620,#N/A
G530011O06Rikx,#N/A,#N/A,1.308024666,1.751061488,4.996405365,2.185679333,0.004138246,#N/A,#N/A,#N/A,#N/A,#N/A,#N/A,#N/A,#N/A,#N/A,22.41660932,20.07121204,20.31530792,19.15791356,52.93244885,50.73783097,26.23836579,73.37016247,7.045164838,2.644742749,21.99693881,31.44398475,39.20472667,34.43503186,14.50723786,8.7350599,9.411486298,534.8630378,96.43756412,413.7885227,15.65718156,9.321777325,10.16921163,98.84855448,30.87351462,30.38280491,1,1,1,1,0,0,1,1,0,0,1,1,0,0,1,1,1,0,0,0,0,0,0,ENSMUSG00000072844,#N/A
H2-Q6,#N/A,#N/A,3.927643187,1.276489356,2.283456433,2.046157998,6.35898E-09,#N/A,#N/A,#N/A,#N/A,#N/A,#N/A,#N/A,#N/A,#N/A,71.1147606,113.4459811,26.11968161,42.87723512,1052.767594,698.4548221,1079.521335,1019.4591,16.10323392,12.34213283,12.56967932,37.26694489,27.73017252,34.43503186,83.62995943,73.85096097,43.52812413,340.8440927,235.7362678,410.8399109,90.25904663,78.81139011,47.03260378,385.8895492,175.7415447,335.8987876,1,1,1,1,0,1,1,1,0,1,1,1,0,1,1,1,1,0,0,0,0,0,0,ENSMUSG00000073409,#N/A
H2-D1,#N/A,#N/A,2.006903473,0.537198706,0.92329893,0.989682884,2.71689E-07,#N/A,#N/A,#N/A,#N/A,#N/A,#N/A,#N/A,#N/A,#N/A,19173.15785,24900.52019,15248.81523,20745.28355,85204.77478,69630.65608,71846.89276,95119.91046,9730.379093,9767.034973,11679.32704,13468.5068,19335.57995,12436.63056,3367.385918,3930.776955,2788.152816,6702.830178,5407.647114,7024.57618,3634.308143,4194.799796,3012.628945,8540.895294,5652.22806,7339.979287,1,1,1,1,0,1,1,1,0,1,1,1,0,1,1,1,1,0,0,0,0,0,0,ENSMUSG00000073411,#N/A
Ifi204,#N/A,#N/A,6.252069823,1.655139547,3.453593009,2.904435934,9.14991E-46,#N/A,#N/A,#N/A,#N/A,#N/A,#N/A,#N/A,#N/A,#N/A,44.06023211,54.97766776,55.86709677,41.05267192,5332.062014,2532.573435,3769.578552,3323.53964,36.23227631,60.82908323,81.70291558,181.6763563,210.366826,170.3138062,131.4185077,133.4081876,91.76199141,1342.40135,1050.09792,1538.192489,141.8356447,142.3689628,99.14981337,1126.303241,854.9588663,908.1082802,1,1,1,1,0,1,1,1,0,1,1,1,0,1,1,1,1,0,0,0,0,0,0,ENSMUSG00000073489,#N/A
Ecscr,0.610058711,0.860825186,1.158262116,2.024598728,1.192365478,0.471533325,0.087126763,511.7174709,275.453692,1741.263971,2177.671836,271.9922201,1313.343866,1542.573203,1364.273393,1047.207339,1312.531125,1450.363235,1644.088848,1209.685399,3537.06386,3213.755804,2688.80777,3098.28037,1058.78763,1084.344527,1022.333918,4228.633653,5277.338694,3374.633123,354.1472772,503.4570888,359.9893509,1004.179135,1039.382635,743.0501738,382.2194321,537.2733476,388.9723447,632.0604686,539.0990629,644.7906376,1,1,1,1,0,1,1,1,0,1,1,1,0,1,1,0,0,0,1,1,0,0,0,ENSMUSG00000073599,ENSG00000249751
Hspe1,-0.515264366,0.864546679,1.522620645,1.091019757,1.566440626,0.442264736,0.333521745,221.1005676,437.5403883,1357.28438,268.0902741,345.0647568,446.1476239,455.0619934,604.6608802,704.2838092,460.6999709,446.8026332,370.0288228,522.7373558,1163.337598,834.4753903,1701.745438,1472.552033,245.5743172,281.2243123,241.9663269,611.4108146,536.4354063,493.2585645,105.8174997,129.4377058,162.3481386,618.7631222,285.7409307,273.2380269,114.2053243,138.1317913,175.4189006,212.9045789,155.5550159,209.3037672,1,1,1,1,0,1,1,1,0,1,1,1,0,1,1,0,0,0,1,1,0,0,0,ENSMUSG00000073676,ENSG00000115541
Lmbrd1,-0.973763991,0.503743878,-0.436751345,-0.383440247,-0.97929343,-0.411545723,0.063629607,1505.221768,1600.723241,5183.724476,1040.909165,1200.622375,1602.750764,1829.523122,1512.234725,1253.698927,3133.687386,3674.777126,3188.05225,3849.828345,2480.767436,2516.380511,2548.86982,2682.516116,2736.543314,2635.045359,2763.234504,1993.781552,2098.887196,2141.486711,2176.085679,2584.783634,2056.409756,1046.129177,1290.29889,1120.472484,2348.577234,2758.398654,2221.972741,1916.14121,2070.900365,1527.579914,1,1,1,0,1,1,1,0,1,1,1,0,1,1,1,0,0,0,1,1,0,0,0,ENSMUSG00000073725,ENSG00000168216
8030451A03Rik,#N/A,#N/A,4.35977386,4.357201071,3.98498767,3.325798591,0.065007097,#N/A,#N/A,#N/A,#N/A,#N/A,#N/A,#N/A,#N/A,#N/A,2.318959585,0,0,0,7.057659847,19.43150973,6.24722995,16.73354583,0,0,2.094946553,8.152144194,21.99289545,10.23744191,4.266834665,0,0,22.28595991,16.07292735,32.43472981,4.605053399,0,0,6.65326809,7.124657219,33.75867213,1,0,0,1,0,0,0,1,0,0,1,1,0,0,0,0,0,0,0,0,0,0,0,ENSMUSG00000073821,#N/A
Gvin3,#N/A,#N/A,3.385297196,1.161562872,3.124848175,2.975590256,3.49752E-22,#N/A,#N/A,#N/A,#N/A,#N/A,#N/A,#N/A,#N/A,#N/A,15.45973057,10.47193672,7.981013825,2.736844795,116.4513875,72.32839735,97.45678722,101.6884708,23.14839875,30.85533207,23.04441209,51.24204922,52.5917065,68.87006373,56.32221758,72.26276827,32.94020204,365.7519303,397.3584818,661.471914,60.78670487,77.11652151,35.5922407,620.6548661,333.6714464,427.0472024,1,0,1,1,0,1,1,1,0,1,1,1,0,1,1,1,1,0,0,0,0,0,0,ENSMUSG00000073902,#N/A
I830077J02Rik,#N/A,#N/A,1.687621473,2.061485164,2.883149477,1.806703554,0.047726831,#N/A,#N/A,#N/A,#N/A,#N/A,#N/A,#N/A,#N/A,#N/A,18.55167668,20.94387343,8.706560536,10.03509758,39.9934058,47.49924602,67.47008346,32.17989582,9.058069077,19.39478016,15.71209915,81.52144194,37.29230098,67.00871065,4.266834665,11.91144532,10.58792209,60.30318564,54.46936492,81.57825983,4.605053399,12.71151453,11.44036308,48.47381037,20.18652879,31.22677172,1,0,1,1,0,0,1,1,0,0,1,1,0,0,1,1,1,0,0,0,0,0,0,ENSMUSG00000074342,#N/A
Pira12,#N/A,#N/A,4.443160341,3.715295095,6.197756615,3.534771828,NA,#N/A,#N/A,#N/A,#N/A,#N/A,#N/A,#N/A,#N/A,#N/A,0.772986528,1.745322786,2.902186845,0.912281598,18.82042626,47.49924602,17.49224386,56.63661664,2.012904239,2.644742749,0,36.10235286,7.649702764,19.54420727,0,0,0,3.932816455,20.5376294,12.7773178,0,0,0,3.80186748,0,2.531900409,1,0,1,1,0,0,0,1,0,0,0,1,0,0,0,0,0,0,0,0,0,0,0,ENSMUSG00000074417,#N/A
Eif2s2,0.28483113,0.93370534,1.937758751,0.772509736,0.87013874,0.406944329,0.077258482,180.5493718,425.3604632,305.5141962,256.1085859,161.3685186,409.7796775,371.0059564,299.4178154,730.0952577,1016.477285,1191.182802,1083.966787,1136.702872,4056.978135,3411.309487,4213.131878,5283.938894,947.0714447,1050.844452,1006.621819,1693.316808,1925.812671,1514.210725,523.9672969,585.2490133,596.4529442,1165.424609,922.407442,1031.03126,565.5005574,624.5590808,644.4737869,873.4790535,710.0908362,845.6547367,1,1,1,1,0,1,1,1,0,1,1,1,0,1,1,0,0,0,1,1,0,0,0,ENSMUSG00000074656,ENSG00000125977
Sirpb1c,#N/A,#N/A,2.51700801,3.656633196,7.404540048,6.485979442,0.000444168,#N/A,#N/A,#N/A,#N/A,#N/A,#N/A,#N/A,#N/A,#N/A,0.772986528,2.617984179,2.176640134,6.385971188,12.93904305,20.51103805,13.74390589,19.30793749,4.025808479,7.052647331,4.189893107,66.38174558,43.02957805,85.62224139,0,0,0,24.90783755,21.4305698,40.29769461,0,0,0,7.60373496,28.49862888,13.50346885,1,0,1,1,0,0,1,1,0,0,1,1,0,0,0,1,1,0,0,0,0,0,0,ENSMUSG00000074677,#N/A
Ptar1,-1.302668236,0.615486127,-0.52395084,-0.476935501,-1.004017329,-0.235586049,0.355605078,353.3747063,666.1482144,831.399288,148.2733918,187.7558236,375.4606295,365.7886851,412.4276524,7.374699572,877.3397096,884.0059912,938.8574445,1044.56243,584.6094906,580.7862354,682.1975105,758.1583455,1116.155401,915.9625721,924.9189033,712.730321,726.7217626,684.9779311,3017.505475,3402.702879,3197.55247,1384.351392,1857.31605,1550.969807,3256.693764,3631.255985,3454.98965,2458.857793,3103.975662,3222.265254,1,1,1,0,1,1,1,0,1,1,1,0,1,1,1,0,0,0,1,0,0,0,0,ENSMUSG00000074925,ENSG00000188647
Qser1,-0.320055399,0.936208672,-0.575033724,-0.449717934,-0.487117999,-0.124493375,0.685829421,86.89541958,301.2189183,51.75377094,73.3878404,120.7726649,88.10263066,162.8948027,195.7283774,62.68494636,725.8343501,713.8370195,885.1669878,901.3342191,589.3145972,518.1735929,506.0256259,552.2070123,887.6907696,742.2911316,832.741255,595.1065262,588.0709,618.899897,2347.612433,2513.314962,2166.99472,1435.478006,1873.388977,1703.31475,2533.70038,2682.129567,2341.460977,2160.411196,2524.503541,2251.703431,1,1,1,0,1,1,1,0,1,1,1,0,1,1,1,0,0,0,1,1,0,0,0,ENSMUSG00000074994,ENSG00000060749
Cd80,6.470039043,0.174928758,1.284485449,0.91595888,1.413720855,0.952605009,0.053625319,0,0,0,0,48.7150245,17.92786089,0,3.495149597,0,46.3791917,47.12371522,44.9838961,51.08776951,97.63096121,69.08981239,89.96011128,205.9513332,38.24518055,44.96062674,50.27871728,90.83817817,80.32187902,80.96885871,52.05538291,39.70481773,44.70455992,87.83290082,156.2645715,117.944472,56.18165147,42.37171511,48.30375523,86.49248517,75.99634367,120.6872528,1,1,1,1,0,1,1,1,0,1,1,1,0,1,1,0,0,0,0,0,0,0,0,ENSMUSG00000075122,ENSG00000121594
Amd1,0.252853259,0.929583494,-1.331731927,-0.734649373,-0.782217158,-0.407879366,0.096591489,690.3358333,450.6572308,800.5139731,805.7685334,1360.975997,528.1035594,490.4234986,700.1949692,741.157307,1396.01367,1791.57384,1993.076816,2536.142843,713.9999212,831.2368053,735.9236881,783.9022622,1258.06515,1013.818054,1344.955687,599.7648943,713.3347828,858.083767,1034.280723,929.0927348,754.0953397,469.3160969,650.0606174,459.9834409,1116.264944,991.4981337,814.8080816,671.9800771,805.0862657,729.1873179,1,1,1,0,1,1,1,0,1,1,1,0,1,1,1,0,0,0,1,1,0,0,0,ENSMUSG00000075232,ENSG00000123505
Nynrin,-0.894103442,0.825144058,-1.365425855,-0.337486735,-0.897526694,-0.324291299,0.236907825,415.1670047,890.0714538,92.65594475,163.2505021,206.0239578,386.7295706,262.0229567,476.505395,7.374699572,1007.201446,1231.325226,1302.356347,1443.229489,436.3986339,611.0130283,482.2861521,402.8922957,1100.052167,1049.962871,986.7198267,789.5933948,836.6862398,855.2917374,888.3549773,1059.324537,763.506826,372.3066244,554.5159937,526.8186418,958.7721177,1130.477359,824.9772933,815.5005745,820.5230231,695.4286458,1,1,1,0,1,1,1,0,1,1,1,0,1,1,1,0,0,0,1,0,0,0,0,ENSMUSG00000075592,ENSG00000205978
Zfp652,#N/A,#N/A,-0.490311332,-0.47112284,-0.777348364,-0.249764152,0.255987953,#N/A,#N/A,#N/A,#N/A,#N/A,#N/A,#N/A,#N/A,#N/A,1392.148737,1278.448941,1298.003067,1182.316951,1099.818659,920.8376558,789.6498657,855.9852288,1592.207253,1306.502918,1378.474832,1008.536696,996.373785,1079.584783,2693.226041,3041.389038,2657.568444,1384.351392,1727.83969,1781.944398,2906.709706,3245.673378,2871.531133,2504.480202,2750.117687,2338.632011,1,1,1,0,1,1,1,0,1,1,1,0,1,1,1,0,0,0,0,0,0,0,0,ENSMUSG00000075595,#N/A
Sarnp,-1.274153477,0.882340827,0.47430315,0.454357474,0.913868802,0.589546816,0.131514596,18.34458858,7.963797218,0,2.995422057,0,0,11.01423933,6.990299193,0,519.446947,630.0615258,563.024248,700.6322675,833.9801385,759.9879363,893.3538828,863.7084038,386.477614,363.2113376,384.4226926,542.6998849,520.179788,491.3972115,168.9666527,120.7026459,164.7010102,304.1378058,269.6680034,281.1009917,182.3601146,128.8100139,177.9612035,193.8952415,225.6141453,313.9556508,1,1,1,1,0,1,1,1,0,1,1,1,0,1,1,0,0,0,0,0,0,0,0,ENSMUSG00000078427,ENSG00000205323
Slfn1,#N/A,#N/A,6.842925991,3.743153542,6.439692949,6.356851865,4.28112E-33,#N/A,#N/A,#N/A,#N/A,#N/A,#N/A,#N/A,#N/A,#N/A,1.545973057,5.235968358,4.353280268,3.649126393,328.1811829,359.4829301,466.0433543,531.611879,4.025808479,10.578971,14.66462587,165.3720679,125.2638828,101.4437425,5.120201598,3.176385418,1.176435787,222.8595991,265.2033013,376.4394399,5.526064079,3.389737209,1.271151453,345.9699407,292.110946,242.2184725,1,0,1,1,0,0,1,1,0,0,1,1,0,0,1,1,1,0,0,0,0,0,0,ENSMUSG00000078763,#N/A
Eif5a,0.049655462,0.988893254,0.7336446,0.828808011,0.662665187,0.177454957,0.626561671,1218.466883,1708.937191,3514.247994,1836.193721,1411.720814,1787.663843,2715.299843,1492.428878,4096.645612,5141.906386,6557.177707,4959.111772,5857.760143,8784.433956,8043.565502,10149.24978,10462.32773,3014.324099,3307.691598,3317.347867,6215.427652,5596.713785,5312.301672,676.7199779,826.6543051,630.569582,1153.62616,1111.710809,1116.541002,730.3614691,882.1791087,681.337179,921.9528639,920.2682241,756.1942556,1,1,1,1,0,1,1,1,0,1,1,1,0,1,1,0,0,0,1,1,0,0,0,ENSMUSG00000078812,ENSG00000132507
Naip2,#N/A,#N/A,-1.079983336,0.693466216,1.39236856,1.004588783,0.001452363,#N/A,#N/A,#N/A,#N/A,#N/A,#N/A,#N/A,#N/A,#N/A,160.0082114,205.0754274,232.9004943,188.8422909,77.63425831,109.0323602,87.4612193,97.82688329,151.9742701,134.0002993,120.4594268,216.6141172,231.4035086,209.4022208,106.6708666,138.966862,97.64417035,321.1800105,278.5974075,305.6727567,115.126335,148.3010029,105.5055706,253.7746543,191.178302,296.2323479,1,1,1,0,1,1,1,1,0,1,1,1,0,1,1,1,1,0,0,0,0,0,0,ENSMUSG00000078945,#N/A
Ifi27l2a,#N/A,#N/A,2.080332107,2.053787144,2.681454682,2.548370044,8.20992E-15,#N/A,#N/A,#N/A,#N/A,#N/A,#N/A,#N/A,#N/A,#N/A,364.8496414,379.607706,176.3078509,212.5616124,1088.055893,1096.800772,1474.346268,1132.732333,61.3935793,84.63176798,168.6431976,361.0235286,510.6176595,431.8339131,61.44241918,32.55795054,36.46950941,297.5831117,249.130374,293.8783095,66.31276895,34.74480639,39.40569506,338.3662057,277.8616315,208.4598004,1,1,1,1,0,1,1,1,0,1,1,1,0,1,1,1,1,0,0,0,0,0,0,ENSMUSG00000079017,#N/A
Psme2,-0.959689903,0.518381913,2.576575749,0.941396332,1.018912185,0.924011314,2.02351E-07,1383.568181,2711.438724,5267.198301,1355.428481,1083.909295,1648.338753,1511.849272,1458.642432,2573.770151,2240.114959,3032.498341,1587.496204,2328.142639,14154.13682,12086.39905,13526.50229,15034.44733,952.1037052,1041.147062,952.1532085,1915.753886,2010.915614,1731.989035,625.5179619,721.0394899,574.1006642,1318.804451,1292.977712,1284.611875,675.1008283,769.4703465,620.3219093,1480.827383,1251.564785,1189.993192,1,1,1,1,0,1,1,1,0,1,1,1,0,1,1,1,1,0,1,1,0,0,0,ENSMUSG00000079197,ENSG00000100911
Zfp664,#N/A,#N/A,-0.290976121,-0.469992733,-0.655659367,-0.260876154,0.252414175,#N/A,#N/A,#N/A,#N/A,#N/A,#N/A,#N/A,#N/A,#N/A,3108.17883,2926.906312,3256.979187,3063.441607,2627.802016,2590.867965,2421.426329,2458.544041,3603.098589,2859.848493,3228.312639,2248.827206,2398.181817,2348.096903,1829.618704,2080.532449,2061.115499,1157.558977,1479.602257,1150.941473,1974.646898,2220.277872,2227.057346,1665.217956,1975.904935,1720.004345,1,1,1,0,1,1,1,0,1,1,1,0,1,1,1,0,0,0,0,0,0,0,0,ENSMUSG00000079215,#N/A
Ccr5,21.54342914,NA,3.007674144,2.617230446,3.507273055,3.060558391,1.05929E-17,0,0,0,0,227.336781,0,0,2.330099731,0,34.01140725,61.08629751,39.90506912,52.9123327,392.8763981,179.2017009,373.584351,562.5045789,15.0967818,45.84220765,48.18377073,245.7289179,168.2934608,256.8667242,53.76211678,24.61698699,18.8229726,380.1722573,290.2056328,449.1718643,58.02367283,26.27046337,20.33842325,334.5643382,225.6141453,322.3953188,1,1,1,1,0,1,1,1,0,1,1,1,0,1,1,1,1,0,0,0,0,0,0,ENSMUSG00000079227,ENSG00000160791
Clec7a,7.061102919,NA,-0.938902795,1.160854292,4.745122947,4.229156309,2.13088E-63,0,0,4.173691205,0,1081.879502,0,0.579696807,23.30099731,0,81.16358547,120.4272722,57.31819019,38.31582713,25.8780861,53.97641593,36.23393371,38.61587498,64.41293566,57.30275957,67.03828971,166.53666,92.75264602,162.868394,37.54814505,35.73433596,37.64594519,975.3384808,1049.20498,945.5215175,40.52446991,38.1345436,40.67684651,637.7632698,634.0944925,960.434222,1,1,1,0,1,1,1,1,0,1,1,1,0,1,1,1,1,0,0,0,0,0,0,ENSMUSG00000079293,ENSG00000172243
Ms4a6c,#N/A,#N/A,3.116259042,1.198656307,1.729340383,1.473474355,0.000152579,#N/A,#N/A,#N/A,#N/A,#N/A,#N/A,#N/A,#N/A,#N/A,47.92516475,72.43089562,90.69333892,78.45621746,529.3244885,584.0248204,589.7385073,808.358983,77.49681322,109.3160336,141.4088924,262.0332062,224.7100187,266.1734895,58.88231838,88.14469536,36.46950941,203.1955168,194.6610091,217.2144027,63.54973691,94.06520755,39.40569506,230.9634494,154.3675731,167.105427,1,1,1,1,0,1,1,1,0,1,1,1,0,1,1,1,1,0,0,0,0,0,0,ENSMUSG00000079419,#N/A
Ctsf,-0.27081444,0.915311402,-1.188550802,-0.700332004,-1.519756743,-0.634964478,0.019988243,1221.363397,1130.390746,1712.88287,843.2113091,1378.229235,681.7709384,1357.649922,880.7776983,1600.309807,1074.451274,1358.733789,1031.727424,1191.439767,503.4464024,506.2987814,548.5067896,483.9856331,966.1940349,1163.68681,1057.948009,684.7801123,476.1939971,801.3124982,295.2649588,337.4909507,287.0503321,89.14383964,133.9410613,96.32131883,318.6696952,360.1595785,310.1609546,232.8643832,180.4913162,222.807236,1,1,1,0,1,1,1,0,1,1,1,0,1,1,1,1,0,1,1,1,0,0,0,ENSMUSG00000083282,ENSG00000174080
Mir22hg,1.513430408,0.411171631,2.221826439,0.901779247,1.073399515,0.179032428,0.867947792,264.5482774,18.7383464,166.9476482,380.4186013,677.9507576,619.7917622,195.9375207,436.8936996,254.4271352,81.16358547,83.77549373,90.69333892,79.36849905,412.873101,297.9498159,281.1253477,572.8021456,134.864584,120.7765855,210.5421286,323.7565837,308.8567491,237.3225169,46.08181438,44.46939586,64.7039683,116.6735548,99.11638534,109.0986366,49.73457671,47.45632093,69.91332994,67.48314777,56.99725775,63.29751023,1,1,1,1,0,1,1,1,0,1,1,1,0,1,1,0,0,0,1,1,0,0,0,ENSMUSG00000085148,ENSG00000186594
Snhg15,0.828550185,0.799848557,2.035140137,1.754633929,2.751368964,1.233092765,0.056969816,130.3431294,226.7339914,585.1515069,179.7253234,594.7292574,314.5059025,294.4859779,292.4275162,1677.744153,20.09764974,10.47193672,8.706560536,7.298252787,52.93244885,53.97641593,43.73060965,41.19026665,43.27744115,42.31588399,37.70903796,154.8907397,163.5123966,98.65171291,17.06733866,31.76385418,25.88158732,192.7080063,145.5492866,166.1051315,18.4202136,33.89737209,27.96533198,63.68128029,85.49588663,40.51040655,1,0,1,1,0,1,1,1,0,1,1,1,0,1,1,0,0,0,1,1,0,0,0,ENSMUSG00000085156,ENSG00000232956
4930430E12Rik,#N/A,#N/A,5.194909249,2.880110471,7.007995264,6.213788241,0.001598837,#N/A,#N/A,#N/A,#N/A,#N/A,#N/A,#N/A,#N/A,#N/A,0.772986528,0.872661393,2.176640134,0,34.11202259,31.30632124,29.98670376,52.77502915,0,0.881580916,6.28483966,16.30428839,20.08046976,14.89082459,0,0,0,20.97502109,23.21645062,21.62315321,0,0,0,19.0093374,4.749771479,16.87933606,1,0,1,1,0,0,1,1,0,0,1,1,0,0,0,1,1,0,0,0,0,0,0,ENSMUSG00000085295,#N/A
Gm13861,#N/A,#N/A,0.560378088,-0.832048684,-1.107726259,0.101262775,0.926388484,#N/A,#N/A,#N/A,#N/A,#N/A,#N/A,#N/A,#N/A,#N/A,562.7341926,589.9191017,477.4097361,587.5093493,741.0542839,795.6123708,989.561224,742.7119955,348.2324334,431.0930681,429.4640435,228.2600374,148.2129911,302.4698745,59.73568531,92.90927348,71.76258303,28.840654,24.10939103,51.10927122,64.47074759,99.14981337,77.54023866,94.09622013,110.4321869,55.70180901,1,1,1,1,0,1,1,0,1,1,1,0,1,1,1,0,0,0,0,0,0,0,0,ENSMUSG00000085382,#N/A
Snhg17,1.113699159,0.535359388,1.137225586,0.776414367,2.248960128,0.789416179,0.040042662,189.2389138,167.2397416,112.6896625,706.9196055,453.6586656,360.0938916,110.7220901,228.3497736,169.6180902,33.23842072,23.56185761,36.27733557,30.10529274,87.04447144,60.45358584,54.97562356,69.50857497,111.7161853,107.5528718,97.41501474,217.7787092,166.3810351,160.0763643,85.3366933,67.49819014,69.40971145,458.8285864,275.0256458,326.3130393,92.10106799,72.03191569,74.99793575,134.9662955,134.1810443,144.3183233,1,1,1,1,0,1,1,1,0,1,1,1,0,1,1,1,1,0,1,1,0,0,0,ENSMUSG00000085385,ENSG00000196756
Oip5os1,#N/A,#N/A,-0.681325959,-0.549116342,-0.807464572,-0.431682265,0.003225677,#N/A,#N/A,#N/A,#N/A,#N/A,#N/A,#N/A,#N/A,#N/A,5973.639891,6479.510843,6273.802413,6962.533158,3619.403225,4297.602236,4480.51332,3620.881878,5963.228809,5208.380054,5240.508803,3374.987696,3736.8798,4102.422174,7817.694473,8214.926788,7730.359558,3944.614904,5082.616805,4547.742268,8437.378838,8766.707857,8352.7362,6091.54217,6707.864772,6150.830061,1,1,1,0,1,1,1,0,1,1,1,0,1,1,1,1,0,1,0,0,0,0,0,ENSMUSG00000085438,#N/A
2610035F20Rik,#N/A,#N/A,-1.173325865,-0.694508193,-0.854987208,-0.390976328,0.47986674,#N/A,#N/A,#N/A,#N/A,#N/A,#N/A,#N/A,#N/A,#N/A,100.4882487,137.8805001,144.3837956,142.3159293,55.28500213,85.28273717,57.47451554,33.46709165,253.6259342,214.2241627,219.9693881,118.7883868,156.8189067,147.9775694,125.4449392,129.4377058,176.4653681,61.61412446,87.50816003,87.47548343,135.3885699,138.1317913,190.672718,89.34388578,118.744287,144.3183233,1,1,1,0,1,1,1,0,1,1,1,0,1,1,1,0,0,0,0,0,0,0,0,ENSMUSG00000085555,#N/A
Wipf3,2.596194909,0.591056497,0.952771277,-1.147003512,-1.598064362,-1.041077975,0.009508391,24.13761655,0,0.834738241,1.497711029,155.2791406,33.2945988,106.0845157,2.330099731,0,169.2840497,65.44960448,227.8216674,127.7194238,406.9917178,266.6434947,229.8980622,240.7056207,141.9097489,146.3424321,158.1684648,68.71092964,62.15383496,70.7314168,446.310906,281.1101095,527.0432327,142.8923312,140.1916441,130.7217898,481.6885856,299.991743,569.4758511,202.4494433,117.5568441,333.3668872,1,1,1,1,0,1,1,0,1,1,1,0,1,1,1,1,0,1,0,0,0,0,0,ENSMUSG00000086040,ENSG00000122574
4933431E20Rik,#N/A,#N/A,-0.556558231,-0.752881065,-1.150055411,-0.560758719,0.194116695,#N/A,#N/A,#N/A,#N/A,#N/A,#N/A,#N/A,#N/A,#N/A,305.3296787,231.2552692,321.4171931,203.4387964,208.2009655,188.9174558,198.6619124,126.1451916,221.4194663,218.6320673,173.8805639,114.1300187,131.0011598,119.1265967,187.7407253,159.6133673,227.0521069,99.63135019,85.72227922,73.71529502,202.6223496,170.3342948,245.3322305,98.84855448,173.366659,146.8502237,1,1,1,0,1,1,1,0,1,1,1,0,1,1,1,0,0,0,0,0,0,0,0,ENSMUSG00000086968,#N/A
Slfnlnc,#N/A,#N/A,2.118459485,2.364419441,5.43983856,3.135105988,6.04429E-06,#N/A,#N/A,#N/A,#N/A,#N/A,#N/A,#N/A,#N/A,#N/A,4.63791917,10.47193672,23.94304147,21.89475836,37.64085252,32.38584956,99.9556792,95.25249163,3.019356359,4.407904582,9.427259491,31.44398475,21.0366826,33.50435533,9.387036263,10.32325261,3.529307362,490.291118,221.4492213,341.0560983,10.13111748,11.01664593,3.81345436,138.768163,46.31027192,39.66643975,1,0,1,1,0,0,1,1,0,0,1,1,0,0,1,1,1,0,0,0,0,0,0,ENSMUSG00000087107,#N/A
2610035D17Rik,#N/A,#N/A,-0.799254671,-0.481702195,1.420473407,0.676427281,0.046252801,#N/A,#N/A,#N/A,#N/A,#N/A,#N/A,#N/A,#N/A,#N/A,441.3753077,431.9673896,245.2347884,260.0002555,157.6210699,274.2001929,203.6596964,155.7506958,259.6646469,227.4478764,231.4915942,192.1576846,157.7751195,165.6604236,264.5437492,223.935172,319.9905341,791.8070462,629.522988,738.1358208,285.5133108,238.9764732,345.7531953,339.3166726,409.6677901,637.1949364,1,1,1,0,1,1,1,0,1,1,1,1,0,1,1,1,1,0,0,0,0,0,0,ENSMUSG00000087259,#N/A
Rasgef1b,0.848068338,0.793201771,0.389349336,-0.808759281,-0.959071482,-0.390150779,0.258191475,274.203324,205.184893,160.2697423,130.3008595,1109.281704,531.6891315,143.1851113,281.9420675,103.245794,194.0196186,156.2063894,171.9545706,160.5615613,229.373945,214.8261354,224.9002782,226.5464666,125.806515,165.7372123,209.4946553,72.20470572,89.88400748,122.8493029,252.5966122,231.8761355,279.9917174,81.27820673,138.4057633,171.0194845,272.6191612,247.4508163,302.5340459,224.3101813,195.9280735,205.9279,1,1,1,1,0,1,1,0,1,1,1,0,1,1,1,0,0,0,1,1,0,0,0,ENSMUSG00000089809,ENSG00000138670
4930523C07Rik,#N/A,#N/A,0.676530101,-0.531363079,-0.886005623,-0.266846132,0.365178146,#N/A,#N/A,#N/A,#N/A,#N/A,#N/A,#N/A,#N/A,#N/A,489.3004724,652.750722,531.8257394,736.2112498,919.8483333,820.4415221,1093.265241,1016.884708,540.4647883,548.34333,605.4395539,371.5048569,327.0247932,472.7836807,772.2970744,1004.531889,762.3303902,271.3643354,567.0171594,532.7158654,833.5146653,1072.004392,823.7061418,819.3024419,726.7150363,724.1235171,1,1,1,1,0,1,1,0,1,1,1,0,1,1,1,0,0,0,0,0,0,0,0,ENSMUSG00000090394,#N/A
Rps13,-0.601684991,0.8756204,0.336414245,0.584060695,1.062894031,0.525630986,0.070936238,3463.265223,6234.247846,28264.23684,5483.120076,4005.795868,5819.895869,6056.092541,6294.764423,22378.52585,4964.892471,5555.362428,4057.25721,5530.251049,5724.938412,6673.644065,6713.273304,6273.792489,2843.227238,2995.611954,3451.424447,4618.771982,5057.40974,4249.469067,224.4355034,266.0222788,196.4647765,576.81308,463.436072,400.0283343,242.2258088,283.8904913,212.2822927,353.5736756,319.422132,391.6005967,1,1,1,1,0,1,1,1,0,1,1,1,0,1,1,0,0,0,1,1,0,0,0,ENSMUSG00000090862,ENSG00000110700
Gm20655,#N/A,#N/A,-3.315152498,-0.754222217,-0.811429656,0.097034361,0.895130719,#N/A,#N/A,#N/A,#N/A,#N/A,#N/A,#N/A,#N/A,#N/A,122.904858,151.8430824,167.6012903,195.228262,17.64414962,20.51103805,17.49224386,7.723174997,167.0710519,132.2371375,121.5069001,64.05256153,74.58460195,109.8198313,195.4210277,211.2296303,190.5825975,70.79069619,135.7269421,131.7046604,210.9114457,225.4175244,205.9265355,194.8457084,307.5477033,187.3606303,1,1,0,0,1,1,1,0,1,1,1,0,1,1,1,0,0,0,0,0,0,0,0,ENSMUSG00000093672,#N/A
Hmgcs1,-0.015299797,0.99624411,0.777009731,0.328591605,-0.80629555,-0.507460201,0.008615429,68.550831,231.418578,165.2781717,112.3283271,200.949476,101.9326948,100.2875476,344.8547602,58.99759658,1009.520406,904.9498646,1290.022053,1364.773271,1733.831769,1490.828608,2568.860955,2037.631003,658.2196863,654.13304,648.3859583,850.1521803,813.7371315,799.4511452,942.117094,873.50599,1028.204878,525.6864661,595.5912525,503.2297474,1016.795791,932.1777325,1110.98637,683.3856795,764.7132082,703.8683138,1,1,1,1,0,1,1,1,0,1,1,0,1,1,1,1,0,1,1,1,0,0,0,ENSMUSG00000093930,ENSG00000112972
Sirpb1b,#N/A,#N/A,3.018105071,2.957010554,4.55503511,3.584261606,0.146762127,#N/A,#N/A,#N/A,#N/A,#N/A,#N/A,#N/A,#N/A,#N/A,0.772986528,0.872661393,2.902186845,0.912281598,5.881383206,11.8748115,18.74168985,9.01037083,2.012904239,3.526323666,4.189893107,38.43153692,11.47455415,26.05894303,0,0,2.352871575,15.73126582,7.143523268,23.58889441,0,0,2.542302907,17.10840366,5.937214349,3.375867213,1,0,0,1,0,0,1,1,0,0,0,1,0,0,0,0,0,0,0,0,0,0,0,ENSMUSG00000095028,#N/A
Zfp799,#N/A,#N/A,-0.692385816,-0.581113092,-1.348784199,-0.572109637,0.107491681,#N/A,#N/A,#N/A,#N/A,#N/A,#N/A,#N/A,#N/A,#N/A,228.8040124,219.910671,198.7997989,176.9826301,121.156494,127.3843416,148.6840728,113.2732333,158.0129828,157.802984,169.6906708,94.33195425,109.0082644,120.0572733,297.8250596,265.2281824,236.4635932,102.2532278,78.57875595,133.6704016,321.4327273,283.043057,255.5014421,201.4989764,238.6760168,140.9424561,1,1,1,0,1,1,1,0,1,1,1,0,1,1,1,0,0,0,0,0,0,0,0,ENSMUSG00000095253,#N/A
Noc2l,0.605524762,0.863259025,0.703237664,0.7777084,0.716210558,0.08899544,0.855242163,712.5424406,616.0231378,98.49911243,895.6311951,1327.484417,290.943571,288.109313,521.9423398,1021.395891,565.8261387,757.4700892,597.1249434,682.3866355,1011.597911,947.8258637,1098.263025,1179.071383,542.4776925,520.1327407,530.021478,1012.030472,885.4530949,834.8168536,472.7652809,542.3678102,496.4559022,717.0835336,1013.487364,750.9131386,510.2399166,578.7976285,536.4259133,548.419384,522.4748627,656.6061728,1,1,1,1,0,1,1,1,0,1,1,1,0,1,1,0,0,0,1,1,0,0,0,ENSMUSG00000095567,ENSG00000188976
Sirpb1a,#N/A,#N/A,2.980997294,3.081375937,2.360947486,2.085609209,0.124107326,#N/A,#N/A,#N/A,#N/A,#N/A,#N/A,#N/A,#N/A,#N/A,0.772986528,4.363306965,2.902186845,0,5.881383206,23.74962301,18.74168985,15.44634999,2.012904239,8.815809164,6.28483966,60.55878544,44.94200374,41.88044416,4.266834665,2.382289064,4.705743149,15.73126582,16.07292735,25.55463561,4.605053399,2.542302907,5.084605814,26.61307236,8.312100089,16.03536926,1,0,0,1,0,0,1,1,0,0,1,1,0,0,0,0,0,0,0,0,0,0,0,ENSMUSG00000095788,#N/A
2700038G22Rik,#N/A,#N/A,2.00531923,1.870644456,3.910880016,2.377652682,0.000957819,#N/A,#N/A,#N/A,#N/A,#N/A,#N/A,#N/A,#N/A,#N/A,2.318959585,6.108629751,7.255467113,2.736844795,22.34925618,12.95433982,14.99335188,24.45672082,6.038712718,6.171066415,5.237366384,23.29184056,28.68638537,12.09879498,6.826935464,5.558674482,10.58792209,183.5314346,64.29170941,91.40696583,7.368085439,5.932040116,11.44036308,51.32521098,35.62328609,38.82247294,1,0,1,1,0,0,1,1,0,0,1,1,0,0,1,1,1,0,0,0,0,0,0,ENSMUSG00000097180,#N/A
Snhg5,-0.118486641,0.971585224,0.967262303,0.541391663,2.287717063,0.926144449,0.026224208,176.6873531,234.22933,125.2107361,101.8443499,273.0071164,161.8629726,108.9829997,222.5245243,117.9951932,100.4882487,82.03017095,99.39989945,76.63165426,192.9093691,166.2473611,128.692937,214.9617041,197.2646155,163.9740505,151.8836251,280.6666787,246.7029141,220.5703392,60.58905224,73.85096097,44.70455992,461.450464,180.3739625,240.8032971,65.39175827,78.81139011,48.30375523,129.2634943,117.5568441,121.5312197,1,1,1,1,0,1,1,1,0,1,1,1,0,1,1,1,1,0,1,1,0,0,0,ENSMUSG00000097195,ENSG00000203875
6430562O15Rik,#N/A,#N/A,-4.598615579,1.794899357,1.309309429,0.681700638,0.444302521,#N/A,#N/A,#N/A,#N/A,#N/A,#N/A,#N/A,#N/A,#N/A,11.59479792,18.32588925,20.31530792,7.298252787,0,1.079528319,1.24944599,0,21.13549451,20.27636108,29.32925175,94.33195425,107.0958387,43.74179723,23.04090719,28.58746876,27.05802311,86.521962,55.36230533,54.05788302,24.86728836,30.50763488,29.23648343,36.11774106,35.62328609,63.29751023,1,0,0,0,1,1,1,1,0,1,1,1,0,1,1,0,0,0,0,0,0,0,0,ENSMUSG00000097828,#N/A
Snhg6,-0.223524117,0.967550639,0.998206329,1.042235834,1.070149396,0.154387356,0.892070719,92.68844755,132.1053421,531.7282595,53.91759703,100.474738,131.6417214,108.9829997,118.8350863,789.0928542,163.873144,117.8092881,139.3049686,110.3860734,287.0115004,249.3710416,252.38809,275.4599082,123.7936107,124.3029092,143.5038389,276.0083106,298.3384078,231.7384577,47.78854825,54.79264846,43.52812413,146.8251476,64.29170941,98.28706003,51.57659807,58.47296686,47.03260378,63.68128029,45.12282905,65.82941064,1,1,1,1,0,1,1,1,0,1,1,1,0,1,1,0,0,0,1,1,0,0,0,ENSMUSG00000098234,ENSG00000245910
1700030F04Rik,#N/A,#N/A,-6.500873521,-2.267613426,-1.887856165,-0.221310337,0.761031535,#N/A,#N/A,#N/A,#N/A,#N/A,#N/A,#N/A,#N/A,#N/A,124.4508311,152.7157438,92.14443234,168.7720957,0,4.318113274,1.24944599,0,71.4581005,23.80268474,50.27871728,9.316736222,10.5183413,10.23744191,155.3127818,173.1130053,167.0538818,28.840654,66.97053064,36.36621221,167.6239437,184.7406779,180.5035064,112.1550907,225.6141453,121.5312197,1,1,0,0,1,1,0,0,1,1,1,0,1,1,1,0,0,0,0,0,0,0,0,ENSMUSG00000099869,#N/A
2810013P06Rik,#N/A,#N/A,-0.638206785,-0.556596334,-0.975019948,-0.351908755,0.468855212,#N/A,#N/A,#N/A,#N/A,#N/A,#N/A,#N/A,#N/A,#N/A,627.665061,700.7470986,424.4448261,457.0530808,330.5337362,362.721515,416.0655147,310.2141957,433.7808636,462.8299811,368.7105934,284.1604548,262.0023197,314.5686695,168.9666527,185.0244506,150.5837808,90.45477846,77.68581554,89.44122463,182.3601146,197.4521924,162.707386,158.7279673,156.7424588,111.403618,1,1,1,0,1,1,1,0,1,1,1,0,1,1,1,0,0,0,0,0,0,0,0,ENSMUSG00000099881,#N/A
Gm38197,#N/A,#N/A,2.980269371,1.657074938,1.558902935,1.4268028,2.48447E-05,#N/A,#N/A,#N/A,#N/A,#N/A,#N/A,#N/A,#N/A,#N/A,2.318959585,8.72661393,2.176640134,7.298252787,39.9934058,48.57877434,32.48559574,36.04148332,9.058069077,7.052647331,5.237366384,29.11480069,20.08046976,18.61353074,63.14915304,78.6155391,55.292482,91.76571728,354.4973422,133.6704016,68.15479031,83.89599593,59.74411831,153.9756329,173.366659,243.9064061,1,0,1,1,0,0,1,1,0,1,1,1,0,1,1,1,1,0,0,0,0,0,0,ENSMUSG00000102460,#N/A
AI506816,#N/A,#N/A,1.857764532,2.603290528,4.910164971,2.991874931,9.14389E-32,#N/A,#N/A,#N/A,#N/A,#N/A,#N/A,#N/A,#N/A,#N/A,230.3499854,284.4876141,299.6507918,272.7721979,1024.536954,889.5313345,883.3583149,1144.317095,175.1226688,211.5794199,214.7320217,1353.255936,1393.202116,910.2016531,86.19006023,129.4377058,102.3499135,4256.618343,2716.324723,2609.521444,93.02207867,138.1317913,110.5901764,1273.625606,764.7132082,684.4570773,1,1,1,1,0,1,1,1,0,1,1,1,0,1,1,1,1,0,0,0,0,0,0,ENSMUSG00000105987,#N/A
Peg13,0.169254258,NA,-0.491702445,-0.67385593,-1.238957978,-0.473190331,0.058002829,5.793027972,0,0,1.497711029,11.16385978,0,0,0,0,2678.398321,2678.197815,3172.090222,3396.424391,1805.584644,2434.336358,2346.459569,1893.46507,2370.194742,2211.886519,2417.568323,1368.395633,1301.405683,1716.167534,905.4223159,1075.206464,921.1492215,301.5159282,456.2925487,468.8292763,977.1923313,1147.426045,995.311588,838.3117793,832.3974518,579.8051937,1,1,1,0,1,1,1,0,1,1,1,0,1,1,1,0,0,0,0,0,0,0,0,ENSMUSG00000106847,ENSG00000282164
Gm44220,#N/A,#N/A,-0.77838255,-1.255134097,-1.36997933,-0.804741427,0.070607445,#N/A,#N/A,#N/A,#N/A,#N/A,#N/A,#N/A,#N/A,#N/A,323.1083688,300.1955192,435.3280268,548.2812406,236.4316049,239.6552867,229.8980622,230.4080541,399.5614915,358.803433,352.9984943,146.7385955,108.0520515,210.3328973,226.1422372,204.0827631,150.5837808,44.57191982,90.18698126,88.45835403,244.0678302,217.7906157,162.707386,162.5298348,128.2438299,68.36131105,1,1,1,0,1,1,1,0,1,1,1,0,1,1,1,0,0,0,0,0,0,0,0,ENSMUSG00000107655,#N/A
Gm44509,#N/A,#N/A,-0.841967942,-0.781595309,-1.302955523,-1.019472871,0.043590252,#N/A,#N/A,#N/A,#N/A,#N/A,#N/A,#N/A,#N/A,#N/A,149.9593865,92.50210766,154.5414495,122.2457342,65.8714919,91.75990708,67.47008346,64.35979164,121.7807065,105.78971,105.7948009,68.71092964,64.06626065,61.42465143,84.48332637,80.99782817,124.7021935,51.12661391,25.89527185,41.28056521,91.18005731,86.43829883,134.7420541,47.5233435,35.62328609,69.20527786,1,1,1,0,1,1,1,0,1,1,1,0,1,1,1,1,0,1,0,0,0,0,0,ENSMUSG00000108358,#N/A
Snhg1,-0.341697523,0.939392456,0.91642514,0.831136359,1.744507875,0.273774566,0.675996682,84.96441026,40.28744475,274.6288813,65.89928526,167.4578967,209.4998601,39.99907967,75.72824126,70.05964594,234.2149181,221.6559938,186.4655048,206.1756412,362.2932055,377.8349115,356.0921071,505.8679623,237.5227003,289.1585406,314.241983,540.3707009,520.179788,436.4872958,95.5770965,102.4384297,103.5263493,415.5676054,304.4926793,291.9125683,103.1531961,109.319025,111.8613279,164.4307685,128.2438299,99.58808277,1,1,1,1,0,1,1,1,0,1,1,1,0,1,1,0,0,0,1,1,0,0,0,ENSMUSG00000108414,ENSG00000255717
Igip,0.100991643,0.98668794,-0.493349693,-0.707968073,-1.693185169,-1.040149273,7.625E-09,39.58569114,30.91827155,22.53793251,19.47024337,11.16385978,76.32146493,43.47726051,45.43694476,0,622.2541553,462.5105383,534.0023795,535.5092982,415.2256543,356.2443451,371.085459,388.7331415,532.4131713,481.3431804,460.8882418,269.0207584,331.8058574,300.6085214,619.5443934,672.5996123,670.5683988,207.1283333,193.7680686,206.4028261,668.6537536,717.776854,724.5563284,363.0783443,345.5458751,318.1754848,1,1,1,0,1,1,1,0,1,1,1,0,1,1,1,1,0,1,1,0,0,0,0,ENSMUSG00000110185,ENSG00000182700
Gm45552,#N/A,#N/A,-4.32351055,-1.109734342,-1.20818895,-0.074437578,0.903167038,#N/A,#N/A,#N/A,#N/A,#N/A,#N/A,#N/A,#N/A,#N/A,3256.592244,3995.916519,1885.695903,3344.424339,129.3904305,226.7009469,177.4213306,88.81651246,1237.936107,814.5807668,994.0521396,317.9336236,461.8508044,630.0680155,431.8036681,447.0762476,481.162237,140.2704536,262.5244801,182.8139317,466.031404,477.1055122,519.9009444,462.8773657,575.9097919,352.7781237,1,1,1,0,1,1,1,0,1,1,1,0,1,1,1,0,0,0,0,0,0,0,0,ENSMUSG00000110279,#N/A
Gm20300,#N/A,#N/A,-0.582989544,-0.466349042,-1.215624887,-0.596761511,0.004740231,#N/A,#N/A,#N/A,#N/A,#N/A,#N/A,#N/A,#N/A,#N/A,560.415233,420.6227914,463.6243485,401.4039033,296.4217136,342.210477,279.8759018,314.0757832,296.9033753,284.750636,252.4410597,193.3222766,199.8484847,210.3328973,690.3738488,699.5988884,668.2155272,212.3720886,325.0303087,345.9704513,745.09764,746.5896203,722.0140255,507.5493086,409.6677901,544.358588,1,1,1,0,1,1,1,0,1,1,1,0,1,1,1,1,0,1,0,0,0,0,0,ENSMUSG00000111080,#N/A
Lilrb4b,#N/A,#N/A,3.764986352,2.348438352,3.710778579,3.13371391,1.49117E-09,#N/A,#N/A,#N/A,#N/A,#N/A,#N/A,#N/A,#N/A,#N/A,1.545973057,6.981291144,8.706560536,16.42106877,117.6276641,57.21500088,117.4479231,159.6122833,14.09032968,12.34213283,33.51914486,132.7634912,76.49702764,93.99833022,9.387036263,11.11734896,9.411486298,115.362616,130.3692996,147.43059,10.13111748,11.86408023,10.16921163,99.79902135,59.37214349,123.2191533,1,0,1,1,0,1,1,1,0,0,1,1,0,1,1,1,1,0,0,0,0,0,0,ENSMUSG00000112023,#N/A
Lilrb4a,#N/A,#N/A,3.40478481,1.682016154,2.137114441,2.183644046,1.33199E-09,#N/A,#N/A,#N/A,#N/A,#N/A,#N/A,#N/A,#N/A,#N/A,0,0.872661393,1.451093423,0,5.881383206,3.238584956,6.24722995,10.29756666,8.051616958,10.578971,11.52220604,33.7731688,25.81774683,37.22706147,44.37508052,35.73433596,29.41089468,165.1782911,96.43756412,223.1116263,47.89255535,38.1345436,31.77878634,216.7064464,124.6815013,195.8002983,1,0,0,1,0,0,1,1,0,1,1,1,0,1,1,1,1,0,0,0,0,0,0,ENSMUSG00000112148,#N/A
Gm19951,#N/A,#N/A,4.305304263,3.875665253,5.461920956,3.386689758,0.28918869,#N/A,#N/A,#N/A,#N/A,#N/A,#N/A,#N/A,#N/A,#N/A,0,0.872661393,0,0,4.705106564,1.079528319,6.24722995,7.723174997,1.00645212,1.763161833,0,20.9626565,7.649702764,13.96014805,0.853366933,0.794096355,0,32.77347046,22.32351021,24.57176501,0.92101068,0.847434302,0,16.15793679,0,3.375867213,1,0,0,1,0,0,0,1,0,0,1,1,0,0,0,0,0,0,0,0,0,0,0,ENSMUSG00000113136,#N/A
Pnp,3.321435331,9.43317E-05,4.274009684,0.790053437,0.972349455,0.907566329,0.004080258,420.9600326,123.2046276,548.4230243,5748.214928,1882.632717,2887.410052,4332.074238,2786.799278,4196.204057,592.1076807,784.5225923,834.378718,853.895576,14427.033,11302.6615,16851.27807,16706.51471,550.5293095,766.0938164,827.5038886,1222.821629,1393.202116,1091.683578,129.7117738,161.20156,115.2907072,268.7424577,281.2762287,249.6491325,139.9936233,172.0291634,124.5728424,332.6634045,283.7988459,205.9279,1,1,1,1,0,1,1,1,0,1,1,1,0,1,1,1,1,0,1,1,1,1,0,ENSMUSG00000115338,ENSG00000198805
Gm10791,#N/A,#N/A,3.48468522,1.267596237,1.020655116,0.922500495,0.047701721,#N/A,#N/A,#N/A,#N/A,#N/A,#N/A,#N/A,#N/A,#N/A,19.32466321,14.83524368,25.3941349,15.50878717,215.2586253,158.6906628,224.9002782,251.0031874,21.13549451,29.97375116,23.04441209,48.91286517,89.88400748,40.01909109,46.93518132,46.05758856,59.99822515,114.0516772,89.29404085,106.1500248,50.65558739,49.15118953,64.82872412,101.6999551,127.0563871,82.70874671,1,1,1,1,0,1,1,1,0,1,1,1,0,1,1,1,1,0,0,0,0,0,0,ENSMUSG00000115518,#N/A
Afg2b,-1.126375928,0.552819402,0.849936485,0.606094157,0.777947689,0.359365852,0.440745571,132.2741387,395.8475676,203.6761308,110.8306161,44.65543912,133.1783952,153.6196538,36.11654583,195.4295387,221.8471336,268.7797091,253.941349,324.772249,494.0361893,423.1751009,487.2839361,521.3143123,269.7291681,283.8690551,261.8683192,432.0636423,476.1939971,334.1128767,168.9666527,127.8495131,142.3487303,281.8518459,227.6998042,244.7347795,182.3601146,136.4369227,153.8093259,200.5485096,166.2420018,237.9986385,1,1,1,1,0,1,1,1,0,1,1,1,0,1,1,0,0,0,1,1,0,0,0,ENSMUSG00000118663,ENSG00000171763
Gm56768,#N/A,#N/A,1.143936339,0.843499475,1.199237862,0.198152515,0.777898881,#N/A,#N/A,#N/A,#N/A,#N/A,#N/A,#N/A,#N/A,#N/A,236.5338777,247.8358356,219.8406535,222.59671,531.6770418,400.5050062,508.5245179,608.8436289,266.7098117,318.2507108,388.6125857,545.029069,668.392779,532.3469791,118.6180037,162.7897527,170.5831892,386.7269514,316.1009046,334.1760041,128.0204845,173.724032,184.3169607,196.7466421,129.4312728,228.7150036,1,1,1,1,0,1,1,1,0,1,1,1,0,1,1,0,0,0,0,0,0,0,0,ENSMUSG00000120849,#N/A
Gm56971,#N/A,#N/A,0.82895983,-1.519590599,-2.202416008,-1.231805226,0.000226354,#N/A,#N/A,#N/A,#N/A,#N/A,#N/A,#N/A,#N/A,#N/A,179.3328746,69.81291144,201.7019857,72.07024627,278.7775639,211.5875504,233.6464001,207.2385291,204.3097803,237.1452665,212.6370752,81.52144194,80.32187902,67.00871065,343.906874,191.3772214,408.2232182,95.69853373,51.79054369,58.97223602,371.167304,204.2316668,441.0895543,154.9260998,112.8070726,162.885593,1,1,1,1,0,1,1,0,1,1,1,0,1,1,1,1,0,1,0,0,0,0,0,ENSMUSG00000120976,#N/A
D17H6S56E-5,#N/A,#N/A,6.011584908,1.054972124,3.807663261,2.016873546,5.65107E-11,#N/A,#N/A,#N/A,#N/A,#N/A,#N/A,#N/A,#N/A,#N/A,186.2897533,230.3826078,675.4839882,399.5793401,25626.3629,19289.012,25137.60387,26211.16874,936.0004713,1486.345425,1664.435037,2775.222802,3264.510655,2451.401998,120.3247376,103.2325261,56.46891779,1704.220464,1102.781404,1151.924344,129.8625059,110.1664593,61.01526976,537.0137816,313.4849176,376.4091942,1,1,1,1,0,1,1,1,0,1,1,1,0,1,1,1,1,0,0,0,0,0,0,ENSMUSG00000120992,#N/A
Ptprg,0.980592068,0.692512695,-1.176054811,-0.432960503,-0.938223457,-0.169209747,0.544401323,1364.258087,1198.785711,423.2122882,1857.161675,349.1243422,1547.942732,1855.029782,4704.471357,1471.252565,12101.1041,12943.31378,12660.06457,14363.87377,5800.220117,5791.669429,6026.07801,5424.243239,12730.61286,9459.363233,11011.03908,7741.043209,8451.009129,8399.355745,11977.85827,14755.89846,12090.23059,5338.142868,8274.878766,6645.188129,12927.3059,15747.0242,13063.62349,11371.38563,13750.58843,12001.20794,1,1,1,0,1,1,1,0,1,1,1,0,1,1,1,0,0,0,1,1,0,0,0,ENSMUSG00000121513,ENSG00000144724
Gm57852,#N/A,#N/A,-0.402255427,-0.320032501,-0.841630493,-0.437712617,0.183515625,#N/A,#N/A,#N/A,#N/A,#N/A,#N/A,#N/A,#N/A,#N/A,1189.626267,1164.130298,1098.477721,1019.018545,879.8549275,819.3619938,857.1199491,827.6669205,876.6197963,912.4362485,876.7351326,696.4260326,693.254313,745.471906,302.0918943,336.6968543,297.6382542,183.5314346,166.9798564,172.9852257,326.0377807,359.3121442,321.6013177,293.6942628,200.677845,248.1262401,1,1,1,0,1,1,1,0,1,1,1,0,1,1,1,0,0,0,0,0,0,0,0,ENSMUSG00000121583,#N/A
ENSMUSG00000123342,#N/A,#N/A,3.350703894,1.165341914,2.293675961,0.899803441,0.008195418,#N/A,#N/A,#N/A,#N/A,#N/A,#N/A,#N/A,#N/A,#N/A,323.8813554,400.5515794,339.5558609,371.2986105,18.82042626,4464.929126,4955.302796,5202.845556,863.5359187,1014.699635,1302.009283,2974.368039,2919.317817,1239.661147,127.151673,195.3477032,104.7027851,644.9818986,919.7286208,538.613089,137.2305913,208.4688384,113.1324794,338.3662057,231.5513596,289.4806135,1,1,1,1,0,1,1,1,0,1,1,1,0,1,1,1,1,0,0,0,0,0,0,ENSMUSG00000123342,#N/A
Gm72665,#N/A,#N/A,-1.029039271,-1.355878988,-2.712019704,-1.871298054,1.97678E-07,#N/A,#N/A,#N/A,#N/A,#N/A,#N/A,#N/A,#N/A,#N/A,118.2669388,66.32226587,99.39989945,80.28078065,54.10872549,51.81735929,33.73504173,38.61587498,93.60004713,97.85548172,86.94028197,38.43153692,25.81774683,44.67247377,218.4619348,150.084211,379.9887593,39.32816455,40.18231838,34.40047101,235.778734,160.1650831,410.5819195,69.38408151,72.43401506,77.64494589,1,1,1,0,1,1,1,0,1,1,1,0,1,1,1,1,0,1,0,0,0,0,0,ENSMUSG00000131039,#N/A
Gm59984,#N/A,#N/A,1.890389098,-1.240781183,-1.247963542,-0.851754312,0.233494715,#N/A,#N/A,#N/A,#N/A,#N/A,#N/A,#N/A,#N/A,#N/A,10.8218114,4.363306965,52.96490993,14.59650557,96.45468457,76.64651062,53.72617757,82.3805333,36.23227631,38.78956032,47.13629745,19.79806447,17.21183122,14.89082459,46.93518132,51.61626305,51.76317464,20.97502109,18.75174858,23.58889441,50.65558739,55.08322965,55.93066395,38.96914167,29.68607175,21.09917008,1,0,1,1,0,1,1,0,1,1,1,0,1,1,1,0,0,0,0,0,0,0,0,ENSMUSG00000133203,#N/A
Gm60090,#N/A,#N/A,-2.542032113,0.827823599,0.874148954,0.015766137,0.988718252,#N/A,#N/A,#N/A,#N/A,#N/A,#N/A,#N/A,#N/A,#N/A,485.4355398,484.3270731,310.5339924,315.649433,71.75287511,89.60085044,54.97562356,56.63661664,183.1742858,189.539897,205.3047622,376.163225,354.7549657,295.9551387,69.97608851,73.05686462,81.17406932,116.6735548,150.906929,141.5333664,75.52287575,77.96395581,87.70945029,57.0280122,90.24565811,96.21221556,1,1,1,0,1,1,1,1,0,1,1,1,0,1,1,0,0,0,0,0,0,0,0,ENSMUSG00000134226,#N/A
Gm59199,#N/A,#N/A,3.584469424,1.532337125,1.265440559,0.699709869,0.016678068,#N/A,#N/A,#N/A,#N/A,#N/A,#N/A,#N/A,#N/A,#N/A,56.42801657,72.43089562,60.94592375,66.59655668,702.2371547,600.2177451,685.9458485,1083.818891,128.8258713,199.2372871,237.7764338,688.2738884,626.3194138,322.9447583,157.8728826,218.3764975,210.5820059,350.0206645,674.1700084,383.3195341,170.3869758,233.0444331,227.5361102,318.4064015,298.0481603,405.9480323,1,1,1,1,0,1,1,1,0,1,1,1,0,1,1,1,1,0,0,0,0,0,0,ENSMUSG00000135122,#N/A
Gm75391,#N/A,#N/A,-0.621200848,-1.178579317,-0.862848298,0.152650677,0.850614501,#N/A,#N/A,#N/A,#N/A,#N/A,#N/A,#N/A,#N/A,#N/A,122.904858,170.1689716,184.2888647,211.6493308,124.685324,132.7819832,84.96232732,104.2628625,335.1485559,260.0663703,298.5298839,171.1950281,82.23430471,142.3935101,116.9112698,122.2908386,165.877446,66.85787973,85.72227922,68.80094202,126.1784631,130.5048826,179.2323549,117.8578919,210.177388,156.1338586,1,1,1,0,1,1,1,0,1,1,1,0,1,1,1,0,0,0,0,0,0,0,0,ENSMUSG00000137637,#N/A
Gm72884,#N/A,#N/A,-2.567691518,-1.158802226,-0.718719613,-0.070912344,0.895627726,#N/A,#N/A,#N/A,#N/A,#N/A,#N/A,#N/A,#N/A,#N/A,344.7519916,465.1285225,317.7894596,393.1933689,72.92915175,62.61264248,52.47673158,68.22137914,587.7680379,444.3167819,456.6983487,208.461973,195.0674205,262.4507834,430.9503012,514.5744378,536.454719,221.5486603,404.5020051,271.2722857,465.1103933,549.1374279,579.6450628,471.4315675,587.7842206,459.1179409,1,1,1,0,1,1,1,0,1,1,1,0,1,1,1,0,0,0,0,0,0,0,0,ENSMUSG00000138173,#N/A
Gm74259,#N/A,#N/A,2.315768041,2.027188761,2.08770892,1.018747,0.355730831,#N/A,#N/A,#N/A,#N/A,#N/A,#N/A,#N/A,#N/A,#N/A,15.45973057,12.2172595,13.0598408,12.77194238,78.81053495,47.49924602,54.97562356,86.2421208,13.08387756,17.63161833,12.56967932,64.05256153,72.67217626,40.94976762,11.94713706,14.29373438,9.411486298,35.39534809,91.97286208,24.57176501,12.89414952,15.25381744,10.16921163,31.36540671,28.49862888,18.56726967,1,1,1,1,0,1,1,1,0,0,1,1,0,1,1,0,0,0,0,0,0,0,0,ENSMUSG00000140627,#N/A
9530053H05Rik,#N/A,#N/A,1.893430925,2.151001333,3.505768604,2.721659373,0.01584783,#N/A,#N/A,#N/A,#N/A,#N/A,#N/A,#N/A,#N/A,#N/A,13.14077098,15.70790507,5.804373691,16.42106877,23.52553282,51.81735929,59.97340752,52.77502915,6.038712718,14.10529466,9.427259491,50.07745719,33.46744959,49.32585645,2.560100799,3.176385418,3.529307362,32.77347046,31.2529143,40.29769461,2.76303204,3.389737209,3.81345436,29.46447297,11.8744287,23.63107049,1,0,1,1,0,0,1,1,0,0,1,1,0,0,1,1,1,0,0,0,0,0,0,ENSMUSG00000141856,#N/A
ENSMUSG00000142047,#N/A,#N/A,3.166840147,0.920025483,1.661287423,1.417479371,0.014505253,#N/A,#N/A,#N/A,#N/A,#N/A,#N/A,#N/A,#N/A,#N/A,78.07163936,99.48339881,128.4217679,90.31587823,899.8516304,850.668315,802.1443256,1014.310316,125.806515,180.7240879,129.8866863,287.6542309,326.0685803,214.0556035,21.33417333,30.96975783,15.29366523,69.47975737,84.82933881,61.92084782,23.025267,33.04993779,16.52496889,68.43361464,52.24748627,75.11304548,1,1,1,1,0,1,1,1,0,1,1,1,0,1,1,1,1,0,0,0,0,0,0,ENSMUSG00000142047,#N/A
